Workbook

Sheet Base Option
A1: Roofing Contract
A2: Attachment J-0200000-05
A3: Exhibit Line Item Numbers
A4: Solicitation/Contract No.: N40085-26-D-XXXX
A5: ELIN Number | B5: Supplies/Services | C5: Est. Quantity | D5: Unit | F5: Unit Price | G5: Total
B6: ROOF DECKS
A7: A0001 | B7: Remove existing metal roof decks (ALL OR PARTIAL) and replace with new steel roof decking, shall include all closures and accessories. | C7: 200 | D7: SQ | E7: X | G7: =F7*C7 -> 0
B8: Remove existing wood roof deck and replace with new wood decking
A9: A0002 | B9: 1" nominal T & G (treated) | C9: 1200 | D9: BF | E9: X | G9: =F9*C9 -> 0
A10: A0003 | B10: 2" nominal T & G (treated) | C10: 1200 | D10: BF | E10: X | G10: =F10*C10 -> 0
A11: A0004 | B11: 3/4" plywood | C11: 1200 | D11: SF | E11: X | G11: =F11*C11 -> 0
A12: A0005 | B12: 1/2" plywood | C12: 1200 | D12: SF | E12: X | G12: =F12*C12 -> 0
B13: ROOF INSULATION
B14: Remove and replace rigid roof insulation in conjunction with roofing systems specified herein.
A15: A0006 | B15: Remove and replace polyisocyanurate tapered insulation panels | C15: 120 | D15: SQ | E15: X | G15: =F15*C15 -> 0
A16: A0007 | B16: Remove and replace tapered roof insulation | C16: 120 | D16: SQ | E16: X | G16: =F16*C16 -> 0
A17: A0008 | B17: Remove and replace vapor barrier in conjunction with built up roofing system | C17: 120 | D17: SQ | E17: X | G17: =F17*C17 -> 0
A18: A0009 | B18: Remove and replace resin sized building paper (5 lb) | C18: 15 | D18: SQ | E18: X | G18: =F18*C18 -> 0
A19: A0010 | B19: Remove existing cants and replace with new fiberboard cants 4 x 4 | C19: 30 | D19: LF | E19: X | G19: =F19*C19 -> 0
A20: A0011 | B20: Remove existing cants and replace with new treated wood cants 4 x 4 | C20: 90 | D20: LF | E20: X | G20: =F20*C20 -> 0
A21: A0012 | B21: Remove existing Nailers and replace with new treated 2" x 6" wood | C21: 300 | D21: BF | E21: X | G21: =F21*C21 -> 0
B22: SHINGLED ROOF SYSTEMS
B23: Remove existing composition shingles and replace with new composition shingles, shall include starter
A24: A0013 | B24: Twenty Five Year (3 tab ) | C24: 100 | D24: SQ | E24: X | G24: =F24*C24 -> 0
A25: A0014 | B25: Thirty Year (architectural) | C25: 100 | D25: SQ | E25: X | G25: =F25*C25 -> 0
A26: A0015 | B26: Forty Year (architectural) | C26: 100 | D26: SQ | E26: X | G26: =F26*C26 -> 0
A27: A0016 | B27: Remove and dispose of existing composition shingles (all types)(where new shingles are not going to be installed) | C27: 18 | D27: SQ | E27: X | G27: =F27*C27 -> 0
A28: A0017 | B28: Remove and dispose of existing slate shingles. | C28: 18 | D28: SQ | E28: X | G28: =F28*C28 -> 0
A29: A0018 | B29: Remove and re-install existing slate shingles (All or Partial) | C29: 6 | D29: SQ | E29: X | G29: =F29*C29 -> 0
A30: A0019 | B30: Install new slate shingles (Weathering green, Vermont)(All or Partial) | C30: 9 | D30: SQ | E30: X | G30: =F30*C30 -> 0
A31: A0020 | B31: Install new slate shingles (Buckingham)(All or Partial) | C31: 9 | D31: SQ | E31: X | G31: =F31*C31 -> 0
B32: Remove existing preformed metal (All or Partial) roofing and replace with new preformed metal roofing
A33: A0021 | B33: Coated steel | C33: 20 | D33: SQ | E33: X | G33: =F33*C33 -> 0
A34: A0022 | B34: Coated aluminum | C34: 20 | D34: SQ | E34: X | G34: =F34*C34 -> 0
B35: ROOF COATING (ALUMINUM PIGMENTED FIBERED BITUMINOUS ROOF COATING)
A36: A0023 | B36: Coat roofing with aluminum pigmented slate shingles (All or Partial) slate shingles (All or Partial) fibered bitumen roof coating | C36: 100 | D36: SQ | E36: X | G36: =F36*C36 -> 0
B37: Field paint roof mounted equipment
A38: A0024 | B38: Up to 25 SF X in surface area X | C38: 100 | D38: SF | E38: X | G38: =F38*C38 -> 0
A39: A0025 | B39: Over 25 SF X in surface area X | C39: 100 | D39: SF | E39: X | G39: =F39*C39 -> 0
B40: BUILT UP ROOF
B41: Remove existing roof system and replace with new aggregate surfaced BU roofing system
A42: A0026 | B42: System GAA (Gravel) | C42: 100 | D42: SQ | E42: X | G42: =F42*C42 -> 0
B43: Remove existing roof system and replace with new smooth surfaced BU roofing system.
A44: A0027 | B44: System Gas | C44: 100 | D44: SQ | E44: X | G44: =F44*C44 -> 0
B45: Remove existing roof system and replace with new single ply reinforced modified bitumen sheet roofing system
A46: A0028 | B46: Torch Applied | C46: 100 | D46: SQ | E46: X | G46: =F46*C46 -> 0
A47: A0029 | B47: Mop Applied | C47: 100 | D47: SQ | E47: X | G47: =F47*C47 -> 0
A48: A0030 | B48: Remove existing base flashing and replace with new 2 ply glass felt base flashing | C48: 150 | D48: SF | E48: X | G48: =F48*C48 -> 0
A49: A0031 | B49: Remove existing base flashing and replace with new 3-ply bituminous base flashing | C49: 36 | D49: SF | E49: X | G49: =F49*C49 -> 0
A50: A0032 | B50: Remove existing base flashing and replace with new single ply reinforced modified, bitumen sheet roofing flashing modified. | C50: 100 | D50: SF | E50: X | G50: =F50*C50 -> 0
A51: A0033 | B51: Remove and Dispose of Second layer | C51: 100 | D51: SQ | E51: X | G51: =F51*C51 -> 0
A52: A0034 | B52: (1) Walkway/Asphalt Planks | C52: 300 | D52: SF | E52: X | G52: =F52*C52 -> 0
B53: ROOF AND PARAPET WALL DAMPROOFING
A54: A0035 | B54: Coat Existing BU Roof or Parapet Wall | C54: 150 | D54: SF | E54: X | G54: =F54*C54 -> 0
B55: E.P.D.M. (RUBBER ROOF SYSTEM) (Install new E.P.D.M. Roof System over Existing Built-up Roof)
A56: A0036 | B56: Ballasted System | C56: 100 | D56: SQ | E56: X | G56: =F56*C56 -> 0
A57: A0037 | B57: Mechanically Fastened System | C57: 100 | D57: SQ | E57: X | G57: =F57*C57 -> 0
A58: A0038 | B58: Full Adhered System | C58: 100 | D58: SQ | E58: X | G58: =F58*C58 -> 0
B59: Remove existing roof system and replace with new E.P.D.M. roof system
A60: A0039 | B60: Ballasted System | C60: 100 | D60: SQ | E60: X | G60: =F60*C60 -> 0
A61: A0040 | B61: Mechanically Fastened System | C61: 100 | D61: SQ | E61: X | G61: =F61*C61 -> 0
A62: A0041 | B62: Full Adhered System | C62: 100 | D62: SQ | E62: X | G62: =F62*C62 -> 0
A63: A0042 | B63: Install new E.P.D.M. Wall/Curb Flashings | C63: 100 | D63: SF | E63: X | G63: =F63*C63 -> 0
A64: A0043 | B64: Install Rubber Pipe Vents | C64: 100 | D64: EA | E64: X | G64: =F64*C64 -> 0
A65: A0044 | B65: Install Termination Bars. Shall include caulking | C65: 100 | D65: LF | E65: X | G65: =F65*C65 -> 0
A66: A0045 | B66: Install E.P.D.M Walk Pads | C66: 100 | D66: EA | E66: X | G66: =F66*C66 -> 0
B67: Remove existing roof system and replace with new Thermoplastic alloy roof system (TPA)
A68: A0046 | B68: Mechanically Fastened | C68: 100 | D68: SQ | E68: X | G68: =F68*C68 -> 0
A69: A0047 | B69: Ballasted | C69: 100 | D69: SQ | E69: X | G69: =F69*C69 -> 0
A70: A0048 | B70: Install new TPA wall/curb flashing | C70: 100 | D70: SF | E70: X | G70: =F70*C70 -> 0
A71: A0049 | B71: Install new TPA pipe vent flashing | C71: 100 | D71: EA | E71: X | G71: =F71*C71 -> 0
B72: Remove existing metal base flashing and replace with new metal base flashing
A73: A0050 | B73: Copper | C73: 100 | D73: SF | E73: X | G73: =F73*C73 -> 0
A74: A0051 | B74: Aluminum | C74: 100 | D74: SF | E74: X | G74: =F74*C74 -> 0
A75: A0052 | B75: Aluminum/various colors | C75: 100 | D75: SF | E75: X | G75: =F75*C75 -> 0
A76: A0053 | B76: Stainless Steel | C76: 100 | D76: SF | E76: X | G76: =F76*C76 -> 0
B77: Remove existing and install new metal coping. Shall include caulking.
A78: A0054 | B78: Copper | C78: 100 | D78: SF | E78: X | G78: =F78*C78 -> 0
A79: A0055 | B79: Aluminum | C79: 100 | D79: SF | E79: X | G79: =F79*C79 -> 0
A80: A0056 | B80: Aluminum/various colors | C80: 100 | D80: SF | E80: X | G80: =F80*C80 -> 0
A81: A0057 | B81: Stainless Steel | C81: 100 | D81: SF | E81: X | G81: =F81*C81 -> 0
B82: Remove metal drip edge and replace with new metal drip edge
A83: A0058 | B83: Copper | C83: 100 | D83: LF | E83: X | G83: =F83*C83 -> 0
A84: A0059 | B84: Aluminum | C84: 100 | D84: LF | E84: X | G84: =F84*C84 -> 0
A85: A0060 | B85: Aluminum/various colors | C85: 100 | D85: LF | E85: X | G85: =F85*C85 -> 0
A86: A0061 | B86: Stainless Steel | C86: 100 | D86: LF | E86: X | G86: =F86*C86 -> 0
B87: METAL GUTTERS AND DOWNSPOUTS
B88: Install Metal Gutters
A89: A0062 | B89: Copper/5" ogee | C89: 100 | D89: LF | E89: X | G89: =F89*C89 -> 0
A90: A0063 | B90: Copper/6" ogee | C90: 100 | D90: LF | E90: X | G90: =F90*C90 -> 0
A91: A0064 | B91: Copper/6" half round | C91: 100 | D91: LF | E91: X | G91: =F91*C91 -> 0
A92: A0065 | B92: Copper/6" box | C92: 100 | D92: LF | E92: X | G92: =F92*C92 -> 0
A93: A0066 | B93: Copper/8" box | C93: 100 | D93: LF | E93: X | G93: =F93*C93 -> 0
A94: A0067 | B94: Prefinished Alum/5" ogee | C94: 100 | D94: LF | E94: X | G94: =F94*C94 -> 0
A95: A0068 | B95: Prefinished Alum/6" ogee | C95: 100 | D95: LF | E95: X | G95: =F95*C95 -> 0
A96: A0069 | B96: Prefinished Alum/6" Box | C96: 100 | D96: LF | E96: X | G96: =F96*C96 -> 0
A97: A0070 | B97: Prefinished Alum/8" Box | C97: 100 | D97: LF | E97: X | G97: =F97*C97 -> 0
A98: A0071 | B98: Stainless steel/6" box | C98: 100 | D98: LF | E98: X | G98: =F98*C98 -> 0
A99: A0072 | B99: Stainless steel/8" box | C99: 100 | D99: LF | E99: X | G99: =F99*C99 -> 0
B100: Install Metal Downspouts
...

Sheet Option 1
A1: Roofing Contract
A2: Attachment J-0200000-05
A3: Exhibit Line Item Numbers
A4: Solicitation/Contract No.: N40085-26-D-XXXX
A5: ELIN Number | B5: Supplies/Services | C5: Est. Quantity | D5: Unit | F5: Unit Price | G5: Total
B6: ROOF DECKS
A7: A0001 | B7: Remove existing metal roof decks (ALL OR PARTIAL) and replace with new steel roof decking, shall include all closures and accessories. | C7: 200 | D7: SQ | E7: X | G7: =F7*C7 -> 0
B8: Remove existing wood roof deck and replace with new wood decking
A9: A0002 | B9: 1" nominal T & G (treated) | C9: 1200 | D9: BF | E9: X | G9: =F9*C9 -> 0
A10: A0003 | B10: 2" nominal T & G (treated) | C10: 1200 | D10: BF | E10: X | G10: =F10*C10 -> 0
A11: A0004 | B11: 3/4" plywood | C11: 1200 | D11: SF | E11: X | G11: =F11*C11 -> 0
A12: A0005 | B12: 1/2" plywood | C12: 1200 | D12: SF | E12: X | G12: =F12*C12 -> 0
B13: ROOF INSULATION
B14: Remove and replace rigid roof insulation in conjunction with roofing systems specified herein.
A15: A0006 | B15: Remove and replace polyisocyanurate tapered insulation panels | C15: 120 | D15: SQ | E15: X | G15: =F15*C15 -> 0
A16: A0007 | B16: Remove and replace tapered roof insulation | C16: 120 | D16: SQ | E16: X | G16: =F16*C16 -> 0
A17: A0008 | B17: Remove and replace vapor barrier in conjunction with built up roofing system | C17: 120 | D17: SQ | E17: X | G17: =F17*C17 -> 0
A18: A0009 | B18: Remove and replace resin sized building paper (5 lb) | C18: 15 | D18: SQ | E18: X | G18: =F18*C18 -> 0
A19: A0010 | B19: Remove existing cants and replace with new fiberboard cants 4 x 4 | C19: 30 | D19: LF | E19: X | G19: =F19*C19 -> 0
A20: A0011 | B20: Remove existing cants and replace with new treated wood cants 4 x 4 | C20: 90 | D20: LF | E20: X | G20: =F20*C20 -> 0
A21: A0012 | B21: Remove existing Nailers and replace with new treated 2" x 6" wood | C21: 300 | D21: BF | E21: X | G21: =F21*C21 -> 0
B22: SHINGLED ROOF SYSTEMS
B23: Remove existing composition shingles and replace with new composition shingles, shall include starter
A24: A0013 | B24: Twenty Five Year (3 tab ) | C24: 100 | D24: SQ | E24: X | G24: =F24*C24 -> 0
A25: A0014 | B25: Thirty Year (architectural) | C25: 100 | D25: SQ | E25: X | G25: =F25*C25 -> 0
A26: A0015 | B26: Forty Year (architectural) | C26: 100 | D26: SQ | E26: X | G26: =F26*C26 -> 0
A27: A0016 | B27: Remove and dispose of existing composition shingles (all types)(where new shingles are not going to be installed) | C27: 18 | D27: SQ | E27: X | G27: =F27*C27 -> 0
A28: A0017 | B28: Remove and dispose of existing slate shingles. | C28: 18 | D28: SQ | E28: X | G28: =F28*C28 -> 0
A29: A0018 | B29: Remove and re-install existing slate shingles (All or Partial) | C29: 6 | D29: SQ | E29: X | G29: =F29*C29 -> 0
A30: A0019 | B30: Install new slate shingles (Weathering green, Vermont)(All or Partial) | C30: 9 | D30: SQ | E30: X | G30: =F30*C30 -> 0
A31: A0020 | B31: Install new slate shingles (Buckingham)(All or Partial) | C31: 9 | D31: SQ | E31: X | G31: =F31*C31 -> 0
B32: Remove existing preformed metal (All or Partial) roofing and replace with new preformed metal roofing
A33: A0021 | B33: Coated steel | C33: 20 | D33: SQ | E33: X | G33: =F33*C33 -> 0
A34: A0022 | B34: Coated aluminum | C34: 20 | D34: SQ | E34: X | G34: =F34*C34 -> 0
B35: ROOF COATING (ALUMINUM PIGMENTED FIBERED BITUMINOUS ROOF COATING)
A36: A0023 | B36: Coat roofing with aluminum pigmented slate shingles (All or Partial) slate shingles (All or Partial) fibered bitumen roof coating | C36: 100 | D36: SQ | E36: X | G36: =F36*C36 -> 0
B37: Field paint roof mounted equipment
A38: A0024 | B38: Up to 25 SF X in surface area X | C38: 100 | D38: SF | E38: X | G38: =F38*C38 -> 0
A39: A0025 | B39: Over 25 SF X in surface area X | C39: 100 | D39: SF | E39: X | G39: =F39*C39 -> 0
B40: BUILT UP ROOF
B41: Remove existing roof system and replace with new aggregate surfaced BU roofing system
A42: A0026 | B42: System GAA (Gravel) | C42: 100 | D42: SQ | E42: X | G42: =F42*C42 -> 0
B43: Remove existing roof system and replace with new smooth surfaced BU roofing system.
A44: A0027 | B44: System Gas | C44: 100 | D44: SQ | E44: X | G44: =F44*C44 -> 0
B45: Remove existing roof system and replace with new single ply reinforced modified bitumen sheet roofing system
A46: A0028 | B46: Torch Applied | C46: 100 | D46: SQ | E46: X | G46: =F46*C46 -> 0
A47: A0029 | B47: Mop Applied | C47: 100 | D47: SQ | E47: X | G47: =F47*C47 -> 0
A48: A0030 | B48: Remove existing base flashing and replace with new 2 ply glass felt base flashing | C48: 150 | D48: SF | E48: X | G48: =F48*C48 -> 0
A49: A0031 | B49: Remove existing base flashing and replace with new 3-ply bituminous base flashing | C49: 36 | D49: SF | E49: X | G49: =F49*C49 -> 0
A50: A0032 | B50: Remove existing base flashing and replace with new single ply reinforced modified, bitumen sheet roofing flashing modified. | C50: 100 | D50: SF | E50: X | G50: =F50*C50 -> 0
A51: A0033 | B51: Remove and Dispose of Second layer | C51: 100 | D51: SQ | E51: X | G51: =F51*C51 -> 0
A52: A0034 | B52: (1) Walkway/Asphalt Planks | C52: 300 | D52: SF | E52: X | G52: =F52*C52 -> 0
B53: ROOF AND PARAPET WALL DAMPROOFING
A54: A0035 | B54: Coat Existing BU Roof or Parapet Wall | C54: 150 | D54: SF | E54: X | G54: =F54*C54 -> 0
B55: E.P.D.M. (RUBBER ROOF SYSTEM) (Install new E.P.D.M. Roof System over Existing Built-up Roof)
A56: A0036 | B56: Ballasted System | C56: 100 | D56: SQ | E56: X | G56: =F56*C56 -> 0
A57: A0037 | B57: Mechanically Fastened System | C57: 100 | D57: SQ | E57: X | G57: =F57*C57 -> 0
A58: A0038 | B58: Full Adhered System | C58: 100 | D58: SQ | E58: X | G58: =F58*C58 -> 0
B59: Remove existing roof system and replace with new E.P.D.M. roof system
A60: A0039 | B60: Ballasted System | C60: 100 | D60: SQ | E60: X | G60: =F60*C60 -> 0
A61: A0040 | B61: Mechanically Fastened System | C61: 100 | D61: SQ | E61: X | G61: =F61*C61 -> 0
A62: A0041 | B62: Full Adhered System | C62: 100 | D62: SQ | E62: X | G62: =F62*C62 -> 0
A63: A0042 | B63: Install new E.P.D.M. Wall/Curb Flashings | C63: 100 | D63: SF | E63: X | G63: =F63*C63 -> 0
A64: A0043 | B64: Install Rubber Pipe Vents | C64: 100 | D64: EA | E64: X | G64: =F64*C64 -> 0
A65: A0044 | B65: Install Termination Bars. Shall include caulking | C65: 100 | D65: LF | E65: X | G65: =F65*C65 -> 0
A66: A0045 | B66: Install E.P.D.M Walk Pads | C66: 100 | D66: EA | E66: X | G66: =F66*C66 -> 0
B67: Remove existing roof system and replace with new Thermoplastic alloy roof system (TPA)
A68: A0046 | B68: Mechanically Fastened | C68: 100 | D68: SQ | E68: X | G68: =F68*C68 -> 0
A69: A0047 | B69: Ballasted | C69: 100 | D69: SQ | E69: X | G69: =F69*C69 -> 0
A70: A0048 | B70: Install new TPA wall/curb flashing | C70: 100 | D70: SF | E70: X | G70: =F70*C70 -> 0
A71: A0049 | B71: Install new TPA pipe vent flashing | C71: 100 | D71: EA | E71: X | G71: =F71*C71 -> 0
B72: Remove existing metal base flashing and replace with new metal base flashing
A73: A0050 | B73: Copper | C73: 100 | D73: SF | E73: X | G73: =F73*C73 -> 0
A74: A0051 | B74: Aluminum | C74: 100 | D74: SF | E74: X | G74: =F74*C74 -> 0
A75: A0052 | B75: Aluminum/various colors | C75: 100 | D75: SF | E75: X | G75: =F75*C75 -> 0
A76: A0053 | B76: Stainless Steel | C76: 100 | D76: SF | E76: X | G76: =F76*C76 -> 0
B77: Remove existing and install new metal coping. Shall include caulking.
A78: A0054 | B78: Copper | C78: 100 | D78: SF | E78: X | G78: =F78*C78 -> 0
A79: A0055 | B79: Aluminum | C79: 100 | D79: SF | E79: X | G79: =F79*C79 -> 0
A80: A0056 | B80: Aluminum/various colors | C80: 100 | D80: SF | E80: X | G80: =F80*C80 -> 0
A81: A0057 | B81: Stainless Steel | C81: 100 | D81: SF | E81: X | G81: =F81*C81 -> 0
B82: Remove metal drip edge and replace with new metal drip edge
A83: A0058 | B83: Copper | C83: 100 | D83: LF | E83: X | G83: =F83*C83 -> 0
A84: A0059 | B84: Aluminum | C84: 100 | D84: LF | E84: X | G84: =F84*C84 -> 0
A85: A0060 | B85: Aluminum/various colors | C85: 100 | D85: LF | E85: X | G85: =F85*C85 -> 0
A86: A0061 | B86: Stainless Steel | C86: 100 | D86: LF | E86: X | G86: =F86*C86 -> 0
B87: METAL GUTTERS AND DOWNSPOUTS
B88: Install Metal Gutters
A89: A0062 | B89: Copper/5" ogee | C89: 100 | D89: LF | E89: X | G89: =F89*C89 -> 0
A90: A0063 | B90: Copper/6" ogee | C90: 100 | D90: LF | E90: X | G90: =F90*C90 -> 0
A91: A0064 | B91: Copper/6" half round | C91: 100 | D91: LF | E91: X | G91: =F91*C91 -> 0
A92: A0065 | B92: Copper/6" box | C92: 100 | D92: LF | E92: X | G92: =F92*C92 -> 0
A93: A0066 | B93: Copper/8" box | C93: 100 | D93: LF | E93: X | G93: =F93*C93 -> 0
A94: A0067 | B94: Prefinished Alum/5" ogee | C94: 100 | D94: LF | E94: X | G94: =F94*C94 -> 0
A95: A0068 | B95: Prefinished Alum/6" ogee | C95: 100 | D95: LF | E95: X | G95: =F95*C95 -> 0
A96: A0069 | B96: Prefinished Alum/6" Box | C96: 100 | D96: LF | E96: X | G96: =F96*C96 -> 0
A97: A0070 | B97: Prefinished Alum/8" Box | C97: 100 | D97: LF | E97: X | G97: =F97*C97 -> 0
A98: A0071 | B98: Stainless steel/6" box | C98: 100 | D98: LF | E98: X | G98: =F98*C98 -> 0
A99: A0072 | B99: Stainless steel/8" box | C99: 100 | D99: LF | E99: X | G99: =F99*C99 -> 0
B100: Install Metal Downspouts
...

Sheet Option 2
A1: Roofing Contract
A2: Attachment J-0200000-05
A3: Exhibit Line Item Numbers
A4: Solicitation/Contract No.: N40085-26-D-XXXX
A5: ELIN Number | B5: Supplies/Services | C5: Est. Quantity | D5: Unit | F5: Unit Price | G5: Total
B6: ROOF DECKS
A7: A0001 | B7: Remove existing metal roof decks (ALL OR PARTIAL) and replace with new steel roof decking, shall include all closures and accessories. | C7: 200 | D7: SQ | E7: X | G7: =F7*C7 -> 0
B8: Remove existing wood roof deck and replace with new wood decking
A9: A0002 | B9: 1" nominal T & G (treated) | C9: 1200 | D9: BF | E9: X | G9: =F9*C9 -> 0
A10: A0003 | B10: 2" nominal T & G (treated) | C10: 1200 | D10: BF | E10: X | G10: =F10*C10 -> 0
A11: A0004 | B11: 3/4" plywood | C11: 1200 | D11: SF | E11: X | G11: =F11*C11 -> 0
A12: A0005 | B12: 1/2" plywood | C12: 1200 | D12: SF | E12: X | G12: =F12*C12 -> 0
B13: ROOF INSULATION
B14: Remove and replace rigid roof insulation in conjunction with roofing systems specified herein.
A15: A0006 | B15: Remove and replace polyisocyanurate tapered insulation panels | C15: 120 | D15: SQ | E15: X | G15: =F15*C15 -> 0
A16: A0007 | B16: Remove and replace tapered roof insulation | C16: 120 | D16: SQ | E16: X | G16: =F16*C16 -> 0
A17: A0008 | B17: Remove and replace vapor barrier in conjunction with built up roofing system | C17: 120 | D17: SQ | E17: X | G17: =F17*C17 -> 0
A18: A0009 | B18: Remove and replace resin sized building paper (5 lb) | C18: 15 | D18: SQ | E18: X | G18: =F18*C18 -> 0
A19: A0010 | B19: Remove existing cants and replace with new fiberboard cants 4 x 4 | C19: 30 | D19: LF | E19: X | G19: =F19*C19 -> 0
A20: A0011 | B20: Remove existing cants and replace with new treated wood cants 4 x 4 | C20: 90 | D20: LF | E20: X | G20: =F20*C20 -> 0
A21: A0012 | B21: Remove existing Nailers and replace with new treated 2" x 6" wood | C21: 300 | D21: BF | E21: X | G21: =F21*C21 -> 0
B22: SHINGLED ROOF SYSTEMS
B23: Remove existing composition shingles and replace with new composition shingles, shall include starter
A24: A0013 | B24: Twenty Five Year (3 tab ) | C24: 100 | D24: SQ | E24: X | G24: =F24*C24 -> 0
A25: A0014 | B25: Thirty Year (architectural) | C25: 100 | D25: SQ | E25: X | G25: =F25*C25 -> 0
A26: A0015 | B26: Forty Year (architectural) | C26: 100 | D26: SQ | E26: X | G26: =F26*C26 -> 0
A27: A0016 | B27: Remove and dispose of existing composition shingles (all types)(where new shingles are not going to be installed) | C27: 18 | D27: SQ | E27: X | G27: =F27*C27 -> 0
A28: A0017 | B28: Remove and dispose of existing slate shingles. | C28: 18 | D28: SQ | E28: X | G28: =F28*C28 -> 0
A29: A0018 | B29: Remove and re-install existing slate shingles (All or Partial) | C29: 6 | D29: SQ | E29: X | G29: =F29*C29 -> 0
A30: A0019 | B30: Install new slate shingles (Weathering green, Vermont)(All or Partial) | C30: 9 | D30: SQ | E30: X | G30: =F30*C30 -> 0
A31: A0020 | B31: Install new slate shingles (Buckingham)(All or Partial) | C31: 9 | D31: SQ | E31: X | G31: =F31*C31 -> 0
B32: Remove existing preformed metal (All or Partial) roofing and replace with new preformed metal roofing
A33: A0021 | B33: Coated steel | C33: 20 | D33: SQ | E33: X | G33: =F33*C33 -> 0
A34: A0022 | B34: Coated aluminum | C34: 20 | D34: SQ | E34: X | G34: =F34*C34 -> 0
B35: ROOF COATING (ALUMINUM PIGMENTED FIBERED BITUMINOUS ROOF COATING)
A36: A0023 | B36: Coat roofing with aluminum pigmented slate shingles (All or Partial) slate shingles (All or Partial) fibered bitumen roof coating | C36: 100 | D36: SQ | E36: X | G36: =F36*C36 -> 0
B37: Field paint roof mounted equipment
A38: A0024 | B38: Up to 25 SF X in surface area X | C38: 100 | D38: SF | E38: X | G38: =F38*C38 -> 0
A39: A0025 | B39: Over 25 SF X in surface area X | C39: 100 | D39: SF | E39: X | G39: =F39*C39 -> 0
B40: BUILT UP ROOF
B41: Remove existing roof system and replace with new aggregate surfaced BU roofing system
A42: A0026 | B42: System GAA (Gravel) | C42: 100 | D42: SQ | E42: X | G42: =F42*C42 -> 0
B43: Remove existing roof system and replace with new smooth surfaced BU roofing system.
A44: A0027 | B44: System Gas | C44: 100 | D44: SQ | E44: X | G44: =F44*C44 -> 0
B45: Remove existing roof system and replace with new single ply reinforced modified bitumen sheet roofing system
A46: A0028 | B46: Torch Applied | C46: 100 | D46: SQ | E46: X | G46: =F46*C46 -> 0
A47: A0029 | B47: Mop Applied | C47: 100 | D47: SQ | E47: X | G47: =F47*C47 -> 0
A48: A0030 | B48: Remove existing base flashing and replace with new 2 ply glass felt base flashing | C48: 150 | D48: SF | E48: X | G48: =F48*C48 -> 0
A49: A0031 | B49: Remove existing base flashing and replace with new 3-ply bituminous base flashing | C49: 36 | D49: SF | E49: X | G49: =F49*C49 -> 0
A50: A0032 | B50: Remove existing base flashing and replace with new single ply reinforced modified, bitumen sheet roofing flashing modified. | C50: 100 | D50: SF | E50: X | G50: =F50*C50 -> 0
A51: A0033 | B51: Remove and Dispose of Second layer | C51: 100 | D51: SQ | E51: X | G51: =F51*C51 -> 0
A52: A0034 | B52: (1) Walkway/Asphalt Planks | C52: 300 | D52: SF | E52: X | G52: =F52*C52 -> 0
B53: ROOF AND PARAPET WALL DAMPROOFING
A54: A0035 | B54: Coat Existing BU Roof or Parapet Wall | C54: 150 | D54: SF | E54: X | G54: =F54*C54 -> 0
B55: E.P.D.M. (RUBBER ROOF SYSTEM) (Install new E.P.D.M. Roof System over Existing Built-up Roof)
A56: A0036 | B56: Ballasted System | C56: 100 | D56: SQ | E56: X | G56: =F56*C56 -> 0
A57: A0037 | B57: Mechanically Fastened System | C57: 100 | D57: SQ | E57: X | G57: =F57*C57 -> 0
A58: A0038 | B58: Full Adhered System | C58: 100 | D58: SQ | E58: X | G58: =F58*C58 -> 0
B59: Remove existing roof system and replace with new E.P.D.M. roof system
A60: A0039 | B60: Ballasted System | C60: 100 | D60: SQ | E60: X | G60: =F60*C60 -> 0
A61: A0040 | B61: Mechanically Fastened System | C61: 100 | D61: SQ | E61: X | G61: =F61*C61 -> 0
A62: A0041 | B62: Full Adhered System | C62: 100 | D62: SQ | E62: X | G62: =F62*C62 -> 0
A63: A0042 | B63: Install new E.P.D.M. Wall/Curb Flashings | C63: 100 | D63: SF | E63: X | G63: =F63*C63 -> 0
A64: A0043 | B64: Install Rubber Pipe Vents | C64: 100 | D64: EA | E64: X | G64: =F64*C64 -> 0
A65: A0044 | B65: Install Termination Bars. Shall include caulking | C65: 100 | D65: LF | E65: X | G65: =F65*C65 -> 0
A66: A0045 | B66: Install E.P.D.M Walk Pads | C66: 100 | D66: EA | E66: X | G66: =F66*C66 -> 0
B67: Remove existing roof system and replace with new Thermoplastic alloy roof system (TPA)
A68: A0046 | B68: Mechanically Fastened | C68: 100 | D68: SQ | E68: X | G68: =F68*C68 -> 0
A69: A0047 | B69: Ballasted | C69: 100 | D69: SQ | E69: X | G69: =F69*C69 -> 0
A70: A0048 | B70: Install new TPA wall/curb flashing | C70: 100 | D70: SF | E70: X | G70: =F70*C70 -> 0
A71: A0049 | B71: Install new TPA pipe vent flashing | C71: 100 | D71: EA | E71: X | G71: =F71*C71 -> 0
B72: Remove existing metal base flashing and replace with new metal base flashing
A73: A0050 | B73: Copper | C73: 100 | D73: SF | E73: X | G73: =F73*C73 -> 0
A74: A0051 | B74: Aluminum | C74: 100 | D74: SF | E74: X | G74: =F74*C74 -> 0
A75: A0052 | B75: Aluminum/various colors | C75: 100 | D75: SF | E75: X | G75: =F75*C75 -> 0
A76: A0053 | B76: Stainless Steel | C76: 100 | D76: SF | E76: X | G76: =F76*C76 -> 0
B77: Remove existing and install new metal coping. Shall include caulking.
A78: A0054 | B78: Copper | C78: 100 | D78: SF | E78: X | G78: =F78*C78 -> 0
A79: A0055 | B79: Aluminum | C79: 100 | D79: SF | E79: X | G79: =F79*C79 -> 0
A80: A0056 | B80: Aluminum/various colors | C80: 100 | D80: SF | E80: X | G80: =F80*C80 -> 0
A81: A0057 | B81: Stainless Steel | C81: 100 | D81: SF | E81: X | G81: =F81*C81 -> 0
B82: Remove metal drip edge and replace with new metal drip edge
A83: A0058 | B83: Copper | C83: 100 | D83: LF | E83: X | G83: =F83*C83 -> 0
A84: A0059 | B84: Aluminum | C84: 100 | D84: LF | E84: X | G84: =F84*C84 -> 0
A85: A0060 | B85: Aluminum/various colors | C85: 100 | D85: LF | E85: X | G85: =F85*C85 -> 0
A86: A0061 | B86: Stainless Steel | C86: 100 | D86: LF | E86: X | G86: =F86*C86 -> 0
B87: METAL GUTTERS AND DOWNSPOUTS
B88: Install Metal Gutters
A89: A0062 | B89: Copper/5" ogee | C89: 100 | D89: LF | E89: X | G89: =F89*C89 -> 0
A90: A0063 | B90: Copper/6" ogee | C90: 100 | D90: LF | E90: X | G90: =F90*C90 -> 0
A91: A0064 | B91: Copper/6" half round | C91: 100 | D91: LF | E91: X | G91: =F91*C91 -> 0
A92: A0065 | B92: Copper/6" box | C92: 100 | D92: LF | E92: X | G92: =F92*C92 -> 0
A93: A0066 | B93: Copper/8" box | C93: 100 | D93: LF | E93: X | G93: =F93*C93 -> 0
A94: A0067 | B94: Prefinished Alum/5" ogee | C94: 100 | D94: LF | E94: X | G94: =F94*C94 -> 0
A95: A0068 | B95: Prefinished Alum/6" ogee | C95: 100 | D95: LF | E95: X | G95: =F95*C95 -> 0
A96: A0069 | B96: Prefinished Alum/6" Box | C96: 100 | D96: LF | E96: X | G96: =F96*C96 -> 0
A97: A0070 | B97: Prefinished Alum/8" Box | C97: 100 | D97: LF | E97: X | G97: =F97*C97 -> 0
A98: A0071 | B98: Stainless steel/6" box | C98: 100 | D98: LF | E98: X | G98: =F98*C98 -> 0
A99: A0072 | B99: Stainless steel/8" box | C99: 100 | D99: LF | E99: X | G99: =F99*C99 -> 0
B100: Install Metal Downspouts
...

Sheet Option 3
A1: Roofing Contract
A2: Attachment J-0200000-05
A3: Exhibit Line Item Numbers
A4: Solicitation/Contract No.: N40085-26-D-XXXX
A5: ELIN Number | B5: Supplies/Services | C5: Est. Quantity | D5: Unit | F5: Unit Price | G5: Total
B6: ROOF DECKS
A7: A0001 | B7: Remove existing metal roof decks (ALL OR PARTIAL) and replace with new steel roof decking, shall include all closures and accessories. | C7: 200 | D7: SQ | E7: X | G7: =F7*C7 -> 0
B8: Remove existing wood roof deck and replace with new wood decking
A9: A0002 | B9: 1" nominal T & G (treated) | C9: 1200 | D9: BF | E9: X | G9: =F9*C9 -> 0
A10: A0003 | B10: 2" nominal T & G (treated) | C10: 1200 | D10: BF | E10: X | G10: =F10*C10 -> 0
A11: A0004 | B11: 3/4" plywood | C11: 1200 | D11: SF | E11: X | G11: =F11*C11 -> 0
A12: A0005 | B12: 1/2" plywood | C12: 1200 | D12: SF | E12: X | G12: =F12*C12 -> 0
B13: ROOF INSULATION
B14: Remove and replace rigid roof insulation in conjunction with roofing systems specified herein.
A15: A0006 | B15: Remove and replace polyisocyanurate tapered insulation panels | C15: 120 | D15: SQ | E15: X | G15: =F15*C15 -> 0
A16: A0007 | B16: Remove and replace tapered roof insulation | C16: 120 | D16: SQ | E16: X | G16: =F16*C16 -> 0
A17: A0008 | B17: Remove and replace vapor barrier in conjunction with built up roofing system | C17: 120 | D17: SQ | E17: X | G17: =F17*C17 -> 0
A18: A0009 | B18: Remove and replace resin sized building paper (5 lb) | C18: 15 | D18: SQ | E18: X | G18: =F18*C18 -> 0
A19: A0010 | B19: Remove existing cants and replace with new fiberboard cants 4 x 4 | C19: 30 | D19: LF | E19: X | G19: =F19*C19 -> 0
A20: A0011 | B20: Remove existing cants and replace with new treated wood cants 4 x 4 | C20: 90 | D20: LF | E20: X | G20: =F20*C20 -> 0
A21: A0012 | B21: Remove existing Nailers and replace with new treated 2" x 6" wood | C21: 300 | D21: BF | E21: X | G21: =F21*C21 -> 0
B22: SHINGLED ROOF SYSTEMS
B23: Remove existing composition shingles and replace with new composition shingles, shall include starter
A24: A0013 | B24: Twenty Five Year (3 tab ) | C24: 100 | D24: SQ | E24: X | G24: =F24*C24 -> 0
A25: A0014 | B25: Thirty Year (architectural) | C25: 100 | D25: SQ | E25: X | G25: =F25*C25 -> 0
A26: A0015 | B26: Forty Year (architectural) | C26: 100 | D26: SQ | E26: X | G26: =F26*C26 -> 0
A27: A0016 | B27: Remove and dispose of existing composition shingles (all types)(where new shingles are not going to be installed) | C27: 18 | D27: SQ | E27: X | G27: =F27*C27 -> 0
A28: A0017 | B28: Remove and dispose of existing slate shingles. | C28: 18 | D28: SQ | E28: X | G28: =F28*C28 -> 0
A29: A0018 | B29: Remove and re-install existing slate shingles (All or Partial) | C29: 6 | D29: SQ | E29: X | G29: =F29*C29 -> 0
A30: A0019 | B30: Install new slate shingles (Weathering green, Vermont)(All or Partial) | C30: 9 | D30: SQ | E30: X | G30: =F30*C30 -> 0
A31: A0020 | B31: Install new slate shingles (Buckingham)(All or Partial) | C31: 9 | D31: SQ | E31: X | G31: =F31*C31 -> 0
B32: Remove existing preformed metal (All or Partial) roofing and replace with new preformed metal roofing
A33: A0021 | B33: Coated steel | C33: 20 | D33: SQ | E33: X | G33: =F33*C33 -> 0
A34: A0022 | B34: Coated aluminum | C34: 20 | D34: SQ | E34: X | G34: =F34*C34 -> 0
B35: ROOF COATING (ALUMINUM PIGMENTED FIBERED BITUMINOUS ROOF COATING)
A36: A0023 | B36: Coat roofing with aluminum pigmented slate shingles (All or Partial) slate shingles (All or Partial) fibered bitumen roof coating | C36: 100 | D36: SQ | E36: X | G36: =F36*C36 -> 0
B37: Field paint roof mounted equipment
A38: A0024 | B38: Up to 25 SF X in surface area X | C38: 100 | D38: SF | E38: X | G38: =F38*C38 -> 0
A39: A0025 | B39: Over 25 SF X in surface area X | C39: 100 | D39: SF | E39: X | G39: =F39*C39 -> 0
B40: BUILT UP ROOF
B41: Remove existing roof system and replace with new aggregate surfaced BU roofing system
A42: A0026 | B42: System GAA (Gravel) | C42: 100 | D42: SQ | E42: X | G42: =F42*C42 -> 0
B43: Remove existing roof system and replace with new smooth surfaced BU roofing system.
A44: A0027 | B44: System Gas | C44: 100 | D44: SQ | E44: X | G44: =F44*C44 -> 0
B45: Remove existing roof system and replace with new single ply reinforced modified bitumen sheet roofing system
A46: A0028 | B46: Torch Applied | C46: 100 | D46: SQ | E46: X | G46: =F46*C46 -> 0
A47: A0029 | B47: Mop Applied | C47: 100 | D47: SQ | E47: X | G47: =F47*C47 -> 0
A48: A0030 | B48: Remove existing base flashing and replace with new 2 ply glass felt base flashing | C48: 150 | D48: SF | E48: X | G48: =F48*C48 -> 0
A49: A0031 | B49: Remove existing base flashing and replace with new 3-ply bituminous base flashing | C49: 36 | D49: SF | E49: X | G49: =F49*C49 -> 0
A50: A0032 | B50: Remove existing base flashing and replace with new single ply reinforced modified, bitumen sheet roofing flashing modified. | C50: 100 | D50: SF | E50: X | G50: =F50*C50 -> 0
A51: A0033 | B51: Remove and Dispose of Second layer | C51: 100 | D51: SQ | E51: X | G51: =F51*C51 -> 0
A52: A0034 | B52: (1) Walkway/Asphalt Planks | C52: 300 | D52: SF | E52: X | G52: =F52*C52 -> 0
B53: ROOF AND PARAPET WALL DAMPROOFING
A54: A0035 | B54: Coat Existing BU Roof or Parapet Wall | C54: 150 | D54: SF | E54: X | G54: =F54*C54 -> 0
B55: E.P.D.M. (RUBBER ROOF SYSTEM) (Install new E.P.D.M. Roof System over Existing Built-up Roof)
A56: A0036 | B56: Ballasted System | C56: 100 | D56: SQ | E56: X | G56: =F56*C56 -> 0
A57: A0037 | B57: Mechanically Fastened System | C57: 100 | D57: SQ | E57: X | G57: =F57*C57 -> 0
A58: A0038 | B58: Full Adhered System | C58: 100 | D58: SQ | E58: X | G58: =F58*C58 -> 0
B59: Remove existing roof system and replace with new E.P.D.M. roof system
A60: A0039 | B60: Ballasted System | C60: 100 | D60: SQ | E60: X | G60: =F60*C60 -> 0
A61: A0040 | B61: Mechanically Fastened System | C61: 100 | D61: SQ | E61: X | G61: =F61*C61 -> 0
A62: A0041 | B62: Full Adhered System | C62: 100 | D62: SQ | E62: X | G62: =F62*C62 -> 0
A63: A0042 | B63: Install new E.P.D.M. Wall/Curb Flashings | C63: 100 | D63: SF | E63: X | G63: =F63*C63 -> 0
A64: A0043 | B64: Install Rubber Pipe Vents | C64: 100 | D64: EA | E64: X | G64: =F64*C64 -> 0
A65: A0044 | B65: Install Termination Bars. Shall include caulking | C65: 100 | D65: LF | E65: X | G65: =F65*C65 -> 0
A66: A0045 | B66: Install E.P.D.M Walk Pads | C66: 100 | D66: EA | E66: X | G66: =F66*C66 -> 0
B67: Remove existing roof system and replace with new Thermoplastic alloy roof system (TPA)
A68: A0046 | B68: Mechanically Fastened | C68: 100 | D68: SQ | E68: X | G68: =F68*C68 -> 0
A69: A0047 | B69: Ballasted | C69: 100 | D69: SQ | E69: X | G69: =F69*C69 -> 0
A70: A0048 | B70: Install new TPA wall/curb flashing | C70: 100 | D70: SF | E70: X | G70: =F70*C70 -> 0
A71: A0049 | B71: Install new TPA pipe vent flashing | C71: 100 | D71: EA | E71: X | G71: =F71*C71 -> 0
B72: Remove existing metal base flashing and replace with new metal base flashing
A73: A0050 | B73: Copper | C73: 100 | D73: SF | E73: X | G73: =F73*C73 -> 0
A74: A0051 | B74: Aluminum | C74: 100 | D74: SF | E74: X | G74: =F74*C74 -> 0
A75: A0052 | B75: Aluminum/various colors | C75: 100 | D75: SF | E75: X | G75: =F75*C75 -> 0
A76: A0053 | B76: Stainless Steel | C76: 100 | D76: SF | E76: X | G76: =F76*C76 -> 0
B77: Remove existing and install new metal coping. Shall include caulking.
A78: A0054 | B78: Copper | C78: 100 | D78: SF | E78: X | G78: =F78*C78 -> 0
A79: A0055 | B79: Aluminum | C79: 100 | D79: SF | E79: X | G79: =F79*C79 -> 0
A80: A0056 | B80: Aluminum/various colors | C80: 100 | D80: SF | E80: X | G80: =F80*C80 -> 0
A81: A0057 | B81: Stainless Steel | C81: 100 | D81: SF | E81: X | G81: =F81*C81 -> 0
B82: Remove metal drip edge and replace with new metal drip edge
A83: A0058 | B83: Copper | C83: 100 | D83: LF | E83: X | G83: =F83*C83 -> 0
A84: A0059 | B84: Aluminum | C84: 100 | D84: LF | E84: X | G84: =F84*C84 -> 0
A85: A0060 | B85: Aluminum/various colors | C85: 100 | D85: LF | E85: X | G85: =F85*C85 -> 0
A86: A0061 | B86: Stainless Steel | C86: 100 | D86: LF | E86: X | G86: =F86*C86 -> 0
B87: METAL GUTTERS AND DOWNSPOUTS
B88: Install Metal Gutters
A89: A0062 | B89: Copper/5" ogee | C89: 100 | D89: LF | E89: X | G89: =F89*C89 -> 0
A90: A0063 | B90: Copper/6" ogee | C90: 100 | D90: LF | E90: X | G90: =F90*C90 -> 0
A91: A0064 | B91: Copper/6" half round | C91: 100 | D91: LF | E91: X | G91: =F91*C91 -> 0
A92: A0065 | B92: Copper/6" box | C92: 100 | D92: LF | E92: X | G92: =F92*C92 -> 0
A93: A0066 | B93: Copper/8" box | C93: 100 | D93: LF | E93: X | G93: =F93*C93 -> 0
A94: A0067 | B94: Prefinished Alum/5" ogee | C94: 100 | D94: LF | E94: X | G94: =F94*C94 -> 0
A95: A0068 | B95: Prefinished Alum/6" ogee | C95: 100 | D95: LF | E95: X | G95: =F95*C95 -> 0
A96: A0069 | B96: Prefinished Alum/6" Box | C96: 100 | D96: LF | E96: X | G96: =F96*C96 -> 0
A97: A0070 | B97: Prefinished Alum/8" Box | C97: 100 | D97: LF | E97: X | G97: =F97*C97 -> 0
A98: A0071 | B98: Stainless steel/6" box | C98: 100 | D98: LF | E98: X | G98: =F98*C98 -> 0
A99: A0072 | B99: Stainless steel/8" box | C99: 100 | D99: LF | E99: X | G99: =F99*C99 -> 0
B100: Install Metal Downspouts
...

Sheet Option 4
A1: Roofing Contract
A2: Attachment J-0200000-05
A3: Exhibit Line Item Numbers
A4: Solicitation/Contract No.: N40085-26-D-XXXX
A5: ELIN Number | B5: Supplies/Services | C5: Est. Quantity | D5: Unit | F5: Unit Price | G5: Total
B6: ROOF DECKS
A7: A0001 | B7: Remove existing metal roof decks (ALL OR PARTIAL) and replace with new steel roof decking, shall include all closures and accessories. | C7: 200 | D7: SQ | E7: X | G7: =F7*C7 -> 0
B8: Remove existing wood roof deck and replace with new wood decking
A9: A0002 | B9: 1" nominal T & G (treated) | C9: 1200 | D9: BF | E9: X | G9: =F9*C9 -> 0
A10: A0003 | B10: 2" nominal T & G (treated) | C10: 1200 | D10: BF | E10: X | G10: =F10*C10 -> 0
A11: A0004 | B11: 3/4" plywood | C11: 1200 | D11: SF | E11: X | G11: =F11*C11 -> 0
A12: A0005 | B12: 1/2" plywood | C12: 1200 | D12: SF | E12: X | G12: =F12*C12 -> 0
B13: ROOF INSULATION
B14: Remove and replace rigid roof insulation in conjunction with roofing systems specified herein.
A15: A0006 | B15: Remove and replace polyisocyanurate tapered insulation panels | C15: 120 | D15: SQ | E15: X | G15: =F15*C15 -> 0
A16: A0007 | B16: Remove and replace tapered roof insulation | C16: 120 | D16: SQ | E16: X | G16: =F16*C16 -> 0
A17: A0008 | B17: Remove and replace vapor barrier in conjunction with built up roofing system | C17: 120 | D17: SQ | E17: X | G17: =F17*C17 -> 0
A18: A0009 | B18: Remove and replace resin sized building paper (5 lb) | C18: 15 | D18: SQ | E18: X | G18: =F18*C18 -> 0
A19: A0010 | B19: Remove existing cants and replace with new fiberboard cants 4 x 4 | C19: 30 | D19: LF | E19: X | G19: =F19*C19 -> 0
A20: A0011 | B20: Remove existing cants and replace with new treated wood cants 4 x 4 | C20: 90 | D20: LF | E20: X | G20: =F20*C20 -> 0
A21: A0012 | B21: Remove existing Nailers and replace with new treated 2" x 6" wood | C21: 300 | D21: BF | E21: X | G21: =F21*C21 -> 0
B22: SHINGLED ROOF SYSTEMS
B23: Remove existing composition shingles and replace with new composition shingles, shall include starter
A24: A0013 | B24: Twenty Five Year (3 tab ) | C24: 100 | D24: SQ | E24: X | G24: =F24*C24 -> 0
A25: A0014 | B25: Thirty Year (architectural) | C25: 100 | D25: SQ | E25: X | G25: =F25*C25 -> 0
A26: A0015 | B26: Forty Year (architectural) | C26: 100 | D26: SQ | E26: X | G26: =F26*C26 -> 0
A27: A0016 | B27: Remove and dispose of existing composition shingles (all types)(where new shingles are not going to be installed) | C27: 18 | D27: SQ | E27: X | G27: =F27*C27 -> 0
A28: A0017 | B28: Remove and dispose of existing slate shingles. | C28: 18 | D28: SQ | E28: X | G28: =F28*C28 -> 0
A29: A0018 | B29: Remove and re-install existing slate shingles (All or Partial) | C29: 6 | D29: SQ | E29: X | G29: =F29*C29 -> 0
A30: A0019 | B30: Install new slate shingles (Weathering green, Vermont)(All or Partial) | C30: 9 | D30: SQ | E30: X | G30: =F30*C30 -> 0
A31: A0020 | B31: Install new slate shingles (Buckingham)(All or Partial) | C31: 9 | D31: SQ | E31: X | G31: =F31*C31 -> 0
B32: Remove existing preformed metal (All or Partial) roofing and replace with new preformed metal roofing
A33: A0021 | B33: Coated steel | C33: 20 | D33: SQ | E33: X | G33: =F33*C33 -> 0
A34: A0022 | B34: Coated aluminum | C34: 20 | D34: SQ | E34: X | G34: =F34*C34 -> 0
B35: ROOF COATING (ALUMINUM PIGMENTED FIBERED BITUMINOUS ROOF COATING)
A36: A0023 | B36: Coat roofing with aluminum pigmented slate shingles (All or Partial) slate shingles (All or Partial) fibered bitumen roof coating | C36: 100 | D36: SQ | E36: X | G36: =F36*C36 -> 0
B37: Field paint roof mounted equipment
A38: A0024 | B38: Up to 25 SF X in surface area X | C38: 100 | D38: SF | E38: X | G38: =F38*C38 -> 0
A39: A0025 | B39: Over 25 SF X in surface area X | C39: 100 | D39: SF | E39: X | G39: =F39*C39 -> 0
B40: BUILT UP ROOF
B41: Remove existing roof system and replace with new aggregate surfaced BU roofing system
A42: A0026 | B42: System GAA (Gravel) | C42: 100 | D42: SQ | E42: X | G42: =F42*C42 -> 0
B43: Remove existing roof system and replace with new smooth surfaced BU roofing system.
A44: A0027 | B44: System Gas | C44: 100 | D44: SQ | E44: X | G44: =F44*C44 -> 0
B45: Remove existing roof system and replace with new single ply reinforced modified bitumen sheet roofing system
A46: A0028 | B46: Torch Applied | C46: 100 | D46: SQ | E46: X | G46: =F46*C46 -> 0
A47: A0029 | B47: Mop Applied | C47: 100 | D47: SQ | E47: X | G47: =F47*C47 -> 0
A48: A0030 | B48: Remove existing base flashing and replace with new 2 ply glass felt base flashing | C48: 150 | D48: SF | E48: X | G48: =F48*C48 -> 0
A49: A0031 | B49: Remove existing base flashing and replace with new 3-ply bituminous base flashing | C49: 36 | D49: SF | E49: X | G49: =F49*C49 -> 0
A50: A0032 | B50: Remove existing base flashing and replace with new single ply reinforced modified, bitumen sheet roofing flashing modified. | C50: 100 | D50: SF | E50: X | G50: =F50*C50 -> 0
A51: A0033 | B51: Remove and Dispose of Second layer | C51: 100 | D51: SQ | E51: X | G51: =F51*C51 -> 0
A52: A0034 | B52: (1) Walkway/Asphalt Planks | C52: 300 | D52: SF | E52: X | G52: =F52*C52 -> 0
B53: ROOF AND PARAPET WALL DAMPROOFING
A54: A0035 | B54: Coat Existing BU Roof or Parapet Wall | C54: 150 | D54: SF | E54: X | G54: =F54*C54 -> 0
B55: E.P.D.M. (RUBBER ROOF SYSTEM) (Install new E.P.D.M. Roof System over Existing Built-up Roof)
A56: A0036 | B56: Ballasted System | C56: 100 | D56: SQ | E56: X | G56: =F56*C56 -> 0
A57: A0037 | B57: Mechanically Fastened System | C57: 100 | D57: SQ | E57: X | G57: =F57*C57 -> 0
A58: A0038 | B58: Full Adhered System | C58: 100 | D58: SQ | E58: X | G58: =F58*C58 -> 0
B59: Remove existing roof system and replace with new E.P.D.M. roof system
A60: A0039 | B60: Ballasted System | C60: 100 | D60: SQ | E60: X | G60: =F60*C60 -> 0
A61: A0040 | B61: Mechanically Fastened System | C61: 100 | D61: SQ | E61: X | G61: =F61*C61 -> 0
A62: A0041 | B62: Full Adhered System | C62: 100 | D62: SQ | E62: X | G62: =F62*C62 -> 0
A63: A0042 | B63: Install new E.P.D.M. Wall/Curb Flashings | C63: 100 | D63: SF | E63: X | G63: =F63*C63 -> 0
A64: A0043 | B64: Install Rubber Pipe Vents | C64: 100 | D64: EA | E64: X | G64: =F64*C64 -> 0
A65: A0044 | B65: Install Termination Bars. Shall include caulking | C65: 100 | D65: LF | E65: X | G65: =F65*C65 -> 0
A66: A0045 | B66: Install E.P.D.M Walk Pads | C66: 100 | D66: EA | E66: X | G66: =F66*C66 -> 0
B67: Remove existing roof system and replace with new Thermoplastic alloy roof system (TPA)
A68: A0046 | B68: Mechanically Fastened | C68: 100 | D68: SQ | E68: X | G68: =F68*C68 -> 0
A69: A0047 | B69: Ballasted | C69: 100 | D69: SQ | E69: X | G69: =F69*C69 -> 0
A70: A0048 | B70: Install new TPA wall/curb flashing | C70: 100 | D70: SF | E70: X | G70: =F70*C70 -> 0
A71: A0049 | B71: Install new TPA pipe vent flashing | C71: 100 | D71: EA | E71: X | G71: =F71*C71 -> 0
B72: Remove existing metal base flashing and replace with new metal base flashing
A73: A0050 | B73: Copper | C73: 100 | D73: SF | E73: X | G73: =F73*C73 -> 0
A74: A0051 | B74: Aluminum | C74: 100 | D74: SF | E74: X | G74: =F74*C74 -> 0
A75: A0052 | B75: Aluminum/various colors | C75: 100 | D75: SF | E75: X | G75: =F75*C75 -> 0
A76: A0053 | B76: Stainless Steel | C76: 100 | D76: SF | E76: X | G76: =F76*C76 -> 0
B77: Remove existing and install new metal coping. Shall include caulking.
A78: A0054 | B78: Copper | C78: 100 | D78: SF | E78: X | G78: =F78*C78 -> 0
A79: A0055 | B79: Aluminum | C79: 100 | D79: SF | E79: X | G79: =F79*C79 -> 0
A80: A0056 | B80: Aluminum/various colors | C80: 100 | D80: SF | E80: X | G80: =F80*C80 -> 0
A81: A0057 | B81: Stainless Steel | C81: 100 | D81: SF | E81: X | G81: =F81*C81 -> 0
B82: Remove metal drip edge and replace with new metal drip edge
A83: A0058 | B83: Copper | C83: 100 | D83: LF | E83: X | G83: =F83*C83 -> 0
A84: A0059 | B84: Aluminum | C84: 100 | D84: LF | E84: X | G84: =F84*C84 -> 0
A85: A0060 | B85: Aluminum/various colors | C85: 100 | D85: LF | E85: X | G85: =F85*C85 -> 0
A86: A0061 | B86: Stainless Steel | C86: 100 | D86: LF | E86: X | G86: =F86*C86 -> 0
B87: METAL GUTTERS AND DOWNSPOUTS
B88: Install Metal Gutters
A89: A0062 | B89: Copper/5" ogee | C89: 100 | D89: LF | E89: X | G89: =F89*C89 -> 0
A90: A0063 | B90: Copper/6" ogee | C90: 100 | D90: LF | E90: X | G90: =F90*C90 -> 0
A91: A0064 | B91: Copper/6" half round | C91: 100 | D91: LF | E91: X | G91: =F91*C91 -> 0
A92: A0065 | B92: Copper/6" box | C92: 100 | D92: LF | E92: X | G92: =F92*C92 -> 0
A93: A0066 | B93: Copper/8" box | C93: 100 | D93: LF | E93: X | G93: =F93*C93 -> 0
A94: A0067 | B94: Prefinished Alum/5" ogee | C94: 100 | D94: LF | E94: X | G94: =F94*C94 -> 0
A95: A0068 | B95: Prefinished Alum/6" ogee | C95: 100 | D95: LF | E95: X | G95: =F95*C95 -> 0
A96: A0069 | B96: Prefinished Alum/6" Box | C96: 100 | D96: LF | E96: X | G96: =F96*C96 -> 0
A97: A0070 | B97: Prefinished Alum/8" Box | C97: 100 | D97: LF | E97: X | G97: =F97*C97 -> 0
A98: A0071 | B98: Stainless steel/6" box | C98: 100 | D98: LF | E98: X | G98: =F98*C98 -> 0
A99: A0072 | B99: Stainless steel/8" box | C99: 100 | D99: LF | E99: X | G99: =F99*C99 -> 0
B100: Install Metal Downspouts
...

Sheet Summary
B2: Roofing Summary
B3: Base Option | D3: ='Base Option'!G182 -> 0
B4: Option Year 1 | D4: ='Option 1'!G182 -> 0
B5: Option Year 2 | D5: ='Option 2'!G182 -> 0
B6: Option year 3 | D6: ='Option 3'!G182 -> 0
B7: Option Year 4 | D7: ='Option 4'!G182 -> 0
B8: Total | D8: =D3+D4+D5+D6+D7 -> 0
