Workbook
Name ARMOR_KIT_TARGET: #REF!
Name AUMC_TARGET: #REF!
Name BETA_1: #REF!
Name BETA_1old: #REF!
Name BETA_2: #REF!
Name BETA_3: #REF!
Name BETA_4: #REF!
Name BETA_4old: #REF!
Name BETA_5: #REF!
Name BETA_5old: #REF!
Name BETA_6: #REF!
Name BETA_7: #REF!
Name bin: #REF!
Name bin: #REF!
Name bin: #REF!
Name bin: #REF!
Name bin: #REF!
Name CFE_KIT_TARGET: #REF!
Name CFEA_Target: #REF!
Name CLIN: #REF!
Name CLIN10: #REF!
Name COC: '[6]CS by Year - Max Executable'!$B:$B
Name COMBINED: '[6](3.1) Cost Summary - FRP 10 NTE'!$U:$U
Name CONT_OPER_RATIO: #REF!
Name CONT_OPTEMPO_RATIO: #REF!
Name CONTRACT: '[6](3.1) Cost Summary - FRP 10 NTE'!$A:$A
Name COST: #REF!
Name COSTYEAR: '[6]CS by Year - Max Executable'!$O:$O
Name cv: #REF!
Name cv: #REF!
Name cv: #REF!
Name data: #REF!
Name data: #REF!
Name data: #REF!
Name Esc_Carson: #REF!
Name Esc_EXE: #REF!
Name Esc_Irwin: #REF!
Name Esc_JBLM: #REF!
Name Esc_OCONUS: #REF!
Name Esc_WD: #REF!
Name Esc_WSMR: #REF!
Name FCCOM: #REF!
Name FCCOMYEAR: '[6]CS by Year - Max Executable'!$P:$P
Name FPR_AFMOH: #REF!
Name FPR_GA: #REF!
Name FPR_GSOH: #REF!
Name Frng_Carson: #REF!
Name Frng_CBA: #REF!
Name Frng_CBA_HW: #REF!
Name Frng_CONUS: #REF!
Name Frng_EXE: #REF!
Name Frng_EXE_HW: #REF!
Name Frng_Irwin: #REF!
Name Frng_JBLM: #REF!
Name Frng_OCO: #REF!
Name Frng_OCO_OT: #REF!
Name Frng_OCONUS: #REF!
Name Frng_OT: #REF!
Name Frng_WD: #REF!
Name Frng_WD_HW: #REF!

Sheet Template Instructions
A1: AFM East Region
A2: Solicitation No.: | B2: Insert Solicitation Number
A3: Prime Offeror Name: | B3: Insert Prime Offeror Company name
A4: CAGE Code: | B4: Insert Prime Offeror Cage Code
A5: Subcontractor Name: | B5: Insert Sub Name (if applicable)
A7: General Information: The offeror may edit the worksheets to accomodate the offeror's normal accounting and estimating practices; however, the general format of the Cost-Price Template shall remain intact for evaluation purposes. Some Tabs have been pre-populated with formulas to aid the offeror in calculating the proposed price. The offeror is responsible for ensuring that all calculations within each TAB are accurate and reflective of the offeror's proposed price. Separate T&M Rate Table/ worksheets SHALL be completed for every subcontractor, division, subsidiary, and affiliate proposed (The offeror SHALL NOT propose blended prime/subcontract labor rates, prime/division labor rates, prime/subsidiary labor rates, or prime/affiliate labor rates).
A8: Offerors are responsible for ensuring that all calculations are accurate and flow throughout the workbook as required.
A10: TAB # | B10: TAB Title | C10: Cost-Price Template Instructions
A11: 1 | B11: TAB 1. T&M Labor Hours | C11: The Prime Offeror shall utilize the labor hours per labor category and CLIN as delineated in Tab 1. The Offeror shall allocate the TAB 1. labor hours to each team member requiring the use of a given labor category in support of this requirement and in accordance with the Offeror's proposed team structure. The sum of all labor hours proposed (Prime and subcontractor) for each labor category shall equal the labor hours by labor category detailed in TAB 1. The labor hours provided in this TAB are for proposal purposes only.
A13: 2 | B13: TAB 2a. "T&M Schedule_Prime_CONUS" | C13: The Prime Offeror shall enter the proposed CONUS Base Labor Rates, Proposed Health & Welfare rate/hr. (as applicable), Proposed T&M FBLRs, allocated labor hours and total price for each labor category, location and CLIN in the yellow highlighted cells. The Offeror shall provide the requested SCLS (WD/CBA) information for each applicable labor category, location and contract period.
A15: 2a. | B15: T&M Schedule_Prime_OCONUS | C15: The Prime Offeror shall enter the proposed OCONUS T&M FBLRs, allocated labor hours and total price for each labor category, location and CLIN in the yellow highlighted cells.
A17: 3a-3z | B17: T&M Schedule_SUBX_CONUS and T&M Schedule_SUBX_OCONUS | C17: Enter the proposed Subcontractor CONUS and OCONUS T&M FBLRs (through Prime contractor pass-through), allocated labor hours and total price for each labor category, location and CLIN in the yellow highlighted cells of the applicable Tabs. In addition, the Offeror shall provide the requested SCLS (WD/CBA) information for each applicable CONUS labor category. The Prime offeror shall apply the subcontractors proposed FBLRs to the allocated subcontractor labr hours to establish the proposed subcontractors labor price . A separate T&M Rate Table worksheet should be completed for every subcontractor, division, subsidiary, and affiliate proposed (The offeror SHALL NOT propose blended prime/subcontract labor rates, prime/division labor rates, prime/subsidiary labor rates, or prime/affiliate labor rates). The Offeror may need to add additional "T&M_Rate Table SubX" worksheets to accommodate the Offeror's proposed contracting team structure.
A19: 4 | B19: T&M Labor Summary | C19: Enter the requested data in the yellow shaded cells to show the proposed T&M labor price for the prime and each subcontractor for each CLIN. The Offeror is required to provide separate rate tables for each subcontractor, division, subsidiary, and affiliate proposed; therefore, it may be necessary for the Offeror to revise the number of rows to reflect the Offeror's proposed team structure.
A21: 5 | B21: CPFF Labor Hours | C21: The Prime Offeror shall utilize the labor hours per labor category as delineated in Tab 5 for the CPFF CLINs. The Offeror shall allocate the TAB 5. CPFF labor hours to each team member requiring the use of a given labor category in support of this requirement and in accordance with the Offeror's proposed team structure. The sum of all labor hours proposed (Prime and subcontractor) for each labor category shall equal the labor hours by labor category detailed in TAB 5. The labor hours provided in this TAB are for proposal purposes only.
A23: 6a. | B23: CPFF Direct Labor Mapping | C23: The direct labor mapping worksheet is intended for use in the development of the Prime CPFF cost estimate detail and fully burdened labor rate Tables. The labor category mapping is intended for use in populating the offeror's proposed base labor rates into the Direct Labor Base Rates worksheet. (1) Enter the offeror's contractor fiscal year (CFY) from and to dates. (2) Enter the proposed mapping of RFP provided labor categories to the offeror's contractor/corporate labor categories with minimum education and experience to demonstrate that the offeror is proposing qualified CPFF personnel for the effort. Insert additional rows as needed, ensuring the formulas for calculating the "Direct Labor Base Rates" are updated to include the added rows. Also, verify the added rows are included in the calculation of the total of the allocation percentages in the "Percentage Total" row at the bottom of the Labor Category Mapping Total. (3) For every RFP provided abor category identified, calculate the offeror's proposed base labor rate for the CFY identified. (4) If a particular RFP directed labor category rate is a composite of more than one of the offeror’s contractor/corporate labor categories, the offeror shall provide the calculation of the composite with the assigned weightings, identifying percentages the contractor/corporate labor categories are anticipated to work in the RFP labor categories. If a particular RFP directed labor category is comprised of only one contractor/corporate labor category, the offeror shall provide the crosswalk to the offeror’s single contractor/corporate labor category and assign a weighting of 100 percent. Ensure the "Percentage Total" equals 100%. If a "No" is identified in the "Percentage Total = 100" row, ensure: (i) the allocation percentages are correctly identified to contractor/corporate labor categories and (ii) the calculation of the allocation percentage, in the "Percentage Total" row, includes any added rows. (5) The labor rates, identified in the "Base Direct Labor Rates" row shall be used to populate the "Direct Labor Base Rates" worksheet tab 6b. Enter the requested data in the yellow shaded cells. CFY= Contractor Fiscal Year CY= Calendar Year (Jan-Dec)
A25: 6b. | B25: Direct Labor Base Rates | C25: (1) Input the offeror's CFY from and to dates. (2) Provide the offeror's proposed base rates by CFY, identifying the applicable CFY in columns B and C. The direct labor base rates identified in Column B should be equivalent to the direct labor base rates derived in Tab "6a. CPFF Direct Labor Mapping". (3) Input formulas to show the conversion of CFY rates to CY rates for the Base period of performance. (4) Insert the prposed escalation rate for the remaining contract years/CLINs (Option 1-Option 9). (5) The resulting contract period rates are the rates that shall be used to populate and/or calculate the "Tab 6d. CPFF Estimate Detail" and "Tab 6e. CPFF FBLRs" worksheets.
A27: 6c. | B27: Indirect Rates and Fee | C27: "Indirect Rates" Table 1) The Offeror shall input the offeror's CFY from and to dates. (2) The Offeror shall enter the offeror's proposed indirect rates by CFY, identifying the CFY (change the "XXXX" in "CFY XXXX" to the applicable CFY year) in each applicable column. (3) The Offeror shall enter formulas in the appropriate cells to show the conversion of CFY rates to contract period rates. The resulting contract period rates are the rates that shall be used to populate and/or calculate the CPFF Estimate Detail and CPFF FBLRs worksheets. "Fixed Fee" Table (1) The offeror shall enter the fixed fee proposed for the Prime CPFF labor, Prime proposed fixed fee on subcontractor CPFF labor (as applicable) and Subcontractor proposed fixed fee on subcontractor CPFF labor (as applicable).
A29: 6d. | B29: CPFF Estimate Detail | C29: (1) For each CPFF CLIN the Offeror shall insert the proposed labor category, direct labor base rate, estimated labor hours, subcontractor proposed rates, applicable indirect rates (burdens) and proposed fixed fee by contract period/CLIN. (2) The direct labor base rate(s)/hr. and applicable indirect rates shall be equivalent to the direct labor base rates and indirect rates developed in Tab "6b. Direct Labor Base Rates" and Tab "6c. Indirect Rates" for each contract period/CLIN. (3) Each subcontractor proposed to support a CPFF CLIN(s) shall provide "Tab 6d. CPFF Estimate Detail" in the required fully disclosed Cost/Price volume as applicable (Refer to RFP Section L.X.X for subcontractor cost/price volume instructions). (3) The offeror shall input/edit formulas to show how the total proposed price is calculated for each contract period/CLIN. (4) Offeror's shall insert additional rows as needed to support the proposed estimate.
A31: 6e. | B31: CPFF FBLRs | C31: (1) For each CPFF CLIN, Offeror's shall input the fully burdened labor cost per hour, fixed fee per hour and fully burdened labor rate (FBLR) per hour for each proposed labor category. (2) The FBLR's shall coorelate to the direct labor base rates, indirect rates and proposed fixed fee provided in Tabs 6b. Direct Labor Base Rates and 6c. Indirect Rates & Fee for each contract period/CLIN. (3) Each subcontractor proposed to support a CPFF CLIN(s) shall provide this data in the required fully disclosed Cost/Price volume as applicable (Refer to RFP Section L.X.X for subcontractor cost/price volume instructions).. (4) Offeror's shall insert additional rows as needed to support the proposed estimate.
A33: 7. | B33: CLIN Summary | C33: The Offeror shall populate this tab to calculate the Total Proposed Price for each CLIN. The Offeror shall input the proposed firm fixed price (FFP) for each transition-in and transition-out CLIN. The Offeror shall ensure that proposed CLIN costs, fee's and prices provided in this tab reconcile to the CLIN costs, fee's and prices provided in Tabs 1-7 (as applicable). The Offeror shall not deviate from the Travel and ODC/Material values in this TAB . The offeror is responsible for ensuring that all calculations within ALL TABs are accurate and reflective of the offeror's proposed price.

Sheet 1. T&M Labor Hours
A1: AFM East Region
A2: ='Template Instructions'!A2 -> Solicitation No.: | B2: ='Template Instructions'!B2 -> Insert Solicitation Number
A3: ='Template Instructions'!A3 -> Prime Offeror Name: | B3: ='Template Instructions'!B3 -> Insert Prime Offeror Company name
A4: ='Template Instructions'!A4 -> CAGE Code: | B4: ='Template Instructions'!B4 -> Insert Prime Offeror Cage Code
D8: Total CONUS Labor Hours Base Period | N8: Total CONUS Labor Hours Option Period 1 | X8: Total CONUS Labor Hours Option Period 2 | AH8: Total CONUS Labor Hours Option Period 3 | AR8: Total CONUS Labor Hours Option Period 4 | BB8: Total CONUS Labor Hours Option Period 5 | BL8: Total CONUS Labor Hours Option Period 6 | BV8: Total CONUS Labor Hours Option Period 7 | CF8: Total CONUS Labor Hours Option Period 8 | CP8: Total CONUS Labor Hours Option Period 9 | CZ8: Total CONUS Labor Hours Option to Extend | DJ8: Total CONUS Labor Hours All Contract Periods
A9: Contract Labor Category | B9: SCLS WD/CBA Labor Category | C9: SCLS WD/CBA Labor Code | D9: Ft. Campbell, KY | E9: Ft. Drum, NY | F9: APG, MD | G9: Ft. Stewart, GA | H9: Ft. Liberty/Ft. Bragg, NC | I9: Jacksonville, FL | J9: Marietta, GA | K9: Other CONUS Locations | L9: Total | N9: Ft. Campbell, KY | O9: Ft. Drum, NY | P9: APG, MD | Q9: Ft. Stewart, GA | R9: Ft. Liberty/Ft. Bragg, NC | S9: Jacksonville, FL | T9: Marietta, GA | U9: Other CONUS Locations | V9: Total | X9: Ft. Campbell, KY | Y9: Ft. Drum, NY | Z9: APG, MD | AA9: Ft. Stewart, GA | AB9: Ft. Liberty/Ft. Bragg, NC | AC9: Jacksonville, FL | AD9: Marietta, GA | AE9: Other CONUS Locations | AF9: Total | AH9: Ft. Campbell, KY | AI9: Ft. Drum, NY | AJ9: APG, MD | AK9: Ft. Stewart, GA | AL9: Ft. Liberty/Ft. Bragg, NC | AM9: Jacksonville, FL | AN9: Marietta, GA | AO9: Other CONUS Locations | AP9: Total | AR9: Ft. Campbell, KY | AS9: Ft. Drum, NY | AT9: APG, MD | AU9: Ft. Stewart, GA | AV9: Ft. Liberty/Ft. Bragg, NC | AW9: Jacksonville, FL | AX9: Marietta, GA | AY9: Other CONUS Locations | AZ9: Total | BB9: Ft. Campbell, KY | BC9: Ft. Drum, NY | BD9: APG, MD | BE9: Ft. Stewart, GA | BF9: Ft. Liberty/Ft. Bragg, NC | BG9: Jacksonville, FL | BH9: Marietta, GA | BI9: Other CONUS Locations | BJ9: Total | BL9: Ft. Campbell, KY | BM9: Ft. Drum, NY | BN9: APG, MD | BO9: Ft. Stewart, GA | BP9: Ft. Liberty/Ft. Bragg, NC | BQ9: Jacksonville, FL | BR9: Marietta, GA | BS9: Other CONUS Locations | BT9: Total | BV9: Ft. Campbell, KY | BW9: Ft. Drum, NY | BX9: APG, MD | BY9: Ft. Stewart, GA | BZ9: Ft. Liberty/Ft. Bragg, NC | CA9: Jacksonville, FL | CB9: Marietta, GA | CC9: Other CONUS Locations | CD9: Total | CF9: Ft. Campbell, KY | CG9: Ft. Drum, NY | CH9: APG, MD | CI9: Ft. Stewart, GA | CJ9: Ft. Liberty/Ft. Bragg, NC | CK9: Jacksonville, FL | CL9: Marietta, GA | CM9: Other CONUS Locations | CN9: Total | CP9: Ft. Campbell, KY | CQ9: Ft. Drum, NY | CR9: APG, MD | CS9: Ft. Stewart, GA | CT9: Ft. Liberty/Ft. Bragg, NC | CU9: Jacksonville, FL | CV9: Marietta, GA | CW9: Other CONUS Locations | CX9: Total | CZ9: Ft. Campbell, KY | DA9: Ft. Drum, NY | DB9: APG, MD | DC9: Ft. Stewart, GA | DD9: Ft. Liberty/Ft. Bragg, NC | DE9: Jacksonville, FL | DF9: Marietta, GA | DG9: Other CONUS Locations | DH9: Total | DJ9: Ft. Campbell, KY | DK9: Ft. Drum, NY | DL9: APG, MD | DM9: Ft. Stewart, GA | DN9: Ft. Liberty/Ft. Bragg, NC | DO9: Jacksonville, FL | DP9: Marietta, GA | DQ9: Other CONUS Locations | DR9: Total
A10: Aerospace Structural Welder | B10: Aerospace Structural Welder | C10: 23010 | D10: 1912 | E10: 1 | F10: 1 | G10: 1912 | H10: 1912 | I10: 1 | J10: 1 | K10: 1 | L10: =SUM(D10:K10) -> 5741 | N10: 1912 | O10: 1 | P10: 1 | Q10: 1912 | R10: 1912 | S10: 1 | T10: 1 | U10: 1 | V10: =SUM(N10:U10) -> 5741 | X10: 1912 | Y10: 1 | Z10: 1 | AA10: 1912 | AB10: 1912 | AC10: 1 | AD10: 1 | AE10: 1 | AF10: =SUM(X10:AE10) -> 5741 | AH10: 1912 | AI10: 1 | AJ10: 1 | AK10: 1912 | AL10: 1912 | AM10: 1 | AN10: 1 | AO10: 1 | AP10: =SUM(AH10:AO10) -> 5741 | AR10: 1912 | AS10: 1 | AT10: 1 | AU10: 1912 | AV10: 1912 | AW10: 1 | AX10: 1 | AY10: 1 | AZ10: =SUM(AR10:AY10) -> 5741 | BB10: 1912 | BC10: 1 | BD10: 1 | BE10: 1912 | BF10: 1912 | BG10: 1 | BH10: 1 | BI10: 1 | BJ10: =SUM(BB10:BI10) -> 5741 | BL10: 1912 | BM10: 1 | BN10: 1 | BO10: 1912 | BP10: 1912 | BQ10: 1 | BR10: 1 | BS10: 1 | BT10: =SUM(BL10:BS10) -> 5741 | BV10: 1912 | BW10: 1 | BX10: 1 | BY10: 1912 | BZ10: 1912 | CA10: 1 | CB10: 1 | CC10: 1 | CD10: =SUM(BV10:CC10) -> 5741 | CF10: 1912 | CG10: 1 | CH10: 1 | CI10: 1912 | CJ10: 1912 | CK10: 1 | CL10: 1 | CM10: 1 | CN10: =SUM(CF10:CM10) -> 5741 | CP10: 1912 | CQ10: 1 | CR10: 1 | CS10: 1912 | CT10: 1912 | CU10: 1 | CV10: 1 | CW10: 1 | CX10: =SUM(CP10:CW10) -> 5741 | CZ10: =CP10/2 -> 956 | DA10: =CQ10/2 -> 0.5 | DB10: =CR10/2 -> 0.5 | DC10: =CS10/2 -> 956 | DD10: =CT10/2 -> 956 | DE10: =CU10/2 -> 0.5 | DF10: =CV10/2 -> 0.5 | DG10: =CW10/2 -> 0.5 | DH10: =SUM(CZ10:DG10) -> 2870.5 | DJ10: =SUM(D10,N10,X10,AH10,AR10,BB10,BL10,BV10,CF10,CP10,CZ10) -> 20076 | DK10: =SUM(E10,O10,Y10,AI10,AS10,BC10,BM10,BW10,CG10,CQ10,DA10) -> 10.5 | DL10: =SUM(F10,P10,Z10,AJ10,AT10,BD10,BN10,BX10,CH10,CR10,DB10) -> 10.5 | DM10: =SUM(G10,Q10,AA10,AK10,AU10,BE10,BO10,BY10,CI10,CS10,DC10) -> 20076 | DN10: =SUM(H10,R10,AB10,AL10,AV10,BF10,BP10,BZ10,CJ10,CT10,DD10) -> 20076 | DO10: =SUM(I10,S10,AC10,AM10,AW10,BG10,BQ10,CA10,CK10,CU10,DE10) -> 10.5 | DP10: =SUM(J10,T10,AD10,AN10,AX10,BH10,BR10,CB10,CL10,CV10,DF10) -> 10.5 | DQ10: =SUM(K10,U10,AE10,AO10,AY10,BI10,BS10,CC10,CM10,CW10,DG10) -> 10.5 | DR10: =SUM(DJ10:DQ10) -> 60280.5
A11: Aircraft Mechanic Helper | B11: Aircraft Mechanic Helper | C11: 23040 | D11: 1 | E11: 1 | F11: 1 | G11: 1 | H11: 1 | I11: 1 | J11: 1 | K11: 1 | L11: =SUM(D11:K11) -> 8 | N11: 1 | O11: 1 | P11: 1 | Q11: 1 | R11: 1 | S11: 1 | T11: 1 | U11: 1 | V11: =SUM(N11:U11) -> 8 | X11: 1 | Y11: 1 | Z11: 1 | AA11: 1 | AB11: 1 | AC11: 1 | AD11: 1 | AE11: 1 | AF11: =SUM(X11:AE11) -> 8 | AH11: 1 | AI11: 1 | AJ11: 1 | AK11: 1 | AL11: 1 | AM11: 1 | AN11: 1 | AO11: 1 | AP11: =SUM(AH11:AO11) -> 8 | AR11: 1 | AS11: 1 | AT11: 1 | AU11: 1 | AV11: 1 | AW11: 1 | AX11: 1 | AY11: 1 | AZ11: =SUM(AR11:AY11) -> 8 | BB11: 1 | BC11: 1 | BD11: 1 | BE11: 1 | BF11: 1 | BG11: 1 | BH11: 1 | BI11: 1 | BJ11: =SUM(BB11:BI11) -> 8 | BL11: 1 | BM11: 1 | BN11: 1 | BO11: 1 | BP11: 1 | BQ11: 1 | BR11: 1 | BS11: 1 | BT11: =SUM(BL11:BS11) -> 8 | BV11: 1 | BW11: 1 | BX11: 1 | BY11: 1 | BZ11: 1 | CA11: 1 | CB11: 1 | CC11: 1 | CD11: =SUM(BV11:CC11) -> 8 | CF11: 1 | CG11: 1 | CH11: 1 | CI11: 1 | CJ11: 1 | CK11: 1 | CL11: 1 | CM11: 1 | CN11: =SUM(CF11:CM11) -> 8 | CP11: 1 | CQ11: 1 | CR11: 1 | CS11: 1 | CT11: 1 | CU11: 1 | CV11: 1 | CW11: 1 | CX11: =SUM(CP11:CW11) -> 8 | CZ11: =CP11/2 -> 0.5 | DA11: =CQ11/2 -> 0.5 | DB11: =CR11/2 -> 0.5 | DC11: =CS11/2 -> 0.5 | DD11: =CT11/2 -> 0.5 | DE11: =CU11/2 -> 0.5 | DF11: =CV11/2 -> 0.5 | DG11: =CW11/2 -> 0.5 | DH11: =SUM(CZ11:DG11) -> 4 | DJ11: =SUM(D11,N11,X11,AH11,AR11,BB11,BL11,BV11,CF11,CP11,CZ11) -> 10.5 | DK11: =SUM(E11,O11,Y11,AI11,AS11,BC11,BM11,BW11,CG11,CQ11,DA11) -> 10.5 | DL11: =SUM(F11,P11,Z11,AJ11,AT11,BD11,BN11,BX11,CH11,CR11,DB11) -> 10.5 | DM11: =SUM(G11,Q11,AA11,AK11,AU11,BE11,BO11,BY11,CI11,CS11,DC11) -> 10.5 | DN11: =SUM(H11,R11,AB11,AL11,AV11,BF11,BP11,BZ11,CJ11,CT11,DD11) -> 10.5 | DO11: =SUM(I11,S11,AC11,AM11,AW11,BG11,BQ11,CA11,CK11,CU11,DE11) -> 10.5 | DP11: =SUM(J11,T11,AD11,AN11,AX11,BH11,BR11,CB11,CL11,CV11,DF11) -> 10.5 | DQ11: =SUM(K11,U11,AE11,AO11,AY11,BI11,BS11,CC11,CM11,CW11,DG11) -> 10.5 | DR11: =SUM(DJ11:DQ11) -> 84
A12: Aircraft Mechanic I | B12: Aircraft Mechanic I | C12: 23021 | D12: 145310 | E12: 57355 | F12: 1907 | G12: 74564 | H12: 80300 | I12: 17195 | J12: 22932 | K12: 22938 | L12: =SUM(D12:K12) -> 422501 | N12: 145310 | O12: 57355 | P12: 1907 | Q12: 74564 | R12: 80300 | S12: 17195 | T12: 22932 | U12: 22938 | V12: =SUM(N12:U12) -> 422501 | X12: 145310 | Y12: 57355 | Z12: 1907 | AA12: 74564 | AB12: 80300 | AC12: 17195 | AD12: 22932 | AE12: 22938 | AF12: =SUM(X12:AE12) -> 422501 | AH12: 145310 | AI12: 57355 | AJ12: 1907 | AK12: 74564 | AL12: 80300 | AM12: 17195 | AN12: 22932 | AO12: 22938 | AP12: =SUM(AH12:AO12) -> 422501 | AR12: 145310 | AS12: 57355 | AT12: 1907 | AU12: 74564 | AV12: 80300 | AW12: 17195 | AX12: 22932 | AY12: 22938 | AZ12: =SUM(AR12:AY12) -> 422501 | BB12: 145310 | BC12: 57355 | BD12: 1907 | BE12: 74564 | BF12: 80300 | BG12: 17195 | BH12: 22932 | BI12: 22938 | BJ12: =SUM(BB12:BI12) -> 422501 | BL12: 145310 | BM12: 57355 | BN12: 1907 | BO12: 74564 | BP12: 80300 | BQ12: 17195 | BR12: 22932 | BS12: 22938 | BT12: =SUM(BL12:BS12) -> 422501 | BV12: 145310 | BW12: 57355 | BX12: 1907 | BY12: 74564 | BZ12: 80300 | CA12: 17195 | CB12: 22932 | CC12: 22938 | CD12: =SUM(BV12:CC12) -> 422501 | CF12: 145310 | CG12: 57355 | CH12: 1907 | CI12: 74564 | CJ12: 80300 | CK12: 17195 | CL12: 22932 | CM12: 22938 | CN12: =SUM(CF12:CM12) -> 422501 | CP12: 145310 | CQ12: 57355 | CR12: 1907 | CS12: 74564 | CT12: 80300 | CU12: 17195 | CV12: 22932 | CW12: 22938 | CX12: =SUM(CP12:CW12) -> 422501 | CZ12: =CP12/2 -> 72655 | DA12: =CQ12/2 -> 28677.5 | DB12: =CR12/2 -> 953.5 | DC12: =CS12/2 -> 37282 | DD12: =CT12/2 -> 40150 | DE12: =CU12/2 -> 8597.5 | DF12: =CV12/2 -> 11466 | DG12: =CW12/2 -> 11469 | DH12: =SUM(CZ12:DG12) -> 211250.5 | DJ12: =SUM(D12,N12,X12,AH12,AR12,BB12,BL12,BV12,CF12,CP12,CZ12) -> 1525755 | DK12: =SUM(E12,O12,Y12,AI12,AS12,BC12,BM12,BW12,CG12,CQ12,DA12) -> 602227.5 | DL12: =SUM(F12,P12,Z12,AJ12,AT12,BD12,BN12,BX12,CH12,CR12,DB12) -> 20023.5 | DM12: =SUM(G12,Q12,AA12,AK12,AU12,BE12,BO12,BY12,CI12,CS12,DC12) -> 782922 | DN12: =SUM(H12,R12,AB12,AL12,AV12,BF12,BP12,BZ12,CJ12,CT12,DD12) -> 843150 | DO12: =SUM(I12,S12,AC12,AM12,AW12,BG12,BQ12,CA12,CK12,CU12,DE12) -> 180547.5 | DP12: =SUM(J12,T12,AD12,AN12,AX12,BH12,BR12,CB12,CL12,CV12,DF12) -> 240786 | DQ12: =SUM(K12,U12,AE12,AO12,AY12,BI12,BS12,CC12,CM12,CW12,DG12) -> 240849 | DR12: =SUM(DJ12:DQ12) -> 4436260.5
A13: Aircraft Mechanic II | B13: Aircraft Mechanic II | C13: 23022 | D13: 86040 | E13: 19120 | F13: 5736 | G13: 5736 | H13: 40152 | I13: 3824 | J13: 1 | K13: 1 | L13: =SUM(D13:K13) -> 160610 | N13: 86040 | O13: 19120 | P13: 5736 | Q13: 5736 | R13: 40152 | S13: 3824 | T13: 1 | U13: 1 | V13: =SUM(N13:U13) -> 160610 | X13: 86040 | Y13: 19120 | Z13: 5736 | AA13: 5736 | AB13: 40152 | AC13: 3824 | AD13: 1 | AE13: 1 | AF13: =SUM(X13:AE13) -> 160610 | AH13: 86040 | AI13: 19120 | AJ13: 5736 | AK13: 5736 | AL13: 40152 | AM13: 3824 | AN13: 1 | AO13: 1 | AP13: =SUM(AH13:AO13) -> 160610 | AR13: 86040 | AS13: 19120 | AT13: 5736 | AU13: 5736 | AV13: 40152 | AW13: 3824 | AX13: 1 | AY13: 1 | AZ13: =SUM(AR13:AY13) -> 160610 | BB13: 86040 | BC13: 19120 | BD13: 5736 | BE13: 5736 | BF13: 40152 | BG13: 3824 | BH13: 1 | BI13: 1 | BJ13: =SUM(BB13:BI13) -> 160610 | BL13: 86040 | BM13: 19120 | BN13: 5736 | BO13: 5736 | BP13: 40152 | BQ13: 3824 | BR13: 1 | BS13: 1 | BT13: =SUM(BL13:BS13) -> 160610 | BV13: 86040 | BW13: 19120 | BX13: 5736 | BY13: 5736 | BZ13: 40152 | CA13: 3824 | CB13: 1 | CC13: 1 | CD13: =SUM(BV13:CC13) -> 160610 | CF13: 86040 | CG13: 19120 | CH13: 5736 | CI13: 5736 | CJ13: 40152 | CK13: 3824 | CL13: 1 | CM13: 1 | CN13: =SUM(CF13:CM13) -> 160610 | CP13: 86040 | CQ13: 19120 | CR13: 5736 | CS13: 5736 | CT13: 40152 | CU13: 3824 | CV13: 1 | CW13: 1 | CX13: =SUM(CP13:CW13) -> 160610 | CZ13: =CP13/2 -> 43020 | DA13: =CQ13/2 -> 9560 | DB13: =CR13/2 -> 2868 | DC13: =CS13/2 -> 2868 | DD13: =CT13/2 -> 20076 | DE13: =CU13/2 -> 1912 | DF13: =CV13/2 -> 0.5 | DG13: =CW13/2 -> 0.5 | DH13: =SUM(CZ13:DG13) -> 80305 | DJ13: =SUM(D13,N13,X13,AH13,AR13,BB13,BL13,BV13,CF13,CP13,CZ13) -> 903420 | DK13: =SUM(E13,O13,Y13,AI13,AS13,BC13,BM13,BW13,CG13,CQ13,DA13) -> 200760 | DL13: =SUM(F13,P13,Z13,AJ13,AT13,BD13,BN13,BX13,CH13,CR13,DB13) -> 60228 | DM13: =SUM(G13,Q13,AA13,AK13,AU13,BE13,BO13,BY13,CI13,CS13,DC13) -> 60228 | DN13: =SUM(H13,R13,AB13,AL13,AV13,BF13,BP13,BZ13,CJ13,CT13,DD13) -> 421596 | DO13: =SUM(I13,S13,AC13,AM13,AW13,BG13,BQ13,CA13,CK13,CU13,DE13) -> 40152 | DP13: =SUM(J13,T13,AD13,AN13,AX13,BH13,BR13,CB13,CL13,CV13,DF13) -> 10.5 | DQ13: =SUM(K13,U13,AE13,AO13,AY13,BI13,BS13,CC13,CM13,CW13,DG13) -> 10.5 | DR13: =SUM(DJ13:DQ13) -> 1686405
A14: Aircraft Mechanic III | B14: Aircraft Mechanic III | C14: 23023 | D14: 38234 | E14: 7641 | F14: 9549 | G14: 3819 | H14: 7644 | I14: 1902 | J14: 1912 | K14: 5725 | L14: =SUM(D14:K14) -> 76426 | N14: 38234 | O14: 7641 | P14: 9549 | Q14: 3819 | R14: 7644 | S14: 1902 | T14: 1912 | U14: 5725 | V14: =SUM(N14:U14) -> 76426 | X14: 38234 | Y14: 7641 | Z14: 9549 | AA14: 3819 | AB14: 7644 | AC14: 1902 | AD14: 1912 | AE14: 5725 | AF14: =SUM(X14:AE14) -> 76426 | AH14: 38234 | AI14: 7641 | AJ14: 9549 | AK14: 3819 | AL14: 7644 | AM14: 1902 | AN14: 1912 | AO14: 5725 | AP14: =SUM(AH14:AO14) -> 76426 | AR14: 38234 | AS14: 7641 | AT14: 9549 | AU14: 3819 | AV14: 7644 | AW14: 1902 | AX14: 1912 | AY14: 5725 | AZ14: =SUM(AR14:AY14) -> 76426 | BB14: 38234 | BC14: 7641 | BD14: 9549 | BE14: 3819 | BF14: 7644 | BG14: 1902 | BH14: 1912 | BI14: 5725 | BJ14: =SUM(BB14:BI14) -> 76426 | BL14: 38234 | BM14: 7641 | BN14: 9549 | BO14: 3819 | BP14: 7644 | BQ14: 1902 | BR14: 1912 | BS14: 5725 | BT14: =SUM(BL14:BS14) -> 76426 | BV14: 38234 | BW14: 7641 | BX14: 9549 | BY14: 3819 | BZ14: 7644 | CA14: 1902 | CB14: 1912 | CC14: 5725 | CD14: =SUM(BV14:CC14) -> 76426 | CF14: 38234 | CG14: 7641 | CH14: 9549 | CI14: 3819 | CJ14: 7644 | CK14: 1902 | CL14: 1912 | CM14: 5725 | CN14: =SUM(CF14:CM14) -> 76426 | CP14: 38234 | CQ14: 7641 | CR14: 9549 | CS14: 3819 | CT14: 7644 | CU14: 1902 | CV14: 1912 | CW14: 5725 | CX14: =SUM(CP14:CW14) -> 76426 | CZ14: =CP14/2 -> 19117 | DA14: =CQ14/2 -> 3820.5 | DB14: =CR14/2 -> 4774.5 | DC14: =CS14/2 -> 1909.5 | DD14: =CT14/2 -> 3822 | DE14: =CU14/2 -> 951 | DF14: =CV14/2 -> 956 | DG14: =CW14/2 -> 2862.5 | DH14: =SUM(CZ14:DG14) -> 38213 | DJ14: =SUM(D14,N14,X14,AH14,AR14,BB14,BL14,BV14,CF14,CP14,CZ14) -> 401457 | DK14: =SUM(E14,O14,Y14,AI14,AS14,BC14,BM14,BW14,CG14,CQ14,DA14) -> 80230.5 | DL14: =SUM(F14,P14,Z14,AJ14,AT14,BD14,BN14,BX14,CH14,CR14,DB14) -> 100264.5 | DM14: =SUM(G14,Q14,AA14,AK14,AU14,BE14,BO14,BY14,CI14,CS14,DC14) -> 40099.5 | DN14: =SUM(H14,R14,AB14,AL14,AV14,BF14,BP14,BZ14,CJ14,CT14,DD14) -> 80262 | DO14: =SUM(I14,S14,AC14,AM14,AW14,BG14,BQ14,CA14,CK14,CU14,DE14) -> 19971 | DP14: =SUM(J14,T14,AD14,AN14,AX14,BH14,BR14,CB14,CL14,CV14,DF14) -> 20076 | DQ14: =SUM(K14,U14,AE14,AO14,AY14,BI14,BS14,CC14,CM14,CW14,DG14) -> 60112.5 | DR14: =SUM(DJ14:DQ14) -> 802473
A15: Aircraft Painter | B15: Aircraft, Painter | C15: 23050 | D15: 17208 | E15: 1912 | F15: 1 | G15: 1912 | H15: 11472 | I15: 1 | J15: 1 | K15: 1 | L15: =SUM(D15:K15) -> 32508 | N15: 17208 | O15: 1912 | P15: 1 | Q15: 1912 | R15: 11472 | S15: 1 | T15: 1 | U15: 1 | V15: =SUM(N15:U15) -> 32508 | X15: 17208 | Y15: 1912 | Z15: 1 | AA15: 1912 | AB15: 11472 | AC15: 1 | AD15: 1 | AE15: 1 | AF15: =SUM(X15:AE15) -> 32508 | AH15: 17208 | AI15: 1912 | AJ15: 1 | AK15: 1912 | AL15: 11472 | AM15: 1 | AN15: 1 | AO15: 1 | AP15: =SUM(AH15:AO15) -> 32508 | AR15: 17208 | AS15: 1912 | AT15: 1 | AU15: 1912 | AV15: 11472 | AW15: 1 | AX15: 1 | AY15: 1 | AZ15: =SUM(AR15:AY15) -> 32508 | BB15: 17208 | BC15: 1912 | BD15: 1 | BE15: 1912 | BF15: 11472 | BG15: 1 | BH15: 1 | BI15: 1 | BJ15: =SUM(BB15:BI15) -> 32508 | BL15: 17208 | BM15: 1912 | BN15: 1 | BO15: 1912 | BP15: 11472 | BQ15: 1 | BR15: 1 | BS15: 1 | BT15: =SUM(BL15:BS15) -> 32508 | BV15: 17208 | BW15: 1912 | BX15: 1 | BY15: 1912 | BZ15: 11472 | CA15: 1 | CB15: 1 | CC15: 1 | CD15: =SUM(BV15:CC15) -> 32508 | CF15: 17208 | CG15: 1912 | CH15: 1 | CI15: 1912 | CJ15: 11472 | CK15: 1 | CL15: 1 | CM15: 1 | CN15: =SUM(CF15:CM15) -> 32508 | CP15: 17208 | CQ15: 1912 | CR15: 1 | CS15: 1912 | CT15: 11472 | CU15: 1 | CV15: 1 | CW15: 1 | CX15: =SUM(CP15:CW15) -> 32508 | CZ15: =CP15/2 -> 8604 | DA15: =CQ15/2 -> 956 | DB15: =CR15/2 -> 0.5 | DC15: =CS15/2 -> 956 | DD15: =CT15/2 -> 5736 | DE15: =CU15/2 -> 0.5 | DF15: =CV15/2 -> 0.5 | DG15: =CW15/2 -> 0.5 | DH15: =SUM(CZ15:DG15) -> 16254 | DJ15: =SUM(D15,N15,X15,AH15,AR15,BB15,BL15,BV15,CF15,CP15,CZ15) -> 180684 | DK15: =SUM(E15,O15,Y15,AI15,AS15,BC15,BM15,BW15,CG15,CQ15,DA15) -> 20076 | DL15: =SUM(F15,P15,Z15,AJ15,AT15,BD15,BN15,BX15,CH15,CR15,DB15) -> 10.5 | DM15: =SUM(G15,Q15,AA15,AK15,AU15,BE15,BO15,BY15,CI15,CS15,DC15) -> 20076 | DN15: =SUM(H15,R15,AB15,AL15,AV15,BF15,BP15,BZ15,CJ15,CT15,DD15) -> 120456 | DO15: =SUM(I15,S15,AC15,AM15,AW15,BG15,BQ15,CA15,CK15,CU15,DE15) -> 10.5 | DP15: =SUM(J15,T15,AD15,AN15,AX15,BH15,BR15,CB15,CL15,CV15,DF15) -> 10.5 | DQ15: =SUM(K15,U15,AE15,AO15,AY15,BI15,BS15,CC15,CM15,CW15,DG15) -> 10.5 | DR15: =SUM(DJ15:DQ15) -> 341334
A16: Aircraft Servicer | B16: Aircraft Servicer | C16: 23060 | D16: 1 | E16: 1 | F16: 1 | G16: 1 | H16: 1 | I16: 1 | J16: 1 | K16: 1 | L16: =SUM(D16:K16) -> 8 | N16: 1 | O16: 1 | P16: 1 | Q16: 1 | R16: 1 | S16: 1 | T16: 1 | U16: 1 | V16: =SUM(N16:U16) -> 8 | X16: 1 | Y16: 1 | Z16: 1 | AA16: 1 | AB16: 1 | AC16: 1 | AD16: 1 | AE16: 1 | AF16: =SUM(X16:AE16) -> 8 | AH16: 1 | AI16: 1 | AJ16: 1 | AK16: 1 | AL16: 1 | AM16: 1 | AN16: 1 | AO16: 1 | AP16: =SUM(AH16:AO16) -> 8 | AR16: 1 | AS16: 1 | AT16: 1 | AU16: 1 | AV16: 1 | AW16: 1 | AX16: 1 | AY16: 1 | AZ16: =SUM(AR16:AY16) -> 8 | BB16: 1 | BC16: 1 | BD16: 1 | BE16: 1 | BF16: 1 | BG16: 1 | BH16: 1 | BI16: 1 | BJ16: =SUM(BB16:BI16) -> 8 | BL16: 1 | BM16: 1 | BN16: 1 | BO16: 1 | BP16: 1 | BQ16: 1 | BR16: 1 | BS16: 1 | BT16: =SUM(BL16:BS16) -> 8 | BV16: 1 | BW16: 1 | BX16: 1 | BY16: 1 | BZ16: 1 | CA16: 1 | CB16: 1 | CC16: 1 | CD16: =SUM(BV16:CC16) -> 8 | CF16: 1 | CG16: 1 | CH16: 1 | CI16: 1 | CJ16: 1 | CK16: 1 | CL16: 1 | CM16: 1 | CN16: =SUM(CF16:CM16) -> 8 | CP16: 1 | CQ16: 1 | CR16: 1 | CS16: 1 | CT16: 1 | CU16: 1 | CV16: 1 | CW16: 1 | CX16: =SUM(CP16:CW16) -> 8 | CZ16: =CP16/2 -> 0.5 | DA16: =CQ16/2 -> 0.5 | DB16: =CR16/2 -> 0.5 | DC16: =CS16/2 -> 0.5 | DD16: =CT16/2 -> 0.5 | DE16: =CU16/2 -> 0.5 | DF16: =CV16/2 -> 0.5 | DG16: =CW16/2 -> 0.5 | DH16: =SUM(CZ16:DG16) -> 4 | DJ16: =SUM(D16,N16,X16,AH16,AR16,BB16,BL16,BV16,CF16,CP16,CZ16) -> 10.5 | DK16: =SUM(E16,O16,Y16,AI16,AS16,BC16,BM16,BW16,CG16,CQ16,DA16) -> 10.5 | DL16: =SUM(F16,P16,Z16,AJ16,AT16,BD16,BN16,BX16,CH16,CR16,DB16) -> 10.5 | DM16: =SUM(G16,Q16,AA16,AK16,AU16,BE16,BO16,BY16,CI16,CS16,DC16) -> 10.5 | DN16: =SUM(H16,R16,AB16,AL16,AV16,BF16,BP16,BZ16,CJ16,CT16,DD16) -> 10.5 | DO16: =SUM(I16,S16,AC16,AM16,AW16,BG16,BQ16,CA16,CK16,CU16,DE16) -> 10.5 | DP16: =SUM(J16,T16,AD16,AN16,AX16,BH16,BR16,CB16,CL16,CV16,DF16) -> 10.5 | DQ16: =SUM(K16,U16,AE16,AO16,AY16,BI16,BS16,CC16,CM16,CW16,DG16) -> 10.5 | DR16: =SUM(DJ16:DQ16) -> 84
A17: Aircraft Technical Inspector | B17: Aircraft Mechanic III | C17: 23023 | D17: 47800 | E17: 1 | F17: 1912 | G17: 11472 | H17: 21032 | I17: 1912 | J17: 1901 | K17: 1912 | L17: =SUM(D17:K17) -> 87942 | N17: 47800 | O17: 1 | P17: 1912 | Q17: 11472 | R17: 21032 | S17: 1912 | T17: 1901 | U17: 1912 | V17: =SUM(N17:U17) -> 87942 | X17: 47800 | Y17: 1 | Z17: 1912 | AA17: 11472 | AB17: 21032 | AC17: 1912 | AD17: 1901 | AE17: 1912 | AF17: =SUM(X17:AE17) -> 87942 | AH17: 47800 | AI17: 1 | AJ17: 1912 | AK17: 11472 | AL17: 21032 | AM17: 1912 | AN17: 1901 | AO17: 1912 | AP17: =SUM(AH17:AO17) -> 87942 | AR17: 47800 | AS17: 1 | AT17: 1912 | AU17: 11472 | AV17: 21032 | AW17: 1912 | AX17: 1901 | AY17: 1912 | AZ17: =SUM(AR17:AY17) -> 87942 | BB17: 47800 | BC17: 1 | BD17: 1912 | BE17: 11472 | BF17: 21032 | BG17: 1912 | BH17: 1901 | BI17: 1912 | BJ17: =SUM(BB17:BI17) -> 87942 | BL17: 47800 | BM17: 1 | BN17: 1912 | BO17: 11472 | BP17: 21032 | BQ17: 1912 | BR17: 1901 | BS17: 1912 | BT17: =SUM(BL17:BS17) -> 87942 | BV17: 47800 | BW17: 1 | BX17: 1912 | BY17: 11472 | BZ17: 21032 | CA17: 1912 | CB17: 1901 | CC17: 1912 | CD17: =SUM(BV17:CC17) -> 87942 | CF17: 47800 | CG17: 1 | CH17: 1912 | CI17: 11472 | CJ17: 21032 | CK17: 1912 | CL17: 1901 | CM17: 1912 | CN17: =SUM(CF17:CM17) -> 87942 | CP17: 47800 | CQ17: 1 | CR17: 1912 | CS17: 11472 | CT17: 21032 | CU17: 1912 | CV17: 1901 | CW17: 1912 | CX17: =SUM(CP17:CW17) -> 87942 | CZ17: =CP17/2 -> 23900 | DA17: =CQ17/2 -> 0.5 | DB17: =CR17/2 -> 956 | DC17: =CS17/2 -> 5736 | DD17: =CT17/2 -> 10516 | DE17: =CU17/2 -> 956 | DF17: =CV17/2 -> 950.5 | DG17: =CW17/2 -> 956 | DH17: =SUM(CZ17:DG17) -> 43971 | DJ17: =SUM(D17,N17,X17,AH17,AR17,BB17,BL17,BV17,CF17,CP17,CZ17) -> 501900 | DK17: =SUM(E17,O17,Y17,AI17,AS17,BC17,BM17,BW17,CG17,CQ17,DA17) -> 10.5 | DL17: =SUM(F17,P17,Z17,AJ17,AT17,BD17,BN17,BX17,CH17,CR17,DB17) -> 20076 | DM17: =SUM(G17,Q17,AA17,AK17,AU17,BE17,BO17,BY17,CI17,CS17,DC17) -> 120456 | DN17: =SUM(H17,R17,AB17,AL17,AV17,BF17,BP17,BZ17,CJ17,CT17,DD17) -> 220836 | DO17: =SUM(I17,S17,AC17,AM17,AW17,BG17,BQ17,CA17,CK17,CU17,DE17) -> 20076 | DP17: =SUM(J17,T17,AD17,AN17,AX17,BH17,BR17,CB17,CL17,CV17,DF17) -> 19960.5 | DQ17: =SUM(K17,U17,AE17,AO17,AY17,BI17,BS17,CC17,CM17,CW17,DG17) -> 20076 | DR17: =SUM(DJ17:DQ17) -> 923391
A18: Aircraft Worker | B18: Ground Support Equipment Mechanic | C18: 23080 | D18: 5736 | E18: 1 | F18: 1 | G18: 1 | H18: 1912 | I18: 1 | J18: 1 | K18: 1 | L18: =SUM(D18:K18) -> 7654 | N18: 5736 | O18: 1 | P18: 1 | Q18: 1 | R18: 1912 | S18: 1 | T18: 1 | U18: 1 | V18: =SUM(N18:U18) -> 7654 | X18: 5736 | Y18: 1 | Z18: 1 | AA18: 1 | AB18: 1912 | AC18: 1 | AD18: 1 | AE18: 1 | AF18: =SUM(X18:AE18) -> 7654 | AH18: 5736 | AI18: 1 | AJ18: 1 | AK18: 1 | AL18: 1912 | AM18: 1 | AN18: 1 | AO18: 1 | AP18: =SUM(AH18:AO18) -> 7654 | AR18: 5736 | AS18: 1 | AT18: 1 | AU18: 1 | AV18: 1912 | AW18: 1 | AX18: 1 | AY18: 1 | AZ18: =SUM(AR18:AY18) -> 7654 | BB18: 5736 | BC18: 1 | BD18: 1 | BE18: 1 | BF18: 1912 | BG18: 1 | BH18: 1 | BI18: 1 | BJ18: =SUM(BB18:BI18) -> 7654 | BL18: 5736 | BM18: 1 | BN18: 1 | BO18: 1 | BP18: 1912 | BQ18: 1 | BR18: 1 | BS18: 1 | BT18: =SUM(BL18:BS18) -> 7654 | BV18: 5736 | BW18: 1 | BX18: 1 | BY18: 1 | BZ18: 1912 | CA18: 1 | CB18: 1 | CC18: 1 | CD18: =SUM(BV18:CC18) -> 7654 | CF18: 5736 | CG18: 1 | CH18: 1 | CI18: 1 | CJ18: 1912 | CK18: 1 | CL18: 1 | CM18: 1 | CN18: =SUM(CF18:CM18) -> 7654 | CP18: 5736 | CQ18: 1 | CR18: 1 | CS18: 1 | CT18: 1912 | CU18: 1 | CV18: 1 | CW18: 1 | CX18: =SUM(CP18:CW18) -> 7654 | CZ18: =CP18/2 -> 2868 | DA18: =CQ18/2 -> 0.5 | DB18: =CR18/2 -> 0.5 | DC18: =CS18/2 -> 0.5 | DD18: =CT18/2 -> 956 | DE18: =CU18/2 -> 0.5 | DF18: =CV18/2 -> 0.5 | DG18: =CW18/2 -> 0.5 | DH18: =SUM(CZ18:DG18) -> 3827 | DJ18: =SUM(D18,N18,X18,AH18,AR18,BB18,BL18,BV18,CF18,CP18,CZ18) -> 60228 | DK18: =SUM(E18,O18,Y18,AI18,AS18,BC18,BM18,BW18,CG18,CQ18,DA18) -> 10.5 | DL18: =SUM(F18,P18,Z18,AJ18,AT18,BD18,BN18,BX18,CH18,CR18,DB18) -> 10.5 | DM18: =SUM(G18,Q18,AA18,AK18,AU18,BE18,BO18,BY18,CI18,CS18,DC18) -> 10.5 | DN18: =SUM(H18,R18,AB18,AL18,AV18,BF18,BP18,BZ18,CJ18,CT18,DD18) -> 20076 | DO18: =SUM(I18,S18,AC18,AM18,AW18,BG18,BQ18,CA18,CK18,CU18,DE18) -> 10.5 | DP18: =SUM(J18,T18,AD18,AN18,AX18,BH18,BR18,CB18,CL18,CV18,DF18) -> 10.5 | DQ18: =SUM(K18,U18,AE18,AO18,AY18,BI18,BS18,CC18,CM18,CW18,DG18) -> 10.5 | DR18: =SUM(DJ18:DQ18) -> 80367
A19: Aviation Life Support Equipment (ALSE) Technical Inspector | B19: Aircraft Mechanic I | C19: 23021 | D19: 1 | E19: 1 | F19: 1 | G19: 1 | H19: 1 | I19: 1 | J19: 1 | K19: 1 | L19: =SUM(D19:K19) -> 8 | N19: 1 | O19: 1 | P19: 1 | Q19: 1 | R19: 1 | S19: 1 | T19: 1 | U19: 1 | V19: =SUM(N19:U19) -> 8 | X19: 1 | Y19: 1 | Z19: 1 | AA19: 1 | AB19: 1 | AC19: 1 | AD19: 1 | AE19: 1 | AF19: =SUM(X19:AE19) -> 8 | AH19: 1 | AI19: 1 | AJ19: 1 | AK19: 1 | AL19: 1 | AM19: 1 | AN19: 1 | AO19: 1 | AP19: =SUM(AH19:AO19) -> 8 | AR19: 1 | AS19: 1 | AT19: 1 | AU19: 1 | AV19: 1 | AW19: 1 | AX19: 1 | AY19: 1 | AZ19: =SUM(AR19:AY19) -> 8 | BB19: 1 | BC19: 1 | BD19: 1 | BE19: 1 | BF19: 1 | BG19: 1 | BH19: 1 | BI19: 1 | BJ19: =SUM(BB19:BI19) -> 8 | BL19: 1 | BM19: 1 | BN19: 1 | BO19: 1 | BP19: 1 | BQ19: 1 | BR19: 1 | BS19: 1 | BT19: =SUM(BL19:BS19) -> 8 | BV19: 1 | BW19: 1 | BX19: 1 | BY19: 1 | BZ19: 1 | CA19: 1 | CB19: 1 | CC19: 1 | CD19: =SUM(BV19:CC19) -> 8 | CF19: 1 | CG19: 1 | CH19: 1 | CI19: 1 | CJ19: 1 | CK19: 1 | CL19: 1 | CM19: 1 | CN19: =SUM(CF19:CM19) -> 8 | CP19: 1 | CQ19: 1 | CR19: 1 | CS19: 1 | CT19: 1 | CU19: 1 | CV19: 1 | CW19: 1 | CX19: =SUM(CP19:CW19) -> 8 | CZ19: =CP19/2 -> 0.5 | DA19: =CQ19/2 -> 0.5 | DB19: =CR19/2 -> 0.5 | DC19: =CS19/2 -> 0.5 | DD19: =CT19/2 -> 0.5 | DE19: =CU19/2 -> 0.5 | DF19: =CV19/2 -> 0.5 | DG19: =CW19/2 -> 0.5 | DH19: =SUM(CZ19:DG19) -> 4 | DJ19: =SUM(D19,N19,X19,AH19,AR19,BB19,BL19,BV19,CF19,CP19,CZ19) -> 10.5 | DK19: =SUM(E19,O19,Y19,AI19,AS19,BC19,BM19,BW19,CG19,CQ19,DA19) -> 10.5 | DL19: =SUM(F19,P19,Z19,AJ19,AT19,BD19,BN19,BX19,CH19,CR19,DB19) -> 10.5 | DM19: =SUM(G19,Q19,AA19,AK19,AU19,BE19,BO19,BY19,CI19,CS19,DC19) -> 10.5 | DN19: =SUM(H19,R19,AB19,AL19,AV19,BF19,BP19,BZ19,CJ19,CT19,DD19) -> 10.5 | DO19: =SUM(I19,S19,AC19,AM19,AW19,BG19,BQ19,CA19,CK19,CU19,DE19) -> 10.5 | DP19: =SUM(J19,T19,AD19,AN19,AX19,BH19,BR19,CB19,CL19,CV19,DF19) -> 10.5 | DQ19: =SUM(K19,U19,AE19,AO19,AY19,BI19,BS19,CC19,CM19,CW19,DG19) -> 10.5 | DR19: =SUM(DJ19:DQ19) -> 84
A20: Aviation Life Support Equipment (ALSE) Technician | B20: Aircraft Mechanic I | C20: 23021 | D20: 1 | E20: 1 | F20: 1 | G20: 1 | H20: 1 | I20: 1 | J20: 1 | K20: 1 | L20: =SUM(D20:K20) -> 8 | N20: 1 | O20: 1 | P20: 1 | Q20: 1 | R20: 1 | S20: 1 | T20: 1 | U20: 1 | V20: =SUM(N20:U20) -> 8 | X20: 1 | Y20: 1 | Z20: 1 | AA20: 1 | AB20: 1 | AC20: 1 | AD20: 1 | AE20: 1 | AF20: =SUM(X20:AE20) -> 8 | AH20: 1 | AI20: 1 | AJ20: 1 | AK20: 1 | AL20: 1 | AM20: 1 | AN20: 1 | AO20: 1 | AP20: =SUM(AH20:AO20) -> 8 | AR20: 1 | AS20: 1 | AT20: 1 | AU20: 1 | AV20: 1 | AW20: 1 | AX20: 1 | AY20: 1 | AZ20: =SUM(AR20:AY20) -> 8 | BB20: 1 | BC20: 1 | BD20: 1 | BE20: 1 | BF20: 1 | BG20: 1 | BH20: 1 | BI20: 1 | BJ20: =SUM(BB20:BI20) -> 8 | BL20: 1 | BM20: 1 | BN20: 1 | BO20: 1 | BP20: 1 | BQ20: 1 | BR20: 1 | BS20: 1 | BT20: =SUM(BL20:BS20) -> 8 | BV20: 1 | BW20: 1 | BX20: 1 | BY20: 1 | BZ20: 1 | CA20: 1 | CB20: 1 | CC20: 1 | CD20: =SUM(BV20:CC20) -> 8 | CF20: 1 | CG20: 1 | CH20: 1 | CI20: 1 | CJ20: 1 | CK20: 1 | CL20: 1 | CM20: 1 | CN20: =SUM(CF20:CM20) -> 8 | CP20: 1 | CQ20: 1 | CR20: 1 | CS20: 1 | CT20: 1 | CU20: 1 | CV20: 1 | CW20: 1 | CX20: =SUM(CP20:CW20) -> 8 | CZ20: =CP20/2 -> 0.5 | DA20: =CQ20/2 -> 0.5 | DB20: =CR20/2 -> 0.5 | DC20: =CS20/2 -> 0.5 | DD20: =CT20/2 -> 0.5 | DE20: =CU20/2 -> 0.5 | DF20: =CV20/2 -> 0.5 | DG20: =CW20/2 -> 0.5 | DH20: =SUM(CZ20:DG20) -> 4 | DJ20: =SUM(D20,N20,X20,AH20,AR20,BB20,BL20,BV20,CF20,CP20,CZ20) -> 10.5 | DK20: =SUM(E20,O20,Y20,AI20,AS20,BC20,BM20,BW20,CG20,CQ20,DA20) -> 10.5 | DL20: =SUM(F20,P20,Z20,AJ20,AT20,BD20,BN20,BX20,CH20,CR20,DB20) -> 10.5 | DM20: =SUM(G20,Q20,AA20,AK20,AU20,BE20,BO20,BY20,CI20,CS20,DC20) -> 10.5 | DN20: =SUM(H20,R20,AB20,AL20,AV20,BF20,BP20,BZ20,CJ20,CT20,DD20) -> 10.5 | DO20: =SUM(I20,S20,AC20,AM20,AW20,BG20,BQ20,CA20,CK20,CU20,DE20) -> 10.5 | DP20: =SUM(J20,T20,AD20,AN20,AX20,BH20,BR20,CB20,CL20,CV20,DF20) -> 10.5 | DQ20: =SUM(K20,U20,AE20,AO20,AY20,BI20,BS20,CC20,CM20,CW20,DG20) -> 10.5 | DR20: =SUM(DJ20:DQ20) -> 84
A21: Ground Inspector | B21: Ground Support Equipment Mechanic | C21: 23380 | D21: 1 | E21: 1 | F21: 1 | G21: 1 | H21: 1 | I21: 1 | J21: 1 | K21: 1 | L21: =SUM(D21:K21) -> 8 | N21: 1 | O21: 1 | P21: 1 | Q21: 1 | R21: 1 | S21: 1 | T21: 1 | U21: 1 | V21: =SUM(N21:U21) -> 8 | X21: 1 | Y21: 1 | Z21: 1 | AA21: 1 | AB21: 1 | AC21: 1 | AD21: 1 | AE21: 1 | AF21: =SUM(X21:AE21) -> 8 | AH21: 1 | AI21: 1 | AJ21: 1 | AK21: 1 | AL21: 1 | AM21: 1 | AN21: 1 | AO21: 1 | AP21: =SUM(AH21:AO21) -> 8 | AR21: 1 | AS21: 1 | AT21: 1 | AU21: 1 | AV21: 1 | AW21: 1 | AX21: 1 | AY21: 1 | AZ21: =SUM(AR21:AY21) -> 8 | BB21: 1 | BC21: 1 | BD21: 1 | BE21: 1 | BF21: 1 | BG21: 1 | BH21: 1 | BI21: 1 | BJ21: =SUM(BB21:BI21) -> 8 | BL21: 1 | BM21: 1 | BN21: 1 | BO21: 1 | BP21: 1 | BQ21: 1 | BR21: 1 | BS21: 1 | BT21: =SUM(BL21:BS21) -> 8 | BV21: 1 | BW21: 1 | BX21: 1 | BY21: 1 | BZ21: 1 | CA21: 1 | CB21: 1 | CC21: 1 | CD21: =SUM(BV21:CC21) -> 8 | CF21: 1 | CG21: 1 | CH21: 1 | CI21: 1 | CJ21: 1 | CK21: 1 | CL21: 1 | CM21: 1 | CN21: =SUM(CF21:CM21) -> 8 | CP21: 1 | CQ21: 1 | CR21: 1 | CS21: 1 | CT21: 1 | CU21: 1 | CV21: 1 | CW21: 1 | CX21: =SUM(CP21:CW21) -> 8 | CZ21: =CP21/2 -> 0.5 | DA21: =CQ21/2 -> 0.5 | DB21: =CR21/2 -> 0.5 | DC21: =CS21/2 -> 0.5 | DD21: =CT21/2 -> 0.5 | DE21: =CU21/2 -> 0.5 | DF21: =CV21/2 -> 0.5 | DG21: =CW21/2 -> 0.5 | DH21: =SUM(CZ21:DG21) -> 4 | DJ21: =SUM(D21,N21,X21,AH21,AR21,BB21,BL21,BV21,CF21,CP21,CZ21) -> 10.5 | DK21: =SUM(E21,O21,Y21,AI21,AS21,BC21,BM21,BW21,CG21,CQ21,DA21) -> 10.5 | DL21: =SUM(F21,P21,Z21,AJ21,AT21,BD21,BN21,BX21,CH21,CR21,DB21) -> 10.5 | DM21: =SUM(G21,Q21,AA21,AK21,AU21,BE21,BO21,BY21,CI21,CS21,DC21) -> 10.5 | DN21: =SUM(H21,R21,AB21,AL21,AV21,BF21,BP21,BZ21,CJ21,CT21,DD21) -> 10.5 | DO21: =SUM(I21,S21,AC21,AM21,AW21,BG21,BQ21,CA21,CK21,CU21,DE21) -> 10.5 | DP21: =SUM(J21,T21,AD21,AN21,AX21,BH21,BR21,CB21,CL21,CV21,DF21) -> 10.5 | DQ21: =SUM(K21,U21,AE21,AO21,AY21,BI21,BS21,CC21,CM21,CW21,DG21) -> 10.5 | DR21: =SUM(DJ21:DQ21) -> 84
A22: Ground Support Equipment (GSE) Mechanic | B22: Ground Support Equipment Mechanic | C22: 23380 | D22: 11472 | E22: 3824 | F22: 1 | G22: 11472 | H22: 3824 | I22: 1 | J22: 1 | K22: 1 | L22: =SUM(D22:K22) -> 30596 | N22: 11472 | O22: 3824 | P22: 1 | Q22: 11472 | R22: 3824 | S22: 1 | T22: 1 | U22: 1 | V22: =SUM(N22:U22) -> 30596 | X22: 11472 | Y22: 3824 | Z22: 1 | AA22: 11472 | AB22: 3824 | AC22: 1 | AD22: 1 | AE22: 1 | AF22: =SUM(X22:AE22) -> 30596 | AH22: 11472 | AI22: 3824 | AJ22: 1 | AK22: 11472 | AL22: 3824 | AM22: 1 | AN22: 1 | AO22: 1 | AP22: =SUM(AH22:AO22) -> 30596 | AR22: 11472 | AS22: 3824 | AT22: 1 | AU22: 11472 | AV22: 3824 | AW22: 1 | AX22: 1 | AY22: 1 | AZ22: =SUM(AR22:AY22) -> 30596 | BB22: 11472 | BC22: 3824 | BD22: 1 | BE22: 11472 | BF22: 3824 | BG22: 1 | BH22: 1 | BI22: 1 | BJ22: =SUM(BB22:BI22) -> 30596 | BL22: 11472 | BM22: 3824 | BN22: 1 | BO22: 11472 | BP22: 3824 | BQ22: 1 | BR22: 1 | BS22: 1 | BT22: =SUM(BL22:BS22) -> 30596 | BV22: 11472 | BW22: 3824 | BX22: 1 | BY22: 11472 | BZ22: 3824 | CA22: 1 | CB22: 1 | CC22: 1 | CD22: =SUM(BV22:CC22) -> 30596 | CF22: 11472 | CG22: 3824 | CH22: 1 | CI22: 11472 | CJ22: 3824 | CK22: 1 | CL22: 1 | CM22: 1 | CN22: =SUM(CF22:CM22) -> 30596 | CP22: 11472 | CQ22: 3824 | CR22: 1 | CS22: 11472 | CT22: 3824 | CU22: 1 | CV22: 1 | CW22: 1 | CX22: =SUM(CP22:CW22) -> 30596 | CZ22: =CP22/2 -> 5736 | DA22: =CQ22/2 -> 1912 | DB22: =CR22/2 -> 0.5 | DC22: =CS22/2 -> 5736 | DD22: =CT22/2 -> 1912 | DE22: =CU22/2 -> 0.5 | DF22: =CV22/2 -> 0.5 | DG22: =CW22/2 -> 0.5 | DH22: =SUM(CZ22:DG22) -> 15298 | DJ22: =SUM(D22,N22,X22,AH22,AR22,BB22,BL22,BV22,CF22,CP22,CZ22) -> 120456 | DK22: =SUM(E22,O22,Y22,AI22,AS22,BC22,BM22,BW22,CG22,CQ22,DA22) -> 40152 | DL22: =SUM(F22,P22,Z22,AJ22,AT22,BD22,BN22,BX22,CH22,CR22,DB22) -> 10.5 | DM22: =SUM(G22,Q22,AA22,AK22,AU22,BE22,BO22,BY22,CI22,CS22,DC22) -> 120456 | DN22: =SUM(H22,R22,AB22,AL22,AV22,BF22,BP22,BZ22,CJ22,CT22,DD22) -> 40152 | DO22: =SUM(I22,S22,AC22,AM22,AW22,BG22,BQ22,CA22,CK22,CU22,DE22) -> 10.5 | DP22: =SUM(J22,T22,AD22,AN22,AX22,BH22,BR22,CB22,CL22,CV22,DF22) -> 10.5 | DQ22: =SUM(K22,U22,AE22,AO22,AY22,BI22,BS22,CC22,CM22,CW22,DG22) -> 10.5 | DR22: =SUM(DJ22:DQ22) -> 321258
A23: Maintenance Test Pilot | D23: 7648 | E23: 1912 | F23: 1 | G23: 1912 | H23: 3824 | I23: 1 | J23: 1 | K23: 1 | L23: =SUM(D23:K23) -> 15300 | N23: 7648 | O23: 1912 | P23: 1 | Q23: 1912 | R23: 3824 | S23: 1 | T23: 1 | U23: 1 | V23: =SUM(N23:U23) -> 15300 | X23: 7648 | Y23: 1912 | Z23: 1 | AA23: 1912 | AB23: 3824 | AC23: 1 | AD23: 1 | AE23: 1 | AF23: =SUM(X23:AE23) -> 15300 | AH23: 7648 | AI23: 1912 | AJ23: 1 | AK23: 1912 | AL23: 3824 | AM23: 1 | AN23: 1 | AO23: 1 | AP23: =SUM(AH23:AO23) -> 15300 | AR23: 7648 | AS23: 1912 | AT23: 1 | AU23: 1912 | AV23: 3824 | AW23: 1 | AX23: 1 | AY23: 1 | AZ23: =SUM(AR23:AY23) -> 15300 | BB23: 7648 | BC23: 1912 | BD23: 1 | BE23: 1912 | BF23: 3824 | BG23: 1 | BH23: 1 | BI23: 1 | BJ23: =SUM(BB23:BI23) -> 15300 | BL23: 7648 | BM23: 1912 | BN23: 1 | BO23: 1912 | BP23: 3824 | BQ23: 1 | BR23: 1 | BS23: 1 | BT23: =SUM(BL23:BS23) -> 15300 | BV23: 7648 | BW23: 1912 | BX23: 1 | BY23: 1912 | BZ23: 3824 | CA23: 1 | CB23: 1 | CC23: 1 | CD23: =SUM(BV23:CC23) -> 15300 | CF23: 7648 | CG23: 1912 | CH23: 1 | CI23: 1912 | CJ23: 3824 | CK23: 1 | CL23: 1 | CM23: 1 | CN23: =SUM(CF23:CM23) -> 15300 | CP23: 7648 | CQ23: 1912 | CR23: 1 | CS23: 1912 | CT23: 3824 | CU23: 1 | CV23: 1 | CW23: 1 | CX23: =SUM(CP23:CW23) -> 15300 | CZ23: =CP23/2 -> 3824 | DA23: =CQ23/2 -> 956 | DB23: =CR23/2 -> 0.5 | DC23: =CS23/2 -> 956 | DD23: =CT23/2 -> 1912 | DE23: =CU23/2 -> 0.5 | DF23: =CV23/2 -> 0.5 | DG23: =CW23/2 -> 0.5 | DH23: =SUM(CZ23:DG23) -> 7650 | DJ23: =SUM(D23,N23,X23,AH23,AR23,BB23,BL23,BV23,CF23,CP23,CZ23) -> 80304 | DK23: =SUM(E23,O23,Y23,AI23,AS23,BC23,BM23,BW23,CG23,CQ23,DA23) -> 20076 | DL23: =SUM(F23,P23,Z23,AJ23,AT23,BD23,BN23,BX23,CH23,CR23,DB23) -> 10.5 | DM23: =SUM(G23,Q23,AA23,AK23,AU23,BE23,BO23,BY23,CI23,CS23,DC23) -> 20076 | DN23: =SUM(H23,R23,AB23,AL23,AV23,BF23,BP23,BZ23,CJ23,CT23,DD23) -> 40152 | DO23: =SUM(I23,S23,AC23,AM23,AW23,BG23,BQ23,CA23,CK23,CU23,DE23) -> 10.5 | DP23: =SUM(J23,T23,AD23,AN23,AX23,BH23,BR23,CB23,CL23,CV23,DF23) -> 10.5 | DQ23: =SUM(K23,U23,AE23,AO23,AY23,BI23,BS23,CC23,CM23,CW23,DG23) -> 10.5 | DR23: =SUM(DJ23:DQ23) -> 160650
A24: Material Coordinator | B24: Material Coordinator | C24: 21030 | D24: 15296 | E24: 11472 | F24: 1 | G24: 1 | H24: 1 | I24: 1 | J24: 1 | K24: 1 | L24: =SUM(D24:K24) -> 26774 | N24: 15296 | O24: 11472 | P24: 1 | Q24: 1 | R24: 1 | S24: 1 | T24: 1 | U24: 1 | V24: =SUM(N24:U24) -> 26774 | X24: 15296 | Y24: 11472 | Z24: 1 | AA24: 1 | AB24: 1 | AC24: 1 | AD24: 1 | AE24: 1 | AF24: =SUM(X24:AE24) -> 26774 | AH24: 15296 | AI24: 11472 | AJ24: 1 | AK24: 1 | AL24: 1 | AM24: 1 | AN24: 1 | AO24: 1 | AP24: =SUM(AH24:AO24) -> 26774 | AR24: 15296 | AS24: 11472 | AT24: 1 | AU24: 1 | AV24: 1 | AW24: 1 | AX24: 1 | AY24: 1 | AZ24: =SUM(AR24:AY24) -> 26774 | BB24: 15296 | BC24: 11472 | BD24: 1 | BE24: 1 | BF24: 1 | BG24: 1 | BH24: 1 | BI24: 1 | BJ24: =SUM(BB24:BI24) -> 26774 | BL24: 15296 | BM24: 11472 | BN24: 1 | BO24: 1 | BP24: 1 | BQ24: 1 | BR24: 1 | BS24: 1 | BT24: =SUM(BL24:BS24) -> 26774 | BV24: 15296 | BW24: 11472 | BX24: 1 | BY24: 1 | BZ24: 1 | CA24: 1 | CB24: 1 | CC24: 1 | CD24: =SUM(BV24:CC24) -> 26774 | CF24: 15296 | CG24: 11472 | CH24: 1 | CI24: 1 | CJ24: 1 | CK24: 1 | CL24: 1 | CM24: 1 | CN24: =SUM(CF24:CM24) -> 26774 | CP24: 15296 | CQ24: 11472 | CR24: 1 | CS24: 1 | CT24: 1 | CU24: 1 | CV24: 1 | CW24: 1 | CX24: =SUM(CP24:CW24) -> 26774 | CZ24: =CP24/2 -> 7648 | DA24: =CQ24/2 -> 5736 | DB24: =CR24/2 -> 0.5 | DC24: =CS24/2 -> 0.5 | DD24: =CT24/2 -> 0.5 | DE24: =CU24/2 -> 0.5 | DF24: =CV24/2 -> 0.5 | DG24: =CW24/2 -> 0.5 | DH24: =SUM(CZ24:DG24) -> 13387 | DJ24: =SUM(D24,N24,X24,AH24,AR24,BB24,BL24,BV24,CF24,CP24,CZ24) -> 160608 | DK24: =SUM(E24,O24,Y24,AI24,AS24,BC24,BM24,BW24,CG24,CQ24,DA24) -> 120456 | DL24: =SUM(F24,P24,Z24,AJ24,AT24,BD24,BN24,BX24,CH24,CR24,DB24) -> 10.5 | DM24: =SUM(G24,Q24,AA24,AK24,AU24,BE24,BO24,BY24,CI24,CS24,DC24) -> 10.5 | DN24: =SUM(H24,R24,AB24,AL24,AV24,BF24,BP24,BZ24,CJ24,CT24,DD24) -> 10.5 | DO24: =SUM(I24,S24,AC24,AM24,AW24,BG24,BQ24,CA24,CK24,CU24,DE24) -> 10.5 | DP24: =SUM(J24,T24,AD24,AN24,AX24,BH24,BR24,CB24,CL24,CV24,DF24) -> 10.5 | DQ24: =SUM(K24,U24,AE24,AO24,AY24,BI24,BS24,CC24,CM24,CW24,DG24) -> 10.5 | DR24: =SUM(DJ24:DQ24) -> 281127
A25: Non-Destructive Inspection Tech (NDI) II | B25: Non-Destructive Inspection (NDI) Technician II | C25: 92000 | D25: 1912 | E25: 1 | F25: 1 | G25: 1912 | H25: 1 | I25: 1 | J25: 1 | K25: 1 | L25: =SUM(D25:K25) -> 3830 | N25: 1912 | O25: 1 | P25: 1 | Q25: 1912 | R25: 1 | S25: 1 | T25: 1 | U25: 1 | V25: =SUM(N25:U25) -> 3830 | X25: 1912 | Y25: 1 | Z25: 1 | AA25: 1912 | AB25: 1 | AC25: 1 | AD25: 1 | AE25: 1 | AF25: =SUM(X25:AE25) -> 3830 | AH25: 1912 | AI25: 1 | AJ25: 1 | AK25: 1912 | AL25: 1 | AM25: 1 | AN25: 1 | AO25: 1 | AP25: =SUM(AH25:AO25) -> 3830 | AR25: 1912 | AS25: 1 | AT25: 1 | AU25: 1912 | AV25: 1 | AW25: 1 | AX25: 1 | AY25: 1 | AZ25: =SUM(AR25:AY25) -> 3830 | BB25: 1912 | BC25: 1 | BD25: 1 | BE25: 1912 | BF25: 1 | BG25: 1 | BH25: 1 | BI25: 1 | BJ25: =SUM(BB25:BI25) -> 3830 | BL25: 1912 | BM25: 1 | BN25: 1 | BO25: 1912 | BP25: 1 | BQ25: 1 | BR25: 1 | BS25: 1 | BT25: =SUM(BL25:BS25) -> 3830 | BV25: 1912 | BW25: 1 | BX25: 1 | BY25: 1912 | BZ25: 1 | CA25: 1 | CB25: 1 | CC25: 1 | CD25: =SUM(BV25:CC25) -> 3830 | CF25: 1912 | CG25: 1 | CH25: 1 | CI25: 1912 | CJ25: 1 | CK25: 1 | CL25: 1 | CM25: 1 | CN25: =SUM(CF25:CM25) -> 3830 | CP25: 1912 | CQ25: 1 | CR25: 1 | CS25: 1912 | CT25: 1 | CU25: 1 | CV25: 1 | CW25: 1 | CX25: =SUM(CP25:CW25) -> 3830 | CZ25: =CP25/2 -> 956 | DA25: =CQ25/2 -> 0.5 | DB25: =CR25/2 -> 0.5 | DC25: =CS25/2 -> 956 | DD25: =CT25/2 -> 0.5 | DE25: =CU25/2 -> 0.5 | DF25: =CV25/2 -> 0.5 | DG25: =CW25/2 -> 0.5 | DH25: =SUM(CZ25:DG25) -> 1915 | DJ25: =SUM(D25,N25,X25,AH25,AR25,BB25,BL25,BV25,CF25,CP25,CZ25) -> 20076 | DK25: =SUM(E25,O25,Y25,AI25,AS25,BC25,BM25,BW25,CG25,CQ25,DA25) -> 10.5 | DL25: =SUM(F25,P25,Z25,AJ25,AT25,BD25,BN25,BX25,CH25,CR25,DB25) -> 10.5 | DM25: =SUM(G25,Q25,AA25,AK25,AU25,BE25,BO25,BY25,CI25,CS25,DC25) -> 20076 | DN25: =SUM(H25,R25,AB25,AL25,AV25,BF25,BP25,BZ25,CJ25,CT25,DD25) -> 10.5 | DO25: =SUM(I25,S25,AC25,AM25,AW25,BG25,BQ25,CA25,CK25,CU25,DE25) -> 10.5 | DP25: =SUM(J25,T25,AD25,AN25,AX25,BH25,BR25,CB25,CL25,CV25,DF25) -> 10.5 | DQ25: =SUM(K25,U25,AE25,AO25,AY25,BI25,BS25,CC25,CM25,CW25,DG25) -> 10.5 | DR25: =SUM(DJ25:DQ25) -> 40215
A26: Non-Destructive Inspection Tech (NDI) III | B26: Non-Destructive Inspection (NDI) Technician III | C26: 92000 | D26: 1912 | E26: 1 | F26: 1 | G26: 1 | H26: 1912 | I26: 1 | J26: 1 | K26: 1 | L26: =SUM(D26:K26) -> 3830 | N26: 1912 | O26: 1 | P26: 1 | Q26: 1 | R26: 1912 | S26: 1 | T26: 1 | U26: 1 | V26: =SUM(N26:U26) -> 3830 | X26: 1912 | Y26: 1 | Z26: 1 | AA26: 1 | AB26: 1912 | AC26: 1 | AD26: 1 | AE26: 1 | AF26: =SUM(X26:AE26) -> 3830 | AH26: 1912 | AI26: 1 | AJ26: 1 | AK26: 1 | AL26: 1912 | AM26: 1 | AN26: 1 | AO26: 1 | AP26: =SUM(AH26:AO26) -> 3830 | AR26: 1912 | AS26: 1 | AT26: 1 | AU26: 1 | AV26: 1912 | AW26: 1 | AX26: 1 | AY26: 1 | AZ26: =SUM(AR26:AY26) -> 3830 | BB26: 1912 | BC26: 1 | BD26: 1 | BE26: 1 | BF26: 1912 | BG26: 1 | BH26: 1 | BI26: 1 | BJ26: =SUM(BB26:BI26) -> 3830 | BL26: 1912 | BM26: 1 | BN26: 1 | BO26: 1 | BP26: 1912 | BQ26: 1 | BR26: 1 | BS26: 1 | BT26: =SUM(BL26:BS26) -> 3830 | BV26: 1912 | BW26: 1 | BX26: 1 | BY26: 1 | BZ26: 1912 | CA26: 1 | CB26: 1 | CC26: 1 | CD26: =SUM(BV26:CC26) -> 3830 | CF26: 1912 | CG26: 1 | CH26: 1 | CI26: 1 | CJ26: 1912 | CK26: 1 | CL26: 1 | CM26: 1 | CN26: =SUM(CF26:CM26) -> 3830 | CP26: 1912 | CQ26: 1 | CR26: 1 | CS26: 1 | CT26: 1912 | CU26: 1 | CV26: 1 | CW26: 1 | CX26: =SUM(CP26:CW26) -> 3830 | CZ26: =CP26/2 -> 956 | DA26: =CQ26/2 -> 0.5 | DB26: =CR26/2 -> 0.5 | DC26: =CS26/2 -> 0.5 | DD26: =CT26/2 -> 956 | DE26: =CU26/2 -> 0.5 | DF26: =CV26/2 -> 0.5 | DG26: =CW26/2 -> 0.5 | DH26: =SUM(CZ26:DG26) -> 1915 | DJ26: =SUM(D26,N26,X26,AH26,AR26,BB26,BL26,BV26,CF26,CP26,CZ26) -> 20076 | DK26: =SUM(E26,O26,Y26,AI26,AS26,BC26,BM26,BW26,CG26,CQ26,DA26) -> 10.5 | DL26: =SUM(F26,P26,Z26,AJ26,AT26,BD26,BN26,BX26,CH26,CR26,DB26) -> 10.5 | DM26: =SUM(G26,Q26,AA26,AK26,AU26,BE26,BO26,BY26,CI26,CS26,DC26) -> 10.5 | DN26: =SUM(H26,R26,AB26,AL26,AV26,BF26,BP26,BZ26,CJ26,CT26,DD26) -> 20076 | DO26: =SUM(I26,S26,AC26,AM26,AW26,BG26,BQ26,CA26,CK26,CU26,DE26) -> 10.5 | DP26: =SUM(J26,T26,AD26,AN26,AX26,BH26,BR26,CB26,CL26,CV26,DF26) -> 10.5 | DQ26: =SUM(K26,U26,AE26,AO26,AY26,BI26,BS26,CC26,CM26,CW26,DG26) -> 10.5 | DR26: =SUM(DJ26:DQ26) -> 40215
A27: Pilot | D27: 1 | E27: 1 | F27: 1 | G27: 1 | H27: 1 | I27: 1 | J27: 1 | K27: 1 | L27: =SUM(D27:K27) -> 8 | N27: 1 | O27: 1 | P27: 1 | Q27: 1 | R27: 1 | S27: 1 | T27: 1 | U27: 1 | V27: =SUM(N27:U27) -> 8 | X27: 1 | Y27: 1 | Z27: 1 | AA27: 1 | AB27: 1 | AC27: 1 | AD27: 1 | AE27: 1 | AF27: =SUM(X27:AE27) -> 8 | AH27: 1 | AI27: 1 | AJ27: 1 | AK27: 1 | AL27: 1 | AM27: 1 | AN27: 1 | AO27: 1 | AP27: =SUM(AH27:AO27) -> 8 | AR27: 1 | AS27: 1 | AT27: 1 | AU27: 1 | AV27: 1 | AW27: 1 | AX27: 1 | AY27: 1 | AZ27: =SUM(AR27:AY27) -> 8 | BB27: 1 | BC27: 1 | BD27: 1 | BE27: 1 | BF27: 1 | BG27: 1 | BH27: 1 | BI27: 1 | BJ27: =SUM(BB27:BI27) -> 8 | BL27: 1 | BM27: 1 | BN27: 1 | BO27: 1 | BP27: 1 | BQ27: 1 | BR27: 1 | BS27: 1 | BT27: =SUM(BL27:BS27) -> 8 | BV27: 1 | BW27: 1 | BX27: 1 | BY27: 1 | BZ27: 1 | CA27: 1 | CB27: 1 | CC27: 1 | CD27: =SUM(BV27:CC27) -> 8 | CF27: 1 | CG27: 1 | CH27: 1 | CI27: 1 | CJ27: 1 | CK27: 1 | CL27: 1 | CM27: 1 | CN27: =SUM(CF27:CM27) -> 8 | CP27: 1 | CQ27: 1 | CR27: 1 | CS27: 1 | CT27: 1 | CU27: 1 | CV27: 1 | CW27: 1 | CX27: =SUM(CP27:CW27) -> 8 | CZ27: =CP27/2 -> 0.5 | DA27: =CQ27/2 -> 0.5 | DB27: =CR27/2 -> 0.5 | DC27: =CS27/2 -> 0.5 | DD27: =CT27/2 -> 0.5 | DE27: =CU27/2 -> 0.5 | DF27: =CV27/2 -> 0.5 | DG27: =CW27/2 -> 0.5 | DH27: =SUM(CZ27:DG27) -> 4 | DJ27: =SUM(D27,N27,X27,AH27,AR27,BB27,BL27,BV27,CF27,CP27,CZ27) -> 10.5 | DK27: =SUM(E27,O27,Y27,AI27,AS27,BC27,BM27,BW27,CG27,CQ27,DA27) -> 10.5 | DL27: =SUM(F27,P27,Z27,AJ27,AT27,BD27,BN27,BX27,CH27,CR27,DB27) -> 10.5 | DM27: =SUM(G27,Q27,AA27,AK27,AU27,BE27,BO27,BY27,CI27,CS27,DC27) -> 10.5 | DN27: =SUM(H27,R27,AB27,AL27,AV27,BF27,BP27,BZ27,CJ27,CT27,DD27) -> 10.5 | DO27: =SUM(I27,S27,AC27,AM27,AW27,BG27,BQ27,CA27,CK27,CU27,DE27) -> 10.5 | DP27: =SUM(J27,T27,AD27,AN27,AX27,BH27,BR27,CB27,CL27,CV27,DF27) -> 10.5 | DQ27: =SUM(K27,U27,AE27,AO27,AY27,BI27,BS27,CC27,CM27,CW27,DG27) -> 10.5 | DR27: =SUM(DJ27:DQ27) -> 84
A28: Production Control Clerk | B28: Production Control Clerk | C28: 01270 | D28: 1 | E28: 3824 | F28: 1 | G28: 3824 | H28: 3824 | I28: 1 | J28: 1 | K28: 1 | L28: =SUM(D28:K28) -> 11477 | N28: 1 | O28: 3824 | P28: 1 | Q28: 3824 | R28: 3824 | S28: 1 | T28: 1 | U28: 1 | V28: =SUM(N28:U28) -> 11477 | X28: 1 | Y28: 3824 | Z28: 1 | AA28: 3824 | AB28: 3824 | AC28: 1 | AD28: 1 | AE28: 1 | AF28: =SUM(X28:AE28) -> 11477 | AH28: 1 | AI28: 3824 | AJ28: 1 | AK28: 3824 | AL28: 3824 | AM28: 1 | AN28: 1 | AO28: 1 | AP28: =SUM(AH28:AO28) -> 11477 | AR28: 1 | AS28: 3824 | AT28: 1 | AU28: 3824 | AV28: 3824 | AW28: 1 | AX28: 1 | AY28: 1 | AZ28: =SUM(AR28:AY28) -> 11477 | BB28: 1 | BC28: 3824 | BD28: 1 | BE28: 3824 | BF28: 3824 | BG28: 1 | BH28: 1 | BI28: 1 | BJ28: =SUM(BB28:BI28) -> 11477 | BL28: 1 | BM28: 3824 | BN28: 1 | BO28: 3824 | BP28: 3824 | BQ28: 1 | BR28: 1 | BS28: 1 | BT28: =SUM(BL28:BS28) -> 11477 | BV28: 1 | BW28: 3824 | BX28: 1 | BY28: 3824 | BZ28: 3824 | CA28: 1 | CB28: 1 | CC28: 1 | CD28: =SUM(BV28:CC28) -> 11477 | CF28: 1 | CG28: 3824 | CH28: 1 | CI28: 3824 | CJ28: 3824 | CK28: 1 | CL28: 1 | CM28: 1 | CN28: =SUM(CF28:CM28) -> 11477 | CP28: 1 | CQ28: 3824 | CR28: 1 | CS28: 3824 | CT28: 3824 | CU28: 1 | CV28: 1 | CW28: 1 | CX28: =SUM(CP28:CW28) -> 11477 | CZ28: =CP28/2 -> 0.5 | DA28: =CQ28/2 -> 1912 | DB28: =CR28/2 -> 0.5 | DC28: =CS28/2 -> 1912 | DD28: =CT28/2 -> 1912 | DE28: =CU28/2 -> 0.5 | DF28: =CV28/2 -> 0.5 | DG28: =CW28/2 -> 0.5 | DH28: =SUM(CZ28:DG28) -> 5738.5 | DJ28: =SUM(D28,N28,X28,AH28,AR28,BB28,BL28,BV28,CF28,CP28,CZ28) -> 10.5 | DK28: =SUM(E28,O28,Y28,AI28,AS28,BC28,BM28,BW28,CG28,CQ28,DA28) -> 40152 | DL28: =SUM(F28,P28,Z28,AJ28,AT28,BD28,BN28,BX28,CH28,CR28,DB28) -> 10.5 | DM28: =SUM(G28,Q28,AA28,AK28,AU28,BE28,BO28,BY28,CI28,CS28,DC28) -> 40152 | DN28: =SUM(H28,R28,AB28,AL28,AV28,BF28,BP28,BZ28,CJ28,CT28,DD28) -> 40152 | DO28: =SUM(I28,S28,AC28,AM28,AW28,BG28,BQ28,CA28,CK28,CU28,DE28) -> 10.5 | DP28: =SUM(J28,T28,AD28,AN28,AX28,BH28,BR28,CB28,CL28,CV28,DF28) -> 10.5 | DQ28: =SUM(K28,U28,AE28,AO28,AY28,BI28,BS28,CC28,CM28,CW28,DG28) -> 10.5 | DR28: =SUM(DJ28:DQ28) -> 120508.5
A29: Quality Control Inspector | D29: 1 | E29: 19120 | F29: 1 | G29: 1 | H29: 1 | I29: 1 | J29: 1 | K29: 1 | L29: =SUM(D29:K29) -> 19127 | N29: 1 | O29: 19120 | P29: 1 | Q29: 1 | R29: 1 | S29: 1 | T29: 1 | U29: 1 | V29: =SUM(N29:U29) -> 19127 | X29: 1 | Y29: 19120 | Z29: 1 | AA29: 1 | AB29: 1 | AC29: 1 | AD29: 1 | AE29: 1 | AF29: =SUM(X29:AE29) -> 19127 | AH29: 1 | AI29: 19120 | AJ29: 1 | AK29: 1 | AL29: 1 | AM29: 1 | AN29: 1 | AO29: 1 | AP29: =SUM(AH29:AO29) -> 19127 | AR29: 1 | AS29: 19120 | AT29: 1 | AU29: 1 | AV29: 1 | AW29: 1 | AX29: 1 | AY29: 1 | AZ29: =SUM(AR29:AY29) -> 19127 | BB29: 1 | BC29: 19120 | BD29: 1 | BE29: 1 | BF29: 1 | BG29: 1 | BH29: 1 | BI29: 1 | BJ29: =SUM(BB29:BI29) -> 19127 | BL29: 1 | BM29: 19120 | BN29: 1 | BO29: 1 | BP29: 1 | BQ29: 1 | BR29: 1 | BS29: 1 | BT29: =SUM(BL29:BS29) -> 19127 | BV29: 1 | BW29: 19120 | BX29: 1 | BY29: 1 | BZ29: 1 | CA29: 1 | CB29: 1 | CC29: 1 | CD29: =SUM(BV29:CC29) -> 19127 | CF29: 1 | CG29: 19120 | CH29: 1 | CI29: 1 | CJ29: 1 | CK29: 1 | CL29: 1 | CM29: 1 | CN29: =SUM(CF29:CM29) -> 19127 | CP29: 1 | CQ29: 19120 | CR29: 1 | CS29: 1 | CT29: 1 | CU29: 1 | CV29: 1 | CW29: 1 | CX29: =SUM(CP29:CW29) -> 19127 | CZ29: =CP29/2 -> 0.5 | DA29: =CQ29/2 -> 9560 | DB29: =CR29/2 -> 0.5 | DC29: =CS29/2 -> 0.5 | DD29: =CT29/2 -> 0.5 | DE29: =CU29/2 -> 0.5 | DF29: =CV29/2 -> 0.5 | DG29: =CW29/2 -> 0.5 | DH29: =SUM(CZ29:DG29) -> 9563.5 | DJ29: =SUM(D29,N29,X29,AH29,AR29,BB29,BL29,BV29,CF29,CP29,CZ29) -> 10.5 | DK29: =SUM(E29,O29,Y29,AI29,AS29,BC29,BM29,BW29,CG29,CQ29,DA29) -> 200760 | DL29: =SUM(F29,P29,Z29,AJ29,AT29,BD29,BN29,BX29,CH29,CR29,DB29) -> 10.5 | DM29: =SUM(G29,Q29,AA29,AK29,AU29,BE29,BO29,BY29,CI29,CS29,DC29) -> 10.5 | DN29: =SUM(H29,R29,AB29,AL29,AV29,BF29,BP29,BZ29,CJ29,CT29,DD29) -> 10.5 | DO29: =SUM(I29,S29,AC29,AM29,AW29,BG29,BQ29,CA29,CK29,CU29,DE29) -> 10.5 | DP29: =SUM(J29,T29,AD29,AN29,AX29,BH29,BR29,CB29,CL29,CV29,DF29) -> 10.5 | DQ29: =SUM(K29,U29,AE29,AO29,AY29,BI29,BS29,CC29,CM29,CW29,DG29) -> 10.5 | DR29: =SUM(DJ29:DQ29) -> 200833.5
A30: Safety/OSHA Inspector | D30: 1912 | E30: 1 | F30: 1 | G30: 3824 | H30: 3824 | I30: 1 | J30: 1 | K30: 1 | L30: =SUM(D30:K30) -> 9565 | N30: 1912 | O30: 1 | P30: 1 | Q30: 3824 | R30: 3824 | S30: 1 | T30: 1 | U30: 1 | V30: =SUM(N30:U30) -> 9565 | X30: 1912 | Y30: 1 | Z30: 1 | AA30: 3824 | AB30: 3824 | AC30: 1 | AD30: 1 | AE30: 1 | AF30: =SUM(X30:AE30) -> 9565 | AH30: 1912 | AI30: 1 | AJ30: 1 | AK30: 3824 | AL30: 3824 | AM30: 1 | AN30: 1 | AO30: 1 | AP30: =SUM(AH30:AO30) -> 9565 | AR30: 1912 | AS30: 1 | AT30: 1 | AU30: 3824 | AV30: 3824 | AW30: 1 | AX30: 1 | AY30: 1 | AZ30: =SUM(AR30:AY30) -> 9565 | BB30: 1912 | BC30: 1 | BD30: 1 | BE30: 3824 | BF30: 3824 | BG30: 1 | BH30: 1 | BI30: 1 | BJ30: =SUM(BB30:BI30) -> 9565 | BL30: 1912 | BM30: 1 | BN30: 1 | BO30: 3824 | BP30: 3824 | BQ30: 1 | BR30: 1 | BS30: 1 | BT30: =SUM(BL30:BS30) -> 9565 | BV30: 1912 | BW30: 1 | BX30: 1 | BY30: 3824 | BZ30: 3824 | CA30: 1 | CB30: 1 | CC30: 1 | CD30: =SUM(BV30:CC30) -> 9565 | CF30: 1912 | CG30: 1 | CH30: 1 | CI30: 3824 | CJ30: 3824 | CK30: 1 | CL30: 1 | CM30: 1 | CN30: =SUM(CF30:CM30) -> 9565 | CP30: 1912 | CQ30: 1 | CR30: 1 | CS30: 3824 | CT30: 3824 | CU30: 1 | CV30: 1 | CW30: 1 | CX30: =SUM(CP30:CW30) -> 9565 | CZ30: =CP30/2 -> 956 | DA30: =CQ30/2 -> 0.5 | DB30: =CR30/2 -> 0.5 | DC30: =CS30/2 -> 1912 | DD30: =CT30/2 -> 1912 | DE30: =CU30/2 -> 0.5 | DF30: =CV30/2 -> 0.5 | DG30: =CW30/2 -> 0.5 | DH30: =SUM(CZ30:DG30) -> 4782.5 | DJ30: =SUM(D30,N30,X30,AH30,AR30,BB30,BL30,BV30,CF30,CP30,CZ30) -> 20076 | DK30: =SUM(E30,O30,Y30,AI30,AS30,BC30,BM30,BW30,CG30,CQ30,DA30) -> 10.5 | DL30: =SUM(F30,P30,Z30,AJ30,AT30,BD30,BN30,BX30,CH30,CR30,DB30) -> 10.5 | DM30: =SUM(G30,Q30,AA30,AK30,AU30,BE30,BO30,BY30,CI30,CS30,DC30) -> 40152 | DN30: =SUM(H30,R30,AB30,AL30,AV30,BF30,BP30,BZ30,CJ30,CT30,DD30) -> 40152 | DO30: =SUM(I30,S30,AC30,AM30,AW30,BG30,BQ30,CA30,CK30,CU30,DE30) -> 10.5 | DP30: =SUM(J30,T30,AD30,AN30,AX30,BH30,BR30,CB30,CL30,CV30,DF30) -> 10.5 | DQ30: =SUM(K30,U30,AE30,AO30,AY30,BI30,BS30,CC30,CM30,CW30,DG30) -> 10.5 | DR30: =SUM(DJ30:DQ30) -> 100432.5
A31: Supply Technician | B31: Supply Technician | C31: 01410 | D31: 38235 | E31: 19115 | F31: 3818 | G31: 11466 | H31: 13378 | I31: 1 | J31: 1912 | K31: 1906 | L31: =SUM(D31:K31) -> 89831 | N31: 38235 | O31: 19115 | P31: 3818 | Q31: 11466 | R31: 13378 | S31: 1 | T31: 1912 | U31: 1906 | V31: =SUM(N31:U31) -> 89831 | X31: 38235 | Y31: 19115 | Z31: 3818 | AA31: 11466 | AB31: 13378 | AC31: 1 | AD31: 1912 | AE31: 1906 | AF31: =SUM(X31:AE31) -> 89831 | AH31: 38235 | AI31: 19115 | AJ31: 3818 | AK31: 11466 | AL31: 13378 | AM31: 1 | AN31: 1912 | AO31: 1906 | AP31: =SUM(AH31:AO31) -> 89831 | AR31: 38235 | AS31: 19115 | AT31: 3818 | AU31: 11466 | AV31: 13378 | AW31: 1 | AX31: 1912 | AY31: 1906 | AZ31: =SUM(AR31:AY31) -> 89831 | BB31: 38235 | BC31: 19115 | BD31: 3818 | BE31: 11466 | BF31: 13378 | BG31: 1 | BH31: 1912 | BI31: 1906 | BJ31: =SUM(BB31:BI31) -> 89831 | BL31: 38235 | BM31: 19115 | BN31: 3818 | BO31: 11466 | BP31: 13378 | BQ31: 1 | BR31: 1912 | BS31: 1906 | BT31: =SUM(BL31:BS31) -> 89831 | BV31: 38235 | BW31: 19115 | BX31: 3818 | BY31: 11466 | BZ31: 13378 | CA31: 1 | CB31: 1912 | CC31: 1906 | CD31: =SUM(BV31:CC31) -> 89831 | CF31: 38235 | CG31: 19115 | CH31: 3818 | CI31: 11466 | CJ31: 13378 | CK31: 1 | CL31: 1912 | CM31: 1906 | CN31: =SUM(CF31:CM31) -> 89831 | CP31: 38235 | CQ31: 19115 | CR31: 3818 | CS31: 11466 | CT31: 13378 | CU31: 1 | CV31: 1912 | CW31: 1906 | CX31: =SUM(CP31:CW31) -> 89831 | CZ31: =CP31/2 -> 19117.5 | DA31: =CQ31/2 -> 9557.5 | DB31: =CR31/2 -> 1909 | DC31: =CS31/2 -> 5733 | DD31: =CT31/2 -> 6689 | DE31: =CU31/2 -> 0.5 | DF31: =CV31/2 -> 956 | DG31: =CW31/2 -> 953 | DH31: =SUM(CZ31:DG31) -> 44915.5 | DJ31: =SUM(D31,N31,X31,AH31,AR31,BB31,BL31,BV31,CF31,CP31,CZ31) -> 401467.5 | DK31: =SUM(E31,O31,Y31,AI31,AS31,BC31,BM31,BW31,CG31,CQ31,DA31) -> 200707.5 | DL31: =SUM(F31,P31,Z31,AJ31,AT31,BD31,BN31,BX31,CH31,CR31,DB31) -> 40089 | DM31: =SUM(G31,Q31,AA31,AK31,AU31,BE31,BO31,BY31,CI31,CS31,DC31) -> 120393 | DN31: =SUM(H31,R31,AB31,AL31,AV31,BF31,BP31,BZ31,CJ31,CT31,DD31) -> 140469 | DO31: =SUM(I31,S31,AC31,AM31,AW31,BG31,BQ31,CA31,CK31,CU31,DE31) -> 10.5 | DP31: =SUM(J31,T31,AD31,AN31,AX31,BH31,BR31,CB31,CL31,CV31,DF31) -> 20076 | DQ31: =SUM(K31,U31,AE31,AO31,AY31,BI31,BS31,CC31,CM31,CW31,DG31) -> 20013 | DR31: =SUM(DJ31:DQ31) -> 943225.5
A32: Tool and Die Maker | B32: Tool And Die Maker | C32: 19040 | D32: 1 | E32: 1 | F32: 1 | G32: 1 | H32: 1 | I32: 1 | J32: 1 | K32: 1 | L32: =SUM(D32:K32) -> 8 | N32: 1 | O32: 1 | P32: 1 | Q32: 1 | R32: 1 | S32: 1 | T32: 1 | U32: 1 | V32: =SUM(N32:U32) -> 8 | X32: 1 | Y32: 1 | Z32: 1 | AA32: 1 | AB32: 1 | AC32: 1 | AD32: 1 | AE32: 1 | AF32: =SUM(X32:AE32) -> 8 | AH32: 1 | AI32: 1 | AJ32: 1 | AK32: 1 | AL32: 1 | AM32: 1 | AN32: 1 | AO32: 1 | AP32: =SUM(AH32:AO32) -> 8 | AR32: 1 | AS32: 1 | AT32: 1 | AU32: 1 | AV32: 1 | AW32: 1 | AX32: 1 | AY32: 1 | AZ32: =SUM(AR32:AY32) -> 8 | BB32: 1 | BC32: 1 | BD32: 1 | BE32: 1 | BF32: 1 | BG32: 1 | BH32: 1 | BI32: 1 | BJ32: =SUM(BB32:BI32) -> 8 | BL32: 1 | BM32: 1 | BN32: 1 | BO32: 1 | BP32: 1 | BQ32: 1 | BR32: 1 | BS32: 1 | BT32: =SUM(BL32:BS32) -> 8 | BV32: 1 | BW32: 1 | BX32: 1 | BY32: 1 | BZ32: 1 | CA32: 1 | CB32: 1 | CC32: 1 | CD32: =SUM(BV32:CC32) -> 8 | CF32: 1 | CG32: 1 | CH32: 1 | CI32: 1 | CJ32: 1 | CK32: 1 | CL32: 1 | CM32: 1 | CN32: =SUM(CF32:CM32) -> 8 | CP32: 1 | CQ32: 1 | CR32: 1 | CS32: 1 | CT32: 1 | CU32: 1 | CV32: 1 | CW32: 1 | CX32: =SUM(CP32:CW32) -> 8 | CZ32: =CP32/2 -> 0.5 | DA32: =CQ32/2 -> 0.5 | DB32: =CR32/2 -> 0.5 | DC32: =CS32/2 -> 0.5 | DD32: =CT32/2 -> 0.5 | DE32: =CU32/2 -> 0.5 | DF32: =CV32/2 -> 0.5 | DG32: =CW32/2 -> 0.5 | DH32: =SUM(CZ32:DG32) -> 4 | DJ32: =SUM(D32,N32,X32,AH32,AR32,BB32,BL32,BV32,CF32,CP32,CZ32) -> 10.5 | DK32: =SUM(E32,O32,Y32,AI32,AS32,BC32,BM32,BW32,CG32,CQ32,DA32) -> 10.5 | DL32: =SUM(F32,P32,Z32,AJ32,AT32,BD32,BN32,BX32,CH32,CR32,DB32) -> 10.5 | DM32: =SUM(G32,Q32,AA32,AK32,AU32,BE32,BO32,BY32,CI32,CS32,DC32) -> 10.5 | DN32: =SUM(H32,R32,AB32,AL32,AV32,BF32,BP32,BZ32,CJ32,CT32,DD32) -> 10.5 | DO32: =SUM(I32,S32,AC32,AM32,AW32,BG32,BQ32,CA32,CK32,CU32,DE32) -> 10.5 | DP32: =SUM(J32,T32,AD32,AN32,AX32,BH32,BR32,CB32,CL32,CV32,DF32) -> 10.5 | DQ32: =SUM(K32,U32,AE32,AO32,AY32,BI32,BS32,CC32,CM32,CW32,DG32) -> 10.5 | DR32: =SUM(DJ32:DQ32) -> 84
A33: Tools and Parts Attendant | B33: Tools And Parts Attendant | C33: 21210 | D33: 1 | E33: 1 | F33: 1 | G33: 1 | H33: 1 | I33: 1 | J33: 1 | K33: 1 | L33: =SUM(D33:K33) -> 8 | N33: 1 | O33: 1 | P33: 1 | Q33: 1 | R33: 1 | S33: 1 | T33: 1 | U33: 1 | V33: =SUM(N33:U33) -> 8 | X33: 1 | Y33: 1 | Z33: 1 | AA33: 1 | AB33: 1 | AC33: 1 | AD33: 1 | AE33: 1 | AF33: =SUM(X33:AE33) -> 8 | AH33: 1 | AI33: 1 | AJ33: 1 | AK33: 1 | AL33: 1 | AM33: 1 | AN33: 1 | AO33: 1 | AP33: =SUM(AH33:AO33) -> 8 | AR33: 1 | AS33: 1 | AT33: 1 | AU33: 1 | AV33: 1 | AW33: 1 | AX33: 1 | AY33: 1 | AZ33: =SUM(AR33:AY33) -> 8 | BB33: 1 | BC33: 1 | BD33: 1 | BE33: 1 | BF33: 1 | BG33: 1 | BH33: 1 | BI33: 1 | BJ33: =SUM(BB33:BI33) -> 8 | BL33: 1 | BM33: 1 | BN33: 1 | BO33: 1 | BP33: 1 | BQ33: 1 | BR33: 1 | BS33: 1 | BT33: =SUM(BL33:BS33) -> 8 | BV33: 1 | BW33: 1 | BX33: 1 | BY33: 1 | BZ33: 1 | CA33: 1 | CB33: 1 | CC33: 1 | CD33: =SUM(BV33:CC33) -> 8 | CF33: 1 | CG33: 1 | CH33: 1 | CI33: 1 | CJ33: 1 | CK33: 1 | CL33: 1 | CM33: 1 | CN33: =SUM(CF33:CM33) -> 8 | CP33: 1 | CQ33: 1 | CR33: 1 | CS33: 1 | CT33: 1 | CU33: 1 | CV33: 1 | CW33: 1 | CX33: =SUM(CP33:CW33) -> 8 | CZ33: =CP33/2 -> 0.5 | DA33: =CQ33/2 -> 0.5 | DB33: =CR33/2 -> 0.5 | DC33: =CS33/2 -> 0.5 | DD33: =CT33/2 -> 0.5 | DE33: =CU33/2 -> 0.5 | DF33: =CV33/2 -> 0.5 | DG33: =CW33/2 -> 0.5 | DH33: =SUM(CZ33:DG33) -> 4 | DJ33: =SUM(D33,N33,X33,AH33,AR33,BB33,BL33,BV33,CF33,CP33,CZ33) -> 10.5 | DK33: =SUM(E33,O33,Y33,AI33,AS33,BC33,BM33,BW33,CG33,CQ33,DA33) -> 10.5 | DL33: =SUM(F33,P33,Z33,AJ33,AT33,BD33,BN33,BX33,CH33,CR33,DB33) -> 10.5 | DM33: =SUM(G33,Q33,AA33,AK33,AU33,BE33,BO33,BY33,CI33,CS33,DC33) -> 10.5 | DN33: =SUM(H33,R33,AB33,AL33,AV33,BF33,BP33,BZ33,CJ33,CT33,DD33) -> 10.5 | DO33: =SUM(I33,S33,AC33,AM33,AW33,BG33,BQ33,CA33,CK33,CU33,DE33) -> 10.5 | DP33: =SUM(J33,T33,AD33,AN33,AX33,BH33,BR33,CB33,CL33,CV33,DF33) -> 10.5 | DQ33: =SUM(K33,U33,AE33,AO33,AY33,BI33,BS33,CC33,CM33,CW33,DG33) -> 10.5 | DR33: =SUM(DJ33:DQ33) -> 84
A34: Truckdriver, Tractor-Trailer | B34: Truckdriver, Tractor-Trailer | C34: 31364 | D34: 1 | E34: 1 | F34: 1 | G34: 1 | H34: 1 | I34: 1 | J34: 1 | K34: 1 | L34: =SUM(D34:K34) -> 8 | N34: 1 | O34: 1 | P34: 1 | Q34: 1 | R34: 1 | S34: 1 | T34: 1 | U34: 1 | V34: =SUM(N34:U34) -> 8 | X34: 1 | Y34: 1 | Z34: 1 | AA34: 1 | AB34: 1 | AC34: 1 | AD34: 1 | AE34: 1 | AF34: =SUM(X34:AE34) -> 8 | AH34: 1 | AI34: 1 | AJ34: 1 | AK34: 1 | AL34: 1 | AM34: 1 | AN34: 1 | AO34: 1 | AP34: =SUM(AH34:AO34) -> 8 | AR34: 1 | AS34: 1 | AT34: 1 | AU34: 1 | AV34: 1 | AW34: 1 | AX34: 1 | AY34: 1 | AZ34: =SUM(AR34:AY34) -> 8 | BB34: 1 | BC34: 1 | BD34: 1 | BE34: 1 | BF34: 1 | BG34: 1 | BH34: 1 | BI34: 1 | BJ34: =SUM(BB34:BI34) -> 8 | BL34: 1 | BM34: 1 | BN34: 1 | BO34: 1 | BP34: 1 | BQ34: 1 | BR34: 1 | BS34: 1 | BT34: =SUM(BL34:BS34) -> 8 | BV34: 1 | BW34: 1 | BX34: 1 | BY34: 1 | BZ34: 1 | CA34: 1 | CB34: 1 | CC34: 1 | CD34: =SUM(BV34:CC34) -> 8 | CF34: 1 | CG34: 1 | CH34: 1 | CI34: 1 | CJ34: 1 | CK34: 1 | CL34: 1 | CM34: 1 | CN34: =SUM(CF34:CM34) -> 8 | CP34: 1 | CQ34: 1 | CR34: 1 | CS34: 1 | CT34: 1 | CU34: 1 | CV34: 1 | CW34: 1 | CX34: =SUM(CP34:CW34) -> 8 | CZ34: =CP34/2 -> 0.5 | DA34: =CQ34/2 -> 0.5 | DB34: =CR34/2 -> 0.5 | DC34: =CS34/2 -> 0.5 | DD34: =CT34/2 -> 0.5 | DE34: =CU34/2 -> 0.5 | DF34: =CV34/2 -> 0.5 | DG34: =CW34/2 -> 0.5 | DH34: =SUM(CZ34:DG34) -> 4 | DJ34: =SUM(D34,N34,X34,AH34,AR34,BB34,BL34,BV34,CF34,CP34,CZ34) -> 10.5 | DK34: =SUM(E34,O34,Y34,AI34,AS34,BC34,BM34,BW34,CG34,CQ34,DA34) -> 10.5 | DL34: =SUM(F34,P34,Z34,AJ34,AT34,BD34,BN34,BX34,CH34,CR34,DB34) -> 10.5 | DM34: =SUM(G34,Q34,AA34,AK34,AU34,BE34,BO34,BY34,CI34,CS34,DC34) -> 10.5 | DN34: =SUM(H34,R34,AB34,AL34,AV34,BF34,BP34,BZ34,CJ34,CT34,DD34) -> 10.5 | DO34: =SUM(I34,S34,AC34,AM34,AW34,BG34,BQ34,CA34,CK34,CU34,DE34) -> 10.5 | DP34: =SUM(J34,T34,AD34,AN34,AX34,BH34,BR34,CB34,CL34,CV34,DF34) -> 10.5 | DQ34: =SUM(K34,U34,AE34,AO34,AY34,BI34,BS34,CC34,CM34,CW34,DG34) -> 10.5 | DR34: =SUM(DJ34:DQ34) -> 84
A35: Warehouse Specialist | B35: Warehouse Specialist | C35: 21410 | D35: 1 | E35: 1 | F35: 1 | G35: 1 | H35: 1 | I35: 1 | J35: 1 | K35: 1 | L35: =SUM(D35:K35) -> 8 | N35: 1 | O35: 1 | P35: 1 | Q35: 1 | R35: 1 | S35: 1 | T35: 1 | U35: 1 | V35: =SUM(N35:U35) -> 8 | X35: 1 | Y35: 1 | Z35: 1 | AA35: 1 | AB35: 1 | AC35: 1 | AD35: 1 | AE35: 1 | AF35: =SUM(X35:AE35) -> 8 | AH35: 1 | AI35: 1 | AJ35: 1 | AK35: 1 | AL35: 1 | AM35: 1 | AN35: 1 | AO35: 1 | AP35: =SUM(AH35:AO35) -> 8 | AR35: 1 | AS35: 1 | AT35: 1 | AU35: 1 | AV35: 1 | AW35: 1 | AX35: 1 | AY35: 1 | AZ35: =SUM(AR35:AY35) -> 8 | BB35: 1 | BC35: 1 | BD35: 1 | BE35: 1 | BF35: 1 | BG35: 1 | BH35: 1 | BI35: 1 | BJ35: =SUM(BB35:BI35) -> 8 | BL35: 1 | BM35: 1 | BN35: 1 | BO35: 1 | BP35: 1 | BQ35: 1 | BR35: 1 | BS35: 1 | BT35: =SUM(BL35:BS35) -> 8 | BV35: 1 | BW35: 1 | BX35: 1 | BY35: 1 | BZ35: 1 | CA35: 1 | CB35: 1 | CC35: 1 | CD35: =SUM(BV35:CC35) -> 8 | CF35: 1 | CG35: 1 | CH35: 1 | CI35: 1 | CJ35: 1 | CK35: 1 | CL35: 1 | CM35: 1 | CN35: =SUM(CF35:CM35) -> 8 | CP35: 1 | CQ35: 1 | CR35: 1 | CS35: 1 | CT35: 1 | CU35: 1 | CV35: 1 | CW35: 1 | CX35: =SUM(CP35:CW35) -> 8 | CZ35: =CP35/2 -> 0.5 | DA35: =CQ35/2 -> 0.5 | DB35: =CR35/2 -> 0.5 | DC35: =CS35/2 -> 0.5 | DD35: =CT35/2 -> 0.5 | DE35: =CU35/2 -> 0.5 | DF35: =CV35/2 -> 0.5 | DG35: =CW35/2 -> 0.5 | DH35: =SUM(CZ35:DG35) -> 4 | DJ35: =SUM(D35,N35,X35,AH35,AR35,BB35,BL35,BV35,CF35,CP35,CZ35) -> 10.5 | DK35: =SUM(E35,O35,Y35,AI35,AS35,BC35,BM35,BW35,CG35,CQ35,DA35) -> 10.5 | DL35: =SUM(F35,P35,Z35,AJ35,AT35,BD35,BN35,BX35,CH35,CR35,DB35) -> 10.5 | DM35: =SUM(G35,Q35,AA35,AK35,AU35,BE35,BO35,BY35,CI35,CS35,DC35) -> 10.5 | DN35: =SUM(H35,R35,AB35,AL35,AV35,BF35,BP35,BZ35,CJ35,CT35,DD35) -> 10.5 | DO35: =SUM(I35,S35,AC35,AM35,AW35,BG35,BQ35,CA35,CK35,CU35,DE35) -> 10.5 | DP35: =SUM(J35,T35,AD35,AN35,AX35,BH35,BR35,CB35,CL35,CV35,DF35) -> 10.5 | DQ35: =SUM(K35,U35,AE35,AO35,AY35,BI35,BS35,CC35,CM35,CW35,DG35) -> 10.5 | DR35: =SUM(DJ35:DQ35) -> 84
A36: Woodworker | B36: Woodworker | C36: 23980 | D36: 1 | E36: 1 | F36: 1 | G36: 1 | H36: 1 | I36: 1 | J36: 1 | K36: 1 | L36: =SUM(D36:K36) -> 8 | N36: 1 | O36: 1 | P36: 1 | Q36: 1 | R36: 1 | S36: 1 | T36: 1 | U36: 1 | V36: =SUM(N36:U36) -> 8 | X36: 1 | Y36: 1 | Z36: 1 | AA36: 1 | AB36: 1 | AC36: 1 | AD36: 1 | AE36: 1 | AF36: =SUM(X36:AE36) -> 8 | AH36: 1 | AI36: 1 | AJ36: 1 | AK36: 1 | AL36: 1 | AM36: 1 | AN36: 1 | AO36: 1 | AP36: =SUM(AH36:AO36) -> 8 | AR36: 1 | AS36: 1 | AT36: 1 | AU36: 1 | AV36: 1 | AW36: 1 | AX36: 1 | AY36: 1 | AZ36: =SUM(AR36:AY36) -> 8 | BB36: 1 | BC36: 1 | BD36: 1 | BE36: 1 | BF36: 1 | BG36: 1 | BH36: 1 | BI36: 1 | BJ36: =SUM(BB36:BI36) -> 8 | BL36: 1 | BM36: 1 | BN36: 1 | BO36: 1 | BP36: 1 | BQ36: 1 | BR36: 1 | BS36: 1 | BT36: =SUM(BL36:BS36) -> 8 | BV36: 1 | BW36: 1 | BX36: 1 | BY36: 1 | BZ36: 1 | CA36: 1 | CB36: 1 | CC36: 1 | CD36: =SUM(BV36:CC36) -> 8 | CF36: 1 | CG36: 1 | CH36: 1 | CI36: 1 | CJ36: 1 | CK36: 1 | CL36: 1 | CM36: 1 | CN36: =SUM(CF36:CM36) -> 8 | CP36: 1 | CQ36: 1 | CR36: 1 | CS36: 1 | CT36: 1 | CU36: 1 | CV36: 1 | CW36: 1 | CX36: =SUM(CP36:CW36) -> 8 | CZ36: =CP36/2 -> 0.5 | DA36: =CQ36/2 -> 0.5 | DB36: =CR36/2 -> 0.5 | DC36: =CS36/2 -> 0.5 | DD36: =CT36/2 -> 0.5 | DE36: =CU36/2 -> 0.5 | DF36: =CV36/2 -> 0.5 | DG36: =CW36/2 -> 0.5 | DH36: =SUM(CZ36:DG36) -> 4 | DJ36: =SUM(D36,N36,X36,AH36,AR36,BB36,BL36,BV36,CF36,CP36,CZ36) -> 10.5 | DK36: =SUM(E36,O36,Y36,AI36,AS36,BC36,BM36,BW36,CG36,CQ36,DA36) -> 10.5 | DL36: =SUM(F36,P36,Z36,AJ36,AT36,BD36,BN36,BX36,CH36,CR36,DB36) -> 10.5 | DM36: =SUM(G36,Q36,AA36,AK36,AU36,BE36,BO36,BY36,CI36,CS36,DC36) -> 10.5 | DN36: =SUM(H36,R36,AB36,AL36,AV36,BF36,BP36,BZ36,CJ36,CT36,DD36) -> 10.5 | DO36: =SUM(I36,S36,AC36,AM36,AW36,BG36,BQ36,CA36,CK36,CU36,DE36) -> 10.5 | DP36: =SUM(J36,T36,AD36,AN36,AX36,BH36,BR36,CB36,CL36,CV36,DF36) -> 10.5 | DQ36: =SUM(K36,U36,AE36,AO36,AY36,BI36,BS36,CC36,CM36,CW36,DG36) -> 10.5 | DR36: =SUM(DJ36:DQ36) -> 84
D37: =SUM(D10:D36) -> 420640 | E37: =SUM(E10:E36) -> 145312 | F37: =SUM(F10:F36) -> 22944 | G37: =SUM(G10:G36) -> 133840 | H37: =SUM(H10:H36) -> 195024 | I37: =SUM(I10:I36) -> 24856 | J37: =SUM(J10:J36) -> 28680 | K37: =SUM(K10:K36) -> 32504 | L37: =SUM(L10:L36) -> 1003800 | N37: =SUM(N10:N36) -> 420640 | O37: =SUM(O10:O36) -> 145312 | P37: =SUM(P10:P36) -> 22944 | Q37: =SUM(Q10:Q36) -> 133840 | R37: =SUM(R10:R36) -> 195024 | S37: =SUM(S10:S36) -> 24856 | T37: =SUM(T10:T36) -> 28680 | U37: =SUM(U10:U36) -> 32504 | V37: =SUM(V10:V36) -> 1003800 | X37: =SUM(X10:X36) -> 420640 | Y37: =SUM(Y10:Y36) -> 145312 | Z37: =SUM(Z10:Z36) -> 22944 | AA37: =SUM(AA10:AA36) -> 133840 | AB37: =SUM(AB10:AB36) -> 195024 | AC37: =SUM(AC10:AC36) -> 24856 | AD37: =SUM(AD10:AD36) -> 28680 | AE37: =SUM(AE10:AE36) -> 32504 | AF37: =SUM(AF10:AF36) -> 1003800 | AH37: =SUM(AH10:AH36) -> 420640 | AI37: =SUM(AI10:AI36) -> 145312 | AJ37: =SUM(AJ10:AJ36) -> 22944 | AK37: =SUM(AK10:AK36) -> 133840 | AL37: =SUM(AL10:AL36) -> 195024 | AM37: =SUM(AM10:AM36) -> 24856 | AN37: =SUM(AN10:AN36) -> 28680 | AO37: =SUM(AO10:AO36) -> 32504 | AP37: =SUM(AP10:AP36) -> 1003800 | AR37: =SUM(AR10:AR36) -> 420640 | AS37: =SUM(AS10:AS36) -> 145312 | AT37: =SUM(AT10:AT36) -> 22944 | AU37: =SUM(AU10:AU36) -> 133840 | AV37: =SUM(AV10:AV36) -> 195024 | AW37: =SUM(AW10:AW36) -> 24856 | AX37: =SUM(AX10:AX36) -> 28680 | AY37: =SUM(AY10:AY36) -> 32504 | AZ37: =SUM(AZ10:AZ36) -> 1003800 | BB37: =SUM(BB10:BB36) -> 420640 | BC37: =SUM(BC10:BC36) -> 145312 | BD37: =SUM(BD10:BD36) -> 22944 | BE37: =SUM(BE10:BE36) -> 133840 | BF37: =SUM(BF10:BF36) -> 195024 | BG37: =SUM(BG10:BG36) -> 24856 | BH37: =SUM(BH10:BH36) -> 28680 | BI37: =SUM(BI10:BI36) -> 32504 | BJ37: =SUM(BJ10:BJ36) -> 1003800 | BL37: =SUM(BL10:BL36) -> 420640 | BM37: =SUM(BM10:BM36) -> 145312 | BN37: =SUM(BN10:BN36) -> 22944 | BO37: =SUM(BO10:BO36) -> 133840 | BP37: =SUM(BP10:BP36) -> 195024 | BQ37: =SUM(BQ10:BQ36) -> 24856 | BR37: =SUM(BR10:BR36) -> 28680 | BS37: =SUM(BS10:BS36) -> 32504 | BT37: =SUM(BT10:BT36) -> 1003800 | BV37: =SUM(BV10:BV36) -> 420640 | BW37: =SUM(BW10:BW36) -> 145312 | BX37: =SUM(BX10:BX36) -> 22944 | BY37: =SUM(BY10:BY36) -> 133840 | BZ37: =SUM(BZ10:BZ36) -> 195024 | CA37: =SUM(CA10:CA36) -> 24856 | CB37: =SUM(CB10:CB36) -> 28680 | CC37: =SUM(CC10:CC36) -> 32504 | CD37: =SUM(CD10:CD36) -> 1003800 | CF37: =SUM(CF10:CF36) -> 420640 | CG37: =SUM(CG10:CG36) -> 145312 | CH37: =SUM(CH10:CH36) -> 22944 | CI37: =SUM(CI10:CI36) -> 133840 | CJ37: =SUM(CJ10:CJ36) -> 195024 | CK37: =SUM(CK10:CK36) -> 24856 | CL37: =SUM(CL10:CL36) -> 28680 | CM37: =SUM(CM10:CM36) -> 32504 | CN37: =SUM(CN10:CN36) -> 1003800 | CP37: =SUM(CP10:CP36) -> 420640 | CQ37: =SUM(CQ10:CQ36) -> 145312 | CR37: =SUM(CR10:CR36) -> 22944 | CS37: =SUM(CS10:CS36) -> 133840 | CT37: =SUM(CT10:CT36) -> 195024 | CU37: =SUM(CU10:CU36) -> 24856 | CV37: =SUM(CV10:CV36) -> 28680 | CW37: =SUM(CW10:CW36) -> 32504 | CX37: =SUM(CX10:CX36) -> 1003800 | CZ37: =SUM(CZ10:CZ36) -> 210320 | DA37: =SUM(DA10:DA36) -> 72656 | DB37: =SUM(DB10:DB36) -> 11472 | DC37: =SUM(DC10:DC36) -> 66920 | DD37: =SUM(DD10:DD36) -> 97512 | DE37: =SUM(DE10:DE36) -> 12428 | DF37: =SUM(DF10:DF36) -> 14340 | DG37: =SUM(DG10:DG36) -> 16252 | DH37: =SUM(DH10:DH36) -> 501900 | DJ37: =SUM(DJ10:DJ36) -> 4416720 | DK37: =SUM(DK10:DK36) -> 1525776 | DL37: =SUM(DL10:DL36) -> 240912 | DM37: =SUM(DM10:DM36) -> 1405320 | DN37: =SUM(DN10:DN36) -> 2047752 | DO37: =SUM(DO10:DO36) -> 260988 | DP37: =SUM(DP10:DP36) -> 301140 | DQ37: =SUM(DQ10:DQ36) -> 341292 | DR37: =SUM(DR10:DR36) -> 10539900
D39: Total OCONUS Labor Hours Base Period | N39: Total OCONUS Labor Hours Option Period 1 | X39: Total OCONUS Labor Hours Option Period 2 | AH39: Total OCONUS Labor Hours Option Period 3 | AR39: Total OCONUS Labor Hours Option Period 4 | BB39: Total OCONUS Labor Hours Option Period 5 | BL39: Total OCONUS Labor Hours Option Period 6 | BV39: Total OCONUS Labor Hours Option Period 7 | CF39: Total OCONUS Labor Hours Option Period 8 | CP39: Total OCONUS Labor Hours Option Period 9 | CZ39: Total OCONUS Labor Hours Option to Extend | DJ39: Total OCONUS Labor Hours All Contract Periods
A40: Contract Labor Category | D40: Germany | E40: United Kingdom | F40: Kuwait | G40: Kosovo | H40: Egypt | I40: Poland | J40: Netherlands | L40: Total | N40: Germany | O40: United Kingdom | P40: Kuwait | Q40: Kosovo | R40: Egypt | S40: Poland | T40: Netherlands | V40: Total | X40: Germany | Y40: United Kingdom | Z40: Kuwait | AA40: Kosovo | AB40: Egypt | AC40: Poland | AD40: Netherlands | AF40: Total | AH40: Germany | AI40: United Kingdom | AJ40: Kuwait | AK40: Kosovo | AL40: Egypt | AM40: Poland | AN40: Netherlands | AP40: Total | AR40: Germany | AS40: United Kingdom | AT40: Kuwait | AU40: Kosovo | AV40: Egypt | AW40: Poland | AX40: Netherlands | AZ40: Total | BB40: Germany | BC40: United Kingdom | BD40: Kuwait | BE40: Kosovo | BF40: Egypt | BG40: Poland | BH40: Netherlands | BJ40: Total | BL40: Germany | BM40: United Kingdom | BN40: Kuwait | BO40: Kosovo | BP40: Egypt | BQ40: Poland | BR40: Netherlands | BT40: Total | BV40: Germany | BW40: United Kingdom | BX40: Kuwait | BY40: Kosovo | BZ40: Egypt | CA40: Poland | CB40: Netherlands | CD40: Total | CF40: Germany | CG40: United Kingdom | CH40: Kuwait | CI40: Kosovo | CJ40: Egypt | CK40: Poland | CL40: Netherlands | CN40: Total | CP40: Germany | CQ40: United Kingdom | CR40: Kuwait | CS40: Kosovo | CT40: Egypt | CU40: Poland | CV40: Netherlands | CX40: Total | CZ40: Germany | DA40: United Kingdom | DB40: Kuwait | DC40: Kosovo | DD40: Egypt | DE40: Poland | DF40: Netherlands | DH40: Total | DJ40: Germany | DK40: United Kingdom | DL40: Kuwait | DM40: Kosovo | DN40: Egypt | DO40: Poland | DP40: Netherlands | DR40: Total
A41: Aerospace Structural Welder | D41: 1912 | E41: 1 | F41: 1 | G41: 1 | H41: 1 | I41: 1 | J41: 1 | L41: =SUM(D41:K41) -> 1918 | N41: 1912 | O41: 1 | P41: 1 | Q41: 1 | R41: 1 | S41: 1 | T41: 1 | V41: =SUM(N41:U41) -> 1918 | X41: 1912 | Y41: 1 | Z41: 1 | AA41: 1 | AB41: 1 | AC41: 1 | AD41: 1 | AF41: =SUM(X41:AE41) -> 1918 | AH41: 1912 | AI41: 1 | AJ41: 1 | AK41: 1 | AL41: 1 | AM41: 1 | AN41: 1 | AP41: =SUM(AH41:AO41) -> 1918 | AR41: 1912 | AS41: 1 | AT41: 1 | AU41: 1 | AV41: 1 | AW41: 1 | AX41: 1 | AZ41: =SUM(AR41:AY41) -> 1918 | BB41: 1912 | BC41: 1 | BD41: 1 | BE41: 1 | BF41: 1 | BG41: 1 | BH41: 1 | BJ41: =SUM(BB41:BI41) -> 1918 | BL41: 1912 | BM41: 1 | BN41: 1 | BO41: 1 | BP41: 1 | BQ41: 1 | BR41: 1 | BT41: =SUM(BL41:BS41) -> 1918 | BV41: 1912 | BW41: 1 | BX41: 1 | BY41: 1 | BZ41: 1 | CA41: 1 | CB41: 1 | CD41: =SUM(BV41:CC41) -> 1918 | CF41: 1912 | CG41: 1 | CH41: 1 | CI41: 1 | CJ41: 1 | CK41: 1 | CL41: 1 | CN41: =SUM(CF41:CM41) -> 1918 | CP41: 1912 | CQ41: 1 | CR41: 1 | CS41: 1 | CT41: 1 | CU41: 1 | CV41: 1 | CX41: =SUM(CP41:CW41) -> 1918 | CZ41: =CP41/2 -> 956 | DA41: =CQ41/2 -> 0.5 | DB41: =CR41/2 -> 0.5 | DC41: =CS41/2 -> 0.5 | DD41: =CT41/2 -> 0.5 | DE41: =CU41/2 -> 0.5 | DF41: =CV41/2 -> 0.5 | DH41: =SUM(CZ41:DG41) -> 959 | DJ41: =SUM(D41,N41,X41,AH41,AR41,BB41,BL41,BV41,CF41,CP41,CZ41) -> 20076 | DK41: =SUM(E41,O41,Y41,AI41,AS41,BC41,BM41,BW41,CG41,CQ41,DA41) -> 10.5 | DL41: =SUM(F41,P41,Z41,AJ41,AT41,BD41,BN41,BX41,CH41,CR41,DB41) -> 10.5 | DM41: =SUM(G41,Q41,AA41,AK41,AU41,BE41,BO41,BY41,CI41,CS41,DC41) -> 10.5 | DN41: =SUM(H41,R41,AB41,AL41,AV41,BF41,BP41,BZ41,CJ41,CT41,DD41) -> 10.5 | DO41: =SUM(I41,S41,AC41,AM41,AW41,BG41,BQ41,CA41,CK41,CU41,DE41) -> 10.5 | DP41: =SUM(J41,T41,AD41,AN41,AX41,BH41,BR41,CB41,CL41,CV41,DF41) -> 10.5 | DR41: =SUM(DJ41:DQ41) -> 20139
A42: Aircraft Mechanic Helper | D42: 1 | E42: 1 | F42: 1 | G42: 1 | H42: 1 | I42: 1 | J42: 1 | L42: =SUM(D42:K42) -> 7 | N42: 1 | O42: 1 | P42: 1 | Q42: 1 | R42: 1 | S42: 1 | T42: 1 | V42: =SUM(N42:U42) -> 7 | X42: 1 | Y42: 1 | Z42: 1 | AA42: 1 | AB42: 1 | AC42: 1 | AD42: 1 | AF42: =SUM(X42:AE42) -> 7 | AH42: 1 | AI42: 1 | AJ42: 1 | AK42: 1 | AL42: 1 | AM42: 1 | AN42: 1 | AP42: =SUM(AH42:AO42) -> 7 | AR42: 1 | AS42: 1 | AT42: 1 | AU42: 1 | AV42: 1 | AW42: 1 | AX42: 1 | AZ42: =SUM(AR42:AY42) -> 7 | BB42: 1 | BC42: 1 | BD42: 1 | BE42: 1 | BF42: 1 | BG42: 1 | BH42: 1 | BJ42: =SUM(BB42:BI42) -> 7 | BL42: 1 | BM42: 1 | BN42: 1 | BO42: 1 | BP42: 1 | BQ42: 1 | BR42: 1 | BT42: =SUM(BL42:BS42) -> 7 | BV42: 1 | BW42: 1 | BX42: 1 | BY42: 1 | BZ42: 1 | CA42: 1 | CB42: 1 | CD42: =SUM(BV42:CC42) -> 7 | CF42: 1 | CG42: 1 | CH42: 1 | CI42: 1 | CJ42: 1 | CK42: 1 | CL42: 1 | CN42: =SUM(CF42:CM42) -> 7 | CP42: 1 | CQ42: 1 | CR42: 1 | CS42: 1 | CT42: 1 | CU42: 1 | CV42: 1 | CX42: =SUM(CP42:CW42) -> 7 | CZ42: =CP42/2 -> 0.5 | DA42: =CQ42/2 -> 0.5 | DB42: =CR42/2 -> 0.5 | DC42: =CS42/2 -> 0.5 | DD42: =CT42/2 -> 0.5 | DE42: =CU42/2 -> 0.5 | DF42: =CV42/2 -> 0.5 | DH42: =SUM(CZ42:DG42) -> 3.5 | DJ42: =SUM(D42,N42,X42,AH42,AR42,BB42,BL42,BV42,CF42,CP42,CZ42) -> 10.5 | DK42: =SUM(E42,O42,Y42,AI42,AS42,BC42,BM42,BW42,CG42,CQ42,DA42) -> 10.5 | DL42: =SUM(F42,P42,Z42,AJ42,AT42,BD42,BN42,BX42,CH42,CR42,DB42) -> 10.5 | DM42: =SUM(G42,Q42,AA42,AK42,AU42,BE42,BO42,BY42,CI42,CS42,DC42) -> 10.5 | DN42: =SUM(H42,R42,AB42,AL42,AV42,BF42,BP42,BZ42,CJ42,CT42,DD42) -> 10.5 | DO42: =SUM(I42,S42,AC42,AM42,AW42,BG42,BQ42,CA42,CK42,CU42,DE42) -> 10.5 | DP42: =SUM(J42,T42,AD42,AN42,AX42,BH42,BR42,CB42,CL42,CV42,DF42) -> 10.5 | DR42: =SUM(DJ42:DQ42) -> 73.5
A43: Aircraft Mechanic I | D43: 74563 | E43: 1 | F43: 1 | G43: 1 | H43: 1 | I43: 1 | J43: 1 | L43: =SUM(D43:K43) -> 74569 | N43: 74563 | O43: 1 | P43: 1 | Q43: 1 | R43: 1 | S43: 1 | T43: 1 | V43: =SUM(N43:U43) -> 74569 | X43: 74563 | Y43: 1 | Z43: 1 | AA43: 1 | AB43: 1 | AC43: 1 | AD43: 1 | AF43: =SUM(X43:AE43) -> 74569 | AH43: 74563 | AI43: 1 | AJ43: 1 | AK43: 1 | AL43: 1 | AM43: 1 | AN43: 1 | AP43: =SUM(AH43:AO43) -> 74569 | AR43: 74563 | AS43: 1 | AT43: 1 | AU43: 1 | AV43: 1 | AW43: 1 | AX43: 1 | AZ43: =SUM(AR43:AY43) -> 74569 | BB43: 74563 | BC43: 1 | BD43: 1 | BE43: 1 | BF43: 1 | BG43: 1 | BH43: 1 | BJ43: =SUM(BB43:BI43) -> 74569 | BL43: 74563 | BM43: 1 | BN43: 1 | BO43: 1 | BP43: 1 | BQ43: 1 | BR43: 1 | BT43: =SUM(BL43:BS43) -> 74569 | BV43: 74563 | BW43: 1 | BX43: 1 | BY43: 1 | BZ43: 1 | CA43: 1 | CB43: 1 | CD43: =SUM(BV43:CC43) -> 74569 | CF43: 74563 | CG43: 1 | CH43: 1 | CI43: 1 | CJ43: 1 | CK43: 1 | CL43: 1 | CN43: =SUM(CF43:CM43) -> 74569 | CP43: 74563 | CQ43: 1 | CR43: 1 | CS43: 1 | CT43: 1 | CU43: 1 | CV43: 1 | CX43: =SUM(CP43:CW43) -> 74569 | CZ43: =CP43/2 -> 37281.5 | DA43: =CQ43/2 -> 0.5 | DB43: =CR43/2 -> 0.5 | DC43: =CS43/2 -> 0.5 | DD43: =CT43/2 -> 0.5 | DE43: =CU43/2 -> 0.5 | DF43: =CV43/2 -> 0.5 | DH43: =SUM(CZ43:DG43) -> 37284.5 | DJ43: =SUM(D43,N43,X43,AH43,AR43,BB43,BL43,BV43,CF43,CP43,CZ43) -> 782911.5 | DK43: =SUM(E43,O43,Y43,AI43,AS43,BC43,BM43,BW43,CG43,CQ43,DA43) -> 10.5 | DL43: =SUM(F43,P43,Z43,AJ43,AT43,BD43,BN43,BX43,CH43,CR43,DB43) -> 10.5 | DM43: =SUM(G43,Q43,AA43,AK43,AU43,BE43,BO43,BY43,CI43,CS43,DC43) -> 10.5 | DN43: =SUM(H43,R43,AB43,AL43,AV43,BF43,BP43,BZ43,CJ43,CT43,DD43) -> 10.5 | DO43: =SUM(I43,S43,AC43,AM43,AW43,BG43,BQ43,CA43,CK43,CU43,DE43) -> 10.5 | DP43: =SUM(J43,T43,AD43,AN43,AX43,BH43,BR43,CB43,CL43,CV43,DF43) -> 10.5 | DR43: =SUM(DJ43:DQ43) -> 782974.5
A44: Aircraft Mechanic II | D44: 145311 | E44: 15273 | F44: 108572 | G44: 13360 | H44: 11448 | I44: 15273 | J44: 11448 | L44: =SUM(D44:K44) -> 320685 | N44: 145311 | O44: 15273 | P44: 108572 | Q44: 13360 | R44: 11448 | S44: 15273 | T44: 11448 | V44: =SUM(N44:U44) -> 320685 | X44: 145311 | Y44: 15273 | Z44: 108572 | AA44: 13360 | AB44: 11448 | AC44: 15273 | AD44: 11448 | AF44: =SUM(X44:AE44) -> 320685 | AH44: 145311 | AI44: 15273 | AJ44: 108572 | AK44: 13360 | AL44: 11448 | AM44: 15273 | AN44: 11448 | AP44: =SUM(AH44:AO44) -> 320685 | AR44: 145311 | AS44: 15273 | AT44: 108572 | AU44: 13360 | AV44: 11448 | AW44: 15273 | AX44: 11448 | AZ44: =SUM(AR44:AY44) -> 320685 | BB44: 145311 | BC44: 15273 | BD44: 108572 | BE44: 13360 | BF44: 11448 | BG44: 15273 | BH44: 11448 | BJ44: =SUM(BB44:BI44) -> 320685 | BL44: 145311 | BM44: 15273 | BN44: 108572 | BO44: 13360 | BP44: 11448 | BQ44: 15273 | BR44: 11448 | BT44: =SUM(BL44:BS44) -> 320685 | BV44: 145311 | BW44: 15273 | BX44: 108572 | BY44: 13360 | BZ44: 11448 | CA44: 15273 | CB44: 11448 | CD44: =SUM(BV44:CC44) -> 320685 | CF44: 145311 | CG44: 15273 | CH44: 108572 | CI44: 13360 | CJ44: 11448 | CK44: 15273 | CL44: 11448 | CN44: =SUM(CF44:CM44) -> 320685 | CP44: 145311 | CQ44: 15273 | CR44: 108572 | CS44: 13360 | CT44: 11448 | CU44: 15273 | CV44: 11448 | CX44: =SUM(CP44:CW44) -> 320685 | CZ44: =CP44/2 -> 72655.5 | DA44: =CQ44/2 -> 7636.5 | DB44: =CR44/2 -> 54286 | DC44: =CS44/2 -> 6680 | DD44: =CT44/2 -> 5724 | DE44: =CU44/2 -> 7636.5 | DF44: =CV44/2 -> 5724 | DH44: =SUM(CZ44:DG44) -> 160342.5 | DJ44: =SUM(D44,N44,X44,AH44,AR44,BB44,BL44,BV44,CF44,CP44,CZ44) -> 1525765.5 | DK44: =SUM(E44,O44,Y44,AI44,AS44,BC44,BM44,BW44,CG44,CQ44,DA44) -> 160366.5 | DL44: =SUM(F44,P44,Z44,AJ44,AT44,BD44,BN44,BX44,CH44,CR44,DB44) -> 1140006 | DM44: =SUM(G44,Q44,AA44,AK44,AU44,BE44,BO44,BY44,CI44,CS44,DC44) -> 140280 | DN44: =SUM(H44,R44,AB44,AL44,AV44,BF44,BP44,BZ44,CJ44,CT44,DD44) -> 120204 | DO44: =SUM(I44,S44,AC44,AM44,AW44,BG44,BQ44,CA44,CK44,CU44,DE44) -> 160366.5 | DP44: =SUM(J44,T44,AD44,AN44,AX44,BH44,BR44,CB44,CL44,CV44,DF44) -> 120204 | DR44: =SUM(DJ44:DQ44) -> 3367192.5
A45: Aircraft Mechanic III | D45: 28680 | E45: 3824 | F45: 29944 | G45: 3824 | H45: 3824 | I45: 3824 | J45: 3824 | L45: =SUM(D45:K45) -> 77744 | N45: 28680 | O45: 3824 | P45: 29944 | Q45: 3824 | R45: 3824 | S45: 3824 | T45: 3824 | V45: =SUM(N45:U45) -> 77744 | X45: 28680 | Y45: 3824 | Z45: 29944 | AA45: 3824 | AB45: 3824 | AC45: 3824 | AD45: 3824 | AF45: =SUM(X45:AE45) -> 77744 | AH45: 28680 | AI45: 3824 | AJ45: 29944 | AK45: 3824 | AL45: 3824 | AM45: 3824 | AN45: 3824 | AP45: =SUM(AH45:AO45) -> 77744 | AR45: 28680 | AS45: 3824 | AT45: 29944 | AU45: 3824 | AV45: 3824 | AW45: 3824 | AX45: 3824 | AZ45: =SUM(AR45:AY45) -> 77744 | BB45: 28680 | BC45: 3824 | BD45: 29944 | BE45: 3824 | BF45: 3824 | BG45: 3824 | BH45: 3824 | BJ45: =SUM(BB45:BI45) -> 77744 | BL45: 28680 | BM45: 3824 | BN45: 29944 | BO45: 3824 | BP45: 3824 | BQ45: 3824 | BR45: 3824 | BT45: =SUM(BL45:BS45) -> 77744 | BV45: 28680 | BW45: 3824 | BX45: 29944 | BY45: 3824 | BZ45: 3824 | CA45: 3824 | CB45: 3824 | CD45: =SUM(BV45:CC45) -> 77744 | CF45: 28680 | CG45: 3824 | CH45: 29944 | CI45: 3824 | CJ45: 3824 | CK45: 3824 | CL45: 3824 | CN45: =SUM(CF45:CM45) -> 77744 | CP45: 28680 | CQ45: 3824 | CR45: 29944 | CS45: 3824 | CT45: 3824 | CU45: 3824 | CV45: 3824 | CX45: =SUM(CP45:CW45) -> 77744 | CZ45: =CP45/2 -> 14340 | DA45: =CQ45/2 -> 1912 | DB45: =CR45/2 -> 14972 | DC45: =CS45/2 -> 1912 | DD45: =CT45/2 -> 1912 | DE45: =CU45/2 -> 1912 | DF45: =CV45/2 -> 1912 | DH45: =SUM(CZ45:DG45) -> 38872 | DJ45: =SUM(D45,N45,X45,AH45,AR45,BB45,BL45,BV45,CF45,CP45,CZ45) -> 301140 | DK45: =SUM(E45,O45,Y45,AI45,AS45,BC45,BM45,BW45,CG45,CQ45,DA45) -> 40152 | DL45: =SUM(F45,P45,Z45,AJ45,AT45,BD45,BN45,BX45,CH45,CR45,DB45) -> 314412 | DM45: =SUM(G45,Q45,AA45,AK45,AU45,BE45,BO45,BY45,CI45,CS45,DC45) -> 40152 | DN45: =SUM(H45,R45,AB45,AL45,AV45,BF45,BP45,BZ45,CJ45,CT45,DD45) -> 40152 | DO45: =SUM(I45,S45,AC45,AM45,AW45,BG45,BQ45,CA45,CK45,CU45,DE45) -> 40152 | DP45: =SUM(J45,T45,AD45,AN45,AX45,BH45,BR45,CB45,CL45,CV45,DF45) -> 40152 | DR45: =SUM(DJ45:DQ45) -> 816312
A46: Aircraft Painter | D46: 1912 | E46: 1 | F46: 1 | G46: 1 | H46: 1 | I46: 1 | J46: 1 | L46: =SUM(D46:K46) -> 1918 | N46: 1912 | O46: 1 | P46: 1 | Q46: 1 | R46: 1 | S46: 1 | T46: 1 | V46: =SUM(N46:U46) -> 1918 | X46: 1912 | Y46: 1 | Z46: 1 | AA46: 1 | AB46: 1 | AC46: 1 | AD46: 1 | AF46: =SUM(X46:AE46) -> 1918 | AH46: 1912 | AI46: 1 | AJ46: 1 | AK46: 1 | AL46: 1 | AM46: 1 | AN46: 1 | AP46: =SUM(AH46:AO46) -> 1918 | AR46: 1912 | AS46: 1 | AT46: 1 | AU46: 1 | AV46: 1 | AW46: 1 | AX46: 1 | AZ46: =SUM(AR46:AY46) -> 1918 | BB46: 1912 | BC46: 1 | BD46: 1 | BE46: 1 | BF46: 1 | BG46: 1 | BH46: 1 | BJ46: =SUM(BB46:BI46) -> 1918 | BL46: 1912 | BM46: 1 | BN46: 1 | BO46: 1 | BP46: 1 | BQ46: 1 | BR46: 1 | BT46: =SUM(BL46:BS46) -> 1918 | BV46: 1912 | BW46: 1 | BX46: 1 | BY46: 1 | BZ46: 1 | CA46: 1 | CB46: 1 | CD46: =SUM(BV46:CC46) -> 1918 | CF46: 1912 | CG46: 1 | CH46: 1 | CI46: 1 | CJ46: 1 | CK46: 1 | CL46: 1 | CN46: =SUM(CF46:CM46) -> 1918 | CP46: 1912 | CQ46: 1 | CR46: 1 | CS46: 1 | CT46: 1 | CU46: 1 | CV46: 1 | CX46: =SUM(CP46:CW46) -> 1918 | CZ46: =CP46/2 -> 956 | DA46: =CQ46/2 -> 0.5 | DB46: =CR46/2 -> 0.5 | DC46: =CS46/2 -> 0.5 | DD46: =CT46/2 -> 0.5 | DE46: =CU46/2 -> 0.5 | DF46: =CV46/2 -> 0.5 | DH46: =SUM(CZ46:DG46) -> 959 | DJ46: =SUM(D46,N46,X46,AH46,AR46,BB46,BL46,BV46,CF46,CP46,CZ46) -> 20076 | DK46: =SUM(E46,O46,Y46,AI46,AS46,BC46,BM46,BW46,CG46,CQ46,DA46) -> 10.5 | DL46: =SUM(F46,P46,Z46,AJ46,AT46,BD46,BN46,BX46,CH46,CR46,DB46) -> 10.5 | DM46: =SUM(G46,Q46,AA46,AK46,AU46,BE46,BO46,BY46,CI46,CS46,DC46) -> 10.5 | DN46: =SUM(H46,R46,AB46,AL46,AV46,BF46,BP46,BZ46,CJ46,CT46,DD46) -> 10.5 | DO46: =SUM(I46,S46,AC46,AM46,AW46,BG46,BQ46,CA46,CK46,CU46,DE46) -> 10.5 | DP46: =SUM(J46,T46,AD46,AN46,AX46,BH46,BR46,CB46,CL46,CV46,DF46) -> 10.5 | DR46: =SUM(DJ46:DQ46) -> 20139
A47: Aircraft Servicer | D47: 1 | E47: 1 | F47: 1 | G47: 1 | H47: 1 | I47: 1 | J47: 1 | L47: =SUM(D47:K47) -> 7 | N47: 1 | O47: 1 | P47: 1 | Q47: 1 | R47: 1 | S47: 1 | T47: 1 | V47: =SUM(N47:U47) -> 7 | X47: 1 | Y47: 1 | Z47: 1 | AA47: 1 | AB47: 1 | AC47: 1 | AD47: 1 | AF47: =SUM(X47:AE47) -> 7 | AH47: 1 | AI47: 1 | AJ47: 1 | AK47: 1 | AL47: 1 | AM47: 1 | AN47: 1 | AP47: =SUM(AH47:AO47) -> 7 | AR47: 1 | AS47: 1 | AT47: 1 | AU47: 1 | AV47: 1 | AW47: 1 | AX47: 1 | AZ47: =SUM(AR47:AY47) -> 7 | BB47: 1 | BC47: 1 | BD47: 1 | BE47: 1 | BF47: 1 | BG47: 1 | BH47: 1 | BJ47: =SUM(BB47:BI47) -> 7 | BL47: 1 | BM47: 1 | BN47: 1 | BO47: 1 | BP47: 1 | BQ47: 1 | BR47: 1 | BT47: =SUM(BL47:BS47) -> 7 | BV47: 1 | BW47: 1 | BX47: 1 | BY47: 1 | BZ47: 1 | CA47: 1 | CB47: 1 | CD47: =SUM(BV47:CC47) -> 7 | CF47: 1 | CG47: 1 | CH47: 1 | CI47: 1 | CJ47: 1 | CK47: 1 | CL47: 1 | CN47: =SUM(CF47:CM47) -> 7 | CP47: 1 | CQ47: 1 | CR47: 1 | CS47: 1 | CT47: 1 | CU47: 1 | CV47: 1 | CX47: =SUM(CP47:CW47) -> 7 | CZ47: =CP47/2 -> 0.5 | DA47: =CQ47/2 -> 0.5 | DB47: =CR47/2 -> 0.5 | DC47: =CS47/2 -> 0.5 | DD47: =CT47/2 -> 0.5 | DE47: =CU47/2 -> 0.5 | DF47: =CV47/2 -> 0.5 | DH47: =SUM(CZ47:DG47) -> 3.5 | DJ47: =SUM(D47,N47,X47,AH47,AR47,BB47,BL47,BV47,CF47,CP47,CZ47) -> 10.5 | DK47: =SUM(E47,O47,Y47,AI47,AS47,BC47,BM47,BW47,CG47,CQ47,DA47) -> 10.5 | DL47: =SUM(F47,P47,Z47,AJ47,AT47,BD47,BN47,BX47,CH47,CR47,DB47) -> 10.5 | DM47: =SUM(G47,Q47,AA47,AK47,AU47,BE47,BO47,BY47,CI47,CS47,DC47) -> 10.5 | DN47: =SUM(H47,R47,AB47,AL47,AV47,BF47,BP47,BZ47,CJ47,CT47,DD47) -> 10.5 | DO47: =SUM(I47,S47,AC47,AM47,AW47,BG47,BQ47,CA47,CK47,CU47,DE47) -> 10.5 | DP47: =SUM(J47,T47,AD47,AN47,AX47,BH47,BR47,CB47,CL47,CV47,DF47) -> 10.5 | DR47: =SUM(DJ47:DQ47) -> 73.5
A48: Aircraft Technical Inspector | D48: 30591 | E48: 3824 | F48: 18720 | G48: 1912 | H48: 3824 | I48: 3824 | J48: 3824 | L48: =SUM(D48:K48) -> 66519 | N48: 30591 | O48: 3824 | P48: 18720 | Q48: 1912 | R48: 3824 | S48: 3824 | T48: 3824 | V48: =SUM(N48:U48) -> 66519 | X48: 30591 | Y48: 3824 | Z48: 18720 | AA48: 1912 | AB48: 3824 | AC48: 3824 | AD48: 3824 | AF48: =SUM(X48:AE48) -> 66519 | AH48: 30591 | AI48: 3824 | AJ48: 18720 | AK48: 1912 | AL48: 3824 | AM48: 3824 | AN48: 3824 | AP48: =SUM(AH48:AO48) -> 66519 | AR48: 30591 | AS48: 3824 | AT48: 18720 | AU48: 1912 | AV48: 3824 | AW48: 3824 | AX48: 3824 | AZ48: =SUM(AR48:AY48) -> 66519 | BB48: 30591 | BC48: 3824 | BD48: 18720 | BE48: 1912 | BF48: 3824 | BG48: 3824 | BH48: 3824 | BJ48: =SUM(BB48:BI48) -> 66519 | BL48: 30591 | BM48: 3824 | BN48: 18720 | BO48: 1912 | BP48: 3824 | BQ48: 3824 | BR48: 3824 | BT48: =SUM(BL48:BS48) -> 66519 | BV48: 30591 | BW48: 3824 | BX48: 18720 | BY48: 1912 | BZ48: 3824 | CA48: 3824 | CB48: 3824 | CD48: =SUM(BV48:CC48) -> 66519 | CF48: 30591 | CG48: 3824 | CH48: 18720 | CI48: 1912 | CJ48: 3824 | CK48: 3824 | CL48: 3824 | CN48: =SUM(CF48:CM48) -> 66519 | CP48: 30591 | CQ48: 3824 | CR48: 18720 | CS48: 1912 | CT48: 3824 | CU48: 3824 | CV48: 3824 | CX48: =SUM(CP48:CW48) -> 66519 | CZ48: =CP48/2 -> 15295.5 | DA48: =CQ48/2 -> 1912 | DB48: =CR48/2 -> 9360 | DC48: =CS48/2 -> 956 | DD48: =CT48/2 -> 1912 | DE48: =CU48/2 -> 1912 | DF48: =CV48/2 -> 1912 | DH48: =SUM(CZ48:DG48) -> 33259.5 | DJ48: =SUM(D48,N48,X48,AH48,AR48,BB48,BL48,BV48,CF48,CP48,CZ48) -> 321205.5 | DK48: =SUM(E48,O48,Y48,AI48,AS48,BC48,BM48,BW48,CG48,CQ48,DA48) -> 40152 | DL48: =SUM(F48,P48,Z48,AJ48,AT48,BD48,BN48,BX48,CH48,CR48,DB48) -> 196560 | DM48: =SUM(G48,Q48,AA48,AK48,AU48,BE48,BO48,BY48,CI48,CS48,DC48) -> 20076 | DN48: =SUM(H48,R48,AB48,AL48,AV48,BF48,BP48,BZ48,CJ48,CT48,DD48) -> 40152 | DO48: =SUM(I48,S48,AC48,AM48,AW48,BG48,BQ48,CA48,CK48,CU48,DE48) -> 40152 | DP48: =SUM(J48,T48,AD48,AN48,AX48,BH48,BR48,CB48,CL48,CV48,DF48) -> 40152 | DR48: =SUM(DJ48:DQ48) -> 698449.5
A49: Aircraft Worker | D49: 1 | E49: 1 | F49: 1 | G49: 1 | H49: 1 | I49: 1 | J49: 1 | L49: =SUM(D49:K49) -> 7 | N49: 1 | O49: 1 | P49: 1 | Q49: 1 | R49: 1 | S49: 1 | T49: 1 | V49: =SUM(N49:U49) -> 7 | X49: 1 | Y49: 1 | Z49: 1 | AA49: 1 | AB49: 1 | AC49: 1 | AD49: 1 | AF49: =SUM(X49:AE49) -> 7 | AH49: 1 | AI49: 1 | AJ49: 1 | AK49: 1 | AL49: 1 | AM49: 1 | AN49: 1 | AP49: =SUM(AH49:AO49) -> 7 | AR49: 1 | AS49: 1 | AT49: 1 | AU49: 1 | AV49: 1 | AW49: 1 | AX49: 1 | AZ49: =SUM(AR49:AY49) -> 7 | BB49: 1 | BC49: 1 | BD49: 1 | BE49: 1 | BF49: 1 | BG49: 1 | BH49: 1 | BJ49: =SUM(BB49:BI49) -> 7 | BL49: 1 | BM49: 1 | BN49: 1 | BO49: 1 | BP49: 1 | BQ49: 1 | BR49: 1 | BT49: =SUM(BL49:BS49) -> 7 | BV49: 1 | BW49: 1 | BX49: 1 | BY49: 1 | BZ49: 1 | CA49: 1 | CB49: 1 | CD49: =SUM(BV49:CC49) -> 7 | CF49: 1 | CG49: 1 | CH49: 1 | CI49: 1 | CJ49: 1 | CK49: 1 | CL49: 1 | CN49: =SUM(CF49:CM49) -> 7 | CP49: 1 | CQ49: 1 | CR49: 1 | CS49: 1 | CT49: 1 | CU49: 1 | CV49: 1 | CX49: =SUM(CP49:CW49) -> 7 | CZ49: =CP49/2 -> 0.5 | DA49: =CQ49/2 -> 0.5 | DB49: =CR49/2 -> 0.5 | DC49: =CS49/2 -> 0.5 | DD49: =CT49/2 -> 0.5 | DE49: =CU49/2 -> 0.5 | DF49: =CV49/2 -> 0.5 | DH49: =SUM(CZ49:DG49) -> 3.5 | DJ49: =SUM(D49,N49,X49,AH49,AR49,BB49,BL49,BV49,CF49,CP49,CZ49) -> 10.5 | DK49: =SUM(E49,O49,Y49,AI49,AS49,BC49,BM49,BW49,CG49,CQ49,DA49) -> 10.5 | DL49: =SUM(F49,P49,Z49,AJ49,AT49,BD49,BN49,BX49,CH49,CR49,DB49) -> 10.5 | DM49: =SUM(G49,Q49,AA49,AK49,AU49,BE49,BO49,BY49,CI49,CS49,DC49) -> 10.5 | DN49: =SUM(H49,R49,AB49,AL49,AV49,BF49,BP49,BZ49,CJ49,CT49,DD49) -> 10.5 | DO49: =SUM(I49,S49,AC49,AM49,AW49,BG49,BQ49,CA49,CK49,CU49,DE49) -> 10.5 | DP49: =SUM(J49,T49,AD49,AN49,AX49,BH49,BR49,CB49,CL49,CV49,DF49) -> 10.5 | DR49: =SUM(DJ49:DQ49) -> 73.5
A50: Aviation Life Support Equipment (ALSE) Technical Inspector | D50: 3824 | E50: 1 | F50: 1 | G50: 1 | H50: 1 | I50: 1 | J50: 1 | L50: =SUM(D50:K50) -> 3830 | N50: 3824 | O50: 1 | P50: 1 | Q50: 1 | R50: 1 | S50: 1 | T50: 1 | V50: =SUM(N50:U50) -> 3830 | X50: 3824 | Y50: 1 | Z50: 1 | AA50: 1 | AB50: 1 | AC50: 1 | AD50: 1 | AF50: =SUM(X50:AE50) -> 3830 | AH50: 3824 | AI50: 1 | AJ50: 1 | AK50: 1 | AL50: 1 | AM50: 1 | AN50: 1 | AP50: =SUM(AH50:AO50) -> 3830 | AR50: 3824 | AS50: 1 | AT50: 1 | AU50: 1 | AV50: 1 | AW50: 1 | AX50: 1 | AZ50: =SUM(AR50:AY50) -> 3830 | BB50: 3824 | BC50: 1 | BD50: 1 | BE50: 1 | BF50: 1 | BG50: 1 | BH50: 1 | BJ50: =SUM(BB50:BI50) -> 3830 | BL50: 3824 | BM50: 1 | BN50: 1 | BO50: 1 | BP50: 1 | BQ50: 1 | BR50: 1 | BT50: =SUM(BL50:BS50) -> 3830 | BV50: 3824 | BW50: 1 | BX50: 1 | BY50: 1 | BZ50: 1 | CA50: 1 | CB50: 1 | CD50: =SUM(BV50:CC50) -> 3830 | CF50: 3824 | CG50: 1 | CH50: 1 | CI50: 1 | CJ50: 1 | CK50: 1 | CL50: 1 | CN50: =SUM(CF50:CM50) -> 3830 | CP50: 3824 | CQ50: 1 | CR50: 1 | CS50: 1 | CT50: 1 | CU50: 1 | CV50: 1 | CX50: =SUM(CP50:CW50) -> 3830 | CZ50: =CP50/2 -> 1912 | DA50: =CQ50/2 -> 0.5 | DB50: =CR50/2 -> 0.5 | DC50: =CS50/2 -> 0.5 | DD50: =CT50/2 -> 0.5 | DE50: =CU50/2 -> 0.5 | DF50: =CV50/2 -> 0.5 | DH50: =SUM(CZ50:DG50) -> 1915 | DJ50: =SUM(D50,N50,X50,AH50,AR50,BB50,BL50,BV50,CF50,CP50,CZ50) -> 40152 | DK50: =SUM(E50,O50,Y50,AI50,AS50,BC50,BM50,BW50,CG50,CQ50,DA50) -> 10.5 | DL50: =SUM(F50,P50,Z50,AJ50,AT50,BD50,BN50,BX50,CH50,CR50,DB50) -> 10.5 | DM50: =SUM(G50,Q50,AA50,AK50,AU50,BE50,BO50,BY50,CI50,CS50,DC50) -> 10.5 | DN50: =SUM(H50,R50,AB50,AL50,AV50,BF50,BP50,BZ50,CJ50,CT50,DD50) -> 10.5 | DO50: =SUM(I50,S50,AC50,AM50,AW50,BG50,BQ50,CA50,CK50,CU50,DE50) -> 10.5 | DP50: =SUM(J50,T50,AD50,AN50,AX50,BH50,BR50,CB50,CL50,CV50,DF50) -> 10.5 | DR50: =SUM(DJ50:DQ50) -> 40215
A51: Aviation Life Support Equipment (ALSE) Technician | D51: 1 | E51: 1 | F51: 3744 | G51: 1 | H51: 1 | I51: 1 | J51: 1 | L51: =SUM(D51:K51) -> 3750 | N51: 1 | O51: 1 | P51: 3744 | Q51: 1 | R51: 1 | S51: 1 | T51: 1 | V51: =SUM(N51:U51) -> 3750 | X51: 1 | Y51: 1 | Z51: 3744 | AA51: 1 | AB51: 1 | AC51: 1 | AD51: 1 | AF51: =SUM(X51:AE51) -> 3750 | AH51: 1 | AI51: 1 | AJ51: 3744 | AK51: 1 | AL51: 1 | AM51: 1 | AN51: 1 | AP51: =SUM(AH51:AO51) -> 3750 | AR51: 1 | AS51: 1 | AT51: 3744 | AU51: 1 | AV51: 1 | AW51: 1 | AX51: 1 | AZ51: =SUM(AR51:AY51) -> 3750 | BB51: 1 | BC51: 1 | BD51: 3744 | BE51: 1 | BF51: 1 | BG51: 1 | BH51: 1 | BJ51: =SUM(BB51:BI51) -> 3750 | BL51: 1 | BM51: 1 | BN51: 3744 | BO51: 1 | BP51: 1 | BQ51: 1 | BR51: 1 | BT51: =SUM(BL51:BS51) -> 3750 | BV51: 1 | BW51: 1 | BX51: 3744 | BY51: 1 | BZ51: 1 | CA51: 1 | CB51: 1 | CD51: =SUM(BV51:CC51) -> 3750 | CF51: 1 | CG51: 1 | CH51: 3744 | CI51: 1 | CJ51: 1 | CK51: 1 | CL51: 1 | CN51: =SUM(CF51:CM51) -> 3750 | CP51: 1 | CQ51: 1 | CR51: 3744 | CS51: 1 | CT51: 1 | CU51: 1 | CV51: 1 | CX51: =SUM(CP51:CW51) -> 3750 | CZ51: =CP51/2 -> 0.5 | DA51: =CQ51/2 -> 0.5 | DB51: =CR51/2 -> 1872 | DC51: =CS51/2 -> 0.5 | DD51: =CT51/2 -> 0.5 | DE51: =CU51/2 -> 0.5 | DF51: =CV51/2 -> 0.5 | DH51: =SUM(CZ51:DG51) -> 1875 | DJ51: =SUM(D51,N51,X51,AH51,AR51,BB51,BL51,BV51,CF51,CP51,CZ51) -> 10.5 | DK51: =SUM(E51,O51,Y51,AI51,AS51,BC51,BM51,BW51,CG51,CQ51,DA51) -> 10.5 | DL51: =SUM(F51,P51,Z51,AJ51,AT51,BD51,BN51,BX51,CH51,CR51,DB51) -> 39312 | DM51: =SUM(G51,Q51,AA51,AK51,AU51,BE51,BO51,BY51,CI51,CS51,DC51) -> 10.5 | DN51: =SUM(H51,R51,AB51,AL51,AV51,BF51,BP51,BZ51,CJ51,CT51,DD51) -> 10.5 | DO51: =SUM(I51,S51,AC51,AM51,AW51,BG51,BQ51,CA51,CK51,CU51,DE51) -> 10.5 | DP51: =SUM(J51,T51,AD51,AN51,AX51,BH51,BR51,CB51,CL51,CV51,DF51) -> 10.5 | DR51: =SUM(DJ51:DQ51) -> 39375
A52: Ground Inspector | D52: 1 | E52: 1 | F52: 1 | G52: 1 | H52: 1 | I52: 1 | J52: 1 | L52: =SUM(D52:K52) -> 7 | N52: 1 | O52: 1 | P52: 1 | Q52: 1 | R52: 1 | S52: 1 | T52: 1 | V52: =SUM(N52:U52) -> 7 | X52: 1 | Y52: 1 | Z52: 1 | AA52: 1 | AB52: 1 | AC52: 1 | AD52: 1 | AF52: =SUM(X52:AE52) -> 7 | AH52: 1 | AI52: 1 | AJ52: 1 | AK52: 1 | AL52: 1 | AM52: 1 | AN52: 1 | AP52: =SUM(AH52:AO52) -> 7 | AR52: 1 | AS52: 1 | AT52: 1 | AU52: 1 | AV52: 1 | AW52: 1 | AX52: 1 | AZ52: =SUM(AR52:AY52) -> 7 | BB52: 1 | BC52: 1 | BD52: 1 | BE52: 1 | BF52: 1 | BG52: 1 | BH52: 1 | BJ52: =SUM(BB52:BI52) -> 7 | BL52: 1 | BM52: 1 | BN52: 1 | BO52: 1 | BP52: 1 | BQ52: 1 | BR52: 1 | BT52: =SUM(BL52:BS52) -> 7 | BV52: 1 | BW52: 1 | BX52: 1 | BY52: 1 | BZ52: 1 | CA52: 1 | CB52: 1 | CD52: =SUM(BV52:CC52) -> 7 | CF52: 1 | CG52: 1 | CH52: 1 | CI52: 1 | CJ52: 1 | CK52: 1 | CL52: 1 | CN52: =SUM(CF52:CM52) -> 7 | CP52: 1 | CQ52: 1 | CR52: 1 | CS52: 1 | CT52: 1 | CU52: 1 | CV52: 1 | CX52: =SUM(CP52:CW52) -> 7 | CZ52: =CP52/2 -> 0.5 | DA52: =CQ52/2 -> 0.5 | DB52: =CR52/2 -> 0.5 | DC52: =CS52/2 -> 0.5 | DD52: =CT52/2 -> 0.5 | DE52: =CU52/2 -> 0.5 | DF52: =CV52/2 -> 0.5 | DH52: =SUM(CZ52:DG52) -> 3.5 | DJ52: =SUM(D52,N52,X52,AH52,AR52,BB52,BL52,BV52,CF52,CP52,CZ52) -> 10.5 | DK52: =SUM(E52,O52,Y52,AI52,AS52,BC52,BM52,BW52,CG52,CQ52,DA52) -> 10.5 | DL52: =SUM(F52,P52,Z52,AJ52,AT52,BD52,BN52,BX52,CH52,CR52,DB52) -> 10.5 | DM52: =SUM(G52,Q52,AA52,AK52,AU52,BE52,BO52,BY52,CI52,CS52,DC52) -> 10.5 | DN52: =SUM(H52,R52,AB52,AL52,AV52,BF52,BP52,BZ52,CJ52,CT52,DD52) -> 10.5 | DO52: =SUM(I52,S52,AC52,AM52,AW52,BG52,BQ52,CA52,CK52,CU52,DE52) -> 10.5 | DP52: =SUM(J52,T52,AD52,AN52,AX52,BH52,BR52,CB52,CL52,CV52,DF52) -> 10.5 | DR52: =SUM(DJ52:DQ52) -> 73.5
... A67: Woodworker | D67: 1912 | E67: 1 | F67: 1 | G67: 1 | H67: 1 | I67: 1 | J67: 1 | L67: =SUM(D67:K67) -> 1918 | N67: 1912 | O67: 1 | P67: 1 | Q67: 1 | R67: 1 | S67: 1 | T67: 1 | V67: =SUM(N67:U67) -> 1918 | X67: 1912 | Y67: 1 | Z67: 1 | AA67: 1 | AB67: 1 | AC67: 1 | AD67: 1 | AF67: =SUM(X67:AE67) -> 1918 | AH67: 1912 | AI67: 1 | AJ67: 1 | AK67: 1 | AL67: 1 | AM67: 1 | AN67: 1 | AP67: =SUM(AH67:AO67) -> 1918 | AR67: 1912 | AS67: 1 | AT67: 1 | AU67: 1 | AV67: 1 | AW67: 1 | AX67: 1 | AZ67: =SUM(AR67:AY67) -> 1918 | BB67: 1912 | BC67: 1 | BD67: 1 | BE67: 1 | BF67: 1 | BG67: 1 | BH67: 1 | BJ67: =SUM(BB67:BI67) -> 1918 | BL67: 1912 | BM67: 1 | BN67: 1 | BO67: 1 | BP67: 1 | BQ67: 1 | BR67: 1 | BT67: =SUM(BL67:BS67) -> 1918 | BV67: 1912 | BW67: 1 | BX67: 1 | BY67: 1 | BZ67: 1 | CA67: 1 | CB67: 1 | CD67: =SUM(BV67:CC67) -> 1918 | CF67: 1912 | CG67: 1 | CH67: 1 | CI67: 1 | CJ67: 1 | CK67: 1 | CL67: 1 | CN67: =SUM(CF67:CM67) -> 1918 | CP67: 1912 | CQ67: 1 | CR67: 1 | CS67: 1 | CT67: 1 | CU67: 1 | CV67: 1 | CX67: =SUM(CP67:CW67) -> 1918 | CZ67: =CP67/2 -> 956 | DA67: =CQ67/2 -> 0.5 | DB67: =CR67/2 -> 0.5 | DC67: =CS67/2 -> 0.5 | DD67: =CT67/2 -> 0.5 | DE67: =CU67/2 -> 0.5 | DF67: =CV67/2 -> 0.5 | DH67: =SUM(CZ67:DG67) -> 959 | DJ67: =SUM(D67,N67,X67,AH67,AR67,BB67,BL67,BV67,CF67,CP67,CZ67) -> 20076 | DK67: =SUM(E67,O67,Y67,AI67,AS67,BC67,BM67,BW67,CG67,CQ67,DA67) -> 10.5 | DL67: =SUM(F67,P67,Z67,AJ67,AT67,BD67,BN67,BX67,CH67,CR67,DB67) -> 10.5 | DM67: =SUM(G67,Q67,AA67,AK67,AU67,BE67,BO67,BY67,CI67,CS67,DC67) -> 10.5 | DN67: =SUM(H67,R67,AB67,AL67,AV67,BF67,BP67,BZ67,CJ67,CT67,DD67) -> 10.5 | DO67: =SUM(I67,S67,AC67,AM67,AW67,BG67,BQ67,CA67,CK67,CU67,DE67) -> 10.5 | DP67: =SUM(J67,T67,AD67,AN67,AX67,BH67,BR67,CB67,CL67,CV67,DF67) -> 10.5 | DR67: =SUM(DJ67:DQ67) -> 20139
D68: =SUM(D41:D67) -> 386224 | E68: =SUM(E41:E67) -> 26768 | F68: =SUM(F41:F67) -> 198432 | G68: =SUM(G41:G67) -> 19120 | H68: =SUM(H41:H67) -> 19120 | I68: =SUM(I41:I67) -> 26768 | J68: =SUM(J41:J67) -> 19120 | L68: =SUM(L41:L67) -> 695552 | N68: =SUM(N41:N67) -> 386224 | O68: =SUM(O41:O67) -> 26768 | P68: =SUM(P41:P67) -> 198432 | Q68: =SUM(Q41:Q67) -> 19120 | R68: =SUM(R41:R67) -> 19120 | S68: =SUM(S41:S67) -> 26768 | T68: =SUM(T41:T67) -> 19120 | V68: =SUM(V41:V67) -> 695552 | X68: =SUM(X41:X67) -> 386224 | Y68: =SUM(Y41:Y67) -> 26768 | Z68: =SUM(Z41:Z67) -> 198432 | AA68: =SUM(AA41:AA67) -> 19120 | AB68: =SUM(AB41:AB67) -> 19120 | AC68: =SUM(AC41:AC67) -> 26768 | AD68: =SUM(AD41:AD67) -> 19120 | AF68: =SUM(AF41:AF67) -> 695552 | AH68: =SUM(AH41:AH67) -> 386224 | AI68: =SUM(AI41:AI67) -> 26768 | AJ68: =SUM(AJ41:AJ67) -> 198432 | AK68: =SUM(AK41:AK67) -> 19120 | AL68: =SUM(AL41:AL67) -> 19120 | AM68: =SUM(AM41:AM67) -> 26768 | AN68: =SUM(AN41:AN67) -> 19120 | AP68: =SUM(AP41:AP67) -> 695552 | AR68: =SUM(AR41:AR67) -> 386224 | AS68: =SUM(AS41:AS67) -> 26768 | AT68: =SUM(AT41:AT67) -> 198432 | AU68: =SUM(AU41:AU67) -> 19120 | AV68: =SUM(AV41:AV67) -> 19120 | AW68: =SUM(AW41:AW67) -> 26768 | AX68: =SUM(AX41:AX67) -> 19120 | AZ68: =SUM(AZ41:AZ67) -> 695552 | BB68: =SUM(BB41:BB67) -> 386224 | BC68: =SUM(BC41:BC67) -> 26768 | BD68: =SUM(BD41:BD67) -> 198432 | BE68: =SUM(BE41:BE67) -> 19120 | BF68: =SUM(BF41:BF67) -> 19120 | BG68: =SUM(BG41:BG67) -> 26768 | BH68: =SUM(BH41:BH67) -> 19120 | BJ68: =SUM(BJ41:BJ67) -> 695552 | BL68: =SUM(BL41:BL67) -> 386224 | BM68: =SUM(BM41:BM67) -> 26768 | BN68: =SUM(BN41:BN67) -> 198432 | BO68: =SUM(BO41:BO67) -> 19120 | BP68: =SUM(BP41:BP67) -> 19120 | BQ68: =SUM(BQ41:BQ67) -> 26768 | BR68: =SUM(BR41:BR67) -> 19120 | BT68: =SUM(BT41:BT67) -> 695552 | BV68: =SUM(BV41:BV67) -> 386224 | BW68: =SUM(BW41:BW67) -> 26768 | BX68: =SUM(BX41:BX67) -> 198432 | BY68: =SUM(BY41:BY67) -> 19120 | BZ68: =SUM(BZ41:BZ67) -> 19120 | CA68: =SUM(CA41:CA67) -> 26768 | CB68: =SUM(CB41:CB67) -> 19120 | CD68: =SUM(CD41:CD67) -> 695552 | CF68: =SUM(CF41:CF67) -> 386224 | CG68: =SUM(CG41:CG67) -> 26768 | CH68: =SUM(CH41:CH67) -> 198432 | CI68: =SUM(CI41:CI67) -> 19120 | CJ68: =SUM(CJ41:CJ67) -> 19120 | CK68: =SUM(CK41:CK67) -> 26768 | CL68: =SUM(CL41:CL67) -> 19120 | CN68: =SUM(CN41:CN67) -> 695552 | CP68: =SUM(CP41:CP67) -> 386224 | CQ68: =SUM(CQ41:CQ67) -> 26768 | CR68: =SUM(CR41:CR67) -> 198432 | CS68: =SUM(CS41:CS67) -> 19120 | CT68: =SUM(CT41:CT67) -> 19120 | CU68: =SUM(CU41:CU67) -> 26768 | CV68: =SUM(CV41:CV67) -> 19120 | CX68: =SUM(CX41:CX67) -> 695552 | CZ68: =SUM(CZ41:CZ67) -> 193112 | DA68: =SUM(DA41:DA67) -> 13384 | DB68: =SUM(DB41:DB67) -> 99216 | DC68: =SUM(DC41:DC67) -> 9560 | DD68: =SUM(DD41:DD67) -> 9560 | DE68: =SUM(DE41:DE67) -> 13384 | DF68: =SUM(DF41:DF67) -> 9560 | DH68: =SUM(DH41:DH67) -> 347776 | DJ68: =SUM(DJ41:DJ67) -> 4055352 | DK68: =SUM(DK41:DK67) -> 281064 | DL68: =SUM(DL41:DL67) -> 2083536 | DM68: =SUM(DM41:DM67) -> 200760 | DN68: =SUM(DN41:DN67) -> 200760 | DO68: =SUM(DO41:DO67) -> 281064 | DP68: =SUM(DP41:DP67) -> 200760 | DR68: =SUM(DR41:DR67) -> 7303296
L70: =L37+L68 -> 1699352 | V70: =V37+V68 -> 1699352 | AF70: =AF37+AF68 -> 1699352 | AP70: =AP37+AP68 -> 1699352 | AZ70: =AZ37+AZ68 -> 1699352 | BJ70: =BJ37+BJ68 -> 1699352 | BT70: =BT37+BT68 -> 1699352 | CD70: =CD37+CD68 -> 1699352 | CN70: =CN37+CN68 -> 1699352 | CX70: =CX37+CX68 -> 1699352 | DH70: =DH37+DH68 -> 849676 | DR70: =DR37+DR68 -> 17843196

Sheet 2a. T&M Schedule_Prime_CONUS
A1: AFM East Region
A2: ='Template Instructions'!A2 -> Solicitation No.: | B2: ='Template Instructions'!B2 -> Insert Solicitation Number
A3: ='Template Instructions'!A3 -> Prime Offeror Name: | B3: ='Template Instructions'!B3 -> Insert Prime Offeror Company name
A4: ='Template Instructions'!A4 -> CAGE Code: | B4: ='Template Instructions'!B4 -> Insert Prime Offeror Cage Code
A7: Offerors are responsible for ensuring that all calculations are accurate and flow throughout the workbook as required.
F9: Base Period (CLIN 1010) | X9: Option Period 1 (CLIN 1110) | AP9: Option Period 2 (CLIN 1210) | BH9: Option Period 3 (CLIN 1310) | BZ9: Option Period 4 (CLIN 1410) | CR9: Option Period 5 (CLIN 1510) | DJ9: Option Period 6 (CLIN 1610) | EB9: Option Period 7 (CLIN 1710) | ET9: Option Period 8 (CLIN 1810) | FL9: Option Period 9 (CLIN 1910) | GD9: 6-month Option to Extend (CLIN 1960)
A10: Section 1. | F10: Proposed Base Rate | X10: Proposed Base Rate | AP10: Proposed Base Rate | BH10: Proposed Base Rate | BZ10: Proposed Base Rate | CR10: Proposed Base Rate | DJ10: Proposed Base Rate | EB10: Proposed Base Rate | ET10: Proposed Base Rate | FL10: Proposed Base Rate | GD10: Proposed Base Rate
A11: Contract Labor Category | B11: SCLS (WD) Labor Category (if applicable) | C11: SCLS (WD) Labor Code (if applicable) | D11: SCLS (CBA) Labor Category (if applicable) | E11: SCLS (CBA) Labor Code (if applicable) | F11: Ft. Campbell, KY | G11: Ft. Campbell, KY OT | H11: Ft. Drum, NY | I11: Ft. Drum, NY OT | J11: APG, MD | K11: APG, MD OT | L11: Ft. Stewart, GA | M11: Ft. Stewart, GA OT | N11: Ft. Liberty/Ft. Bragg, NC | O11: Ft. Liberty/Ft. Bragg, NC OT | P11: Jacksonville, FL | Q11: Jacksonville, FL OT | R11: Marietta, GA | S11: Marietta, GA OT | T11: Other CONUS Locations | U11: Other CONUS Locations OT | X11: Ft. Campbell, KY | Y11: Ft. Campbell, KY OT | Z11: Ft. Drum, NY | AA11: Ft. Drum, NY OT | AB11: APG, MD | AC11: APG, MD OT | AD11: Ft. Stewart, GA | AE11: Ft. Stewart, GA OT | AF11: Ft. Liberty/Ft. Bragg, NC | AG11: Ft. Liberty/Ft. Bragg, NC OT | AH11: Jacksonville, FL | AI11: Jacksonville, FL OT | AJ11: Marietta, GA | AK11: Marietta, GA OT | AL11: Other CONUS Locations | AM11: Other CONUS Locations OT | AP11: Ft. Campbell, KY | AQ11: Ft. Campbell, KY OT | AR11: Ft. Drum, NY | AS11: Ft. Drum, NY OT | AT11: APG, MD | AU11: APG, MD OT | AV11: Ft. Stewart, GA | AW11: Ft. Stewart, GA OT | AX11: Ft. Liberty/Ft. Bragg, NC | AY11: Ft. Liberty/Ft. Bragg, NC OT | AZ11: Jacksonville, FL | BA11: Jacksonville, FL OT | BB11: Marietta, GA | BC11: Marietta, GA OT | BD11: Other CONUS Locations | BE11: Other CONUS Locations OT | BH11: Ft. Campbell, KY | BI11: Ft. Campbell, KY OT | BJ11: Ft. Drum, NY | BK11: Ft. Drum, NY OT | BL11: APG, MD | BM11: APG, MD OT | BN11: Ft. Stewart, GA | BO11: Ft. Stewart, GA OT | BP11: Ft. Liberty/Ft. Bragg, NC | BQ11: Ft. Liberty/Ft. Bragg, NC OT | BR11: Jacksonville, FL | BS11: Jacksonville, FL OT | BT11: Marietta, GA | BU11: Marietta, GA OT | BV11: Other CONUS Locations | BW11: Other CONUS Locations OT | BZ11: Ft. Campbell, KY | CA11: Ft. Campbell, KY OT | CB11: Ft. Drum, NY | CC11: Ft. Drum, NY OT | CD11: APG, MD | CE11: APG, MD OT | CF11: Ft. Stewart, GA | CG11: Ft. Stewart, GA OT | CH11: Ft. Liberty/Ft. Bragg, NC | CI11: Ft. Liberty/Ft. Bragg, NC OT | CJ11: Jacksonville, FL | CK11: Jacksonville, FL OT | CL11: Marietta, GA | CM11: Marietta, GA OT | CN11: Other CONUS Locations | CO11: Other CONUS Locations OT | CR11: Ft. Campbell, KY | CS11: Ft. Campbell, KY OT | CT11: Ft. Drum, NY | CU11: Ft. Drum, NY OT | CV11: APG, MD | CW11: APG, MD OT | CX11: Ft. Stewart, GA | CY11: Ft. Stewart, GA OT | CZ11: Ft. Liberty/Ft. Bragg, NC | DA11: Ft. Liberty/Ft. Bragg, NC OT | DB11: Jacksonville, FL | DC11: Jacksonville, FL OT | DD11: Marietta, GA | DE11: Marietta, GA OT | DF11: Other CONUS Locations | DG11: Other CONUS Locations OT | DJ11: Ft. Campbell, KY | DK11: Ft. Campbell, KY OT | DL11: Ft. Drum, NY | DM11: Ft. Drum, NY OT | DN11: APG, MD | DO11: APG, MD OT | DP11: Ft. Stewart, GA | DQ11: Ft. Stewart, GA OT | DR11: Ft. Liberty/Ft. Bragg, NC | DS11: Ft. Liberty/Ft. Bragg, NC OT | DT11: Jacksonville, FL | DU11: Jacksonville, FL OT | DV11: Marietta, GA | DW11: Marietta, GA OT | DX11: Other CONUS Locations | DY11: Other CONUS Locations OT | EB11: Ft. Campbell, KY | EC11: Ft. Campbell, KY OT | ED11: Ft. Drum, NY | EE11: Ft. Drum, NY OT | EF11: APG, MD | EG11: APG, MD OT | EH11: Ft. Stewart, GA | EI11: Ft. Stewart, GA OT | EJ11: Ft. Liberty/Ft. Bragg, NC | EK11: Ft. Liberty/Ft. Bragg, NC OT | EL11: Jacksonville, FL | EM11: Jacksonville, FL OT | EN11: Marietta, GA | EO11: Marietta, GA OT | EP11: Other CONUS Locations | EQ11: Other CONUS Locations OT | ET11: Ft. Campbell, KY | EU11: Ft. Campbell, KY OT | EV11: Ft. Drum, NY | EW11: Ft. Drum, NY OT | EX11: APG, MD | EY11: APG, MD OT | EZ11: Ft. Stewart, GA | FA11: Ft. Stewart, GA OT | FB11: Ft. Liberty/Ft. Bragg, NC | FC11: Ft. Liberty/Ft. Bragg, NC OT | FD11: Jacksonville, FL | FE11: Jacksonville, FL OT | FF11: Marietta, GA | FG11: Marietta, GA OT | FH11: Other CONUS Locations | FI11: Other CONUS Locations OT | FL11: Ft. Campbell, KY | FM11: Ft. Campbell, KY OT | FN11: Ft. Drum, NY | FO11: Ft. Drum, NY OT | FP11: APG, MD | FQ11: APG, MD OT | FR11: Ft. Stewart, GA | FS11: Ft. Stewart, GA OT | FT11: Ft. Liberty/Ft. Bragg, NC | FU11: Ft. Liberty/Ft. Bragg, NC OT | FV11: Jacksonville, FL | FW11: Jacksonville, FL OT | FX11: Marietta, GA | FY11: Marietta, GA OT | FZ11: Other CONUS Locations | GA11: Other CONUS Locations OT | GD11: Ft. Campbell, KY | GE11: Ft. Campbell, KY OT | GF11: Ft. Drum, NY | GG11: Ft. Drum, NY OT | GH11: APG, MD | GI11: APG, MD OT | GJ11: Ft. Stewart, GA | GK11: Ft. Stewart, GA OT | GL11: Ft. Liberty/Ft. Bragg, NC | GM11: Ft. Liberty/Ft. Bragg, NC OT | GN11: Jacksonville, FL | GO11: Jacksonville, FL OT | GP11: Marietta, GA | GQ11: Marietta, GA OT | GR11: Other CONUS Locations | GS11: Other CONUS Locations OT
A12: Aerospace Structural Welder | B12: Aerospace Structural Welder | C12: 23010
A13: Aircraft Mechanic Helper | B13: Aircraft Mechanic Helper | C13: 23040
A14: Aircraft Mechanic I | B14: Aircraft Mechanic I | C14: 23021
A15: Aircraft Mechanic II | B15: Aircraft Mechanic II | C15: 23022
A16: Aircraft Mechanic III | B16: Aircraft Mechanic III | C16: 23023
A17: Aircraft Painter | B17: Aircraft, Painter | C17: 23050
A18: Aircraft Servicer | B18: Aircraft Servicer | C18: 23060
A19: Aircraft Technical Inspector | B19: Aircraft Mechanic III | C19: 23023
A20: Aircraft Worker | B20: Ground Support Equipment Mechanic | C20: 23080
A21: Aviation Life Support Equipment (ALSE) Technical Inspector | B21: Aircraft Mechanic I | C21: 23021
A22: Aviation Life Support Equipment (ALSE) Technician | B22: Aircraft Mechanic I | C22: 23021
A23: Ground Inspector | B23: Ground Support Equipment Mechanic | C23: 23380
A24: Ground Support Equipment (GSE) Mechanic | B24: Ground Support Equipment Mechanic | C24: 23380
A25: Maintenance Test Pilot
A26: Material Coordinator | B26: Material Coordinator | C26: 21030
A27: Non-Destructive Inspection Tech (NDI) II | B27: Non-Destructive Inspection (NDI) Technician II | C27: 92000
A28: Non-Destructive Inspection Tech (NDI) III | B28: Non-Destructive Inspection (NDI) Technician III | C28: 92000
A29: Pilot
A30: Production Control Clerk | B30: Production Control Clerk | C30: 01270
A31: Quality Control Inspector
A32: Safety/OSHA Inspector
A33: Supply Technician | B33: Supply Technician | C33: 01410
A34: Tool and Die Maker | B34: Tool And Die Maker | C34: 19040
A35: Tools and Parts Attendant | B35: Tools And Parts Attendant | C35: 21210
A36: Truckdriver, Tractor-Trailer | B36: Truckdriver, Tractor-Trailer | C36: 31364
A37: Warehouse Specialist | B37: Warehouse Specialist | C37: 21410
A38: Woodworker | B38: Woodworker | C38: 23980
F43: Base Period (CLIN 1010) | X43: Option Period 1 (CLIN 1110) | AP43: Option Period 2 (CLIN 1210) | BH43: Option Period 3 (CLIN 1310) | BZ43: Option Period 4 (CLIN 1410) | CR43: Option Period 5 (CLIN 1510) | DJ43: Option Period 6 (CLIN 1610) | EB43: Option Period 7 (CLIN 1710) | ET43: Option Period 8 (CLIN 1810) | FL43: Option Period 9 (CLIN 1910) | GD43: 6-month Option to Extend (CLIN 1960)
A44: Section 2. | F44: Proposed Health & Welfare (H&W) $'s/Hr. | X44: Proposed Health & Welfare (H&W) $'s/Hr. | AP44: Proposed Health & Welfare (H&W) $'s/Hr. | BH44: Proposed Health & Welfare (H&W) $'s/Hr. | BZ44: Proposed Base Rate | CR44: Proposed Health & Welfare (H&W) $'s/Hr. | DJ44: Proposed Health & Welfare (H&W) $'s/Hr. | EB44: Proposed Health & Welfare (H&W) $'s/Hr. | ET44: Proposed Health & Welfare (H&W) $'s/Hr. | FL44: Proposed Health & Welfare (H&W) $'s/Hr. | GD44: Proposed Health & Welfare (H&W) $'s/Hr.
A45: Contract Labor Category | B45: SCLS (WD) Labor Category (if applicable) | C45: SCLS (WD) Labor Code (if applicable) | D45: SCLS (CBA) Labor Category (if applicable) | E45: SCLS (CBA) Labor Code (if applicable) | F45: Ft. Campbell, KY | G45: Ft. Campbell, KY OT | H45: Ft. Drum, NY | I45: Ft. Drum, NY OT | J45: APG, MD | K45: APG, MD OT | L45: Ft. Stewart, GA | M45: Ft. Stewart, GA OT | N45: Ft. Liberty/Ft. Bragg, NC | O45: Ft. Liberty/Ft. Bragg, NC OT | P45: Jacksonville, FL | Q45: Jacksonville, FL OT | R45: Marietta, GA | S45: Marietta, GA OT | T45: Other CONUS Locations | U45: Other CONUS Locations OT | X45: Ft. Campbell, KY | Y45: Ft. Campbell, KY OT | Z45: Ft. Drum, NY | AA45: Ft. Drum, NY OT | AB45: APG, MD | AC45: APG, MD OT | AD45: Ft. Stewart, GA | AE45: Ft. Stewart, GA OT | AF45: Ft. Liberty/Ft. Bragg, NC | AG45: Ft. Liberty/Ft. Bragg, NC OT | AH45: Jacksonville, FL | AI45: Jacksonville, FL OT | AJ45: Marietta, GA | AK45: Marietta, GA OT | AL45: Other CONUS Locations | AM45: Other CONUS Locations OT | AP45: Ft. Campbell, KY | AQ45: Ft. Campbell, KY OT | AR45: Ft. Drum, NY | AS45: Ft. Drum, NY OT | AT45: APG, MD | AU45: APG, MD OT | AV45: Ft. Stewart, GA | AW45: Ft. Stewart, GA OT | AX45: Ft. Liberty/Ft. Bragg, NC | AY45: Ft. Liberty/Ft. Bragg, NC OT | AZ45: Jacksonville, FL | BA45: Jacksonville, FL OT | BB45: Marietta, GA | BC45: Marietta, GA OT | BD45: Other CONUS Locations | BE45: Other CONUS Locations OT | BH45: Ft. Campbell, KY | BI45: Ft. Campbell, KY OT | BJ45: Ft. Drum, NY | BK45: Ft. Drum, NY OT | BL45: APG, MD | BM45: APG, MD OT | BN45: Ft. Stewart, GA | BO45: Ft. Stewart, GA OT | BP45: Ft. Liberty/Ft. Bragg, NC | BQ45: Ft. Liberty/Ft. Bragg, NC OT | BR45: Jacksonville, FL | BS45: Jacksonville, FL OT | BT45: Marietta, GA | BU45: Marietta, GA OT | BV45: Other CONUS Locations | BW45: Other CONUS Locations OT | BZ45: Ft. Campbell, KY | CA45: Ft. Campbell, KY OT | CB45: Ft. Drum, NY | CC45: Ft. Drum, NY OT | CD45: APG, MD | CE45: APG, MD OT | CF45: Ft. Stewart, GA | CG45: Ft. Stewart, GA OT | CH45: Ft. Liberty/Ft. Bragg, NC | CI45: Ft. Liberty/Ft. Bragg, NC OT | CJ45: Jacksonville, FL | CK45: Jacksonville, FL OT | CL45: Marietta, GA | CM45: Marietta, GA OT | CN45: Other CONUS Locations | CO45: Other CONUS Locations OT | CR45: Ft. Campbell, KY | CS45: Ft. Campbell, KY OT | CT45: Ft. Drum, NY | CU45: Ft. Drum, NY OT | CV45: APG, MD | CW45: APG, MD OT | CX45: Ft. Stewart, GA | CY45: Ft. Stewart, GA OT | CZ45: Ft. Liberty/Ft. Bragg, NC | DA45: Ft. Liberty/Ft. Bragg, NC OT | DB45: Jacksonville, FL | DC45: Jacksonville, FL OT | DD45: Marietta, GA | DE45: Marietta, GA OT | DF45: Other CONUS Locations | DG45: Other CONUS Locations OT | DJ45: Ft. Campbell, KY | DK45: Ft. Campbell, KY OT | DL45: Ft. Drum, NY | DM45: Ft. Drum, NY OT | DN45: APG, MD | DO45: APG, MD OT | DP45: Ft. Stewart, GA | DQ45: Ft. Stewart, GA OT | DR45: Ft. Liberty/Ft. Bragg, NC | DS45: Ft. Liberty/Ft. Bragg, NC OT | DT45: Jacksonville, FL | DU45: Jacksonville, FL OT | DV45: Marietta, GA | DW45: Marietta, GA OT | DX45: Other CONUS Locations | DY45: Other CONUS Locations OT | EB45: Ft. Campbell, KY | EC45: Ft. Campbell, KY OT | ED45: Ft. Drum, NY | EE45: Ft. Drum, NY OT | EF45: APG, MD | EG45: APG, MD OT | EH45: Ft. Stewart, GA | EI45: Ft. Stewart, GA OT | EJ45: Ft. Liberty/Ft. Bragg, NC | EK45: Ft. Liberty/Ft. Bragg, NC OT | EL45: Jacksonville, FL | EM45: Jacksonville, FL OT | EN45: Marietta, GA | EO45: Marietta, GA OT | EP45: Other CONUS Locations | EQ45: Other CONUS Locations OT | ET45: Ft. Campbell, KY | EU45: Ft. Campbell, KY OT | EV45: Ft. Drum, NY | EW45: Ft. Drum, NY OT | EX45: APG, MD | EY45: APG, MD OT | EZ45: Ft. Stewart, GA | FA45: Ft. Stewart, GA OT | FB45: Ft. Liberty/Ft. Bragg, NC | FC45: Ft. Liberty/Ft. Bragg, NC OT | FD45: Jacksonville, FL | FE45: Jacksonville, FL OT | FF45: Marietta, GA | FG45: Marietta, GA OT | FH45: Other CONUS Locations | FI45: Other CONUS Locations OT | FL45: Ft. Campbell, KY | FM45: Ft. Campbell, KY OT | FN45: Ft. Drum, NY | FO45: Ft. Drum, NY OT | FP45: APG, MD | FQ45: APG, MD OT | FR45: Ft. Stewart, GA | FS45: Ft. Stewart, GA OT | FT45: Ft. Liberty/Ft. Bragg, NC | FU45: Ft. Liberty/Ft. Bragg, NC OT | FV45: Jacksonville, FL | FW45: Jacksonville, FL OT | FX45: Marietta, GA | FY45: Marietta, GA OT | FZ45: Other CONUS Locations | GA45: Other CONUS Locations OT | GD45: Ft. Campbell, KY | GE45: Ft. Campbell, KY OT | GF45: Ft. Drum, NY | GG45: Ft. Drum, NY OT | GH45: APG, MD | GI45: APG, MD OT | GJ45: Ft. Stewart, GA | GK45: Ft. Stewart, GA OT | GL45: Ft. Liberty/Ft. Bragg, NC | GM45: Ft. Liberty/Ft. Bragg, NC OT | GN45: Jacksonville, FL | GO45: Jacksonville, FL OT | GP45: Marietta, GA | GQ45: Marietta, GA OT | GR45: Other CONUS Locations | GS45: Other CONUS Locations OT
A46: Aerospace Structural Welder | B46: Aerospace Structural Welder | C46: 23010
A47: Aircraft Mechanic Helper | B47: Aircraft Mechanic Helper | C47: 23040
A48: Aircraft Mechanic I | B48: Aircraft Mechanic I | C48: 23021
A49: Aircraft Mechanic II | B49: Aircraft Mechanic II | C49: 23022
A50: Aircraft Mechanic III | B50: Aircraft Mechanic III | C50: 23023
A51: Aircraft Painter | B51: Aircraft, Painter | C51: 23050
A52: Aircraft Servicer | B52: Aircraft Servicer | C52: 23060
A53: Aircraft Technical Inspector | B53: Aircraft Mechanic III | C53: 23023
A54: Aircraft Worker | B54: Ground Support Equipment Mechanic | C54: 23080
A55: Aviation Life Support Equipment (ALSE) Technical Inspector | B55: Aircraft Mechanic I | C55: 23021
A56: Aviation Life Support Equipment (ALSE) Technician | B56: Aircraft Mechanic I | C56: 23021
A57: Ground Inspector | B57: Ground Support Equipment Mechanic | C57: 23380
A58: Ground Support Equipment (GSE) Mechanic | B58: Ground Support Equipment Mechanic | C58: 23380
A59: Maintenance Test Pilot
A60: Material Coordinator | B60: Material Coordinator | C60: 21030
A61: Non-Destructive Inspection Tech (NDI) II | B61: Non-Destructive Inspection (NDI) Technician II | C61: 92000
A62: Non-Destructive Inspection Tech (NDI) III | B62: Non-Destructive Inspection (NDI) Technician III | C62: 92000
A63: Pilot
A64: Production Control Clerk | B64: Production Control Clerk | C64: 01270
A65: Quality Control Inspector
A66: Safety/OSHA Inspector
A67: Supply Technician | B67: Supply Technician | C67: 01410
A68: Tool and Die Maker | B68: Tool And Die Maker | C68: 19040
A69: Tools and Parts Attendant | B69: Tools And Parts Attendant | C69: 21210
A70: Truckdriver, Tractor-Trailer | B70: Truckdriver, Tractor-Trailer | C70: 31364
A71: Warehouse Specialist | B71: Warehouse Specialist | C71: 21410
A72: Woodworker | B72: Woodworker | C72: 23980
A75: Estimated Hours/Ceilling T&M Price (Gov-site)
F77: Base Period (CLIN 1010) | X77: Option Period 1 (CLIN 1110) | AP77: Option Period 2 (CLIN 1210) | BH77: Option Period 3 (CLIN 1310) | BZ77: Option Period 4 (CLIN 1410) | CR77: Option Period 5 (CLIN 1510) | DJ77: Option Period 6 (CLIN 1610) | EB77: Option Period 7 (CLIN 1710) | ET77: Option Period 8 (CLIN 1810) | FL77: Option Period 9 (CLIN 1910) | GD77: 6-month Option to Extend (CLIN 1960)
A78: Section 3. | F78: Proposed T&M FBLR ($'s/Hr.) | X78: Proposed T&M FBLR ($'s/Hr.) | AP78: Proposed T&M FBLR ($'s/Hr.) | BH78: Proposed T&M FBLR ($'s/Hr.) | BZ78: Proposed T&M FBLR ($'s/Hr.) | CR78: Proposed T&M FBLR ($'s/Hr.) | DJ78: Proposed T&M FBLR ($'s/Hr.) | EB78: Proposed T&M FBLR ($'s/Hr.) | ET78: Proposed T&M FBLR ($'s/Hr.) | FL78: Proposed T&M FBLR ($'s/Hr.) | GD78: Proposed T&M FBLR ($'s/Hr.)
A79: Contract Labor Category | B79: SCLS (WD) Labor Category (if applicable) | C79: SCLS (WD) Labor Code (if applicable) | D79: SCLS (CBA) Labor Category (if applicable) | E79: SCLS (CBA) Labor Code (if applicable) | F79: Ft. Campbell, KY | G79: Ft. Campbell, KY OT | H79: Ft. Drum, NY | I79: Ft. Drum, NY OT | J79: APG, MD | K79: APG, MD OT | L79: Ft. Stewart, GA | M79: Ft. Stewart, GA OT | N79: Ft. Liberty/Ft. Bragg, NC | O79: Ft. Liberty/Ft. Bragg, NC OT | P79: Jacksonville, FL | Q79: Jacksonville, FL OT | R79: Marietta, GA | S79: Marietta, GA OT | T79: Other CONUS Locations | U79: Other CONUS Locations OT | X79: Ft. Campbell, KY | Y79: Ft. Campbell, KY OT | Z79: Ft. Drum, NY | AA79: Ft. Drum, NY OT | AB79: APG, MD | AC79: APG, MD OT | AD79: Ft. Stewart, GA | AE79: Ft. Stewart, GA OT | AF79: Ft. Liberty/Ft. Bragg, NC | AG79: Ft. Liberty/Ft. Bragg, NC OT | AH79: Jacksonville, FL | AI79: Jacksonville, FL OT | AJ79: Marietta, GA | AK79: Marietta, GA OT | AL79: Other CONUS Locations | AM79: Other CONUS Locations OT | AP79: Ft. Campbell, KY | AQ79: Ft. Campbell, KY OT | AR79: Ft. Drum, NY | AS79: Ft. Drum, NY OT | AT79: APG, MD | AU79: APG, MD OT | AV79: Ft. Stewart, GA | AW79: Ft. Stewart, GA OT | AX79: Ft. Liberty/Ft. Bragg, NC | AY79: Ft. Liberty/Ft. Bragg, NC OT | AZ79: Jacksonville, FL | BA79: Jacksonville, FL OT | BB79: Marietta, GA | BC79: Marietta, GA OT | BD79: Other CONUS Locations | BE79: Other CONUS Locations OT | BH79: Ft. Campbell, KY | BI79: Ft. Campbell, KY OT | BJ79: Ft. Drum, NY | BK79: Ft. Drum, NY OT | BL79: APG, MD | BM79: APG, MD OT | BN79: Ft. Stewart, GA | BO79: Ft. Stewart, GA OT | BP79: Ft. Liberty/Ft. Bragg, NC | BQ79: Ft. Liberty/Ft. Bragg, NC OT | BR79: Jacksonville, FL | BS79: Jacksonville, FL OT | BT79: Marietta, GA | BU79: Marietta, GA OT | BV79: Other CONUS Locations | BW79: Other CONUS Locations OT | BZ79: Ft. Campbell, KY | CA79: Ft. Campbell, KY OT | CB79: Ft. Drum, NY | CC79: Ft. Drum, NY OT | CD79: APG, MD | CE79: APG, MD OT | CF79: Ft. Stewart, GA | CG79: Ft. Stewart, GA OT | CH79: Ft. Liberty/Ft. Bragg, NC | CI79: Ft. Liberty/Ft. Bragg, NC OT | CJ79: Jacksonville, FL | CK79: Jacksonville, FL OT | CL79: Marietta, GA | CM79: Marietta, GA OT | CN79: Other CONUS Locations | CO79: Other CONUS Locations OT | CR79: Ft. Campbell, KY | CS79: Ft. Campbell, KY OT | CT79: Ft. Drum, NY | CU79: Ft. Drum, NY OT | CV79: APG, MD | CW79: APG, MD OT | CX79: Ft. Stewart, GA | CY79: Ft. Stewart, GA OT | CZ79: Ft. Liberty/Ft. Bragg, NC | DA79: Ft. Liberty/Ft. Bragg, NC OT | DB79: Jacksonville, FL | DC79: Jacksonville, FL OT | DD79: Marietta, GA | DE79: Marietta, GA OT | DF79: Other CONUS Locations | DG79: Other CONUS Locations OT | DJ79: Ft. Campbell, KY | DK79: Ft. Campbell, KY OT | DL79: Ft. Drum, NY | DM79: Ft. Drum, NY OT | DN79: APG, MD | DO79: APG, MD OT | DP79: Ft. Stewart, GA | DQ79: Ft. Stewart, GA OT | DR79: Ft. Liberty/Ft. Bragg, NC | DS79: Ft. Liberty/Ft. Bragg, NC OT | DT79: Jacksonville, FL | DU79: Jacksonville, FL OT | DV79: Marietta, GA | DW79: Marietta, GA OT | DX79: Other CONUS Locations | DY79: Other CONUS Locations OT | EB79: Ft. Campbell, KY | EC79: Ft. Campbell, KY OT | ED79: Ft. Drum, NY | EE79: Ft. Drum, NY OT | EF79: APG, MD | EG79: APG, MD OT | EH79: Ft. Stewart, GA | EI79: Ft. Stewart, GA OT | EJ79: Ft. Liberty/Ft. Bragg, NC | EK79: Ft. Liberty/Ft. Bragg, NC OT | EL79: Jacksonville, FL | EM79: Jacksonville, FL OT | EN79: Marietta, GA | EO79: Marietta, GA OT | EP79: Other CONUS Locations | EQ79: Other CONUS Locations OT | ET79: Ft. Campbell, KY | EU79: Ft. Campbell, KY OT | EV79: Ft. Drum, NY | EW79: Ft. Drum, NY OT | EX79: APG, MD | EY79: APG, MD OT | EZ79: Ft. Stewart, GA | FA79: Ft. Stewart, GA OT | FB79: Ft. Liberty/Ft. Bragg, NC | FC79: Ft. Liberty/Ft. Bragg, NC OT | FD79: Jacksonville, FL | FE79: Jacksonville, FL OT | FF79: Marietta, GA | FG79: Marietta, GA OT | FH79: Other CONUS Locations | FI79: Other CONUS Locations OT | FL79: Ft. Campbell, KY | FM79: Ft. Campbell, KY OT | FN79: Ft. Drum, NY | FO79: Ft. Drum, NY OT | FP79: APG, MD | FQ79: APG, MD OT | FR79: Ft. Stewart, GA | FS79: Ft. Stewart, GA OT | FT79: Ft. Liberty/Ft. Bragg, NC | FU79: Ft. Liberty/Ft. Bragg, NC OT | FV79: Jacksonville, FL | FW79: Jacksonville, FL OT | FX79: Marietta, GA | FY79: Marietta, GA OT | FZ79: Other CONUS Locations | GA79: Other CONUS Locations OT | GD79: Ft. Campbell, KY | GE79: Ft. Campbell, KY OT | GF79: Ft. Drum, NY | GG79: Ft. Drum, NY OT | GH79: APG, MD | GI79: APG, MD OT | GJ79: Ft. Stewart, GA | GK79: Ft. Stewart, GA OT | GL79: Ft. Liberty/Ft. Bragg, NC | GM79: Ft. Liberty/Ft. Bragg, NC OT | GN79: Jacksonville, FL | GO79: Jacksonville, FL OT | GP79: Marietta, GA | GQ79: Marietta, GA OT | GR79: Other CONUS Locations | GS79: Other CONUS Locations OT
A80: Aerospace Structural Welder | B80: Aerospace Structural Welder | C80: 23010
A81: Aircraft Mechanic Helper | B81: Aircraft Mechanic Helper | C81: 23040
A82: Aircraft Mechanic I | B82: Aircraft Mechanic I | C82: 23021
A83: Aircraft Mechanic II | B83: Aircraft Mechanic II | C83: 23022
A84: Aircraft Mechanic III | B84: Aircraft Mechanic III | C84: 23023
A85: Aircraft Painter | B85: Aircraft, Painter | C85: 23050
A86: Aircraft Servicer | B86: Aircraft Servicer | C86: 23060
A87: Aircraft Technical Inspector | B87: Aircraft Mechanic III | C87: 23023
A88: Aircraft Worker | B88: Ground Support Equipment Mechanic | C88: 23080
A89: Aviation Life Support Equipment (ALSE) Technical Inspector | B89: Aircraft Mechanic I | C89: 23021
A90: Aviation Life Support Equipment (ALSE) Technician | B90: Aircraft Mechanic I | C90: 23021
A91: Ground Inspector | B91: Ground Support Equipment Mechanic | C91: 23380
A92: Ground Support Equipment (GSE) Mechanic | B92: Ground Support Equipment Mechanic | C92: 23380
A93: Maintenance Test Pilot
A94: Material Coordinator | B94: Material Coordinator | C94: 21030
A95: Non-Destructive Inspection Tech (NDI) II | B95: Non-Destructive Inspection (NDI) Technician II | C95: 92000
A96: Non-Destructive Inspection Tech (NDI) III | B96: Non-Destructive Inspection (NDI) Technician III | C96: 92000
A97: Pilot
A98: Production Control Clerk | B98: Production Control Clerk | C98: 01270
A99: Quality Control Inspector
A100: Safety/OSHA Inspector
A101: Supply Technician | B101: Supply Technician | C101: 01410
A102: Tool and Die Maker | B102: Tool And Die Maker | C102: 19040
A103: Tools and Parts Attendant | B103: Tools And Parts Attendant | C103: 21210
A104: Truckdriver, Tractor-Trailer | B104: Truckdriver, Tractor-Trailer | C104: 31364
A105: Warehouse Specialist | B105: Warehouse Specialist | C105: 21410
A106: Woodworker | B106: Woodworker | C106: 23980
A109: Estimated Hours/Ceilling T&M Price (Gov-site)
F111: Base Period (CLIN 1010) | X111: Option Period 1 (CLIN 1110) | AP111: Option Period 2 (CLIN 1210) | BH111: Option Period 3 (CLIN 1310) | BZ111: Option Period 4 (CLIN 1410) | CR111: Option Period 5 (CLIN 1510) | DJ111: Option Period 6 (CLIN 1610) | EB111: Option Period 7 (CLIN 1710) | ET111: Option Period 8 (CLIN 1810) | FL111: Option Period 9 (CLIN 1910) | GD111: 6-month Option to Extend (CLIN 1960)
A112: Section 4. | F112: Proposed Labor Hours | X112: Proposed Labor Hours | AP112: Proposed Labor Hours | BH112: Proposed Labor Hours | BZ112: Proposed Labor Hours | CR112: Proposed Labor Hours | DJ112: Proposed Labor Hours | EB112: Proposed Labor Hours | ET112: Proposed Labor Hours | FL112: Proposed Labor Hours | GD112: Proposed Labor Hours
A113: Contract Labor Category | B113: SCLS (WD) Labor Category (if applicable) | C113: SCLS (WD) Labor Code (if applicable) | D113: SCLS (CBA) Labor Category (if applicable) | E113: SCLS (CBA) Labor Code (if applicable) | F113: Ft. Campbell, KY | G113: Ft. Campbell, KY OT | H113: Ft. Drum, NY | I113: Ft. Drum, NY OT | J113: APG, MD | K113: APG, MD OT | L113: Ft. Stewart, GA | M113: Ft. Stewart, GA OT | N113: Ft. Liberty/Ft. Bragg, NC | O113: Ft. Liberty/Ft. Bragg, NC OT | P113: Jacksonville, FL | Q113: Jacksonville, FL OT | R113: Marietta, GA | S113: Marietta, GA OT | T113: Other CONUS Locations | U113: Other CONUS Locations OT | V113: Total Hours | X113: Ft. Campbell, KY | Y113: Ft. Campbell, KY OT | Z113: Ft. Drum, NY | AA113: Ft. Drum, NY OT | AB113: APG, MD | AC113: APG, MD OT | AD113: Ft. Stewart, GA | AE113: Ft. Stewart, GA OT | AF113: Ft. Liberty/Ft. Bragg, NC | AG113: Ft. Liberty/Ft. Bragg, NC OT | AH113: Jacksonville, FL | AI113: Jacksonville, FL OT | AJ113: Marietta, GA | AK113: Marietta, GA OT | AL113: Other CONUS Locations | AM113: Other CONUS Locations OT | AN113: Total Hours | AP113: Ft. Campbell, KY | AQ113: Ft. Campbell, KY OT | AR113: Ft. Drum, NY | AS113: Ft. Drum, NY OT | AT113: APG, MD | AU113: APG, MD OT | AV113: Ft. Stewart, GA | AW113: Ft. Stewart, GA OT | AX113: Ft. Liberty/Ft. Bragg, NC | AY113: Ft. Liberty/Ft. Bragg, NC OT | AZ113: Jacksonville, FL | BA113: Jacksonville, FL OT | BB113: Marietta, GA | BC113: Marietta, GA OT | BD113: Other CONUS Locations | BE113: Other CONUS Locations OT | BF113: Total Hours | BH113: Ft. Campbell, KY | BI113: Ft. Campbell, KY OT | BJ113: Ft. Drum, NY | BK113: Ft. Drum, NY OT | BL113: APG, MD | BM113: APG, MD OT | BN113: Ft. Stewart, GA | BO113: Ft. Stewart, GA OT | BP113: Ft. Liberty/Ft. Bragg, NC | BQ113: Ft. Liberty/Ft. Bragg, NC OT | BR113: Jacksonville, FL | BS113: Jacksonville, FL OT | BT113: Marietta, GA | BU113: Marietta, GA OT | BV113: Other CONUS Locations | BW113: Other CONUS Locations OT | BX113: Total Hours | BZ113: Ft. Campbell, KY | CA113: Ft. Campbell, KY OT | CB113: Ft. Drum, NY | CC113: Ft. Drum, NY OT | CD113: APG, MD | CE113: APG, MD OT | CF113: Ft. Stewart, GA | CG113: Ft. Stewart, GA OT | CH113: Ft. Liberty/Ft. Bragg, NC | CI113: Ft. Liberty/Ft. Bragg, NC OT | CJ113: Jacksonville, FL | CK113: Jacksonville, FL OT | CL113: Marietta, GA | CM113: Marietta, GA OT | CN113: Other CONUS Locations | CO113: Other CONUS Locations OT | CP113: Total Hours | CR113: Ft. Campbell, KY | CS113: Ft. Campbell, KY OT | CT113: Ft. Drum, NY | CU113: Ft. Drum, NY OT | CV113: APG, MD | CW113: APG, MD OT | CX113: Ft. Stewart, GA | CY113: Ft. Stewart, GA OT | CZ113: Ft. Liberty/Ft. Bragg, NC | DA113: Ft. Liberty/Ft. Bragg, NC OT | DB113: Jacksonville, FL | DC113: Jacksonville, FL OT | DD113: Marietta, GA | DE113: Marietta, GA OT | DF113: Other CONUS Locations | DG113: Other CONUS Locations OT | DH113: Total Hours | DJ113: Ft. Campbell, KY | DK113: Ft. Campbell, KY OT | DL113: Ft. Drum, NY | DM113: Ft. Drum, NY OT | DN113: APG, MD | DO113: APG, MD OT | DP113: Ft. Stewart, GA | DQ113: Ft. Stewart, GA OT | DR113: Ft. Liberty/Ft. Bragg, NC | DS113: Ft. Liberty/Ft. Bragg, NC OT | DT113: Jacksonville, FL | DU113: Jacksonville, FL OT | DV113: Marietta, GA | DW113: Marietta, GA OT | DX113: Other CONUS Locations | DY113: Other CONUS Locations OT | DZ113: Total Hours | EB113: Ft. Campbell, KY | EC113: Ft. Campbell, KY OT | ED113: Ft. Drum, NY | EE113: Ft. Drum, NY OT | EF113: APG, MD | EG113: APG, MD OT | EH113: Ft. Stewart, GA | EI113: Ft. Stewart, GA OT | EJ113: Ft. Liberty/Ft. Bragg, NC | EK113: Ft. Liberty/Ft. Bragg, NC OT | EL113: Jacksonville, FL | EM113: Jacksonville, FL OT | EN113: Marietta, GA | EO113: Marietta, GA OT | EP113: Other CONUS Locations | EQ113: Other CONUS Locations OT | ER113: Total Hours | ET113: Ft. Campbell, KY | EU113: Ft. Campbell, KY OT | EV113: Ft. Drum, NY | EW113: Ft. Drum, NY OT | EX113: APG, MD | EY113: APG, MD OT | EZ113: Ft. Stewart, GA | FA113: Ft. Stewart, GA OT | FB113: Ft. Liberty/Ft. Bragg, NC | FC113: Ft. Liberty/Ft. Bragg, NC OT | FD113: Jacksonville, FL | FE113: Jacksonville, FL OT | FF113: Marietta, GA | FG113: Marietta, GA OT | FH113: Other CONUS Locations | FI113: Other CONUS Locations OT | FJ113: Total Hours | FL113: Ft. Campbell, KY | FM113: Ft. Campbell, KY OT | FN113: Ft. Drum, NY | FO113: Ft. Drum, NY OT | FP113: APG, MD | FQ113: APG, MD OT | FR113: Ft. Stewart, GA | FS113: Ft. Stewart, GA OT | FT113: Ft. Liberty/Ft. Bragg, NC | FU113: Ft. Liberty/Ft. Bragg, NC OT | FV113: Jacksonville, FL | FW113: Jacksonville, FL OT | FX113: Marietta, GA | FY113: Marietta, GA OT | FZ113: Other CONUS Locations | GA113: Other CONUS Locations OT | GB113: Total Hours | GD113: Ft. Campbell, KY | GE113: Ft. Campbell, KY OT | GF113: Ft. Drum, NY | GG113: Ft. Drum, NY OT | GH113: APG, MD | GI113: APG, MD OT | GJ113: Ft. Stewart, GA | GK113: Ft. Stewart, GA OT | GL113: Ft. Liberty/Ft. Bragg, NC | GM113: Ft. Liberty/Ft. Bragg, NC OT | GN113: Jacksonville, FL | GO113: Jacksonville, FL OT | GP113: Marietta, GA | GQ113: Marietta, GA OT | GR113: Other CONUS Locations | GS113: Other CONUS Locations OT | GT113: Total Hours
...

Sheet 2a. T&M Schedule_Prime_OCONUS
A1: AFM East Region
A2: ='Template Instructions'!A2 -> Solicitation No.: | B2: ='Template Instructions'!B2 -> Insert Solicitation Number
A3: ='Template Instructions'!A3 -> Prime Offeror Name: | B3: ='Template Instructions'!B3 -> Insert Prime Offeror Company name
A4: ='Template Instructions'!A4 -> CAGE Code: | B4: ='Template Instructions'!B4 -> Insert Prime Offeror Cage Code
A7: Offerors are responsible for ensuring that all calculations are accurate and flow throughout the workbook as required.
A9: Section 1. | D9: Base Period (CLIN 1010) | V9: Option Period 1 (CLIN 1110) | AN9: Option Period 2 (CLIN 1210) | BF9: Option Period 3 (CLIN 1310) | BX9: Option Period 4 (CLIN 1410) | CP9: Option Period 5 (CLIN 1510) | DH9: Option Period 6 (CLIN 1610) | DZ9: Option Period 7 (CLIN 1710) | ER9: Option Period 8 (CLIN 1810) | FJ9: Option Period 9 (CLIN 1910) | GB9: 6-month Option to Extend (CLIN 1960)
D10: Proposed T&M Fully Burdened Labor Rates (FBLRs) | V10: Proposed T&M Fully Burdened Labor Rates (FBLRs) | AN10: Proposed T&M Fully Burdened Labor Rates (FBLRs) | BF10: Proposed T&M Fully Burdened Labor Rates (FBLRs) | BX10: Proposed T&M Fully Burdened Labor Rates (FBLRs) | CP10: Proposed T&M Fully Burdened Labor Rates (FBLRs) | DH10: Proposed T&M Fully Burdened Labor Rates (FBLRs) | DZ10: Proposed T&M Fully Burdened Labor Rates (FBLRs) | ER10: Proposed T&M Fully Burdened Labor Rates (FBLRs) | FJ10: Proposed T&M Fully Burdened Labor Rates (FBLRs) | GB10: Proposed T&M Fully Burdened Labor Rates (FBLRs)
A11: Contract Labor Category | D11: Germany | E11: Germany OT | F11: United Kingdom | G11: United Kingdom OT | H11: Kuwait | I11: Kuwait OT | J11: Kosovo | K11: Kosovo OT | L11: Egypt | M11: Egypt OT | N11: Poland | O11: Poland OT | P11: Netherlands | Q11: Netherlands OT | V11: Germany | W11: Germany OT | X11: United Kingdom | Y11: United Kingdom OT | Z11: Kuwait | AA11: Kuwait OT | AB11: Kosovo | AC11: Kosovo OT | AD11: Egypt | AE11: Egypt OT | AF11: Poland | AG11: Poland OT | AH11: Netherlands | AI11: Netherlands OT | AN11: Germany | AO11: Germany OT | AP11: United Kingdom | AQ11: United Kingdom OT | AR11: Kuwait | AS11: Kuwait OT | AT11: Kosovo | AU11: Kosovo OT | AV11: Egypt | AW11: Egypt OT | AX11: Poland | AY11: Poland OT | AZ11: Netherlands | BA11: Netherlands OT | BF11: Germany | BG11: Germany OT | BH11: United Kingdom | BI11: United Kingdom OT | BJ11: Kuwait | BK11: Kuwait OT | BL11: Kosovo | BM11: Kosovo OT | BN11: Egypt | BO11: Egypt OT | BP11: Poland | BQ11: Poland OT | BR11: Netherlands | BS11: Netherlands OT | BX11: Germany | BY11: Germany OT | BZ11: United Kingdom | CA11: United Kingdom OT | CB11: Kuwait | CC11: Kuwait OT | CD11: Kosovo | CE11: Kosovo OT | CF11: Egypt | CG11: Egypt OT | CH11: Poland | CI11: Poland OT | CJ11: Netherlands | CK11: Netherlands OT | CP11: Germany | CQ11: Germany OT | CR11: United Kingdom | CS11: United Kingdom OT | CT11: Kuwait | CU11: Kuwait OT | CV11: Kosovo | CW11: Kosovo OT | CX11: Egypt | CY11: Egypt OT | CZ11: Poland | DA11: Poland OT | DB11: Netherlands | DC11: Netherlands OT | DH11: Germany | DI11: Germany OT | DJ11: United Kingdom | DK11: United Kingdom OT | DL11: Kuwait | DM11: Kuwait OT | DN11: Kosovo | DO11: Kosovo OT | DP11: Egypt | DQ11: Egypt OT | DR11: Poland | DS11: Poland OT | DT11: Netherlands | DU11: Netherlands OT | DZ11: Germany | EA11: Germany OT | EB11: United Kingdom | EC11: United Kingdom OT | ED11: Kuwait | EE11: Kuwait OT | EF11: Kosovo | EG11: Kosovo OT | EH11: Egypt | EI11: Egypt OT | EJ11: Poland | EK11: Poland OT | EL11: Netherlands | EM11: Netherlands OT | ER11: Germany | ES11: Germany OT | ET11: United Kingdom | EU11: United Kingdom OT | EV11: Kuwait | EW11: Kuwait OT | EX11: Kosovo | EY11: Kosovo OT | EZ11: Egypt | FA11: Egypt OT | FB11: Poland | FC11: Poland OT | FD11: Netherlands | FE11: Netherlands OT | FJ11: Germany | FK11: Germany OT | FL11: United Kingdom | FM11: United Kingdom OT | FN11: Kuwait | FO11: Kuwait OT | FP11: Kosovo | FQ11: Kosovo OT | FR11: Egypt | FS11: Egypt OT | FT11: Poland | FU11: Poland OT | FV11: Netherlands | FW11: Netherlands OT | GB11: Germany | GC11: Germany OT | GD11: United Kingdom | GE11: United Kingdom OT | GF11: Kuwait | GG11: Kuwait OT | GH11: Kosovo | GI11: Kosovo OT | GJ11: Egypt | GK11: Egypt OT | GL11: Poland | GM11: Poland OT | GN11: Netherlands | GO11: Netherlands OT
A12: Aerospace Structural Welder
A13: Aircraft Mechanic Helper
A14: Aircraft Mechanic I
A15: Aircraft Mechanic II
A16: Aircraft Mechanic III
A17: Aircraft Painter
A18: Aircraft Servicer
A19: Aircraft Technical Inspector
A20: Aircraft Worker
A21: Aviation Life Support Equipment (ALSE) Technical Inspector
A22: Aviation Life Support Equipment (ALSE) Technician
A23: Ground Inspector
... A38: Woodworker
A43: Section 2. | D43: Base Period (CLIN 1010) | V43: Option Period 1 (CLIN 1110) | AN43: Option Period 2 (CLIN 1210) | BF43: Option Period 3 (CLIN 1310) | BX43: Option Period 4 (CLIN 1410) | CP43: Option Period 5 (CLIN 1510) | DH43: Option Period 6 (CLIN 1610) | DZ43: Option Period 7 (CLIN 1710) | ER43: Option Period 8 (CLIN 1810) | FJ43: Option Period 9 (CLIN 1910) | GB43: 6-month Option to Extend (CLIN 1960)
D44: Proposed Labor Hours | V44: Proposed Labor Hours | AN44: Proposed Labor Hours | BF44: Proposed Labor Hours | BX44: Proposed Labor Hours | CP44: Proposed Labor Hours | DH44: Proposed Labor Hours | DZ44: Proposed Labor Hours | ER44: Proposed Labor Hours | FJ44: Proposed Labor Hours | GB44: Proposed Labor Hours
A45: Contract Labor Category | D45: Germany | E45: Germany OT | F45: United Kingdom | G45: United Kingdom OT | H45: Kuwait | I45: Kuwait OT | J45: Kosovo | K45: Kosovo OT | L45: Egypt | M45: Egypt OT | N45: Poland | O45: Poland OT | P45: Netherlands | Q45: Netherlands OT | T45: Total Hours | V45: Germany | W45: Germany OT | X45: United Kingdom | Y45: United Kingdom OT | Z45: Kuwait | AA45: Kuwait OT | AB45: Kosovo | AC45: Kosovo OT | AD45: Egypt | AE45: Egypt OT | AF45: Poland | AG45: Poland OT | AH45: Netherlands | AI45: Netherlands OT | AL45: Total Hours | AN45: Germany | AO45: Germany OT | AP45: United Kingdom | AQ45: United Kingdom OT | AR45: Kuwait | AS45: Kuwait OT | AT45: Kosovo | AU45: Kosovo OT | AV45: Egypt | AW45: Egypt OT | AX45: Poland | AY45: Poland OT | AZ45: Netherlands | BA45: Netherlands OT | BD45: Total Hours | BF45: Germany | BG45: Germany OT | BH45: United Kingdom | BI45: United Kingdom OT | BJ45: Kuwait | BK45: Kuwait OT | BL45: Kosovo | BM45: Kosovo OT | BN45: Egypt | BO45: Egypt OT | BP45: Poland | BQ45: Poland OT | BR45: Netherlands | BS45: Netherlands OT | BV45: Total Hours | BX45: Germany | BY45: Germany OT | BZ45: United Kingdom | CA45: United Kingdom OT | CB45: Kuwait | CC45: Kuwait OT | CD45: Kosovo | CE45: Kosovo OT | CF45: Egypt | CG45: Egypt OT | CH45: Poland | CI45: Poland OT | CJ45: Netherlands | CK45: Netherlands OT | CN45: Total Hours | CP45: Germany | CQ45: Germany OT | CR45: United Kingdom | CS45: United Kingdom OT | CT45: Kuwait | CU45: Kuwait OT | CV45: Kosovo | CW45: Kosovo OT | CX45: Egypt | CY45: Egypt OT | CZ45: Poland | DA45: Poland OT | DB45: Netherlands | DC45: Netherlands OT | DF45: Total Hours | DH45: Germany | DI45: Germany OT | DJ45: United Kingdom | DK45: United Kingdom OT | DL45: Kuwait | DM45: Kuwait OT | DN45: Kosovo | DO45: Kosovo OT | DP45: Egypt | DQ45: Egypt OT | DR45: Poland | DS45: Poland OT | DT45: Netherlands | DU45: Netherlands OT | DX45: Total Hours | DZ45: Germany | EA45: Germany OT | EB45: United Kingdom | EC45: United Kingdom OT | ED45: Kuwait | EE45: Kuwait OT | EF45: Kosovo | EG45: Kosovo OT | EH45: Egypt | EI45: Egypt OT | EJ45: Poland | EK45: Poland OT | EL45: Netherlands | EM45: Netherlands OT | EP45: Total Hours | ER45: Germany | ES45: Germany OT | ET45: United Kingdom | EU45: United Kingdom OT | EV45: Kuwait | EW45: Kuwait OT | EX45: Kosovo | EY45: Kosovo OT | EZ45: Egypt | FA45: Egypt OT | FB45: Poland | FC45: Poland OT | FD45: Netherlands | FE45: Netherlands OT | FH45: Total Hours | FJ45: Germany | FK45: Germany OT | FL45: United Kingdom | FM45: United Kingdom OT | FN45: Kuwait | FO45: Kuwait OT | FP45: Kosovo | FQ45: Kosovo OT | FR45: Egypt | FS45: Egypt OT | FT45: Poland | FU45: Poland OT | FV45: Netherlands | FW45: Netherlands OT | FZ45: Total Hours | GB45: Germany | GC45: Germany OT | GD45: United Kingdom | GE45: United Kingdom OT | GF45: Kuwait | GG45: Kuwait OT | GH45: Kosovo | GI45: Kosovo OT | GJ45: Egypt | GK45: Egypt OT | GL45: Poland | GM45: Poland OT | GN45: Netherlands | GO45: Netherlands OT | GR45: Total Hours
A46: Aerospace Structural Welder | T46: =SUM(D46:S46) -> 0 | AL46: =SUM(V46:AK46) -> 0 | BD46: =SUM(AN46:BC46) -> 0 | BV46: =SUM(BF46:BU46) -> 0 | CN46: =SUM(BX46:CM46) -> 0 | DF46: =SUM(CP46:DE46) -> 0 | DX46: =SUM(DH46:DW46) -> 0 | EP46: =SUM(DZ46:EO46) -> 0 | FH46: =SUM(ER46:FG46) -> 0 | FZ46: =SUM(FJ46:FY46) -> 0 | GR46: =SUM(GB46:GQ46) -> 0
A47: Aircraft Mechanic Helper | T47: =SUM(D47:S47) -> 0 | AL47: =SUM(V47:AK47) -> 0 | BD47: =SUM(AN47:BC47) -> 0 | BV47: =SUM(BF47:BU47) -> 0 | CN47: =SUM(BX47:CM47) -> 0 | DF47: =SUM(CP47:DE47) -> 0 | DX47: =SUM(DH47:DW47) -> 0 | EP47: =SUM(DZ47:EO47) -> 0 | FH47: =SUM(ER47:FG47) -> 0 | FZ47: =SUM(FJ47:FY47) -> 0 | GR47: =SUM(GB47:GQ47) -> 0
A48: Aircraft Mechanic I | T48: =SUM(D48:S48) -> 0 | AL48: =SUM(V48:AK48) -> 0 | BD48: =SUM(AN48:BC48) -> 0 | BV48: =SUM(BF48:BU48) -> 0 | CN48: =SUM(BX48:CM48) -> 0 | DF48: =SUM(CP48:DE48) -> 0 | DX48: =SUM(DH48:DW48) -> 0 | EP48: =SUM(DZ48:EO48) -> 0 | FH48: =SUM(ER48:FG48) -> 0 | FZ48: =SUM(FJ48:FY48) -> 0 | GR48: =SUM(GB48:GQ48) -> 0
A49: Aircraft Mechanic II | T49: =SUM(D49:S49) -> 0 | AL49: =SUM(V49:AK49) -> 0 | BD49: =SUM(AN49:BC49) -> 0 | BV49: =SUM(BF49:BU49) -> 0 | CN49: =SUM(BX49:CM49) -> 0 | DF49: =SUM(CP49:DE49) -> 0 | DX49: =SUM(DH49:DW49) -> 0 | EP49: =SUM(DZ49:EO49) -> 0 | FH49: =SUM(ER49:FG49) -> 0 | FZ49: =SUM(FJ49:FY49) -> 0 | GR49: =SUM(GB49:GQ49) -> 0
A50: Aircraft Mechanic III | T50: =SUM(D50:S50) -> 0 | AL50: =SUM(V50:AK50) -> 0 | BD50: =SUM(AN50:BC50) -> 0 | BV50: =SUM(BF50:BU50) -> 0 | CN50: =SUM(BX50:CM50) -> 0 | DF50: =SUM(CP50:DE50) -> 0 | DX50: =SUM(DH50:DW50) -> 0 | EP50: =SUM(DZ50:EO50) -> 0 | FH50: =SUM(ER50:FG50) -> 0 | FZ50: =SUM(FJ50:FY50) -> 0 | GR50: =SUM(GB50:GQ50) -> 0
A51: Aircraft Painter | T51: =SUM(D51:S51) -> 0 | AL51: =SUM(V51:AK51) -> 0 | BD51: =SUM(AN51:BC51) -> 0 | BV51: =SUM(BF51:BU51) -> 0 | CN51: =SUM(BX51:CM51) -> 0 | DF51: =SUM(CP51:DE51) -> 0 | DX51: =SUM(DH51:DW51) -> 0 | EP51: =SUM(DZ51:EO51) -> 0 | FH51: =SUM(ER51:FG51) -> 0 | FZ51: =SUM(FJ51:FY51) -> 0 | GR51: =SUM(GB51:GQ51) -> 0
A52: Aircraft Servicer | T52: =SUM(D52:S52) -> 0 | AL52: =SUM(V52:AK52) -> 0 | BD52: =SUM(AN52:BC52) -> 0 | BV52: =SUM(BF52:BU52) -> 0 | CN52: =SUM(BX52:CM52) -> 0 | DF52: =SUM(CP52:DE52) -> 0 | DX52: =SUM(DH52:DW52) -> 0 | EP52: =SUM(DZ52:EO52) -> 0 | FH52: =SUM(ER52:FG52) -> 0 | FZ52: =SUM(FJ52:FY52) -> 0 | GR52: =SUM(GB52:GQ52) -> 0
A53: Aircraft Technical Inspector | T53: =SUM(D53:S53) -> 0 | AL53: =SUM(V53:AK53) -> 0 | BD53: =SUM(AN53:BC53) -> 0 | BV53: =SUM(BF53:BU53) -> 0 | CN53: =SUM(BX53:CM53) -> 0 | DF53: =SUM(CP53:DE53) -> 0 | DX53: =SUM(DH53:DW53) -> 0 | EP53: =SUM(DZ53:EO53) -> 0 | FH53: =SUM(ER53:FG53) -> 0 | FZ53: =SUM(FJ53:FY53) -> 0 | GR53: =SUM(GB53:GQ53) -> 0
A54: Aircraft Worker | T54: =SUM(D54:S54) -> 0 | AL54: =SUM(V54:AK54) -> 0 | BD54: =SUM(AN54:BC54) -> 0 | BV54: =SUM(BF54:BU54) -> 0 | CN54: =SUM(BX54:CM54) -> 0 | DF54: =SUM(CP54:DE54) -> 0 | DX54: =SUM(DH54:DW54) -> 0 | EP54: =SUM(DZ54:EO54) -> 0 | FH54: =SUM(ER54:FG54) -> 0 | FZ54: =SUM(FJ54:FY54) -> 0 | GR54: =SUM(GB54:GQ54) -> 0
A55: Aviation Life Support Equipment (ALSE) Technical Inspector | T55: =SUM(D55:S55) -> 0 | AL55: =SUM(V55:AK55) -> 0 | BD55: =SUM(AN55:BC55) -> 0 | BV55: =SUM(BF55:BU55) -> 0 | CN55: =SUM(BX55:CM55) -> 0 | DF55: =SUM(CP55:DE55) -> 0 | DX55: =SUM(DH55:DW55) -> 0 | EP55: =SUM(DZ55:EO55) -> 0 | FH55: =SUM(ER55:FG55) -> 0 | FZ55: =SUM(FJ55:FY55) -> 0 | GR55: =SUM(GB55:GQ55) -> 0
A56: Aviation Life Support Equipment (ALSE) Technician | T56: =SUM(D56:S56) -> 0 | AL56: =SUM(V56:AK56) -> 0 | BD56: =SUM(AN56:BC56) -> 0 | BV56: =SUM(BF56:BU56) -> 0 | CN56: =SUM(BX56:CM56) -> 0 | DF56: =SUM(CP56:DE56) -> 0 | DX56: =SUM(DH56:DW56) -> 0 | EP56: =SUM(DZ56:EO56) -> 0 | FH56: =SUM(ER56:FG56) -> 0 | FZ56: =SUM(FJ56:FY56) -> 0 | GR56: =SUM(GB56:GQ56) -> 0
A57: Ground Inspector | T57: =SUM(D57:S57) -> 0 | AL57: =SUM(V57:AK57) -> 0 | BD57: =SUM(AN57:BC57) -> 0 | BV57: =SUM(BF57:BU57) -> 0 | CN57: =SUM(BX57:CM57) -> 0 | DF57: =SUM(CP57:DE57) -> 0 | DX57: =SUM(DH57:DW57) -> 0 | EP57: =SUM(DZ57:EO57) -> 0 | FH57: =SUM(ER57:FG57) -> 0 | FZ57: =SUM(FJ57:FY57) -> 0 | GR57: =SUM(GB57:GQ57) -> 0
... A72: Woodworker | T72: =SUM(D72:S72) -> 0 | AL72: =SUM(V72:AK72) -> 0 | BD72: =SUM(AN72:BC72) -> 0 | BV72: =SUM(BF72:BU72) -> 0 | CN72: =SUM(BX72:CM72) -> 0 | DF72: =SUM(CP72:DE72) -> 0 | DX72: =SUM(DH72:DW72) -> 0 | EP72: =SUM(DZ72:EO72) -> 0 | FH72: =SUM(ER72:FG72) -> 0 | FZ72: =SUM(FJ72:FY72) -> 0 | GR72: =SUM(GB72:GQ72) -> 0
T73: =SUM(D73:S73) -> 0 | AL73: =SUM(V73:AK73) -> 0 | BD73: =SUM(AN73:BC73) -> 0 | BV73: =SUM(BF73:BU73) -> 0 | CN73: =SUM(BX73:CM73) -> 0 | DF73: =SUM(CP73:DE73) -> 0 | DX73: =SUM(DH73:DW73) -> 0 | EP73: =SUM(DZ73:EO73) -> 0 | FH73: =SUM(ER73:FG73) -> 0 | FZ73: =SUM(FJ73:FY73) -> 0 | GR73: =SUM(GB73:GQ73) -> 0
T74: =SUM(D74:S74) -> 0 | AL74: =SUM(V74:AK74) -> 0 | BD74: =SUM(AN74:BC74) -> 0 | BV74: =SUM(BF74:BU74) -> 0 | CN74: =SUM(BX74:CM74) -> 0 | DF74: =SUM(CP74:DE74) -> 0 | DX74: =SUM(DH74:DW74) -> 0 | EP74: =SUM(DZ74:EO74) -> 0 | FH74: =SUM(ER74:FG74) -> 0 | FZ74: =SUM(FJ74:FY74) -> 0 | GR74: =SUM(GB74:GQ74) -> 0
A75: Total Estimated Labor Hours | D75: =SUM(D46:D74) -> 0 | E75: =SUM(E46:E74) -> 0 | F75: =SUM(F46:F74) -> 0 | G75: =SUM(G46:G74) -> 0 | H75: =SUM(H46:H74) -> 0 | I75: =SUM(I46:I74) -> 0 | J75: =SUM(J46:J74) -> 0 | K75: =SUM(K46:K74) -> 0 | ... Q75: =SUM(Q46:Q74) -> 0 | T75: =SUM(T46:T74) -> 0 | V75: =SUM(V46:V74) -> 0 | W75: =SUM(W46:W74) -> 0 | X75: =SUM(X46:X74) -> 0 | Y75: =SUM(Y46:Y74) -> 0 | Z75: =SUM(Z46:Z74) -> 0 | AA75: =SUM(AA46:AA74) -> 0 | AB75: =SUM(AB46:AB74) -> 0 | AC75: =SUM(AC46:AC74) -> 0 | ... AI75: =SUM(AI46:AI74) -> 0 | AL75: =SUM(AL46:AL74) -> 0 | AN75: =SUM(AN46:AN74) -> 0 | AO75: =SUM(AO46:AO74) -> 0 | AP75: =SUM(AP46:AP74) -> 0 | AQ75: =SUM(AQ46:AQ74) -> 0 | AR75: =SUM(AR46:AR74) -> 0 | AS75: =SUM(AS46:AS74) -> 0 | AT75: =SUM(AT46:AT74) -> 0 | AU75: =SUM(AU46:AU74) -> 0 | ... BA75: =SUM(BA46:BA74) -> 0 | BD75: =SUM(BD46:BD74) -> 0 | BF75: =SUM(BF46:BF74) -> 0 | BG75: =SUM(BG46:BG74) -> 0 | BH75: =SUM(BH46:BH74) -> 0 | BI75: =SUM(BI46:BI74) -> 0 | BJ75: =SUM(BJ46:BJ74) -> 0 | BK75: =SUM(BK46:BK74) -> 0 | BL75: =SUM(BL46:BL74) -> 0 | BM75: =SUM(BM46:BM74) -> 0 | ... BS75: =SUM(BS46:BS74) -> 0 | BV75: =SUM(BV46:BV74) -> 0 | BX75: =SUM(BX46:BX74) -> 0 | BY75: =SUM(BY46:BY74) -> 0 | BZ75: =SUM(BZ46:BZ74) -> 0 | CA75: =SUM(CA46:CA74) -> 0 | CB75: =SUM(CB46:CB74) -> 0 | CC75: =SUM(CC46:CC74) -> 0 | CD75: =SUM(CD46:CD74) -> 0 | CE75: =SUM(CE46:CE74) -> 0 | ... CK75: =SUM(CK46:CK74) -> 0 | CN75: =SUM(CN46:CN74) -> 0 | CP75: =SUM(CP46:CP74) -> 0 | CQ75: =SUM(CQ46:CQ74) -> 0 | CR75: =SUM(CR46:CR74) -> 0 | CS75: =SUM(CS46:CS74) -> 0 | CT75: =SUM(CT46:CT74) -> 0 | CU75: =SUM(CU46:CU74) -> 0 | CV75: =SUM(CV46:CV74) -> 0 | CW75: =SUM(CW46:CW74) -> 0 | ... DC75: =SUM(DC46:DC74) -> 0 | DF75: =SUM(DF46:DF74) -> 0 | DH75: =SUM(DH46:DH74) -> 0 | DI75: =SUM(DI46:DI74) -> 0 | DJ75: =SUM(DJ46:DJ74) -> 0 | DK75: =SUM(DK46:DK74) -> 0 | DL75: =SUM(DL46:DL74) -> 0 | DM75: =SUM(DM46:DM74) -> 0 | DN75: =SUM(DN46:DN74) -> 0 | DO75: =SUM(DO46:DO74) -> 0 | ... DU75: =SUM(DU46:DU74) -> 0 | DX75: =SUM(DX46:DX74) -> 0 | DZ75: =SUM(DZ46:DZ74) -> 0 | EA75: =SUM(EA46:EA74) -> 0 | EB75: =SUM(EB46:EB74) -> 0 | EC75: =SUM(EC46:EC74) -> 0 | ED75: =SUM(ED46:ED74) -> 0 | EE75: =SUM(EE46:EE74) -> 0 | EF75: =SUM(EF46:EF74) -> 0 | EG75: =SUM(EG46:EG74) -> 0 | ... EM75: =SUM(EM46:EM74) -> 0 | EP75: =SUM(EP46:EP74) -> 0 | ER75: =SUM(ER46:ER74) -> 0 | ES75: =SUM(ES46:ES74) -> 0 | ET75: =SUM(ET46:ET74) -> 0 | EU75: =SUM(EU46:EU74) -> 0 | EV75: =SUM(EV46:EV74) -> 0 | EW75: =SUM(EW46:EW74) -> 0 | EX75: =SUM(EX46:EX74) -> 0 | EY75: =SUM(EY46:EY74) -> 0 | ... FE75: =SUM(FE46:FE74) -> 0 | FH75: =SUM(FH46:FH74) -> 0 | FJ75: =SUM(FJ46:FJ74) -> 0 | FK75: =SUM(FK46:FK74) -> 0 | FL75: =SUM(FL46:FL74) -> 0 | FM75: =SUM(FM46:FM74) -> 0 | FN75: =SUM(FN46:FN74) -> 0 | FO75: =SUM(FO46:FO74) -> 0 | FP75: =SUM(FP46:FP74) -> 0 | FQ75: =SUM(FQ46:FQ74) -> 0 | ... FW75: =SUM(FW46:FW74) -> 0 | FZ75: =SUM(FZ46:FZ74) -> 0 | GB75: =SUM(GB46:GB74) -> 0 | GC75: =SUM(GC46:GC74) -> 0 | GD75: =SUM(GD46:GD74) -> 0 | GE75: =SUM(GE46:GE74) -> 0 | GF75: =SUM(GF46:GF74) -> 0 | GG75: =SUM(GG46:GG74) -> 0 | GH75: =SUM(GH46:GH74) -> 0 | GI75: =SUM(GI46:GI74) -> 0 | ... GO75: =SUM(GO46:GO74) -> 0 | GR75: =SUM(GR46:GR74) -> 0
A77: Section 3. | D77: Base Period (CLIN 1010) | V77: Option Period 1 (CLIN 1110) | AN77: Option Period 2 (CLIN 1210) | BF77: Option Period 3 (CLIN 1310) | BX77: Option Period 4 (CLIN 1410) | CP77: Option Period 5 (CLIN 1510) | DH77: Option Period 6 (CLIN 1610) | DZ77: Option Period 7 (CLIN 1710) | ER77: Option Period 8 (CLIN 1810) | FJ77: Option Period 9 (CLIN 1910) | GB77: 6-month Option to Extend (CLIN 1960)
D78: Proposed Price | V78: Proposed Price | AN78: Proposed Price | BF78: Proposed Price | BX78: Proposed Price | CP78: Proposed Price | DH78: Proposed Price | DZ78: Proposed Price | ER78: Proposed Price | FJ78: Proposed Price | GB78: Proposed Price
A79: Contract Labor Category | D79: Germany | E79: Germany OT | F79: United Kingdom | G79: United Kingdom OT | H79: Kuwait | I79: Kuwait OT | J79: Kosovo | K79: Kosovo OT | L79: Egypt | M79: Egypt OT | N79: Poland | O79: Poland OT | P79: Netherlands | Q79: Netherlands OT | T79: Total Price | V79: Germany | W79: Germany OT | X79: United Kingdom | Y79: United Kingdom OT | Z79: Kuwait | AA79: Kuwait OT | AB79: Kosovo | AC79: Kosovo OT | AD79: Egypt | AE79: Egypt OT | AF79: Poland | AG79: Poland OT | AH79: Netherlands | AI79: Netherlands OT | AL79: Total Price | AN79: Germany | AO79: Germany OT | AP79: United Kingdom | AQ79: United Kingdom OT | AR79: Kuwait | AS79: Kuwait OT | AT79: Kosovo | AU79: Kosovo OT | AV79: Egypt | AW79: Egypt OT | AX79: Poland | AY79: Poland OT | AZ79: Netherlands | BA79: Netherlands OT | BD79: Total Price | BF79: Germany | BG79: Germany OT | BH79: United Kingdom | BI79: United Kingdom OT | BJ79: Kuwait | BK79: Kuwait OT | BL79: Kosovo | BM79: Kosovo OT | BN79: Egypt | BO79: Egypt OT | BP79: Poland | BQ79: Poland OT | BR79: Netherlands | BS79: Netherlands OT | BV79: Total Price | BX79: Germany | BY79: Germany OT | BZ79: United Kingdom | CA79: United Kingdom OT | CB79: Kuwait | CC79: Kuwait OT | CD79: Kosovo | CE79: Kosovo OT | CF79: Egypt | CG79: Egypt OT | CH79: Poland | CI79: Poland OT | CJ79: Netherlands | CK79: Netherlands OT | CN79: Total Price | CP79: Germany | CQ79: Germany OT | CR79: United Kingdom | CS79: United Kingdom OT | CT79: Kuwait | CU79: Kuwait OT | CV79: Kosovo | CW79: Kosovo OT | CX79: Egypt | CY79: Egypt OT | CZ79: Poland | DA79: Poland OT | DB79: Netherlands | DC79: Netherlands OT | DF79: Total Price | DH79: Germany | DI79: Germany OT | DJ79: United Kingdom | DK79: United Kingdom OT | DL79: Kuwait | DM79: Kuwait OT | DN79: Kosovo | DO79: Kosovo OT | DP79: Egypt | DQ79: Egypt OT | DR79: Poland | DS79: Poland OT | DT79: Netherlands | DU79: Netherlands OT | DX79: Total Price | DZ79: Germany | EA79: Germany OT | EB79: United Kingdom | EC79: United Kingdom OT | ED79: Kuwait | EE79: Kuwait OT | EF79: Kosovo | EG79: Kosovo OT | EH79: Egypt | EI79: Egypt OT | EJ79: Poland | EK79: Poland OT | EL79: Netherlands | EM79: Netherlands OT | EP79: Total Price | ER79: Germany | ES79: Germany OT | ET79: United Kingdom | EU79: United Kingdom OT | EV79: Kuwait | EW79: Kuwait OT | EX79: Kosovo | EY79: Kosovo OT | EZ79: Egypt | FA79: Egypt OT | FB79: Poland | FC79: Poland OT | FD79: Netherlands | FE79: Netherlands OT | FH79: Total Price | FJ79: Germany | FK79: Germany OT | FL79: United Kingdom | FM79: United Kingdom OT | FN79: Kuwait | FO79: Kuwait OT | FP79: Kosovo | FQ79: Kosovo OT | FR79: Egypt | FS79: Egypt OT | FT79: Poland | FU79: Poland OT | FV79: Netherlands | FW79: Netherlands OT | FZ79: Total Price | GB79: Germany | GC79: Germany OT | GD79: United Kingdom | GE79: United Kingdom OT | GF79: Kuwait | GG79: Kuwait OT | GH79: Kosovo | GI79: Kosovo OT | GJ79: Egypt | GK79: Egypt OT | GL79: Poland | GM79: Poland OT | GN79: Netherlands | GO79: Netherlands OT | GR79: Total Price
A80: Aerospace Structural Welder | D80: =D12*D46 -> 0 | E80: =E12*E46 -> 0 | F80: =F12*F46 -> 0 | G80: =G12*G46 -> 0 | H80: =H12*H46 -> 0 | I80: =I12*I46 -> 0 | J80: =J12*J46 -> 0 | K80: =K12*K46 -> 0 | ... Q80: =Q12*Q46 -> 0 | T80: =T12*T46 -> 0 | V80: =V12*V46 -> 0 | W80: =W12*W46 -> 0 | X80: =X12*X46 -> 0 | Y80: =Y12*Y46 -> 0 | Z80: =Z12*Z46 -> 0 | AA80: =AA12*AA46 -> 0 | AB80: =AB12*AB46 -> 0 | AC80: =AC12*AC46 -> 0 | ... AI80: =AI12*AI46 -> 0 | AL80: =AL12*AL46 -> 0 | AN80: =AN12*AN46 -> 0 | AO80: =AO12*AO46 -> 0 | AP80: =AP12*AP46 -> 0 | AQ80: =AQ12*AQ46 -> 0 | AR80: =AR12*AR46 -> 0 | AS80: =AS12*AS46 -> 0 | AT80: =AT12*AT46 -> 0 | AU80: =AU12*AU46 -> 0 | ... BA80: =BA12*BA46 -> 0 | BD80: =BD12*BD46 -> 0 | BF80: =BF12*BF46 -> 0 | BG80: =BG12*BG46 -> 0 | BH80: =BH12*BH46 -> 0 | BI80: =BI12*BI46 -> 0 | BJ80: =BJ12*BJ46 -> 0 | BK80: =BK12*BK46 -> 0 | BL80: =BL12*BL46 -> 0 | BM80: =BM12*BM46 -> 0 | ... BS80: =BS12*BS46 -> 0 | BV80: =BV12*BV46 -> 0 | BX80: =BX12*BX46 -> 0 | BY80: =BY12*BY46 -> 0 | BZ80: =BZ12*BZ46 -> 0 | CA80: =CA12*CA46 -> 0 | CB80: =CB12*CB46 -> 0 | CC80: =CC12*CC46 -> 0 | CD80: =CD12*CD46 -> 0 | CE80: =CE12*CE46 -> 0 | ... CK80: =CK12*CK46 -> 0 | CN80: =CN12*CN46 -> 0 | CP80: =CP12*CP46 -> 0 | CQ80: =CQ12*CQ46 -> 0 | CR80: =CR12*CR46 -> 0 | CS80: =CS12*CS46 -> 0 | CT80: =CT12*CT46 -> 0 | CU80: =CU12*CU46 -> 0 | CV80: =CV12*CV46 -> 0 | CW80: =CW12*CW46 -> 0 | ... DC80: =DC12*DC46 -> 0 | DF80: =DF12*DF46 -> 0 | DH80: =DH12*DH46 -> 0 | DI80: =DI12*DI46 -> 0 | DJ80: =DJ12*DJ46 -> 0 | DK80: =DK12*DK46 -> 0 | DL80: =DL12*DL46 -> 0 | DM80: =DM12*DM46 -> 0 | DN80: =DN12*DN46 -> 0 | DO80: =DO12*DO46 -> 0 | ... DU80: =DU12*DU46 -> 0 | DX80: =DX12*DX46 -> 0 | DZ80: =DZ12*DZ46 -> 0 | EA80: =EA12*EA46 -> 0 | EB80: =EB12*EB46 -> 0 | EC80: =EC12*EC46 -> 0 | ED80: =ED12*ED46 -> 0 | EE80: =EE12*EE46 -> 0 | EF80: =EF12*EF46 -> 0 | EG80: =EG12*EG46 -> 0 | ... EM80: =EM12*EM46 -> 0 | EP80: =EP12*EP46 -> 0 | ER80: =ER12*ER46 -> 0 | ES80: =ES12*ES46 -> 0 | ET80: =ET12*ET46 -> 0 | EU80: =EU12*EU46 -> 0 | EV80: =EV12*EV46 -> 0 | EW80: =EW12*EW46 -> 0 | EX80: =EX12*EX46 -> 0 | EY80: =EY12*EY46 -> 0 | ... FE80: =FE12*FE46 -> 0 | FH80: =FH12*FH46 -> 0 | FJ80: =FJ12*FJ46 -> 0 | FK80: =FK12*FK46 -> 0 | FL80: =FL12*FL46 -> 0 | FM80: =FM12*FM46 -> 0 | FN80: =FN12*FN46 -> 0 | FO80: =FO12*FO46 -> 0 | FP80: =FP12*FP46 -> 0 | FQ80: =FQ12*FQ46 -> 0 | ... FW80: =FW12*FW46 -> 0 | FZ80: =FZ12*FZ46 -> 0 | GB80: =GB12*GB46 -> 0 | GC80: =GC12*GC46 -> 0 | GD80: =GD12*GD46 -> 0 | GE80: =GE12*GE46 -> 0 | GF80: =GF12*GF46 -> 0 | GG80: =GG12*GG46 -> 0 | GH80: =GH12*GH46 -> 0 | GI80: =GI12*GI46 -> 0 | ... GO80: =GO12*GO46 -> 0 | GR80: =GR12*GR46 -> 0
A81: Aircraft Mechanic Helper | D81: =D13*D47 -> 0 | E81: =E13*E47 -> 0 | F81: =F13*F47 -> 0 | G81: =G13*G47 -> 0 | H81: =H13*H47 -> 0 | I81: =I13*I47 -> 0 | J81: =J13*J47 -> 0 | K81: =K13*K47 -> 0 | ... Q81: =Q13*Q47 -> 0 | T81: =T13*T47 -> 0 | V81: =V13*V47 -> 0 | W81: =W13*W47 -> 0 | X81: =X13*X47 -> 0 | Y81: =Y13*Y47 -> 0 | Z81: =Z13*Z47 -> 0 | AA81: =AA13*AA47 -> 0 | AB81: =AB13*AB47 -> 0 | AC81: =AC13*AC47 -> 0 | ... AI81: =AI13*AI47 -> 0 | AL81: =AL13*AL47 -> 0 | AN81: =AN13*AN47 -> 0 | AO81: =AO13*AO47 -> 0 | AP81: =AP13*AP47 -> 0 | AQ81: =AQ13*AQ47 -> 0 | AR81: =AR13*AR47 -> 0 | AS81: =AS13*AS47 -> 0 | AT81: =AT13*AT47 -> 0 | AU81: =AU13*AU47 -> 0 | ... BA81: =BA13*BA47 -> 0 | BD81: =BD13*BD47 -> 0 | BF81: =BF13*BF47 -> 0 | BG81: =BG13*BG47 -> 0 | BH81: =BH13*BH47 -> 0 | BI81: =BI13*BI47 -> 0 | BJ81: =BJ13*BJ47 -> 0 | BK81: =BK13*BK47 -> 0 | BL81: =BL13*BL47 -> 0 | BM81: =BM13*BM47 -> 0 | ... BS81: =BS13*BS47 -> 0 | BV81: =BV13*BV47 -> 0 | BX81: =BX13*BX47 -> 0 | BY81: =BY13*BY47 -> 0 | BZ81: =BZ13*BZ47 -> 0 | CA81: =CA13*CA47 -> 0 | CB81: =CB13*CB47 -> 0 | CC81: =CC13*CC47 -> 0 | CD81: =CD13*CD47 -> 0 | CE81: =CE13*CE47 -> 0 | ... CK81: =CK13*CK47 -> 0 | CN81: =CN13*CN47 -> 0 | CP81: =CP13*CP47 -> 0 | CQ81: =CQ13*CQ47 -> 0 | CR81: =CR13*CR47 -> 0 | CS81: =CS13*CS47 -> 0 | CT81: =CT13*CT47 -> 0 | CU81: =CU13*CU47 -> 0 | CV81: =CV13*CV47 -> 0 | CW81: =CW13*CW47 -> 0 | ... DC81: =DC13*DC47 -> 0 | DF81: =DF13*DF47 -> 0 | DH81: =DH13*DH47 -> 0 | DI81: =DI13*DI47 -> 0 | DJ81: =DJ13*DJ47 -> 0 | DK81: =DK13*DK47 -> 0 | DL81: =DL13*DL47 -> 0 | DM81: =DM13*DM47 -> 0 | DN81: =DN13*DN47 -> 0 | DO81: =DO13*DO47 -> 0 | ... DU81: =DU13*DU47 -> 0 | DX81: =DX13*DX47 -> 0 | DZ81: =DZ13*DZ47 -> 0 | EA81: =EA13*EA47 -> 0 | EB81: =EB13*EB47 -> 0 | EC81: =EC13*EC47 -> 0 | ED81: =ED13*ED47 -> 0 | EE81: =EE13*EE47 -> 0 | EF81: =EF13*EF47 -> 0 | EG81: =EG13*EG47 -> 0 | ... EM81: =EM13*EM47 -> 0 | EP81: =EP13*EP47 -> 0 | ER81: =ER13*ER47 -> 0 | ES81: =ES13*ES47 -> 0 | ET81: =ET13*ET47 -> 0 | EU81: =EU13*EU47 -> 0 | EV81: =EV13*EV47 -> 0 | EW81: =EW13*EW47 -> 0 | EX81: =EX13*EX47 -> 0 | EY81: =EY13*EY47 -> 0 | ... FE81: =FE13*FE47 -> 0 | FH81: =FH13*FH47 -> 0 | FJ81: =FJ13*FJ47 -> 0 | FK81: =FK13*FK47 -> 0 | FL81: =FL13*FL47 -> 0 | FM81: =FM13*FM47 -> 0 | FN81: =FN13*FN47 -> 0 | FO81: =FO13*FO47 -> 0 | FP81: =FP13*FP47 -> 0 | FQ81: =FQ13*FQ47 -> 0 | ... FW81: =FW13*FW47 -> 0 | FZ81: =FZ13*FZ47 -> 0 | GB81: =GB13*GB47 -> 0 | GC81: =GC13*GC47 -> 0 | GD81: =GD13*GD47 -> 0 | GE81: =GE13*GE47 -> 0 | GF81: =GF13*GF47 -> 0 | GG81: =GG13*GG47 -> 0 | GH81: =GH13*GH47 -> 0 | GI81: =GI13*GI47 -> 0 | ... GO81: =GO13*GO47 -> 0 | GR81: =GR13*GR47 -> 0
A82: Aircraft Mechanic I | D82: =D14*D48 -> 0 | E82: =E14*E48 -> 0 | F82: =F14*F48 -> 0 | G82: =G14*G48 -> 0 | H82: =H14*H48 -> 0 | I82: =I14*I48 -> 0 | J82: =J14*J48 -> 0 | K82: =K14*K48 -> 0 | ... Q82: =Q14*Q48 -> 0 | T82: =T14*T48 -> 0 | V82: =V14*V48 -> 0 | W82: =W14*W48 -> 0 | X82: =X14*X48 -> 0 | Y82: =Y14*Y48 -> 0 | Z82: =Z14*Z48 -> 0 | AA82: =AA14*AA48 -> 0 | AB82: =AB14*AB48 -> 0 | AC82: =AC14*AC48 -> 0 | ... AI82: =AI14*AI48 -> 0 | AL82: =AL14*AL48 -> 0 | AN82: =AN14*AN48 -> 0 | AO82: =AO14*AO48 -> 0 | AP82: =AP14*AP48 -> 0 | AQ82: =AQ14*AQ48 -> 0 | AR82: =AR14*AR48 -> 0 | AS82: =AS14*AS48 -> 0 | AT82: =AT14*AT48 -> 0 | AU82: =AU14*AU48 -> 0 | ... BA82: =BA14*BA48 -> 0 | BD82: =BD14*BD48 -> 0 | BF82: =BF14*BF48 -> 0 | BG82: =BG14*BG48 -> 0 | BH82: =BH14*BH48 -> 0 | BI82: =BI14*BI48 -> 0 | BJ82: =BJ14*BJ48 -> 0 | BK82: =BK14*BK48 -> 0 | BL82: =BL14*BL48 -> 0 | BM82: =BM14*BM48 -> 0 | ... BS82: =BS14*BS48 -> 0 | BV82: =BV14*BV48 -> 0 | BX82: =BX14*BX48 -> 0 | BY82: =BY14*BY48 -> 0 | BZ82: =BZ14*BZ48 -> 0 | CA82: =CA14*CA48 -> 0 | CB82: =CB14*CB48 -> 0 | CC82: =CC14*CC48 -> 0 | CD82: =CD14*CD48 -> 0 | CE82: =CE14*CE48 -> 0 | ... CK82: =CK14*CK48 -> 0 | CN82: =CN14*CN48 -> 0 | CP82: =CP14*CP48 -> 0 | CQ82: =CQ14*CQ48 -> 0 | CR82: =CR14*CR48 -> 0 | CS82: =CS14*CS48 -> 0 | CT82: =CT14*CT48 -> 0 | CU82: =CU14*CU48 -> 0 | CV82: =CV14*CV48 -> 0 | CW82: =CW14*CW48 -> 0 | ... DC82: =DC14*DC48 -> 0 | DF82: =DF14*DF48 -> 0 | DH82: =DH14*DH48 -> 0 | DI82: =DI14*DI48 -> 0 | DJ82: =DJ14*DJ48 -> 0 | DK82: =DK14*DK48 -> 0 | DL82: =DL14*DL48 -> 0 | DM82: =DM14*DM48 -> 0 | DN82: =DN14*DN48 -> 0 | DO82: =DO14*DO48 -> 0 | ... DU82: =DU14*DU48 -> 0 | DX82: =DX14*DX48 -> 0 | DZ82: =DZ14*DZ48 -> 0 | EA82: =EA14*EA48 -> 0 | EB82: =EB14*EB48 -> 0 | EC82: =EC14*EC48 -> 0 | ED82: =ED14*ED48 -> 0 | EE82: =EE14*EE48 -> 0 | EF82: =EF14*EF48 -> 0 | EG82: =EG14*EG48 -> 0 | ... EM82: =EM14*EM48 -> 0 | EP82: =EP14*EP48 -> 0 | ER82: =ER14*ER48 -> 0 | ES82: =ES14*ES48 -> 0 | ET82: =ET14*ET48 -> 0 | EU82: =EU14*EU48 -> 0 | EV82: =EV14*EV48 -> 0 | EW82: =EW14*EW48 -> 0 | EX82: =EX14*EX48 -> 0 | EY82: =EY14*EY48 -> 0 | ... FE82: =FE14*FE48 -> 0 | FH82: =FH14*FH48 -> 0 | FJ82: =FJ14*FJ48 -> 0 | FK82: =FK14*FK48 -> 0 | FL82: =FL14*FL48 -> 0 | FM82: =FM14*FM48 -> 0 | FN82: =FN14*FN48 -> 0 | FO82: =FO14*FO48 -> 0 | FP82: =FP14*FP48 -> 0 | FQ82: =FQ14*FQ48 -> 0 | ... FW82: =FW14*FW48 -> 0 | FZ82: =FZ14*FZ48 -> 0 | GB82: =GB14*GB48 -> 0 | GC82: =GC14*GC48 -> 0 | GD82: =GD14*GD48 -> 0 | GE82: =GE14*GE48 -> 0 | GF82: =GF14*GF48 -> 0 | GG82: =GG14*GG48 -> 0 | GH82: =GH14*GH48 -> 0 | GI82: =GI14*GI48 -> 0 | ... GO82: =GO14*GO48 -> 0 | GR82: =GR14*GR48 -> 0
A83: Aircraft Mechanic II | D83: =D15*D49 -> 0 | E83: =E15*E49 -> 0 | F83: =F15*F49 -> 0 | G83: =G15*G49 -> 0 | H83: =H15*H49 -> 0 | I83: =I15*I49 -> 0 | J83: =J15*J49 -> 0 | K83: =K15*K49 -> 0 | ... Q83: =Q15*Q49 -> 0 | T83: =T15*T49 -> 0 | V83: =V15*V49 -> 0 | W83: =W15*W49 -> 0 | X83: =X15*X49 -> 0 | Y83: =Y15*Y49 -> 0 | Z83: =Z15*Z49 -> 0 | AA83: =AA15*AA49 -> 0 | AB83: =AB15*AB49 -> 0 | AC83: =AC15*AC49 -> 0 | ... AI83: =AI15*AI49 -> 0 | AL83: =AL15*AL49 -> 0 | AN83: =AN15*AN49 -> 0 | AO83: =AO15*AO49 -> 0 | AP83: =AP15*AP49 -> 0 | AQ83: =AQ15*AQ49 -> 0 | AR83: =AR15*AR49 -> 0 | AS83: =AS15*AS49 -> 0 | AT83: =AT15*AT49 -> 0 | AU83: =AU15*AU49 -> 0 | ... BA83: =BA15*BA49 -> 0 | BD83: =BD15*BD49 -> 0 | BF83: =BF15*BF49 -> 0 | BG83: =BG15*BG49 -> 0 | BH83: =BH15*BH49 -> 0 | BI83: =BI15*BI49 -> 0 | BJ83: =BJ15*BJ49 -> 0 | BK83: =BK15*BK49 -> 0 | BL83: =BL15*BL49 -> 0 | BM83: =BM15*BM49 -> 0 | ... BS83: =BS15*BS49 -> 0 | BV83: =BV15*BV49 -> 0 | BX83: =BX15*BX49 -> 0 | BY83: =BY15*BY49 -> 0 | BZ83: =BZ15*BZ49 -> 0 | CA83: =CA15*CA49 -> 0 | CB83: =CB15*CB49 -> 0 | CC83: =CC15*CC49 -> 0 | CD83: =CD15*CD49 -> 0 | CE83: =CE15*CE49 -> 0 | ... CK83: =CK15*CK49 -> 0 | CN83: =CN15*CN49 -> 0 | CP83: =CP15*CP49 -> 0 | CQ83: =CQ15*CQ49 -> 0 | CR83: =CR15*CR49 -> 0 | CS83: =CS15*CS49 -> 0 | CT83: =CT15*CT49 -> 0 | CU83: =CU15*CU49 -> 0 | CV83: =CV15*CV49 -> 0 | CW83: =CW15*CW49 -> 0 | ... DC83: =DC15*DC49 -> 0 | DF83: =DF15*DF49 -> 0 | DH83: =DH15*DH49 -> 0 | DI83: =DI15*DI49 -> 0 | DJ83: =DJ15*DJ49 -> 0 | DK83: =DK15*DK49 -> 0 | DL83: =DL15*DL49 -> 0 | DM83: =DM15*DM49 -> 0 | DN83: =DN15*DN49 -> 0 | DO83: =DO15*DO49 -> 0 | ... DU83: =DU15*DU49 -> 0 | DX83: =DX15*DX49 -> 0 | DZ83: =DZ15*DZ49 -> 0 | EA83: =EA15*EA49 -> 0 | EB83: =EB15*EB49 -> 0 | EC83: =EC15*EC49 -> 0 | ED83: =ED15*ED49 -> 0 | EE83: =EE15*EE49 -> 0 | EF83: =EF15*EF49 -> 0 | EG83: =EG15*EG49 -> 0 | ... EM83: =EM15*EM49 -> 0 | EP83: =EP15*EP49 -> 0 | ER83: =ER15*ER49 -> 0 | ES83: =ES15*ES49 -> 0 | ET83: =ET15*ET49 -> 0 | EU83: =EU15*EU49 -> 0 | EV83: =EV15*EV49 -> 0 | EW83: =EW15*EW49 -> 0 | EX83: =EX15*EX49 -> 0 | EY83: =EY15*EY49 -> 0 | ... FE83: =FE15*FE49 -> 0 | FH83: =FH15*FH49 -> 0 | FJ83: =FJ15*FJ49 -> 0 | FK83: =FK15*FK49 -> 0 | FL83: =FL15*FL49 -> 0 | FM83: =FM15*FM49 -> 0 | FN83: =FN15*FN49 -> 0 | FO83: =FO15*FO49 -> 0 | FP83: =FP15*FP49 -> 0 | FQ83: =FQ15*FQ49 -> 0 | ... FW83: =FW15*FW49 -> 0 | FZ83: =FZ15*FZ49 -> 0 | GB83: =GB15*GB49 -> 0 | GC83: =GC15*GC49 -> 0 | GD83: =GD15*GD49 -> 0 | GE83: =GE15*GE49 -> 0 | GF83: =GF15*GF49 -> 0 | GG83: =GG15*GG49 -> 0 | GH83: =GH15*GH49 -> 0 | GI83: =GI15*GI49 -> 0 | ... GO83: =GO15*GO49 -> 0 | GR83: =GR15*GR49 -> 0
A84: Aircraft Mechanic III | D84: =D16*D50 -> 0 | E84: =E16*E50 -> 0 | F84: =F16*F50 -> 0 | G84: =G16*G50 -> 0 | H84: =H16*H50 -> 0 | I84: =I16*I50 -> 0 | J84: =J16*J50 -> 0 | K84: =K16*K50 -> 0 | ... Q84: =Q16*Q50 -> 0 | T84: =T16*T50 -> 0 | V84: =V16*V50 -> 0 | W84: =W16*W50 -> 0 | X84: =X16*X50 -> 0 | Y84: =Y16*Y50 -> 0 | Z84: =Z16*Z50 -> 0 | AA84: =AA16*AA50 -> 0 | AB84: =AB16*AB50 -> 0 | AC84: =AC16*AC50 -> 0 | ... AI84: =AI16*AI50 -> 0 | AL84: =AL16*AL50 -> 0 | AN84: =AN16*AN50 -> 0 | AO84: =AO16*AO50 -> 0 | AP84: =AP16*AP50 -> 0 | AQ84: =AQ16*AQ50 -> 0 | AR84: =AR16*AR50 -> 0 | AS84: =AS16*AS50 -> 0 | AT84: =AT16*AT50 -> 0 | AU84: =AU16*AU50 -> 0 | ... BA84: =BA16*BA50 -> 0 | BD84: =BD16*BD50 -> 0 | BF84: =BF16*BF50 -> 0 | BG84: =BG16*BG50 -> 0 | BH84: =BH16*BH50 -> 0 | BI84: =BI16*BI50 -> 0 | BJ84: =BJ16*BJ50 -> 0 | BK84: =BK16*BK50 -> 0 | BL84: =BL16*BL50 -> 0 | BM84: =BM16*BM50 -> 0 | ... BS84: =BS16*BS50 -> 0 | BV84: =BV16*BV50 -> 0 | BX84: =BX16*BX50 -> 0 | BY84: =BY16*BY50 -> 0 | BZ84: =BZ16*BZ50 -> 0 | CA84: =CA16*CA50 -> 0 | CB84: =CB16*CB50 -> 0 | CC84: =CC16*CC50 -> 0 | CD84: =CD16*CD50 -> 0 | CE84: =CE16*CE50 -> 0 | ... CK84: =CK16*CK50 -> 0 | CN84: =CN16*CN50 -> 0 | CP84: =CP16*CP50 -> 0 | CQ84: =CQ16*CQ50 -> 0 | CR84: =CR16*CR50 -> 0 | CS84: =CS16*CS50 -> 0 | CT84: =CT16*CT50 -> 0 | CU84: =CU16*CU50 -> 0 | CV84: =CV16*CV50 -> 0 | CW84: =CW16*CW50 -> 0 | ... DC84: =DC16*DC50 -> 0 | DF84: =DF16*DF50 -> 0 | DH84: =DH16*DH50 -> 0 | DI84: =DI16*DI50 -> 0 | DJ84: =DJ16*DJ50 -> 0 | DK84: =DK16*DK50 -> 0 | DL84: =DL16*DL50 -> 0 | DM84: =DM16*DM50 -> 0 | DN84: =DN16*DN50 -> 0 | DO84: =DO16*DO50 -> 0 | ... DU84: =DU16*DU50 -> 0 | DX84: =DX16*DX50 -> 0 | DZ84: =DZ16*DZ50 -> 0 | EA84: =EA16*EA50 -> 0 | EB84: =EB16*EB50 -> 0 | EC84: =EC16*EC50 -> 0 | ED84: =ED16*ED50 -> 0 | EE84: =EE16*EE50 -> 0 | EF84: =EF16*EF50 -> 0 | EG84: =EG16*EG50 -> 0 | ... EM84: =EM16*EM50 -> 0 | EP84: =EP16*EP50 -> 0 | ER84: =ER16*ER50 -> 0 | ES84: =ES16*ES50 -> 0 | ET84: =ET16*ET50 -> 0 | EU84: =EU16*EU50 -> 0 | EV84: =EV16*EV50 -> 0 | EW84: =EW16*EW50 -> 0 | EX84: =EX16*EX50 -> 0 | EY84: =EY16*EY50 -> 0 | ... FE84: =FE16*FE50 -> 0 | FH84: =FH16*FH50 -> 0 | FJ84: =FJ16*FJ50 -> 0 | FK84: =FK16*FK50 -> 0 | FL84: =FL16*FL50 -> 0 | FM84: =FM16*FM50 -> 0 | FN84: =FN16*FN50 -> 0 | FO84: =FO16*FO50 -> 0 | FP84: =FP16*FP50 -> 0 | FQ84: =FQ16*FQ50 -> 0 | ... FW84: =FW16*FW50 -> 0 | FZ84: =FZ16*FZ50 -> 0 | GB84: =GB16*GB50 -> 0 | GC84: =GC16*GC50 -> 0 | GD84: =GD16*GD50 -> 0 | GE84: =GE16*GE50 -> 0 | GF84: =GF16*GF50 -> 0 | GG84: =GG16*GG50 -> 0 | GH84: =GH16*GH50 -> 0 | GI84: =GI16*GI50 -> 0 | ... GO84: =GO16*GO50 -> 0 | GR84: =GR16*GR50 -> 0
A85: Aircraft Painter | D85: =D17*D51 -> 0 | E85: =E17*E51 -> 0 | F85: =F17*F51 -> 0 | G85: =G17*G51 -> 0 | H85: =H17*H51 -> 0 | I85: =I17*I51 -> 0 | J85: =J17*J51 -> 0 | K85: =K17*K51 -> 0 | ... Q85: =Q17*Q51 -> 0 | T85: =T17*T51 -> 0 | V85: =V17*V51 -> 0 | W85: =W17*W51 -> 0 | X85: =X17*X51 -> 0 | Y85: =Y17*Y51 -> 0 | Z85: =Z17*Z51 -> 0 | AA85: =AA17*AA51 -> 0 | AB85: =AB17*AB51 -> 0 | AC85: =AC17*AC51 -> 0 | ... AI85: =AI17*AI51 -> 0 | AL85: =AL17*AL51 -> 0 | AN85: =AN17*AN51 -> 0 | AO85: =AO17*AO51 -> 0 | AP85: =AP17*AP51 -> 0 | AQ85: =AQ17*AQ51 -> 0 | AR85: =AR17*AR51 -> 0 | AS85: =AS17*AS51 -> 0 | AT85: =AT17*AT51 -> 0 | AU85: =AU17*AU51 -> 0 | ... BA85: =BA17*BA51 -> 0 | BD85: =BD17*BD51 -> 0 | BF85: =BF17*BF51 -> 0 | BG85: =BG17*BG51 -> 0 | BH85: =BH17*BH51 -> 0 | BI85: =BI17*BI51 -> 0 | BJ85: =BJ17*BJ51 -> 0 | BK85: =BK17*BK51 -> 0 | BL85: =BL17*BL51 -> 0 | BM85: =BM17*BM51 -> 0 | ... BS85: =BS17*BS51 -> 0 | BV85: =BV17*BV51 -> 0 | BX85: =BX17*BX51 -> 0 | BY85: =BY17*BY51 -> 0 | BZ85: =BZ17*BZ51 -> 0 | CA85: =CA17*CA51 -> 0 | CB85: =CB17*CB51 -> 0 | CC85: =CC17*CC51 -> 0 | CD85: =CD17*CD51 -> 0 | CE85: =CE17*CE51 -> 0 | ... CK85: =CK17*CK51 -> 0 | CN85: =CN17*CN51 -> 0 | CP85: =CP17*CP51 -> 0 | CQ85: =CQ17*CQ51 -> 0 | CR85: =CR17*CR51 -> 0 | CS85: =CS17*CS51 -> 0 | CT85: =CT17*CT51 -> 0 | CU85: =CU17*CU51 -> 0 | CV85: =CV17*CV51 -> 0 | CW85: =CW17*CW51 -> 0 | ... DC85: =DC17*DC51 -> 0 | DF85: =DF17*DF51 -> 0 | DH85: =DH17*DH51 -> 0 | DI85: =DI17*DI51 -> 0 | DJ85: =DJ17*DJ51 -> 0 | DK85: =DK17*DK51 -> 0 | DL85: =DL17*DL51 -> 0 | DM85: =DM17*DM51 -> 0 | DN85: =DN17*DN51 -> 0 | DO85: =DO17*DO51 -> 0 | ... DU85: =DU17*DU51 -> 0 | DX85: =DX17*DX51 -> 0 | DZ85: =DZ17*DZ51 -> 0 | EA85: =EA17*EA51 -> 0 | EB85: =EB17*EB51 -> 0 | EC85: =EC17*EC51 -> 0 | ED85: =ED17*ED51 -> 0 | EE85: =EE17*EE51 -> 0 | EF85: =EF17*EF51 -> 0 | EG85: =EG17*EG51 -> 0 | ... EM85: =EM17*EM51 -> 0 | EP85: =EP17*EP51 -> 0 | ER85: =ER17*ER51 -> 0 | ES85: =ES17*ES51 -> 0 | ET85: =ET17*ET51 -> 0 | EU85: =EU17*EU51 -> 0 | EV85: =EV17*EV51 -> 0 | EW85: =EW17*EW51 -> 0 | EX85: =EX17*EX51 -> 0 | EY85: =EY17*EY51 -> 0 | ... FE85: =FE17*FE51 -> 0 | FH85: =FH17*FH51 -> 0 | FJ85: =FJ17*FJ51 -> 0 | FK85: =FK17*FK51 -> 0 | FL85: =FL17*FL51 -> 0 | FM85: =FM17*FM51 -> 0 | FN85: =FN17*FN51 -> 0 | FO85: =FO17*FO51 -> 0 | FP85: =FP17*FP51 -> 0 | FQ85: =FQ17*FQ51 -> 0 | ... FW85: =FW17*FW51 -> 0 | FZ85: =FZ17*FZ51 -> 0 | GB85: =GB17*GB51 -> 0 | GC85: =GC17*GC51 -> 0 | GD85: =GD17*GD51 -> 0 | GE85: =GE17*GE51 -> 0 | GF85: =GF17*GF51 -> 0 | GG85: =GG17*GG51 -> 0 | GH85: =GH17*GH51 -> 0 | GI85: =GI17*GI51 -> 0 | ... GO85: =GO17*GO51 -> 0 | GR85: =GR17*GR51 -> 0
A86: Aircraft Servicer | D86: =D18*D52 -> 0 | E86: =E18*E52 -> 0 | F86: =F18*F52 -> 0 | G86: =G18*G52 -> 0 | H86: =H18*H52 -> 0 | I86: =I18*I52 -> 0 | J86: =J18*J52 -> 0 | K86: =K18*K52 -> 0 | ... Q86: =Q18*Q52 -> 0 | T86: =T18*T52 -> 0 | V86: =V18*V52 -> 0 | W86: =W18*W52 -> 0 | X86: =X18*X52 -> 0 | Y86: =Y18*Y52 -> 0 | Z86: =Z18*Z52 -> 0 | AA86: =AA18*AA52 -> 0 | AB86: =AB18*AB52 -> 0 | AC86: =AC18*AC52 -> 0 | ... AI86: =AI18*AI52 -> 0 | AL86: =AL18*AL52 -> 0 | AN86: =AN18*AN52 -> 0 | AO86: =AO18*AO52 -> 0 | AP86: =AP18*AP52 -> 0 | AQ86: =AQ18*AQ52 -> 0 | AR86: =AR18*AR52 -> 0 | AS86: =AS18*AS52 -> 0 | AT86: =AT18*AT52 -> 0 | AU86: =AU18*AU52 -> 0 | ... BA86: =BA18*BA52 -> 0 | BD86: =BD18*BD52 -> 0 | BF86: =BF18*BF52 -> 0 | BG86: =BG18*BG52 -> 0 | BH86: =BH18*BH52 -> 0 | BI86: =BI18*BI52 -> 0 | BJ86: =BJ18*BJ52 -> 0 | BK86: =BK18*BK52 -> 0 | BL86: =BL18*BL52 -> 0 | BM86: =BM18*BM52 -> 0 | ... BS86: =BS18*BS52 -> 0 | BV86: =BV18*BV52 -> 0 | BX86: =BX18*BX52 -> 0 | BY86: =BY18*BY52 -> 0 | BZ86: =BZ18*BZ52 -> 0 | CA86: =CA18*CA52 -> 0 | CB86: =CB18*CB52 -> 0 | CC86: =CC18*CC52 -> 0 | CD86: =CD18*CD52 -> 0 | CE86: =CE18*CE52 -> 0 | ... CK86: =CK18*CK52 -> 0 | CN86: =CN18*CN52 -> 0 | CP86: =CP18*CP52 -> 0 | CQ86: =CQ18*CQ52 -> 0 | CR86: =CR18*CR52 -> 0 | CS86: =CS18*CS52 -> 0 | CT86: =CT18*CT52 -> 0 | CU86: =CU18*CU52 -> 0 | CV86: =CV18*CV52 -> 0 | CW86: =CW18*CW52 -> 0 | ... DC86: =DC18*DC52 -> 0 | DF86: =DF18*DF52 -> 0 | DH86: =DH18*DH52 -> 0 | DI86: =DI18*DI52 -> 0 | DJ86: =DJ18*DJ52 -> 0 | DK86: =DK18*DK52 -> 0 | DL86: =DL18*DL52 -> 0 | DM86: =DM18*DM52 -> 0 | DN86: =DN18*DN52 -> 0 | DO86: =DO18*DO52 -> 0 | ... DU86: =DU18*DU52 -> 0 | DX86: =DX18*DX52 -> 0 | DZ86: =DZ18*DZ52 -> 0 | EA86: =EA18*EA52 -> 0 | EB86: =EB18*EB52 -> 0 | EC86: =EC18*EC52 -> 0 | ED86: =ED18*ED52 -> 0 | EE86: =EE18*EE52 -> 0 | EF86: =EF18*EF52 -> 0 | EG86: =EG18*EG52 -> 0 | ... EM86: =EM18*EM52 -> 0 | EP86: =EP18*EP52 -> 0 | ER86: =ER18*ER52 -> 0 | ES86: =ES18*ES52 -> 0 | ET86: =ET18*ET52 -> 0 | EU86: =EU18*EU52 -> 0 | EV86: =EV18*EV52 -> 0 | EW86: =EW18*EW52 -> 0 | EX86: =EX18*EX52 -> 0 | EY86: =EY18*EY52 -> 0 | ... FE86: =FE18*FE52 -> 0 | FH86: =FH18*FH52 -> 0 | FJ86: =FJ18*FJ52 -> 0 | FK86: =FK18*FK52 -> 0 | FL86: =FL18*FL52 -> 0 | FM86: =FM18*FM52 -> 0 | FN86: =FN18*FN52 -> 0 | FO86: =FO18*FO52 -> 0 | FP86: =FP18*FP52 -> 0 | FQ86: =FQ18*FQ52 -> 0 | ... FW86: =FW18*FW52 -> 0 | FZ86: =FZ18*FZ52 -> 0 | GB86: =GB18*GB52 -> 0 | GC86: =GC18*GC52 -> 0 | GD86: =GD18*GD52 -> 0 | GE86: =GE18*GE52 -> 0 | GF86: =GF18*GF52 -> 0 | GG86: =GG18*GG52 -> 0 | GH86: =GH18*GH52 -> 0 | GI86: =GI18*GI52 -> 0 | ... GO86: =GO18*GO52 -> 0 | GR86: =GR18*GR52 -> 0
A87: Aircraft Technical Inspector | D87: =D19*D53 -> 0 | E87: =E19*E53 -> 0 | F87: =F19*F53 -> 0 | G87: =G19*G53 -> 0 | H87: =H19*H53 -> 0 | I87: =I19*I53 -> 0 | J87: =J19*J53 -> 0 | K87: =K19*K53 -> 0 | ... Q87: =Q19*Q53 -> 0 | T87: =T19*T53 -> 0 | V87: =V19*V53 -> 0 | W87: =W19*W53 -> 0 | X87: =X19*X53 -> 0 | Y87: =Y19*Y53 -> 0 | Z87: =Z19*Z53 -> 0 | AA87: =AA19*AA53 -> 0 | AB87: =AB19*AB53 -> 0 | AC87: =AC19*AC53 -> 0 | ... AI87: =AI19*AI53 -> 0 | AL87: =AL19*AL53 -> 0 | AN87: =AN19*AN53 -> 0 | AO87: =AO19*AO53 -> 0 | AP87: =AP19*AP53 -> 0 | AQ87: =AQ19*AQ53 -> 0 | AR87: =AR19*AR53 -> 0 | AS87: =AS19*AS53 -> 0 | AT87: =AT19*AT53 -> 0 | AU87: =AU19*AU53 -> 0 | ... BA87: =BA19*BA53 -> 0 | BD87: =BD19*BD53 -> 0 | BF87: =BF19*BF53 -> 0 | BG87: =BG19*BG53 -> 0 | BH87: =BH19*BH53 -> 0 | BI87: =BI19*BI53 -> 0 | BJ87: =BJ19*BJ53 -> 0 | BK87: =BK19*BK53 -> 0 | BL87: =BL19*BL53 -> 0 | BM87: =BM19*BM53 -> 0 | ... BS87: =BS19*BS53 -> 0 | BV87: =BV19*BV53 -> 0 | BX87: =BX19*BX53 -> 0 | BY87: =BY19*BY53 -> 0 | BZ87: =BZ19*BZ53 -> 0 | CA87: =CA19*CA53 -> 0 | CB87: =CB19*CB53 -> 0 | CC87: =CC19*CC53 -> 0 | CD87: =CD19*CD53 -> 0 | CE87: =CE19*CE53 -> 0 | ... CK87: =CK19*CK53 -> 0 | CN87: =CN19*CN53 -> 0 | CP87: =CP19*CP53 -> 0 | CQ87: =CQ19*CQ53 -> 0 | CR87: =CR19*CR53 -> 0 | CS87: =CS19*CS53 -> 0 | CT87: =CT19*CT53 -> 0 | CU87: =CU19*CU53 -> 0 | CV87: =CV19*CV53 -> 0 | CW87: =CW19*CW53 -> 0 | ... DC87: =DC19*DC53 -> 0 | DF87: =DF19*DF53 -> 0 | DH87: =DH19*DH53 -> 0 | DI87: =DI19*DI53 -> 0 | DJ87: =DJ19*DJ53 -> 0 | DK87: =DK19*DK53 -> 0 | DL87: =DL19*DL53 -> 0 | DM87: =DM19*DM53 -> 0 | DN87: =DN19*DN53 -> 0 | DO87: =DO19*DO53 -> 0 | ... DU87: =DU19*DU53 -> 0 | DX87: =DX19*DX53 -> 0 | DZ87: =DZ19*DZ53 -> 0 | EA87: =EA19*EA53 -> 0 | EB87: =EB19*EB53 -> 0 | EC87: =EC19*EC53 -> 0 | ED87: =ED19*ED53 -> 0 | EE87: =EE19*EE53 -> 0 | EF87: =EF19*EF53 -> 0 | EG87: =EG19*EG53 -> 0 | ... EM87: =EM19*EM53 -> 0 | EP87: =EP19*EP53 -> 0 | ER87: =ER19*ER53 -> 0 | ES87: =ES19*ES53 -> 0 | ET87: =ET19*ET53 -> 0 | EU87: =EU19*EU53 -> 0 | EV87: =EV19*EV53 -> 0 | EW87: =EW19*EW53 -> 0 | EX87: =EX19*EX53 -> 0 | EY87: =EY19*EY53 -> 0 | ... FE87: =FE19*FE53 -> 0 | FH87: =FH19*FH53 -> 0 | FJ87: =FJ19*FJ53 -> 0 | FK87: =FK19*FK53 -> 0 | FL87: =FL19*FL53 -> 0 | FM87: =FM19*FM53 -> 0 | FN87: =FN19*FN53 -> 0 | FO87: =FO19*FO53 -> 0 | FP87: =FP19*FP53 -> 0 | FQ87: =FQ19*FQ53 -> 0 | ... FW87: =FW19*FW53 -> 0 | FZ87: =FZ19*FZ53 -> 0 | GB87: =GB19*GB53 -> 0 | GC87: =GC19*GC53 -> 0 | GD87: =GD19*GD53 -> 0 | GE87: =GE19*GE53 -> 0 | GF87: =GF19*GF53 -> 0 | GG87: =GG19*GG53 -> 0 | GH87: =GH19*GH53 -> 0 | GI87: =GI19*GI53 -> 0 | ... GO87: =GO19*GO53 -> 0 | GR87: =GR19*GR53 -> 0
A88: Aircraft Worker | D88: =D20*D54 -> 0 | E88: =E20*E54 -> 0 | F88: =F20*F54 -> 0 | G88: =G20*G54 -> 0 | H88: =H20*H54 -> 0 | I88: =I20*I54 -> 0 | J88: =J20*J54 -> 0 | K88: =K20*K54 -> 0 | ... Q88: =Q20*Q54 -> 0 | T88: =T20*T54 -> 0 | V88: =V20*V54 -> 0 | W88: =W20*W54 -> 0 | X88: =X20*X54 -> 0 | Y88: =Y20*Y54 -> 0 | Z88: =Z20*Z54 -> 0 | AA88: =AA20*AA54 -> 0 | AB88: =AB20*AB54 -> 0 | AC88: =AC20*AC54 -> 0 | ... AI88: =AI20*AI54 -> 0 | AL88: =AL20*AL54 -> 0 | AN88: =AN20*AN54 -> 0 | AO88: =AO20*AO54 -> 0 | AP88: =AP20*AP54 -> 0 | AQ88: =AQ20*AQ54 -> 0 | AR88: =AR20*AR54 -> 0 | AS88: =AS20*AS54 -> 0 | AT88: =AT20*AT54 -> 0 | AU88: =AU20*AU54 -> 0 | ... BA88: =BA20*BA54 -> 0 | BD88: =BD20*BD54 -> 0 | BF88: =BF20*BF54 -> 0 | BG88: =BG20*BG54 -> 0 | BH88: =BH20*BH54 -> 0 | BI88: =BI20*BI54 -> 0 | BJ88: =BJ20*BJ54 -> 0 | BK88: =BK20*BK54 -> 0 | BL88: =BL20*BL54 -> 0 | BM88: =BM20*BM54 -> 0 | ... BS88: =BS20*BS54 -> 0 | BV88: =BV20*BV54 -> 0 | BX88: =BX20*BX54 -> 0 | BY88: =BY20*BY54 -> 0 | BZ88: =BZ20*BZ54 -> 0 | CA88: =CA20*CA54 -> 0 | CB88: =CB20*CB54 -> 0 | CC88: =CC20*CC54 -> 0 | CD88: =CD20*CD54 -> 0 | CE88: =CE20*CE54 -> 0 | ... CK88: =CK20*CK54 -> 0 | CN88: =CN20*CN54 -> 0 | CP88: =CP20*CP54 -> 0 | CQ88: =CQ20*CQ54 -> 0 | CR88: =CR20*CR54 -> 0 | CS88: =CS20*CS54 -> 0 | CT88: =CT20*CT54 -> 0 | CU88: =CU20*CU54 -> 0 | CV88: =CV20*CV54 -> 0 | CW88: =CW20*CW54 -> 0 | ... DC88: =DC20*DC54 -> 0 | DF88: =DF20*DF54 -> 0 | DH88: =DH20*DH54 -> 0 | DI88: =DI20*DI54 -> 0 | DJ88: =DJ20*DJ54 -> 0 | DK88: =DK20*DK54 -> 0 | DL88: =DL20*DL54 -> 0 | DM88: =DM20*DM54 -> 0 | DN88: =DN20*DN54 -> 0 | DO88: =DO20*DO54 -> 0 | ... DU88: =DU20*DU54 -> 0 | DX88: =DX20*DX54 -> 0 | DZ88: =DZ20*DZ54 -> 0 | EA88: =EA20*EA54 -> 0 | EB88: =EB20*EB54 -> 0 | EC88: =EC20*EC54 -> 0 | ED88: =ED20*ED54 -> 0 | EE88: =EE20*EE54 -> 0 | EF88: =EF20*EF54 -> 0 | EG88: =EG20*EG54 -> 0 | ... EM88: =EM20*EM54 -> 0 | EP88: =EP20*EP54 -> 0 | ER88: =ER20*ER54 -> 0 | ES88: =ES20*ES54 -> 0 | ET88: =ET20*ET54 -> 0 | EU88: =EU20*EU54 -> 0 | EV88: =EV20*EV54 -> 0 | EW88: =EW20*EW54 -> 0 | EX88: =EX20*EX54 -> 0 | EY88: =EY20*EY54 -> 0 | ... FE88: =FE20*FE54 -> 0 | FH88: =FH20*FH54 -> 0 | FJ88: =FJ20*FJ54 -> 0 | FK88: =FK20*FK54 -> 0 | FL88: =FL20*FL54 -> 0 | FM88: =FM20*FM54 -> 0 | FN88: =FN20*FN54 -> 0 | FO88: =FO20*FO54 -> 0 | FP88: =FP20*FP54 -> 0 | FQ88: =FQ20*FQ54 -> 0 | ... FW88: =FW20*FW54 -> 0 | FZ88: =FZ20*FZ54 -> 0 | GB88: =GB20*GB54 -> 0 | GC88: =GC20*GC54 -> 0 | GD88: =GD20*GD54 -> 0 | GE88: =GE20*GE54 -> 0 | GF88: =GF20*GF54 -> 0 | GG88: =GG20*GG54 -> 0 | GH88: =GH20*GH54 -> 0 | GI88: =GI20*GI54 -> 0 | ... GO88: =GO20*GO54 -> 0 | GR88: =GR20*GR54 -> 0
A89: Aviation Life Support Equipment (ALSE) Technical Inspector | D89: =D21*D55 -> 0 | E89: =E21*E55 -> 0 | F89: =F21*F55 -> 0 | G89: =G21*G55 -> 0 | H89: =H21*H55 -> 0 | I89: =I21*I55 -> 0 | J89: =J21*J55 -> 0 | K89: =K21*K55 -> 0 | ... Q89: =Q21*Q55 -> 0 | T89: =T21*T55 -> 0 | V89: =V21*V55 -> 0 | W89: =W21*W55 -> 0 | X89: =X21*X55 -> 0 | Y89: =Y21*Y55 -> 0 | Z89: =Z21*Z55 -> 0 | AA89: =AA21*AA55 -> 0 | AB89: =AB21*AB55 -> 0 | AC89: =AC21*AC55 -> 0 | ... AI89: =AI21*AI55 -> 0 | AL89: =AL21*AL55 -> 0 | AN89: =AN21*AN55 -> 0 | AO89: =AO21*AO55 -> 0 | AP89: =AP21*AP55 -> 0 | AQ89: =AQ21*AQ55 -> 0 | AR89: =AR21*AR55 -> 0 | AS89: =AS21*AS55 -> 0 | AT89: =AT21*AT55 -> 0 | AU89: =AU21*AU55 -> 0 | ... BA89: =BA21*BA55 -> 0 | BD89: =BD21*BD55 -> 0 | BF89: =BF21*BF55 -> 0 | BG89: =BG21*BG55 -> 0 | BH89: =BH21*BH55 -> 0 | BI89: =BI21*BI55 -> 0 | BJ89: =BJ21*BJ55 -> 0 | BK89: =BK21*BK55 -> 0 | BL89: =BL21*BL55 -> 0 | BM89: =BM21*BM55 -> 0 | ... BS89: =BS21*BS55 -> 0 | BV89: =BV21*BV55 -> 0 | BX89: =BX21*BX55 -> 0 | BY89: =BY21*BY55 -> 0 | BZ89: =BZ21*BZ55 -> 0 | CA89: =CA21*CA55 -> 0 | CB89: =CB21*CB55 -> 0 | CC89: =CC21*CC55 -> 0 | CD89: =CD21*CD55 -> 0 | CE89: =CE21*CE55 -> 0 | ... CK89: =CK21*CK55 -> 0 | CN89: =CN21*CN55 -> 0 | CP89: =CP21*CP55 -> 0 | CQ89: =CQ21*CQ55 -> 0 | CR89: =CR21*CR55 -> 0 | CS89: =CS21*CS55 -> 0 | CT89: =CT21*CT55 -> 0 | CU89: =CU21*CU55 -> 0 | CV89: =CV21*CV55 -> 0 | CW89: =CW21*CW55 -> 0 | ... DC89: =DC21*DC55 -> 0 | DF89: =DF21*DF55 -> 0 | DH89: =DH21*DH55 -> 0 | DI89: =DI21*DI55 -> 0 | DJ89: =DJ21*DJ55 -> 0 | DK89: =DK21*DK55 -> 0 | DL89: =DL21*DL55 -> 0 | DM89: =DM21*DM55 -> 0 | DN89: =DN21*DN55 -> 0 | DO89: =DO21*DO55 -> 0 | ... DU89: =DU21*DU55 -> 0 | DX89: =DX21*DX55 -> 0 | DZ89: =DZ21*DZ55 -> 0 | EA89: =EA21*EA55 -> 0 | EB89: =EB21*EB55 -> 0 | EC89: =EC21*EC55 -> 0 | ED89: =ED21*ED55 -> 0 | EE89: =EE21*EE55 -> 0 | EF89: =EF21*EF55 -> 0 | EG89: =EG21*EG55 -> 0 | ... EM89: =EM21*EM55 -> 0 | EP89: =EP21*EP55 -> 0 | ER89: =ER21*ER55 -> 0 | ES89: =ES21*ES55 -> 0 | ET89: =ET21*ET55 -> 0 | EU89: =EU21*EU55 -> 0 | EV89: =EV21*EV55 -> 0 | EW89: =EW21*EW55 -> 0 | EX89: =EX21*EX55 -> 0 | EY89: =EY21*EY55 -> 0 | ... FE89: =FE21*FE55 -> 0 | FH89: =FH21*FH55 -> 0 | FJ89: =FJ21*FJ55 -> 0 | FK89: =FK21*FK55 -> 0 | FL89: =FL21*FL55 -> 0 | FM89: =FM21*FM55 -> 0 | FN89: =FN21*FN55 -> 0 | FO89: =FO21*FO55 -> 0 | FP89: =FP21*FP55 -> 0 | FQ89: =FQ21*FQ55 -> 0 | ... FW89: =FW21*FW55 -> 0 | FZ89: =FZ21*FZ55 -> 0 | GB89: =GB21*GB55 -> 0 | GC89: =GC21*GC55 -> 0 | GD89: =GD21*GD55 -> 0 | GE89: =GE21*GE55 -> 0 | GF89: =GF21*GF55 -> 0 | GG89: =GG21*GG55 -> 0 | GH89: =GH21*GH55 -> 0 | GI89: =GI21*GI55 -> 0 | ... GO89: =GO21*GO55 -> 0 | GR89: =GR21*GR55 -> 0
A90: Aviation Life Support Equipment (ALSE) Technician | D90: =D22*D56 -> 0 | E90: =E22*E56 -> 0 | F90: =F22*F56 -> 0 | G90: =G22*G56 -> 0 | H90: =H22*H56 -> 0 | I90: =I22*I56 -> 0 | J90: =J22*J56 -> 0 | K90: =K22*K56 -> 0 | ... Q90: =Q22*Q56 -> 0 | T90: =T22*T56 -> 0 | V90: =V22*V56 -> 0 | W90: =W22*W56 -> 0 | X90: =X22*X56 -> 0 | Y90: =Y22*Y56 -> 0 | Z90: =Z22*Z56 -> 0 | AA90: =AA22*AA56 -> 0 | AB90: =AB22*AB56 -> 0 | AC90: =AC22*AC56 -> 0 | ... AI90: =AI22*AI56 -> 0 | AL90: =AL22*AL56 -> 0 | AN90: =AN22*AN56 -> 0 | AO90: =AO22*AO56 -> 0 | AP90: =AP22*AP56 -> 0 | AQ90: =AQ22*AQ56 -> 0 | AR90: =AR22*AR56 -> 0 | AS90: =AS22*AS56 -> 0 | AT90: =AT22*AT56 -> 0 | AU90: =AU22*AU56 -> 0 | ... BA90: =BA22*BA56 -> 0 | BD90: =BD22*BD56 -> 0 | BF90: =BF22*BF56 -> 0 | BG90: =BG22*BG56 -> 0 | BH90: =BH22*BH56 -> 0 | BI90: =BI22*BI56 -> 0 | BJ90: =BJ22*BJ56 -> 0 | BK90: =BK22*BK56 -> 0 | BL90: =BL22*BL56 -> 0 | BM90: =BM22*BM56 -> 0 | ... BS90: =BS22*BS56 -> 0 | BV90: =BV22*BV56 -> 0 | BX90: =BX22*BX56 -> 0 | BY90: =BY22*BY56 -> 0 | BZ90: =BZ22*BZ56 -> 0 | CA90: =CA22*CA56 -> 0 | CB90: =CB22*CB56 -> 0 | CC90: =CC22*CC56 -> 0 | CD90: =CD22*CD56 -> 0 | CE90: =CE22*CE56 -> 0 | ... CK90: =CK22*CK56 -> 0 | CN90: =CN22*CN56 -> 0 | CP90: =CP22*CP56 -> 0 | CQ90: =CQ22*CQ56 -> 0 | CR90: =CR22*CR56 -> 0 | CS90: =CS22*CS56 -> 0 | CT90: =CT22*CT56 -> 0 | CU90: =CU22*CU56 -> 0 | CV90: =CV22*CV56 -> 0 | CW90: =CW22*CW56 -> 0 | ... DC90: =DC22*DC56 -> 0 | DF90: =DF22*DF56 -> 0 | DH90: =DH22*DH56 -> 0 | DI90: =DI22*DI56 -> 0 | DJ90: =DJ22*DJ56 -> 0 | DK90: =DK22*DK56 -> 0 | DL90: =DL22*DL56 -> 0 | DM90: =DM22*DM56 -> 0 | DN90: =DN22*DN56 -> 0 | DO90: =DO22*DO56 -> 0 | ... DU90: =DU22*DU56 -> 0 | DX90: =DX22*DX56 -> 0 | DZ90: =DZ22*DZ56 -> 0 | EA90: =EA22*EA56 -> 0 | EB90: =EB22*EB56 -> 0 | EC90: =EC22*EC56 -> 0 | ED90: =ED22*ED56 -> 0 | EE90: =EE22*EE56 -> 0 | EF90: =EF22*EF56 -> 0 | EG90: =EG22*EG56 -> 0 | ... EM90: =EM22*EM56 -> 0 | EP90: =EP22*EP56 -> 0 | ER90: =ER22*ER56 -> 0 | ES90: =ES22*ES56 -> 0 | ET90: =ET22*ET56 -> 0 | EU90: =EU22*EU56 -> 0 | EV90: =EV22*EV56 -> 0 | EW90: =EW22*EW56 -> 0 | EX90: =EX22*EX56 -> 0 | EY90: =EY22*EY56 -> 0 | ... FE90: =FE22*FE56 -> 0 | FH90: =FH22*FH56 -> 0 | FJ90: =FJ22*FJ56 -> 0 | FK90: =FK22*FK56 -> 0 | FL90: =FL22*FL56 -> 0 | FM90: =FM22*FM56 -> 0 | FN90: =FN22*FN56 -> 0 | FO90: =FO22*FO56 -> 0 | FP90: =FP22*FP56 -> 0 | FQ90: =FQ22*FQ56 -> 0 | ... FW90: =FW22*FW56 -> 0 | FZ90: =FZ22*FZ56 -> 0 | GB90: =GB22*GB56 -> 0 | GC90: =GC22*GC56 -> 0 | GD90: =GD22*GD56 -> 0 | GE90: =GE22*GE56 -> 0 | GF90: =GF22*GF56 -> 0 | GG90: =GG22*GG56 -> 0 | GH90: =GH22*GH56 -> 0 | GI90: =GI22*GI56 -> 0 | ... GO90: =GO22*GO56 -> 0 | GR90: =GR22*GR56 -> 0
A91: Ground Inspector | D91: =D23*D57 -> 0 | E91: =E23*E57 -> 0 | F91: =F23*F57 -> 0 | G91: =G23*G57 -> 0 | H91: =H23*H57 -> 0 | I91: =I23*I57 -> 0 | J91: =J23*J57 -> 0 | K91: =K23*K57 -> 0 | ... Q91: =Q23*Q57 -> 0 | T91: =T23*T57 -> 0 | V91: =V23*V57 -> 0 | W91: =W23*W57 -> 0 | X91: =X23*X57 -> 0 | Y91: =Y23*Y57 -> 0 | Z91: =Z23*Z57 -> 0 | AA91: =AA23*AA57 -> 0 | AB91: =AB23*AB57 -> 0 | AC91: =AC23*AC57 -> 0 | ... AI91: =AI23*AI57 -> 0 | AL91: =AL23*AL57 -> 0 | AN91: =AN23*AN57 -> 0 | AO91: =AO23*AO57 -> 0 | AP91: =AP23*AP57 -> 0 | AQ91: =AQ23*AQ57 -> 0 | AR91: =AR23*AR57 -> 0 | AS91: =AS23*AS57 -> 0 | AT91: =AT23*AT57 -> 0 | AU91: =AU23*AU57 -> 0 | ... BA91: =BA23*BA57 -> 0 | BD91: =BD23*BD57 -> 0 | BF91: =BF23*BF57 -> 0 | BG91: =BG23*BG57 -> 0 | BH91: =BH23*BH57 -> 0 | BI91: =BI23*BI57 -> 0 | BJ91: =BJ23*BJ57 -> 0 | BK91: =BK23*BK57 -> 0 | BL91: =BL23*BL57 -> 0 | BM91: =BM23*BM57 -> 0 | ... BS91: =BS23*BS57 -> 0 | BV91: =BV23*BV57 -> 0 | BX91: =BX23*BX57 -> 0 | BY91: =BY23*BY57 -> 0 | BZ91: =BZ23*BZ57 -> 0 | CA91: =CA23*CA57 -> 0 | CB91: =CB23*CB57 -> 0 | CC91: =CC23*CC57 -> 0 | CD91: =CD23*CD57 -> 0 | CE91: =CE23*CE57 -> 0 | ... CK91: =CK23*CK57 -> 0 | CN91: =CN23*CN57 -> 0 | CP91: =CP23*CP57 -> 0 | CQ91: =CQ23*CQ57 -> 0 | CR91: =CR23*CR57 -> 0 | CS91: =CS23*CS57 -> 0 | CT91: =CT23*CT57 -> 0 | CU91: =CU23*CU57 -> 0 | CV91: =CV23*CV57 -> 0 | CW91: =CW23*CW57 -> 0 | ... DC91: =DC23*DC57 -> 0 | DF91: =DF23*DF57 -> 0 | DH91: =DH23*DH57 -> 0 | DI91: =DI23*DI57 -> 0 | DJ91: =DJ23*DJ57 -> 0 | DK91: =DK23*DK57 -> 0 | DL91: =DL23*DL57 -> 0 | DM91: =DM23*DM57 -> 0 | DN91: =DN23*DN57 -> 0 | DO91: =DO23*DO57 -> 0 | ... DU91: =DU23*DU57 -> 0 | DX91: =DX23*DX57 -> 0 | DZ91: =DZ23*DZ57 -> 0 | EA91: =EA23*EA57 -> 0 | EB91: =EB23*EB57 -> 0 | EC91: =EC23*EC57 -> 0 | ED91: =ED23*ED57 -> 0 | EE91: =EE23*EE57 -> 0 | EF91: =EF23*EF57 -> 0 | EG91: =EG23*EG57 -> 0 | ... EM91: =EM23*EM57 -> 0 | EP91: =EP23*EP57 -> 0 | ER91: =ER23*ER57 -> 0 | ES91: =ES23*ES57 -> 0 | ET91: =ET23*ET57 -> 0 | EU91: =EU23*EU57 -> 0 | EV91: =EV23*EV57 -> 0 | EW91: =EW23*EW57 -> 0 | EX91: =EX23*EX57 -> 0 | EY91: =EY23*EY57 -> 0 | ... FE91: =FE23*FE57 -> 0 | FH91: =FH23*FH57 -> 0 | FJ91: =FJ23*FJ57 -> 0 | FK91: =FK23*FK57 -> 0 | FL91: =FL23*FL57 -> 0 | FM91: =FM23*FM57 -> 0 | FN91: =FN23*FN57 -> 0 | FO91: =FO23*FO57 -> 0 | FP91: =FP23*FP57 -> 0 | FQ91: =FQ23*FQ57 -> 0 | ... FW91: =FW23*FW57 -> 0 | FZ91: =FZ23*FZ57 -> 0 | GB91: =GB23*GB57 -> 0 | GC91: =GC23*GC57 -> 0 | GD91: =GD23*GD57 -> 0 | GE91: =GE23*GE57 -> 0 | GF91: =GF23*GF57 -> 0 | GG91: =GG23*GG57 -> 0 | GH91: =GH23*GH57 -> 0 | GI91: =GI23*GI57 -> 0 | ... GO91: =GO23*GO57 -> 0 | GR91: =GR23*GR57 -> 0
... A106: Woodworker | D106: =D38*D72 -> 0 | E106: =E38*E72 -> 0 | F106: =F38*F72 -> 0 | G106: =G38*G72 -> 0 | H106: =H38*H72 -> 0 | I106: =I38*I72 -> 0 | J106: =J38*J72 -> 0 | K106: =K38*K72 -> 0 | ... Q106: =Q38*Q72 -> 0 | T106: =T38*T72 -> 0 | V106: =V38*V72 -> 0 | W106: =W38*W72 -> 0 | X106: =X38*X72 -> 0 | Y106: =Y38*Y72 -> 0 | Z106: =Z38*Z72 -> 0 | AA106: =AA38*AA72 -> 0 | AB106: =AB38*AB72 -> 0 | AC106: =AC38*AC72 -> 0 | ... AI106: =AI38*AI72 -> 0 | AL106: =AL38*AL72 -> 0 | AN106: =AN38*AN72 -> 0 | AO106: =AO38*AO72 -> 0 | AP106: =AP38*AP72 -> 0 | AQ106: =AQ38*AQ72 -> 0 | AR106: =AR38*AR72 -> 0 | AS106: =AS38*AS72 -> 0 | AT106: =AT38*AT72 -> 0 | AU106: =AU38*AU72 -> 0 | ... BA106: =BA38*BA72 -> 0 | BD106: =BD38*BD72 -> 0 | BF106: =BF38*BF72 -> 0 | BG106: =BG38*BG72 -> 0 | BH106: =BH38*BH72 -> 0 | BI106: =BI38*BI72 -> 0 | BJ106: =BJ38*BJ72 -> 0 | BK106: =BK38*BK72 -> 0 | BL106: =BL38*BL72 -> 0 | BM106: =BM38*BM72 -> 0 | ... BS106: =BS38*BS72 -> 0 | BV106: =BV38*BV72 -> 0 | BX106: =BX38*BX72 -> 0 | BY106: =BY38*BY72 -> 0 | BZ106: =BZ38*BZ72 -> 0 | CA106: =CA38*CA72 -> 0 | CB106: =CB38*CB72 -> 0 | CC106: =CC38*CC72 -> 0 | CD106: =CD38*CD72 -> 0 | CE106: =CE38*CE72 -> 0 | ... CK106: =CK38*CK72 -> 0 | CN106: =CN38*CN72 -> 0 | CP106: =CP38*CP72 -> 0 | CQ106: =CQ38*CQ72 -> 0 | CR106: =CR38*CR72 -> 0 | CS106: =CS38*CS72 -> 0 | CT106: =CT38*CT72 -> 0 | CU106: =CU38*CU72 -> 0 | CV106: =CV38*CV72 -> 0 | CW106: =CW38*CW72 -> 0 | ... DC106: =DC38*DC72 -> 0 | DF106: =DF38*DF72 -> 0 | DH106: =DH38*DH72 -> 0 | DI106: =DI38*DI72 -> 0 | DJ106: =DJ38*DJ72 -> 0 | DK106: =DK38*DK72 -> 0 | DL106: =DL38*DL72 -> 0 | DM106: =DM38*DM72 -> 0 | DN106: =DN38*DN72 -> 0 | DO106: =DO38*DO72 -> 0 | ... DU106: =DU38*DU72 -> 0 | DX106: =DX38*DX72 -> 0 | DZ106: =DZ38*DZ72 -> 0 | EA106: =EA38*EA72 -> 0 | EB106: =EB38*EB72 -> 0 | EC106: =EC38*EC72 -> 0 | ED106: =ED38*ED72 -> 0 | EE106: =EE38*EE72 -> 0 | EF106: =EF38*EF72 -> 0 | EG106: =EG38*EG72 -> 0 | ... EM106: =EM38*EM72 -> 0 | EP106: =EP38*EP72 -> 0 | ER106: =ER38*ER72 -> 0 | ES106: =ES38*ES72 -> 0 | ET106: =ET38*ET72 -> 0 | EU106: =EU38*EU72 -> 0 | EV106: =EV38*EV72 -> 0 | EW106: =EW38*EW72 -> 0 | EX106: =EX38*EX72 -> 0 | EY106: =EY38*EY72 -> 0 | ... FE106: =FE38*FE72 -> 0 | FH106: =FH38*FH72 -> 0 | FJ106: =FJ38*FJ72 -> 0 | FK106: =FK38*FK72 -> 0 | FL106: =FL38*FL72 -> 0 | FM106: =FM38*FM72 -> 0 | FN106: =FN38*FN72 -> 0 | FO106: =FO38*FO72 -> 0 | FP106: =FP38*FP72 -> 0 | FQ106: =FQ38*FQ72 -> 0 | ... FW106: =FW38*FW72 -> 0 | FZ106: =FZ38*FZ72 -> 0 | GB106: =GB38*GB72 -> 0 | GC106: =GC38*GC72 -> 0 | GD106: =GD38*GD72 -> 0 | GE106: =GE38*GE72 -> 0 | GF106: =GF38*GF72 -> 0 | GG106: =GG38*GG72 -> 0 | GH106: =GH38*GH72 -> 0 | GI106: =GI38*GI72 -> 0 | ... GO106: =GO38*GO72 -> 0 | GR106: =GR38*GR72 -> 0
D107: =D39*D73 -> 0 | E107: =E39*E73 -> 0 | F107: =F39*F73 -> 0 | G107: =G39*G73 -> 0 | H107: =H39*H73 -> 0 | I107: =I39*I73 -> 0 | J107: =J39*J73 -> 0 | K107: =K39*K73 -> 0 | ... Q107: =Q39*Q73 -> 0 | T107: =T39*T73 -> 0 | V107: =V39*V73 -> 0 | W107: =W39*W73 -> 0 | X107: =X39*X73 -> 0 | Y107: =Y39*Y73 -> 0 | Z107: =Z39*Z73 -> 0 | AA107: =AA39*AA73 -> 0 | AB107: =AB39*AB73 -> 0 | AC107: =AC39*AC73 -> 0 | ... AI107: =AI39*AI73 -> 0 | AL107: =AL39*AL73 -> 0 | AN107: =AN39*AN73 -> 0 | AO107: =AO39*AO73 -> 0 | AP107: =AP39*AP73 -> 0 | AQ107: =AQ39*AQ73 -> 0 | AR107: =AR39*AR73 -> 0 | AS107: =AS39*AS73 -> 0 | AT107: =AT39*AT73 -> 0 | AU107: =AU39*AU73 -> 0 | ... BA107: =BA39*BA73 -> 0 | BD107: =BD39*BD73 -> 0 | BF107: =BF39*BF73 -> 0 | BG107: =BG39*BG73 -> 0 | BH107: =BH39*BH73 -> 0 | BI107: =BI39*BI73 -> 0 | BJ107: =BJ39*BJ73 -> 0 | BK107: =BK39*BK73 -> 0 | BL107: =BL39*BL73 -> 0 | BM107: =BM39*BM73 -> 0 | ... BS107: =BS39*BS73 -> 0 | BV107: =BV39*BV73 -> 0 | BX107: =BX39*BX73 -> 0 | BY107: =BY39*BY73 -> 0 | BZ107: =BZ39*BZ73 -> 0 | CA107: =CA39*CA73 -> 0 | CB107: =CB39*CB73 -> 0 | CC107: =CC39*CC73 -> 0 | CD107: =CD39*CD73 -> 0 | CE107: =CE39*CE73 -> 0 | ... CK107: =CK39*CK73 -> 0 | CN107: =CN39*CN73 -> 0 | CP107: =CP39*CP73 -> 0 | CQ107: =CQ39*CQ73 -> 0 | CR107: =CR39*CR73 -> 0 | CS107: =CS39*CS73 -> 0 | CT107: =CT39*CT73 -> 0 | CU107: =CU39*CU73 -> 0 | CV107: =CV39*CV73 -> 0 | CW107: =CW39*CW73 -> 0 | ... DC107: =DC39*DC73 -> 0 | DF107: =DF39*DF73 -> 0 | DH107: =DH39*DH73 -> 0 | DI107: =DI39*DI73 -> 0 | DJ107: =DJ39*DJ73 -> 0 | DK107: =DK39*DK73 -> 0 | DL107: =DL39*DL73 -> 0 | DM107: =DM39*DM73 -> 0 | DN107: =DN39*DN73 -> 0 | DO107: =DO39*DO73 -> 0 | ... DU107: =DU39*DU73 -> 0 | DX107: =DX39*DX73 -> 0 | DZ107: =DZ39*DZ73 -> 0 | EA107: =EA39*EA73 -> 0 | EB107: =EB39*EB73 -> 0 | EC107: =EC39*EC73 -> 0 | ED107: =ED39*ED73 -> 0 | EE107: =EE39*EE73 -> 0 | EF107: =EF39*EF73 -> 0 | EG107: =EG39*EG73 -> 0 | ... EM107: =EM39*EM73 -> 0 | EP107: =EP39*EP73 -> 0 | ER107: =ER39*ER73 -> 0 | ES107: =ES39*ES73 -> 0 | ET107: =ET39*ET73 -> 0 | EU107: =EU39*EU73 -> 0 | EV107: =EV39*EV73 -> 0 | EW107: =EW39*EW73 -> 0 | EX107: =EX39*EX73 -> 0 | EY107: =EY39*EY73 -> 0 | ... FE107: =FE39*FE73 -> 0 | FH107: =FH39*FH73 -> 0 | FJ107: =FJ39*FJ73 -> 0 | FK107: =FK39*FK73 -> 0 | FL107: =FL39*FL73 -> 0 | FM107: =FM39*FM73 -> 0 | FN107: =FN39*FN73 -> 0 | FO107: =FO39*FO73 -> 0 | FP107: =FP39*FP73 -> 0 | FQ107: =FQ39*FQ73 -> 0 | ... FW107: =FW39*FW73 -> 0 | FZ107: =FZ39*FZ73 -> 0 | GB107: =GB39*GB73 -> 0 | GC107: =GC39*GC73 -> 0 | GD107: =GD39*GD73 -> 0 | GE107: =GE39*GE73 -> 0 | GF107: =GF39*GF73 -> 0 | GG107: =GG39*GG73 -> 0 | GH107: =GH39*GH73 -> 0 | GI107: =GI39*GI73 -> 0 | ... GO107: =GO39*GO73 -> 0 | GR107: =GR39*GR73 -> 0
D108: =D40*D74 -> 0 | E108: =E40*E74 -> 0 | F108: =F40*F74 -> 0 | G108: =G40*G74 -> 0 | H108: =H40*H74 -> 0 | I108: =I40*I74 -> 0 | J108: =J40*J74 -> 0 | K108: =K40*K74 -> 0 | ... Q108: =Q40*Q74 -> 0 | T108: =T40*T74 -> 0 | V108: =V40*V74 -> 0 | W108: =W40*W74 -> 0 | X108: =X40*X74 -> 0 | Y108: =Y40*Y74 -> 0 | Z108: =Z40*Z74 -> 0 | AA108: =AA40*AA74 -> 0 | AB108: =AB40*AB74 -> 0 | AC108: =AC40*AC74 -> 0 | ... AI108: =AI40*AI74 -> 0 | AL108: =AL40*AL74 -> 0 | AN108: =AN40*AN74 -> 0 | AO108: =AO40*AO74 -> 0 | AP108: =AP40*AP74 -> 0 | AQ108: =AQ40*AQ74 -> 0 | AR108: =AR40*AR74 -> 0 | AS108: =AS40*AS74 -> 0 | AT108: =AT40*AT74 -> 0 | AU108: =AU40*AU74 -> 0 | ... BA108: =BA40*BA74 -> 0 | BD108: =BD40*BD74 -> 0 | BF108: =BF40*BF74 -> 0 | BG108: =BG40*BG74 -> 0 | BH108: =BH40*BH74 -> 0 | BI108: =BI40*BI74 -> 0 | BJ108: =BJ40*BJ74 -> 0 | BK108: =BK40*BK74 -> 0 | BL108: =BL40*BL74 -> 0 | BM108: =BM40*BM74 -> 0 | ... BS108: =BS40*BS74 -> 0 | BV108: =BV40*BV74 -> 0 | BX108: =BX40*BX74 -> 0 | BY108: =BY40*BY74 -> 0 | BZ108: =BZ40*BZ74 -> 0 | CA108: =CA40*CA74 -> 0 | CB108: =CB40*CB74 -> 0 | CC108: =CC40*CC74 -> 0 | CD108: =CD40*CD74 -> 0 | CE108: =CE40*CE74 -> 0 | ... CK108: =CK40*CK74 -> 0 | CN108: =CN40*CN74 -> 0 | CP108: =CP40*CP74 -> 0 | CQ108: =CQ40*CQ74 -> 0 | CR108: =CR40*CR74 -> 0 | CS108: =CS40*CS74 -> 0 | CT108: =CT40*CT74 -> 0 | CU108: =CU40*CU74 -> 0 | CV108: =CV40*CV74 -> 0 | CW108: =CW40*CW74 -> 0 | ... DC108: =DC40*DC74 -> 0 | DF108: =DF40*DF74 -> 0 | DH108: =DH40*DH74 -> 0 | DI108: =DI40*DI74 -> 0 | DJ108: =DJ40*DJ74 -> 0 | DK108: =DK40*DK74 -> 0 | DL108: =DL40*DL74 -> 0 | DM108: =DM40*DM74 -> 0 | DN108: =DN40*DN74 -> 0 | DO108: =DO40*DO74 -> 0 | ... DU108: =DU40*DU74 -> 0 | DX108: =DX40*DX74 -> 0 | DZ108: =DZ40*DZ74 -> 0 | EA108: =EA40*EA74 -> 0 | EB108: =EB40*EB74 -> 0 | EC108: =EC40*EC74 -> 0 | ED108: =ED40*ED74 -> 0 | EE108: =EE40*EE74 -> 0 | EF108: =EF40*EF74 -> 0 | EG108: =EG40*EG74 -> 0 | ... EM108: =EM40*EM74 -> 0 | EP108: =EP40*EP74 -> 0 | ER108: =ER40*ER74 -> 0 | ES108: =ES40*ES74 -> 0 | ET108: =ET40*ET74 -> 0 | EU108: =EU40*EU74 -> 0 | EV108: =EV40*EV74 -> 0 | EW108: =EW40*EW74 -> 0 | EX108: =EX40*EX74 -> 0 | EY108: =EY40*EY74 -> 0 | ... FE108: =FE40*FE74 -> 0 | FH108: =FH40*FH74 -> 0 | FJ108: =FJ40*FJ74 -> 0 | FK108: =FK40*FK74 -> 0 | FL108: =FL40*FL74 -> 0 | FM108: =FM40*FM74 -> 0 | FN108: =FN40*FN74 -> 0 | FO108: =FO40*FO74 -> 0 | FP108: =FP40*FP74 -> 0 | FQ108: =FQ40*FQ74 -> 0 | ... FW108: =FW40*FW74 -> 0 | FZ108: =FZ40*FZ74 -> 0 | GB108: =GB40*GB74 -> 0 | GC108: =GC40*GC74 -> 0 | GD108: =GD40*GD74 -> 0 | GE108: =GE40*GE74 -> 0 | GF108: =GF40*GF74 -> 0 | GG108: =GG40*GG74 -> 0 | GH108: =GH40*GH74 -> 0 | GI108: =GI40*GI74 -> 0 | ... GO108: =GO40*GO74 -> 0 | GR108: =GR40*GR74 -> 0
A109: Total Proposed T&M Price | D109: =SUM(D80:D108) -> 0 | E109: =SUM(E80:E108) -> 0 | F109: =SUM(F80:F108) -> 0 | G109: =SUM(G80:G108) -> 0 | H109: =SUM(H80:H108) -> 0 | I109: =SUM(I80:I108) -> 0 | J109: =SUM(J80:J108) -> 0 | K109: =SUM(K80:K108) -> 0 | ... T109: =SUM(T80:T108) -> 0 | V109: =SUM(V80:V108) -> 0 | W109: =SUM(W80:W108) -> 0 | X109: =SUM(X80:X108) -> 0 | Y109: =SUM(Y80:Y108) -> 0 | Z109: =SUM(Z80:Z108) -> 0 | AA109: =SUM(AA80:AA108) -> 0 | AB109: =SUM(AB80:AB108) -> 0 | AC109: =SUM(AC80:AC108) -> 0 | ... AL109: =SUM(AL80:AL108) -> 0 | AN109: =SUM(AN80:AN108) -> 0 | AO109: =SUM(AO80:AO108) -> 0 | AP109: =SUM(AP80:AP108) -> 0 | AQ109: =SUM(AQ80:AQ108) -> 0 | AR109: =SUM(AR80:AR108) -> 0 | AS109: =SUM(AS80:AS108) -> 0 | AT109: =SUM(AT80:AT108) -> 0 | AU109: =SUM(AU80:AU108) -> 0 | ... BD109: =SUM(BD80:BD108) -> 0 | BF109: =SUM(BF80:BF108) -> 0 | BG109: =SUM(BG80:BG108) -> 0 | BH109: =SUM(BH80:BH108) -> 0 | BI109: =SUM(BI80:BI108) -> 0 | BJ109: =SUM(BJ80:BJ108) -> 0 | BK109: =SUM(BK80:BK108) -> 0 | BL109: =SUM(BL80:BL108) -> 0 | BM109: =SUM(BM80:BM108) -> 0 | ... BV109: =SUM(BV80:BV108) -> 0 | BX109: =SUM(BX80:BX108) -> 0 | BY109: =SUM(BY80:BY108) -> 0 | BZ109: =SUM(BZ80:BZ108) -> 0 | CA109: =SUM(CA80:CA108) -> 0 | CB109: =SUM(CB80:CB108) -> 0 | CC109: =SUM(CC80:CC108) -> 0 | CD109: =SUM(CD80:CD108) -> 0 | CE109: =SUM(CE80:CE108) -> 0 | ... CN109: =SUM(CN80:CN108) -> 0 | CT109: =SUM(CT80:CT108) -> 0 | CU109: =SUM(CU80:CU108) -> 0 | CV109: =SUM(CV80:CV108) -> 0 | CW109: =SUM(CW80:CW108) -> 0 | DH109: =SUM(DH80:DH108) -> 0 | DI109: =SUM(DI80:DI108) -> 0 | DJ109: =SUM(DJ80:DJ108) -> 0 | DK109: =SUM(DK80:DK108) -> 0 | DL109: =SUM(DL80:DL108) -> 0 | DM109: =SUM(DM80:DM108) -> 0 | DN109: =SUM(DN80:DN108) -> 0 | DO109: =SUM(DO80:DO108) -> 0 | ... DX109: =SUM(DX80:DX108) -> 0 | DZ109: =SUM(DZ80:DZ108) -> 0 | EA109: =SUM(EA80:EA108) -> 0 | EB109: =SUM(EB80:EB108) -> 0 | EC109: =SUM(EC80:EC108) -> 0 | ED109: =SUM(ED80:ED108) -> 0 | EE109: =SUM(EE80:EE108) -> 0 | EF109: =SUM(EF80:EF108) -> 0 | EG109: =SUM(EG80:EG108) -> 0 | ... EP109: =SUM(EP80:EP108) -> 0 | ER109: =SUM(ER80:ER108) -> 0 | ES109: =SUM(ES80:ES108) -> 0 | ET109: =SUM(ET80:ET108) -> 0 | EU109: =SUM(EU80:EU108) -> 0 | EV109: =SUM(EV80:EV108) -> 0 | EW109: =SUM(EW80:EW108) -> 0 | EX109: =SUM(EX80:EX108) -> 0 | EY109: =SUM(EY80:EY108) -> 0 | ... FH109: =SUM(FH80:FH108) -> 0 | FJ109: =SUM(FJ80:FJ108) -> 0 | FK109: =SUM(FK80:FK108) -> 0 | FL109: =SUM(FL80:FL108) -> 0 | FM109: =SUM(FM80:FM108) -> 0 | FN109: =SUM(FN80:FN108) -> 0 | FO109: =SUM(FO80:FO108) -> 0 | FP109: =SUM(FP80:FP108) -> 0 | FQ109: =SUM(FQ80:FQ108) -> 0 | ... FZ109: =SUM(FZ80:FZ108) -> 0 | GB109: =SUM(GB80:GB108) -> 0 | GC109: =SUM(GC80:GC108) -> 0 | GD109: =SUM(GD80:GD108) -> 0 | GE109: =SUM(GE80:GE108) -> 0 | GF109: =SUM(GF80:GF108) -> 0 | GG109: =SUM(GG80:GG108) -> 0 | GH109: =SUM(GH80:GH108) -> 0 | GI109: =SUM(GI80:GI108) -> 0 | ... GR109: =SUM(GR80:GR108) -> 0

Sheet 3a. T&M Schedule_SUB1_CONUS
A1: AFM East Region
A2: ='Template Instructions'!A2 -> Solicitation No.: | B2: ='Template Instructions'!B2 -> Insert Solicitation Number
A3: ='Template Instructions'!A3 -> Prime Offeror Name: | B3: ='Template Instructions'!B3 -> Insert Prime Offeror Company name
A4: ='Template Instructions'!A4 -> CAGE Code: | B4: ='Template Instructions'!B4 -> Insert Prime Offeror Cage Code
A5: Subcontractor Name: | B5: ='Template Instructions'!B5 -> Insert Sub Name (if applicable)
A7: Offerors are responsible for ensuring that all calculations are accurate and flow throughout the workbook as required.
F9: Base Period | X9: Option Period 1 | AP9: Option Period 2 | BH9: Option Period 3 | BZ9: Option Period 4 | CR9: Option Period 5 | DJ9: Option Period 6 | EB9: Option Period 7 | ET9: Option Period 8 | FL9: Option Period 9 | GD9: 6-month Option to Extend
A10: Section 1. | F10: Proposed Base Rate | X10: Proposed Base Rate | AP10: Proposed Base Rate | BH10: Proposed Base Rate | BZ10: Proposed Base Rate | CR10: Proposed Base Rate | DJ10: Proposed Base Rate | EB10: Proposed Base Rate | ET10: Proposed Base Rate | FL10: Proposed Base Rate | GD10: Proposed Base Rate
