Workbook

Sheet Base Option
A1: Roofing Contract
A2: Attachment J-0200000-05
A3: Exhibit Line Item Numbers
A4: Base Option
A5: Solicitation/Contract No.: N40085-26-D-XXXX
B6: Philadelphia Roofing Contract
A7: ELIN Number | B7: Supplies/Services | C7: Est. Quantity | D7: Unit | F7: Unit Price | G7: Total
B8: ROOF DECKS
A9: A0001 | B9: Remove existing metal roof decks (ALL OR PARTIAL) and replace with new steel roof decking, shall include all closures and accessories. | C9: 3 | D9: SQ | E9: X | G9: =F9*C9 -> 0
B10: Remove existing wood roof deck and replace with new wood decking
A11: A0002 | B11: 1" nominal T & G (treated) | C11: 40 | D11: BF | E11: X | G11: =F11*C11 -> 0
A12: A0003 | B12: 2" nominal T & G (treated) | C12: 40 | D12: BF | E12: X | G12: =F12*C12 -> 0
A13: A0004 | B13: 3/4" plywood | C13: 40 | D13: SF | E13: X | G13: =F13*C13 -> 0
A14: A0005 | B14: 1/2" plywood | C14: 25 | D14: SF | E14: X | G14: =F14*C14 -> 0
B15: ROOF INSULATION
B16: Remove and replace rigid roof insulation in conjunction with roofing systems specified herein. Average 1”x12”x12”
A17: A0006 | B17: Remove and replace polyisocyanurate tapered insulation panels | C17: 10 | D17: BF | E17: X | G17: =F17*C17 -> 0
A18: A0007 | B18: Remove and replace tapered roof insulation | C18: 10 | D18: BF | E18: X | G18: =F18*C18 -> 0
A19: A0008 | B19: Remove and replace vapor barrier in conjunction with built up roofing system | C19: 10 | D19: SQ | E19: X | G19: =F19*C19 -> 0
A20: A0009 | B20: Remove and replace resin sized building paper (5 lb.) | C20: 5 | D20: SQ | E20: X | G20: =F20*C20 -> 0
A21: A0010 | B21: Remove existing cants and replace with new fiberboard cants 4 x 4 | C21: 30 | D21: LF | E21: X | G21: =F21*C21 -> 0
A22: A0011 | B22: Remove existing cants and replace with new treated wood cants 4 x 4 | C22: 30 | D22: LF | E22: X | G22: =F22*C22 -> 0
A23: A0012 | B23: Remove existing Nailers and replace with new treated 2" x 6" wood | C23: 100 | D23: BF | E23: X | G23: =F23*C23 -> 0
B24: SHINGLED ROOF SYSTEMS
B25: Remove existing composition shingles and replace with new composition shingles, shall include starter
A26: A0013 | B26: Twenty Five Year (3 tab ) | C26: 10 | D26: SQ | E26: X | G26: =F26*C26 -> 0
A27: A0014 | B27: Thirty Year (architectural) | C27: 6 | D27: SQ | E27: X | G27: =F27*C27 -> 0
A28: A0015 | B28: Forty Year (architectural) | C28: 6 | D28: SQ | E28: X | G28: =F28*C28 -> 0
A29: A0016 | B29: Remove and dispose of existing composition shingles (all types)(where new shingles are not going to be installed) | C29: 6 | D29: SQ | E29: X | G29: =F29*C29 -> 0
A30: A0017 | B30: Remove and dispose of existing slate shingles. | C30: 6 | D30: SQ | E30: X | G30: =F30*C30 -> 0
A31: A0018 | B31: Remove and re-install existing slate shingles (All or Partial) | C31: 2 | D31: SQ | E31: X | G31: =F31*C31 -> 0
A32: A0019 | B32: Install new slate shingles (Weathering green, Vermont)(All or Partial) | C32: 3 | D32: SQ | E32: X | G32: =F32*C32 -> 0
A33: A0020 | B33: Install new slate shingles (Buckingham)(All or Partial) | C33: 3 | D33: SQ | E33: X | G33: =F33*C33 -> 0
B34: Remove existing preformed metal (All or Partial) roofing and replace with new preformed metal roofing
A35: A0021 | B35: Coated steel | C35: 20 | D35: SQ | E35: X | G35: =F35*C35 -> 0
A36: A0022 | B36: Coated aluminum | C36: 20 | D36: SQ | E36: X | G36: =F36*C36 -> 0
A37: A0023 | B37: Left Blank Intentionally
B38: Field paint roof mounted equipment
A39: A0024 | B39: Up to 25 SF X in surface area X | C39: 12 | D39: SF | E39: X | G39: =F39*C39 -> 0
A40: A0025 | B40: Over 25 SF X in surface area X | C40: 12 | D40: SF | E40: X | G40: =F40*C40 -> 0
B41: BUILT UP ROOF
B42: Remove existing roof system and replace with new aggregate surfaced BU roofing system
A43: A0026 | B43: System GAA (Gravel) | C43: 6 | D43: SQ | E43: X | G43: =F43*C43 -> 0
B44: Remove existing roof system and replace with new smooth surfaced BU roofing system.
A45: A0027 | B45: System Gas | C45: 6 | D45: SQ | E45: X | G45: =F45*C45 -> 0
B46: Remove existing roof system and replace with new single ply reinforced modified bitumen sheet roofing system
A47: A0028 | B47: Torch Applied | C47: 6 | D47: SQ | E47: X | G47: =F47*C47 -> 0
A48: A0029 | B48: Mop Applied | C48: 6 | D48: SQ | E48: X | G48: =F48*C48 -> 0
A49: A0030 | B49: Remove existing base flashing and replace with new 2 ply glass felt base flashing | C49: 50 | D49: SF | E49: X | G49: =F49*C49 -> 0
A50: A0031 | B50: Remove existing base flashing and replace with new 3-ply bituminous base flashing | C50: 12 | D50: SF | E50: X | G50: =F50*C50 -> 0
A51: A0032 | B51: Remove existing base flashing and replace with new single ply reinforced modified, bitumen sheet roofing flashing modified. | C51: 12 | D51: SF | E51: X | G51: =F51*C51 -> 0
A52: A0033 | B52: Remove and Dispose of Second layer | C52: 10 | D52: SQ | E52: X | G52: =F52*C52 -> 0
A53: A0034 | B53: (1) Walkway/Asphalt Planks | C53: 100 | D53: SF | E53: X | G53: =F53*C53 -> 0
B54: ROOF AND PARAPET WALL DAMPROOFING
A55: A0035 | B55: Coat Existing BU Roof or Parapet Wall | C55: 50 | D55: SF | E55: X | G55: =F55*C55 -> 0
B56: E.P.D.M. (RUBBER ROOF SYSTEM) (Install new E.P.D.M. Roof System over Existing Built-up Roof)
A57: A0036 | B57: Ballasted System | C57: 10 | D57: SQ | E57: X | G57: =F57*C57 -> 0
A58: A0037 | B58: Mechanically Fastened System | C58: 10 | D58: SQ | E58: X | G58: =F58*C58 -> 0
A59: A0038 | B59: Full Adhered System | C59: 10 | D59: SQ | E59: X | G59: =F59*C59 -> 0
B60: Remove existing roof system and replace with new E.P.D.M. roof system
A61: A0039 | B61: Ballasted System | C61: 10 | D61: SQ | E61: X | G61: =F61*C61 -> 0
A62: A0040 | B62: Mechanically Fastened System | C62: 10 | D62: SQ | E62: X | G62: =F62*C62 -> 0
A63: A0041 | B63: Full Adhered System | C63: 10 | D63: SQ | E63: X | G63: =F63*C63 -> 0
A64: A0042 | B64: Install new E.P.D.M. Wall/Curb Flashings | C64: 50 | D64: SF | E64: X | G64: =F64*C64 -> 0
A65: A0043 | B65: Install Rubber Pipe Vents | C65: 5 | D65: EA | E65: X | G65: =F65*C65 -> 0
A66: A0044 | B66: Install Termination Bars. Shall include caulking | C66: 12 | D66: LF | E66: X | G66: =F66*C66 -> 0
A67: A0045 | B67: Install E.P.D.M Walk Pads | C67: 5 | D67: EA | E67: X | G67: =F67*C67 -> 0
B68: Remove existing roof system and replace with new Thermoplastic alloy roof system (TPA)
A69: A0046 | B69: Mechanically Fastened | C69: 5 | D69: SQ | E69: X | G69: =F69*C69 -> 0
A70: A0047 | B70: Ballasted | C70: 5 | D70: SQ | E70: X | G70: =F70*C70 -> 0
A71: A0048 | B71: Install new TPA wall/curb flashing | C71: 25 | D71: SF | E71: X | G71: =F71*C71 -> 0
A72: A0049 | B72: Install new TPA pipe vent flashing | C72: 5 | D72: EA | E72: X | G72: =F72*C72 -> 0
B73: Remove existing metal base flashing and replace with new metal base flashing
A74: A0050 | B74: Copper | C74: 25 | D74: SF | E74: X | G74: =F74*C74 -> 0
A75: A0051 | B75: Aluminum | C75: 25 | D75: SF | E75: X | G75: =F75*C75 -> 0
A76: A0052 | B76: Aluminum/various colors | C76: 25 | D76: SF | E76: X | G76: =F76*C76 -> 0
A77: A0053 | B77: Stainless Steel | C77: 25 | D77: SF | E77: X | G77: =F77*C77 -> 0
B78: Remove existing and install new metal coping. Shall include caulking.
A79: A0054 | B79: Copper | C79: 25 | D79: SF | E79: X | G79: =F79*C79 -> 0
A80: A0055 | B80: Aluminum | C80: 25 | D80: SF | E80: X | G80: =F80*C80 -> 0
A81: A0056 | B81: Aluminum/various colors | C81: 25 | D81: SF | E81: X | G81: =F81*C81 -> 0
A82: A0057 | B82: Stainless Steel | C82: 25 | D82: SF | E82: X | G82: =F82*C82 -> 0
B83: Remove metal drip edge and replace with new metal drip edge
A84: A0058 | B84: Copper | C84: 6 | D84: LF | E84: X | G84: =F84*C84 -> 0
A85: A0059 | B85: Aluminum | C85: 6 | D85: LF | E85: X | G85: =F85*C85 -> 0
A86: A0060 | B86: Aluminum/various colors | C86: 6 | D86: LF | E86: X | G86: =F86*C86 -> 0
A87: A0061 | B87: Stainless Steel | C87: 6 | D87: LF | E87: X | G87: =F87*C87 -> 0
B88: METAL GUTTERS AND DOWNSPOUTS
B89: Install Metal Gutters
A90: A0062 | B90: Copper/5" ogee | C90: 100 | D90: LF | E90: X | G90: =F90*C90 -> 0
A91: A0063 | B91: Copper/6" ogee | C91: 100 | D91: LF | E91: X | G91: =F91*C91 -> 0
A92: A0064 | B92: Copper/6" half round | C92: 100 | D92: LF | E92: X | G92: =F92*C92 -> 0
A93: A0065 | B93: Copper/6" box | C93: 100 | D93: LF | E93: X | G93: =F93*C93 -> 0
A94: A0066 | B94: Copper/8" box | C94: 100 | D94: LF | E94: X | G94: =F94*C94 -> 0
A95: A0067 | B95: Prefinished Alum/5" ogee | C95: 100 | D95: LF | E95: X | G95: =F95*C95 -> 0
A96: A0068 | B96: Prefinished Alum/6" ogee | C96: 100 | D96: LF | E96: X | G96: =F96*C96 -> 0
A97: A0069 | B97: Prefinished Alum/6" Box | C97: 100 | D97: LF | E97: X | G97: =F97*C97 -> 0
A98: A0070 | B98: Prefinished Alum/8" Box | C98: 100 | D98: LF | E98: X | G98: =F98*C98 -> 0
A99: A0071 | B99: Stainless steel/6" box | C99: 100 | D99: LF | E99: X | G99: =F99*C99 -> 0
A100: A0072 | B100: Stainless steel/8" box | C100: 100 | D100: LF | E100: X | G100: =F100*C100 -> 0
...

Sheet Option Year 1
A1: Roofing Contract
A2: Attachment J-0200000-05
A3: Exhibit Line Item Numbers
A4: Option Year 1
A5: Solicitation/Contract No.: N40085-26-D-XXXX
B6: Philadelphia Roofing Contract
A7: ELIN Number | B7: Supplies/Services | C7: Est. Quantity | D7: Unit | F7: Unit Price | G7: Total
B8: ROOF DECKS
A9: B0001 | B9: Remove existing metal roof decks (ALL OR PARTIAL) and replace with new steel roof decking, shall include all closures and accessories. | C9: 3 | D9: SQ | E9: X | F9: ='Base Option'!F9+'Base Option'!F9*3% -> 0 | G9: =F9*C9 -> 0
B10: Remove existing wood roof deck and replace with new wood decking
A11: B0002 | B11: 1" nominal T & G (treated) | C11: 40 | D11: BF | E11: X | F11: ='Base Option'!F11+'Base Option'!F11*3% -> 0 | G11: =F11*C11 -> 0
A12: B0003 | B12: 2" nominal T & G (treated) | C12: 40 | D12: BF | E12: X | F12: ='Base Option'!F12+'Base Option'!F12*3% -> 0 | G12: =F12*C12 -> 0
A13: B0004 | B13: 3/4" plywood | C13: 40 | D13: SF | E13: X | F13: ='Base Option'!F13+'Base Option'!F13*3% -> 0 | G13: =F13*C13 -> 0
A14: B0005 | B14: 1/2" plywood | C14: 25 | D14: SF | E14: X | F14: ='Base Option'!F14+'Base Option'!F14*3% -> 0 | G14: =F14*C14 -> 0
B15: ROOF INSULATION
B16: Remove and replace rigid roof insulation in conjunction with roofing systems specified herein. Average 1”x12”x12”
A17: B0006 | B17: Remove and replace polyisocyanurate tapered insulation panels | C17: 10 | D17: BF | E17: X | F17: ='Base Option'!F17+'Base Option'!F17*3% -> 0 | G17: =F17*C17 -> 0
A18: B0007 | B18: Remove and replace tapered roof insulation | C18: 10 | D18: BF | E18: X | F18: ='Base Option'!F18+'Base Option'!F18*3% -> 0 | G18: =F18*C18 -> 0
A19: B0008 | B19: Remove and replace vapor barrier in conjunction with built up roofing system | C19: 10 | D19: SQ | E19: X | F19: ='Base Option'!F19+'Base Option'!F19*3% -> 0 | G19: =F19*C19 -> 0
A20: B0009 | B20: Remove and replace resin sized building paper (5 lb.) | C20: 5 | D20: SQ | E20: X | F20: ='Base Option'!F20+'Base Option'!F20*3% -> 0 | G20: =F20*C20 -> 0
A21: B0010 | B21: Remove existing cants and replace with new fiberboard cants 4 x 4 | C21: 30 | D21: LF | E21: X | F21: ='Base Option'!F21+'Base Option'!F21*3% -> 0 | G21: =F21*C21 -> 0
A22: B0011 | B22: Remove existing cants and replace with new treated wood cants 4 x 4 | C22: 30 | D22: LF | E22: X | F22: ='Base Option'!F22+'Base Option'!F22*3% -> 0 | G22: =F22*C22 -> 0
A23: B0012 | B23: Remove existing Nailers and replace with new treated 2" x 6" wood | C23: 100 | D23: BF | E23: X | F23: ='Base Option'!F23+'Base Option'!F23*3% -> 0 | G23: =F23*C23 -> 0
B24: SHINGLED ROOF SYSTEMS
B25: Remove existing composition shingles and replace with new composition shingles, shall include starter
A26: B0013 | B26: Twenty Five Year (3 tab ) | C26: 10 | D26: SQ | E26: X | F26: ='Base Option'!F26+'Base Option'!F26*3% -> 0 | G26: =F26*C26 -> 0
A27: B0014 | B27: Thirty Year (architectural) | C27: 6 | D27: SQ | E27: X | F27: ='Base Option'!F27+'Base Option'!F27*3% -> 0 | G27: =F27*C27 -> 0
A28: B0015 | B28: Forty Year (architectural) | C28: 6 | D28: SQ | E28: X | F28: ='Base Option'!F28+'Base Option'!F28*3% -> 0 | G28: =F28*C28 -> 0
A29: B0016 | B29: Remove and dispose of existing composition shingles (all types)(where new shingles are not going to be installed) | C29: 6 | D29: SQ | E29: X | F29: ='Base Option'!F29+'Base Option'!F29*3% -> 0 | G29: =F29*C29 -> 0
A30: B0017 | B30: Remove and dispose of existing slate shingles. | C30: 6 | D30: SQ | E30: X | F30: ='Base Option'!F30+'Base Option'!F30*3% -> 0 | G30: =F30*C30 -> 0
A31: B0018 | B31: Remove and re-install existing slate shingles (All or Partial) | C31: 2 | D31: SQ | E31: X | F31: ='Base Option'!F31+'Base Option'!F31*3% -> 0 | G31: =F31*C31 -> 0
A32: B0019 | B32: Install new slate shingles (Weathering green, Vermont)(All or Partial) | C32: 3 | D32: SQ | E32: X | F32: ='Base Option'!F32+'Base Option'!F32*3% -> 0 | G32: =F32*C32 -> 0
A33: B0020 | B33: Install new slate shingles (Buckingham)(All or Partial) | C33: 3 | D33: SQ | E33: X | F33: ='Base Option'!F33+'Base Option'!F33*3% -> 0 | G33: =F33*C33 -> 0
B34: Remove existing preformed metal (All or Partial) roofing and replace with new preformed metal roofing
A35: B0021 | B35: Coated steel | C35: 20 | D35: SQ | E35: X | F35: ='Base Option'!F35+'Base Option'!F35*3% -> 0 | G35: =F35*C35 -> 0
A36: B0022 | B36: Coated aluminum | C36: 20 | D36: SQ | E36: X | F36: ='Base Option'!F36+'Base Option'!F36*3% -> 0 | G36: =F36*C36 -> 0
A37: B0023 | B37: Left Blank Intentionally
B38: Field paint roof mounted equipment
A39: B0024 | B39: Up to 25 SF X in surface area X | C39: 12 | D39: SF | E39: X | F39: ='Base Option'!F39+'Base Option'!F39*3% -> 0 | G39: =F39*C39 -> 0
A40: B0025 | B40: Over 25 SF X in surface area X | C40: 12 | D40: SF | E40: X | F40: ='Base Option'!F40+'Base Option'!F40*3% -> 0 | G40: =F40*C40 -> 0
B41: BUILT UP ROOF
B42: Remove existing roof system and replace with new aggregate surfaced BU roofing system
A43: B0026 | B43: System GAA (Gravel) | C43: 6 | D43: SQ | E43: X | F43: ='Base Option'!F43+'Base Option'!F43*3% -> 0 | G43: =F43*C43 -> 0
B44: Remove existing roof system and replace with new smooth surfaced BU roofing system.
A45: B0027 | B45: System Gas | C45: 6 | D45: SQ | E45: X | F45: ='Base Option'!F45+'Base Option'!F45*3% -> 0 | G45: =F45*C45 -> 0
B46: Remove existing roof system and replace with new single ply reinforced modified bitumen sheet roofing system
A47: B0028 | B47: Torch Applied | C47: 6 | D47: SQ | E47: X | F47: ='Base Option'!F47+'Base Option'!F47*3% -> 0 | G47: =F47*C47 -> 0
A48: B0029 | B48: Mop Applied | C48: 6 | D48: SQ | E48: X | F48: ='Base Option'!F48+'Base Option'!F48*3% -> 0 | G48: =F48*C48 -> 0
A49: B0030 | B49: Remove existing base flashing and replace with new 2 ply glass felt base flashing | C49: 50 | D49: SF | E49: X | F49: ='Base Option'!F49+'Base Option'!F49*3% -> 0 | G49: =F49*C49 -> 0
A50: B0031 | B50: Remove existing base flashing and replace with new 3-ply bituminous base flashing | C50: 12 | D50: SF | E50: X | F50: ='Base Option'!F50+'Base Option'!F50*3% -> 0 | G50: =F50*C50 -> 0
A51: B0032 | B51: Remove existing base flashing and replace with new single ply reinforced modified, bitumen sheet roofing flashing modified. | C51: 12 | D51: SF | E51: X | F51: ='Base Option'!F51+'Base Option'!F51*3% -> 0 | G51: =F51*C51 -> 0
A52: B0033 | B52: Remove and Dispose of Second layer | C52: 10 | D52: SQ | E52: X | F52: ='Base Option'!F52+'Base Option'!F52*3% -> 0 | G52: =F52*C52 -> 0
A53: B0034 | B53: (1) Walkway/Asphalt Planks | C53: 100 | D53: SF | E53: X | F53: ='Base Option'!F53+'Base Option'!F53*3% -> 0 | G53: =F53*C53 -> 0
B54: ROOF AND PARAPET WALL DAMPROOFING | F54: ='Base Option'!F54+'Base Option'!F54*3% -> 0
A55: B0035 | B55: Coat Existing BU Roof or Parapet Wall | C55: 50 | D55: SF | E55: X | F55: ='Base Option'!F55+'Base Option'!F55*3% -> 0 | G55: =F55*C55 -> 0
B56: E.P.D.M. (RUBBER ROOF SYSTEM) (Install new E.P.D.M. Roof System over Existing Built-up Roof) | F56: ='Base Option'!F56+'Base Option'!F56*3% -> 0
A57: B0036 | B57: Ballasted System | C57: 10 | D57: SQ | E57: X | F57: ='Base Option'!F57+'Base Option'!F57*3% -> 0 | G57: =F57*C57 -> 0
A58: B0037 | B58: Mechanically Fastened System | C58: 10 | D58: SQ | E58: X | F58: ='Base Option'!F58+'Base Option'!F58*3% -> 0 | G58: =F58*C58 -> 0
A59: B0038 | B59: Full Adhered System | C59: 10 | D59: SQ | E59: X | F59: ='Base Option'!F59+'Base Option'!F59*3% -> 0 | G59: =F59*C59 -> 0
B60: Remove existing roof system and replace with new E.P.D.M. roof system | F60: ='Base Option'!F60+'Base Option'!F60*3% -> 0
A61: B0039 | B61: Ballasted System | C61: 10 | D61: SQ | E61: X | F61: ='Base Option'!F61+'Base Option'!F61*3% -> 0 | G61: =F61*C61 -> 0
A62: B0040 | B62: Mechanically Fastened System | C62: 10 | D62: SQ | E62: X | F62: ='Base Option'!F62+'Base Option'!F62*3% -> 0 | G62: =F62*C62 -> 0
A63: B0041 | B63: Full Adhered System | C63: 10 | D63: SQ | E63: X | F63: ='Base Option'!F63+'Base Option'!F63*3% -> 0 | G63: =F63*C63 -> 0
A64: B0042 | B64: Install new E.P.D.M. Wall/Curb Flashings | C64: 50 | D64: SF | E64: X | F64: ='Base Option'!F64+'Base Option'!F64*3% -> 0 | G64: =F64*C64 -> 0
A65: B0043 | B65: Install Rubber Pipe Vents | C65: 5 | D65: EA | E65: X | F65: ='Base Option'!F65+'Base Option'!F65*3% -> 0 | G65: =F65*C65 -> 0
A66: B0044 | B66: Install Termination Bars. Shall include caulking | C66: 12 | D66: LF | E66: X | F66: ='Base Option'!F66+'Base Option'!F66*3% -> 0 | G66: =F66*C66 -> 0
A67: B0045 | B67: Install E.P.D.M Walk Pads | C67: 5 | D67: EA | E67: X | F67: ='Base Option'!F67+'Base Option'!F67*3% -> 0 | G67: =F67*C67 -> 0
B68: Remove existing roof system and replace with new Thermoplastic alloy roof system (TPA) | F68: ='Base Option'!F68+'Base Option'!F68*3% -> 0
A69: B0046 | B69: Mechanically Fastened | C69: 5 | D69: SQ | E69: X | F69: ='Base Option'!F69+'Base Option'!F69*3% -> 0 | G69: =F69*C69 -> 0
A70: B0047 | B70: Ballasted | C70: 5 | D70: SQ | E70: X | F70: ='Base Option'!F70+'Base Option'!F70*3% -> 0 | G70: =F70*C70 -> 0
A71: B0048 | B71: Install new TPA wall/curb flashing | C71: 25 | D71: SF | E71: X | F71: ='Base Option'!F71+'Base Option'!F71*3% -> 0 | G71: =F71*C71 -> 0
A72: B0049 | B72: Install new TPA pipe vent flashing | C72: 5 | D72: EA | E72: X | F72: ='Base Option'!F72+'Base Option'!F72*3% -> 0 | G72: =F72*C72 -> 0
B73: Remove existing metal base flashing and replace with new metal base flashing | F73: ='Base Option'!F73+'Base Option'!F73*3% -> 0
A74: B0050 | B74: Copper | C74: 25 | D74: SF | E74: X | F74: ='Base Option'!F74+'Base Option'!F74*3% -> 0 | G74: =F74*C74 -> 0
A75: B0051 | B75: Aluminum | C75: 25 | D75: SF | E75: X | F75: ='Base Option'!F75+'Base Option'!F75*3% -> 0 | G75: =F75*C75 -> 0
A76: B0052 | B76: Aluminum/various colors | C76: 25 | D76: SF | E76: X | F76: ='Base Option'!F76+'Base Option'!F76*3% -> 0 | G76: =F76*C76 -> 0
A77: B0053 | B77: Stainless Steel | C77: 25 | D77: SF | E77: X | F77: ='Base Option'!F77+'Base Option'!F77*3% -> 0 | G77: =F77*C77 -> 0
B78: Remove existing and install new metal coping. Shall include caulking. | F78: ='Base Option'!F78+'Base Option'!F78*3% -> 0
A79: B0054 | B79: Copper | C79: 25 | D79: SF | E79: X | F79: ='Base Option'!F79+'Base Option'!F79*3% -> 0 | G79: =F79*C79 -> 0
A80: B0055 | B80: Aluminum | C80: 25 | D80: SF | E80: X | F80: ='Base Option'!F80+'Base Option'!F80*3% -> 0 | G80: =F80*C80 -> 0
A81: B0056 | B81: Aluminum/various colors | C81: 25 | D81: SF | E81: X | F81: ='Base Option'!F81+'Base Option'!F81*3% -> 0 | G81: =F81*C81 -> 0
A82: B0057 | B82: Stainless Steel | C82: 25 | D82: SF | E82: X | F82: ='Base Option'!F82+'Base Option'!F82*3% -> 0 | G82: =F82*C82 -> 0
B83: Remove metal drip edge and replace with new metal drip edge | F83: ='Base Option'!F83+'Base Option'!F83*3% -> 0
A84: B0058 | B84: Copper | C84: 6 | D84: LF | E84: X | F84: ='Base Option'!F84+'Base Option'!F84*3% -> 0 | G84: =F84*C84 -> 0
A85: B0059 | B85: Aluminum | C85: 6 | D85: LF | E85: X | F85: ='Base Option'!F85+'Base Option'!F85*3% -> 0 | G85: =F85*C85 -> 0
A86: B0060 | B86: Aluminum/various colors | C86: 6 | D86: LF | E86: X | F86: ='Base Option'!F86+'Base Option'!F86*3% -> 0 | G86: =F86*C86 -> 0
A87: B0061 | B87: Stainless Steel | C87: 6 | D87: LF | E87: X | F87: ='Base Option'!F87+'Base Option'!F87*3% -> 0 | G87: =F87*C87 -> 0
B88: METAL GUTTERS AND DOWNSPOUTS | F88: ='Base Option'!F88+'Base Option'!F88*3% -> 0
B89: Install Metal Gutters | F89: ='Base Option'!F89+'Base Option'!F89*3% -> 0
A90: B0062 | B90: Copper/5" ogee | C90: 100 | D90: LF | E90: X | F90: ='Base Option'!F90+'Base Option'!F90*3% -> 0 | G90: =F90*C90 -> 0
A91: B0063 | B91: Copper/6" ogee | C91: 100 | D91: LF | E91: X | F91: ='Base Option'!F91+'Base Option'!F91*3% -> 0 | G91: =F91*C91 -> 0
A92: B0064 | B92: Copper/6" half round | C92: 100 | D92: LF | E92: X | F92: ='Base Option'!F92+'Base Option'!F92*3% -> 0 | G92: =F92*C92 -> 0
A93: B0065 | B93: Copper/6" box | C93: 100 | D93: LF | E93: X | F93: ='Base Option'!F93+'Base Option'!F93*3% -> 0 | G93: =F93*C93 -> 0
A94: B0066 | B94: Copper/8" box | C94: 100 | D94: LF | E94: X | F94: ='Base Option'!F94+'Base Option'!F94*3% -> 0 | G94: =F94*C94 -> 0
A95: B0067 | B95: Prefinished Alum/5" ogee | C95: 100 | D95: LF | E95: X | F95: ='Base Option'!F95+'Base Option'!F95*3% -> 0 | G95: =F95*C95 -> 0
A96: B0068 | B96: Prefinished Alum/6" ogee | C96: 100 | D96: LF | E96: X | F96: ='Base Option'!F96+'Base Option'!F96*3% -> 0 | G96: =F96*C96 -> 0
A97: B0069 | B97: Prefinished Alum/6" Box | C97: 100 | D97: LF | E97: X | F97: ='Base Option'!F97+'Base Option'!F97*3% -> 0 | G97: =F97*C97 -> 0
A98: B0070 | B98: Prefinished Alum/8" Box | C98: 100 | D98: LF | E98: X | F98: ='Base Option'!F98+'Base Option'!F98*3% -> 0 | G98: =F98*C98 -> 0
A99: B0071 | B99: Stainless steel/6" box | C99: 100 | D99: LF | E99: X | F99: ='Base Option'!F99+'Base Option'!F99*3% -> 0 | G99: =F99*C99 -> 0
A100: B0072 | B100: Stainless steel/8" box | C100: 100 | D100: LF | E100: X | F100: ='Base Option'!F100+'Base Option'!F100*3% -> 0 | G100: =F100*C100 -> 0
...

Sheet Option Year 2
A1: Roofing Contract
A2: Attachment J-0200000-05
A3: Exhibit Line Item Numbers
A4: Option Year 2
A5: Solicitation/Contract No.: N40085-26-D-XXXX
B6: Philadelphia Roofing Contract
A7: ELIN Number | B7: Supplies/Services | C7: Est. Quantity | D7: Unit | F7: Unit Price | G7: Total
B8: ROOF DECKS
A9: C0001 | B9: Remove existing metal roof decks (ALL OR PARTIAL) and replace with new steel roof decking, shall include all closures and accessories. | C9: 3 | D9: SQ | E9: X | F9: ='Option Year 1'!F9+'Option Year 1'!F9*3% -> 0 | G9: =F9*C9 -> 0
B10: Remove existing wood roof deck and replace with new wood decking
A11: C0002 | B11: 1" nominal T & G (treated) | C11: 40 | D11: BF | E11: X | F11: ='Option Year 1'!F11+'Option Year 1'!F11*3% -> 0 | G11: =F11*C11 -> 0
A12: C0003 | B12: 2" nominal T & G (treated) | C12: 40 | D12: BF | E12: X | F12: ='Option Year 1'!F12+'Option Year 1'!F12*3% -> 0 | G12: =F12*C12 -> 0
A13: C0004 | B13: 3/4" plywood | C13: 40 | D13: SF | E13: X | F13: ='Option Year 1'!F13+'Option Year 1'!F13*3% -> 0 | G13: =F13*C13 -> 0
A14: C0005 | B14: 1/2" plywood | C14: 25 | D14: SF | E14: X | F14: ='Option Year 1'!F14+'Option Year 1'!F14*3% -> 0 | G14: =F14*C14 -> 0
B15: ROOF INSULATION | F15: ='Option Year 1'!F15+'Option Year 1'!F15*3% -> 0
B16: Remove and replace rigid roof insulation in conjunction with roofing systems specified herein. Average 1”x12”x12” | F16: ='Option Year 1'!F16+'Option Year 1'!F16*3% -> 0
A17: C0006 | B17: Remove and replace polyisocyanurate tapered insulation panels | C17: 10 | D17: BF | E17: X | F17: ='Option Year 1'!F17+'Option Year 1'!F17*3% -> 0 | G17: =F17*C17 -> 0
A18: C0007 | B18: Remove and replace tapered roof insulation | C18: 10 | D18: BF | E18: X | F18: ='Option Year 1'!F18+'Option Year 1'!F18*3% -> 0 | G18: =F18*C18 -> 0
A19: C0008 | B19: Remove and replace vapor barrier in conjunction with built up roofing system | C19: 10 | D19: SQ | E19: X | F19: ='Option Year 1'!F19+'Option Year 1'!F19*3% -> 0 | G19: =F19*C19 -> 0
A20: C0009 | B20: Remove and replace resin sized building paper (5 lb.) | C20: 5 | D20: SQ | E20: X | F20: ='Option Year 1'!F20+'Option Year 1'!F20*3% -> 0 | G20: =F20*C20 -> 0
A21: C0010 | B21: Remove existing cants and replace with new fiberboard cants 4 x 4 | C21: 30 | D21: LF | E21: X | F21: ='Option Year 1'!F21+'Option Year 1'!F21*3% -> 0 | G21: =F21*C21 -> 0
A22: C0011 | B22: Remove existing cants and replace with new treated wood cants 4 x 4 | C22: 30 | D22: LF | E22: X | F22: ='Option Year 1'!F22+'Option Year 1'!F22*3% -> 0 | G22: =F22*C22 -> 0
A23: C0012 | B23: Remove existing Nailers and replace with new treated 2" x 6" wood | C23: 100 | D23: BF | E23: X | F23: ='Option Year 1'!F23+'Option Year 1'!F23*3% -> 0 | G23: =F23*C23 -> 0
B24: SHINGLED ROOF SYSTEMS | F24: ='Option Year 1'!F24+'Option Year 1'!F24*3% -> 0
B25: Remove existing composition shingles and replace with new composition shingles, shall include starter | F25: ='Option Year 1'!F25+'Option Year 1'!F25*3% -> 0
A26: C0013 | B26: Twenty Five Year (3 tab ) | C26: 10 | D26: SQ | E26: X | F26: ='Option Year 1'!F26+'Option Year 1'!F26*3% -> 0 | G26: =F26*C26 -> 0
A27: C0014 | B27: Thirty Year (architectural) | C27: 6 | D27: SQ | E27: X | F27: ='Option Year 1'!F27+'Option Year 1'!F27*3% -> 0 | G27: =F27*C27 -> 0
A28: C0015 | B28: Forty Year (architectural) | C28: 6 | D28: SQ | E28: X | F28: ='Option Year 1'!F28+'Option Year 1'!F28*3% -> 0 | G28: =F28*C28 -> 0
A29: C0016 | B29: Remove and dispose of existing composition shingles (all types)(where new shingles are not going to be installed) | C29: 6 | D29: SQ | E29: X | F29: ='Option Year 1'!F29+'Option Year 1'!F29*3% -> 0 | G29: =F29*C29 -> 0
A30: C0017 | B30: Remove and dispose of existing slate shingles. | C30: 6 | D30: SQ | E30: X | F30: ='Option Year 1'!F30+'Option Year 1'!F30*3% -> 0 | G30: =F30*C30 -> 0
A31: C0018 | B31: Remove and re-install existing slate shingles (All or Partial) | C31: 2 | D31: SQ | E31: X | F31: ='Option Year 1'!F31+'Option Year 1'!F31*3% -> 0 | G31: =F31*C31 -> 0
A32: C0019 | B32: Install new slate shingles (Weathering green, Vermont)(All or Partial) | C32: 3 | D32: SQ | E32: X | F32: ='Option Year 1'!F32+'Option Year 1'!F32*3% -> 0 | G32: =F32*C32 -> 0
A33: C0020 | B33: Install new slate shingles (Buckingham)(All or Partial) | C33: 3 | D33: SQ | E33: X | F33: ='Option Year 1'!F33+'Option Year 1'!F33*3% -> 0 | G33: =F33*C33 -> 0
B34: Remove existing preformed metal (All or Partial) roofing and replace with new preformed metal roofing | F34: ='Option Year 1'!F34+'Option Year 1'!F34*3% -> 0
A35: C0021 | B35: Coated steel | C35: 20 | D35: SQ | E35: X | F35: ='Option Year 1'!F35+'Option Year 1'!F35*3% -> 0 | G35: =F35*C35 -> 0
A36: C0022 | B36: Coated aluminum | C36: 20 | D36: SQ | E36: X | F36: ='Option Year 1'!F36+'Option Year 1'!F36*3% -> 0 | G36: =F36*C36 -> 0
A37: C0023 | B37: Left Blank Intentionally
B38: Field paint roof mounted equipment | F38: ='Option Year 1'!F38+'Option Year 1'!F38*3% -> 0
A39: C0024 | B39: Up to 25 SF X in surface area X | C39: 12 | D39: SF | E39: X | F39: ='Option Year 1'!F39+'Option Year 1'!F39*3% -> 0 | G39: =F39*C39 -> 0
A40: C0025 | B40: Over 25 SF X in surface area X | C40: 12 | D40: SF | E40: X | F40: ='Option Year 1'!F40+'Option Year 1'!F40*3% -> 0 | G40: =F40*C40 -> 0
B41: BUILT UP ROOF | F41: ='Option Year 1'!F41+'Option Year 1'!F41*3% -> 0
B42: Remove existing roof system and replace with new aggregate surfaced BU roofing system | F42: ='Option Year 1'!F42+'Option Year 1'!F42*3% -> 0
A43: C0026 | B43: System GAA (Gravel) | C43: 6 | D43: SQ | E43: X | F43: ='Option Year 1'!F43+'Option Year 1'!F43*3% -> 0 | G43: =F43*C43 -> 0
B44: Remove existing roof system and replace with new smooth surfaced BU roofing system. | F44: ='Option Year 1'!F44+'Option Year 1'!F44*3% -> 0
A45: C0027 | B45: System Gas | C45: 6 | D45: SQ | E45: X | F45: ='Option Year 1'!F45+'Option Year 1'!F45*3% -> 0 | G45: =F45*C45 -> 0
B46: Remove existing roof system and replace with new single ply reinforced modified bitumen sheet roofing system | F46: ='Option Year 1'!F46+'Option Year 1'!F46*3% -> 0
A47: C0028 | B47: Torch Applied | C47: 6 | D47: SQ | E47: X | F47: ='Option Year 1'!F47+'Option Year 1'!F47*3% -> 0 | G47: =F47*C47 -> 0
A48: C0029 | B48: Mop Applied | C48: 6 | D48: SQ | E48: X | F48: ='Option Year 1'!F48+'Option Year 1'!F48*3% -> 0 | G48: =F48*C48 -> 0
A49: C0030 | B49: Remove existing base flashing and replace with new 2 ply glass felt base flashing | C49: 50 | D49: SF | E49: X | F49: ='Option Year 1'!F49+'Option Year 1'!F49*3% -> 0 | G49: =F49*C49 -> 0
A50: C0031 | B50: Remove existing base flashing and replace with new 3-ply bituminous base flashing | C50: 12 | D50: SF | E50: X | F50: ='Option Year 1'!F50+'Option Year 1'!F50*3% -> 0 | G50: =F50*C50 -> 0
A51: C0032 | B51: Remove existing base flashing and replace with new single ply reinforced modified, bitumen sheet roofing flashing modified. | C51: 12 | D51: SF | E51: X | F51: ='Option Year 1'!F51+'Option Year 1'!F51*3% -> 0 | G51: =F51*C51 -> 0
A52: C0033 | B52: Remove and Dispose of Second layer | C52: 10 | D52: SQ | E52: X | F52: ='Option Year 1'!F52+'Option Year 1'!F52*3% -> 0 | G52: =F52*C52 -> 0
A53: C0034 | B53: (1) Walkway/Asphalt Planks | C53: 100 | D53: SF | E53: X | F53: ='Option Year 1'!F53+'Option Year 1'!F53*3% -> 0 | G53: =F53*C53 -> 0
B54: ROOF AND PARAPET WALL DAMPROOFING | F54: ='Option Year 1'!F54+'Option Year 1'!F54*3% -> 0
A55: C0035 | B55: Coat Existing BU Roof or Parapet Wall | C55: 50 | D55: SF | E55: X | F55: ='Option Year 1'!F55+'Option Year 1'!F55*3% -> 0 | G55: =F55*C55 -> 0
B56: E.P.D.M. (RUBBER ROOF SYSTEM) (Install new E.P.D.M. Roof System over Existing Built-up Roof) | F56: ='Option Year 1'!F56+'Option Year 1'!F56*3% -> 0
A57: C0036 | B57: Ballasted System | C57: 10 | D57: SQ | E57: X | F57: ='Option Year 1'!F57+'Option Year 1'!F57*3% -> 0 | G57: =F57*C57 -> 0
A58: C0037 | B58: Mechanically Fastened System | C58: 10 | D58: SQ | E58: X | F58: ='Option Year 1'!F58+'Option Year 1'!F58*3% -> 0 | G58: =F58*C58 -> 0
A59: C0038 | B59: Full Adhered System | C59: 10 | D59: SQ | E59: X | F59: ='Option Year 1'!F59+'Option Year 1'!F59*3% -> 0 | G59: =F59*C59 -> 0
B60: Remove existing roof system and replace with new E.P.D.M. roof system | F60: ='Option Year 1'!F60+'Option Year 1'!F60*3% -> 0
A61: C0039 | B61: Ballasted System | C61: 10 | D61: SQ | E61: X | F61: ='Option Year 1'!F61+'Option Year 1'!F61*3% -> 0 | G61: =F61*C61 -> 0
A62: C0040 | B62: Mechanically Fastened System | C62: 10 | D62: SQ | E62: X | F62: ='Option Year 1'!F62+'Option Year 1'!F62*3% -> 0 | G62: =F62*C62 -> 0
A63: C0041 | B63: Full Adhered System | C63: 10 | D63: SQ | E63: X | F63: ='Option Year 1'!F63+'Option Year 1'!F63*3% -> 0 | G63: =F63*C63 -> 0
A64: C0042 | B64: Install new E.P.D.M. Wall/Curb Flashings | C64: 50 | D64: SF | E64: X | F64: ='Option Year 1'!F64+'Option Year 1'!F64*3% -> 0 | G64: =F64*C64 -> 0
A65: C0043 | B65: Install Rubber Pipe Vents | C65: 5 | D65: EA | E65: X | F65: ='Option Year 1'!F65+'Option Year 1'!F65*3% -> 0 | G65: =F65*C65 -> 0
A66: C0044 | B66: Install Termination Bars. Shall include caulking | C66: 12 | D66: LF | E66: X | F66: ='Option Year 1'!F66+'Option Year 1'!F66*3% -> 0 | G66: =F66*C66 -> 0
A67: C0045 | B67: Install E.P.D.M Walk Pads | C67: 5 | D67: EA | E67: X | F67: ='Option Year 1'!F67+'Option Year 1'!F67*3% -> 0 | G67: =F67*C67 -> 0
B68: Remove existing roof system and replace with new Thermoplastic alloy roof system (TPA) | F68: ='Option Year 1'!F68+'Option Year 1'!F68*3% -> 0
A69: C0046 | B69: Mechanically Fastened | C69: 5 | D69: SQ | E69: X | F69: ='Option Year 1'!F69+'Option Year 1'!F69*3% -> 0 | G69: =F69*C69 -> 0
A70: C0047 | B70: Ballasted | C70: 5 | D70: SQ | E70: X | F70: ='Option Year 1'!F70+'Option Year 1'!F70*3% -> 0 | G70: =F70*C70 -> 0
A71: C0048 | B71: Install new TPA wall/curb flashing | C71: 25 | D71: SF | E71: X | F71: ='Option Year 1'!F71+'Option Year 1'!F71*3% -> 0 | G71: =F71*C71 -> 0
A72: C0049 | B72: Install new TPA pipe vent flashing | C72: 5 | D72: EA | E72: X | F72: ='Option Year 1'!F72+'Option Year 1'!F72*3% -> 0 | G72: =F72*C72 -> 0
B73: Remove existing metal base flashing and replace with new metal base flashing | F73: ='Option Year 1'!F73+'Option Year 1'!F73*3% -> 0
A74: C0050 | B74: Copper | C74: 25 | D74: SF | E74: X | F74: ='Option Year 1'!F74+'Option Year 1'!F74*3% -> 0 | G74: =F74*C74 -> 0
A75: C0051 | B75: Aluminum | C75: 25 | D75: SF | E75: X | F75: ='Option Year 1'!F75+'Option Year 1'!F75*3% -> 0 | G75: =F75*C75 -> 0
A76: C0052 | B76: Aluminum/various colors | C76: 25 | D76: SF | E76: X | F76: ='Option Year 1'!F76+'Option Year 1'!F76*3% -> 0 | G76: =F76*C76 -> 0
A77: C0053 | B77: Stainless Steel | C77: 25 | D77: SF | E77: X | F77: ='Option Year 1'!F77+'Option Year 1'!F77*3% -> 0 | G77: =F77*C77 -> 0
B78: Remove existing and install new metal coping. Shall include caulking. | F78: ='Option Year 1'!F78+'Option Year 1'!F78*3% -> 0
A79: C0054 | B79: Copper | C79: 25 | D79: SF | E79: X | F79: ='Option Year 1'!F79+'Option Year 1'!F79*3% -> 0 | G79: =F79*C79 -> 0
A80: C0055 | B80: Aluminum | C80: 25 | D80: SF | E80: X | F80: ='Option Year 1'!F80+'Option Year 1'!F80*3% -> 0 | G80: =F80*C80 -> 0
A81: C0056 | B81: Aluminum/various colors | C81: 25 | D81: SF | E81: X | F81: ='Option Year 1'!F81+'Option Year 1'!F81*3% -> 0 | G81: =F81*C81 -> 0
A82: C0057 | B82: Stainless Steel | C82: 25 | D82: SF | E82: X | F82: ='Option Year 1'!F82+'Option Year 1'!F82*3% -> 0 | G82: =F82*C82 -> 0
B83: Remove metal drip edge and replace with new metal drip edge | F83: ='Option Year 1'!F83+'Option Year 1'!F83*3% -> 0
A84: C0058 | B84: Copper | C84: 6 | D84: LF | E84: X | F84: ='Option Year 1'!F84+'Option Year 1'!F84*3% -> 0 | G84: =F84*C84 -> 0
A85: C0059 | B85: Aluminum | C85: 6 | D85: LF | E85: X | F85: ='Option Year 1'!F85+'Option Year 1'!F85*3% -> 0 | G85: =F85*C85 -> 0
A86: C0060 | B86: Aluminum/various colors | C86: 6 | D86: LF | E86: X | F86: ='Option Year 1'!F86+'Option Year 1'!F86*3% -> 0 | G86: =F86*C86 -> 0
A87: C0061 | B87: Stainless Steel | C87: 6 | D87: LF | E87: X | F87: ='Option Year 1'!F87+'Option Year 1'!F87*3% -> 0 | G87: =F87*C87 -> 0
B88: METAL GUTTERS AND DOWNSPOUTS | F88: ='Option Year 1'!F88+'Option Year 1'!F88*3% -> 0
B89: Install Metal Gutters | F89: ='Option Year 1'!F89+'Option Year 1'!F89*3% -> 0
A90: C0062 | B90: Copper/5" ogee | C90: 100 | D90: LF | E90: X | F90: ='Option Year 1'!F90+'Option Year 1'!F90*3% -> 0 | G90: =F90*C90 -> 0
A91: C0063 | B91: Copper/6" ogee | C91: 100 | D91: LF | E91: X | F91: ='Option Year 1'!F91+'Option Year 1'!F91*3% -> 0 | G91: =F91*C91 -> 0
A92: C0064 | B92: Copper/6" half round | C92: 100 | D92: LF | E92: X | F92: ='Option Year 1'!F92+'Option Year 1'!F92*3% -> 0 | G92: =F92*C92 -> 0
A93: C0065 | B93: Copper/6" box | C93: 100 | D93: LF | E93: X | F93: ='Option Year 1'!F93+'Option Year 1'!F93*3% -> 0 | G93: =F93*C93 -> 0
A94: C0066 | B94: Copper/8" box | C94: 100 | D94: LF | E94: X | F94: ='Option Year 1'!F94+'Option Year 1'!F94*3% -> 0 | G94: =F94*C94 -> 0
A95: C0067 | B95: Prefinished Alum/5" ogee | C95: 100 | D95: LF | E95: X | F95: ='Option Year 1'!F95+'Option Year 1'!F95*3% -> 0 | G95: =F95*C95 -> 0
A96: C0068 | B96: Prefinished Alum/6" ogee | C96: 100 | D96: LF | E96: X | F96: ='Option Year 1'!F96+'Option Year 1'!F96*3% -> 0 | G96: =F96*C96 -> 0
A97: C0069 | B97: Prefinished Alum/6" Box | C97: 100 | D97: LF | E97: X | F97: ='Option Year 1'!F97+'Option Year 1'!F97*3% -> 0 | G97: =F97*C97 -> 0
A98: C0070 | B98: Prefinished Alum/8" Box | C98: 100 | D98: LF | E98: X | F98: ='Option Year 1'!F98+'Option Year 1'!F98*3% -> 0 | G98: =F98*C98 -> 0
A99: C0071 | B99: Stainless steel/6" box | C99: 100 | D99: LF | E99: X | F99: ='Option Year 1'!F99+'Option Year 1'!F99*3% -> 0 | G99: =F99*C99 -> 0
A100: C0072 | B100: Stainless steel/8" box | C100: 100 | D100: LF | E100: X | F100: ='Option Year 1'!F100+'Option Year 1'!F100*3% -> 0 | G100: =F100*C100 -> 0
...

Sheet Option Year 3
A1: Roofing Contract
A2: Attachment J-0200000-05
A3: Exhibit Line Item Numbers
A4: Option Year 3
A5: Solicitation/Contract No.: N40085-26-D-XXXX
B6: Philadelphia Roofing Contract
A7: ELIN Number | B7: Supplies/Services | C7: Est. Quantity | D7: Unit | F7: Unit Price | G7: Total
B8: ROOF DECKS
A9: D0001 | B9: Remove existing metal roof decks (ALL OR PARTIAL) and replace with new steel roof decking, shall include all closures and accessories. | C9: 3 | D9: SQ | E9: X | F9: ='Option Year 2'!F9+'Option Year 2'!F9*3% -> 0 | G9: =F9*C9 -> 0
B10: Remove existing wood roof deck and replace with new wood decking
A11: D0002 | B11: 1" nominal T & G (treated) | C11: 40 | D11: BF | E11: X | F11: ='Option Year 2'!F11+'Option Year 2'!F11*3% -> 0 | G11: =F11*C11 -> 0
A12: D0003 | B12: 2" nominal T & G (treated) | C12: 40 | D12: BF | E12: X | F12: ='Option Year 2'!F12+'Option Year 2'!F12*3% -> 0 | G12: =F12*C12 -> 0
A13: D0004 | B13: 3/4" plywood | C13: 40 | D13: SF | E13: X | F13: ='Option Year 2'!F13+'Option Year 2'!F13*3% -> 0 | G13: =F13*C13 -> 0
A14: D0005 | B14: 1/2" plywood | C14: 25 | D14: SF | E14: X | F14: ='Option Year 2'!F14+'Option Year 2'!F14*3% -> 0 | G14: =F14*C14 -> 0
B15: ROOF INSULATION | F15: ='Option Year 2'!F15+'Option Year 2'!F15*3% -> 0
B16: Remove and replace rigid roof insulation in conjunction with roofing systems specified herein. Average 1”x12”x12” | F16: ='Option Year 2'!F16+'Option Year 2'!F16*3% -> 0
A17: D0006 | B17: Remove and replace polyisocyanurate tapered insulation panels | C17: 10 | D17: BF | E17: X | F17: ='Option Year 2'!F17+'Option Year 2'!F17*3% -> 0 | G17: =F17*C17 -> 0
A18: D0007 | B18: Remove and replace tapered roof insulation | C18: 10 | D18: BF | E18: X | F18: ='Option Year 2'!F18+'Option Year 2'!F18*3% -> 0 | G18: =F18*C18 -> 0
A19: D0008 | B19: Remove and replace vapor barrier in conjunction with built up roofing system | C19: 10 | D19: SQ | E19: X | F19: ='Option Year 2'!F19+'Option Year 2'!F19*3% -> 0 | G19: =F19*C19 -> 0
A20: D0009 | B20: Remove and replace resin sized building paper (5 lb.) | C20: 5 | D20: SQ | E20: X | F20: ='Option Year 2'!F20+'Option Year 2'!F20*3% -> 0 | G20: =F20*C20 -> 0
A21: D0010 | B21: Remove existing cants and replace with new fiberboard cants 4 x 4 | C21: 30 | D21: LF | E21: X | F21: ='Option Year 2'!F21+'Option Year 2'!F21*3% -> 0 | G21: =F21*C21 -> 0
A22: D0011 | B22: Remove existing cants and replace with new treated wood cants 4 x 4 | C22: 30 | D22: LF | E22: X | F22: ='Option Year 2'!F22+'Option Year 2'!F22*3% -> 0 | G22: =F22*C22 -> 0
A23: D0012 | B23: Remove existing Nailers and replace with new treated 2" x 6" wood | C23: 100 | D23: BF | E23: X | F23: ='Option Year 2'!F23+'Option Year 2'!F23*3% -> 0 | G23: =F23*C23 -> 0
B24: SHINGLED ROOF SYSTEMS | F24: ='Option Year 2'!F24+'Option Year 2'!F24*3% -> 0
B25: Remove existing composition shingles and replace with new composition shingles, shall include starter | F25: ='Option Year 2'!F25+'Option Year 2'!F25*3% -> 0
A26: D0013 | B26: Twenty Five Year (3 tab ) | C26: 10 | D26: SQ | E26: X | F26: ='Option Year 2'!F26+'Option Year 2'!F26*3% -> 0 | G26: =F26*C26 -> 0
A27: D0014 | B27: Thirty Year (architectural) | C27: 6 | D27: SQ | E27: X | F27: ='Option Year 2'!F27+'Option Year 2'!F27*3% -> 0 | G27: =F27*C27 -> 0
A28: D0015 | B28: Forty Year (architectural) | C28: 6 | D28: SQ | E28: X | F28: ='Option Year 2'!F28+'Option Year 2'!F28*3% -> 0 | G28: =F28*C28 -> 0
A29: D0016 | B29: Remove and dispose of existing composition shingles (all types)(where new shingles are not going to be installed) | C29: 6 | D29: SQ | E29: X | F29: ='Option Year 2'!F29+'Option Year 2'!F29*3% -> 0 | G29: =F29*C29 -> 0
A30: D0017 | B30: Remove and dispose of existing slate shingles. | C30: 6 | D30: SQ | E30: X | F30: ='Option Year 2'!F30+'Option Year 2'!F30*3% -> 0 | G30: =F30*C30 -> 0
A31: D0018 | B31: Remove and re-install existing slate shingles (All or Partial) | C31: 2 | D31: SQ | E31: X | F31: ='Option Year 2'!F31+'Option Year 2'!F31*3% -> 0 | G31: =F31*C31 -> 0
A32: D0019 | B32: Install new slate shingles (Weathering green, Vermont)(All or Partial) | C32: 3 | D32: SQ | E32: X | F32: ='Option Year 2'!F32+'Option Year 2'!F32*3% -> 0 | G32: =F32*C32 -> 0
A33: D0020 | B33: Install new slate shingles (Buckingham)(All or Partial) | C33: 3 | D33: SQ | E33: X | F33: ='Option Year 2'!F33+'Option Year 2'!F33*3% -> 0 | G33: =F33*C33 -> 0
B34: Remove existing preformed metal (All or Partial) roofing and replace with new preformed metal roofing | F34: ='Option Year 2'!F34+'Option Year 2'!F34*3% -> 0
A35: D0021 | B35: Coated steel | C35: 20 | D35: SQ | E35: X | F35: ='Option Year 2'!F35+'Option Year 2'!F35*3% -> 0 | G35: =F35*C35 -> 0
A36: D0022 | B36: Coated aluminum | C36: 20 | D36: SQ | E36: X | F36: ='Option Year 2'!F36+'Option Year 2'!F36*3% -> 0 | G36: =F36*C36 -> 0
A37: D0023
B38: Field paint roof mounted equipment | F38: ='Option Year 2'!F38+'Option Year 2'!F38*3% -> 0
A39: D0024 | B39: Up to 25 SF X in surface area X | C39: 12 | D39: SF | E39: X | F39: ='Option Year 2'!F39+'Option Year 2'!F39*3% -> 0 | G39: =F39*C39 -> 0
A40: D0025 | B40: Over 25 SF X in surface area X | C40: 12 | D40: SF | E40: X | F40: ='Option Year 2'!F40+'Option Year 2'!F40*3% -> 0 | G40: =F40*C40 -> 0
B41: BUILT UP ROOF | F41: ='Option Year 2'!F41+'Option Year 2'!F41*3% -> 0
B42: Remove existing roof system and replace with new aggregate surfaced BU roofing system | F42: ='Option Year 2'!F42+'Option Year 2'!F42*3% -> 0
A43: D0026 | B43: System GAA (Gravel) | C43: 6 | D43: SQ | E43: X | F43: ='Option Year 2'!F43+'Option Year 2'!F43*3% -> 0 | G43: =F43*C43 -> 0
B44: Remove existing roof system and replace with new smooth surfaced BU roofing system. | F44: ='Option Year 2'!F44+'Option Year 2'!F44*3% -> 0
A45: D0027 | B45: System Gas | C45: 6 | D45: SQ | E45: X | F45: ='Option Year 2'!F45+'Option Year 2'!F45*3% -> 0 | G45: =F45*C45 -> 0
B46: Remove existing roof system and replace with new single ply reinforced modified bitumen sheet roofing system | F46: ='Option Year 2'!F46+'Option Year 2'!F46*3% -> 0
A47: D0028 | B47: Torch Applied | C47: 6 | D47: SQ | E47: X | F47: ='Option Year 2'!F47+'Option Year 2'!F47*3% -> 0 | G47: =F47*C47 -> 0
A48: D0029 | B48: Mop Applied | C48: 6 | D48: SQ | E48: X | F48: ='Option Year 2'!F48+'Option Year 2'!F48*3% -> 0 | G48: =F48*C48 -> 0
A49: D0030 | B49: Remove existing base flashing and replace with new 2 ply glass felt base flashing | C49: 50 | D49: SF | E49: X | F49: ='Option Year 2'!F49+'Option Year 2'!F49*3% -> 0 | G49: =F49*C49 -> 0
A50: D0031 | B50: Remove existing base flashing and replace with new 3-ply bituminous base flashing | C50: 12 | D50: SF | E50: X | F50: ='Option Year 2'!F50+'Option Year 2'!F50*3% -> 0 | G50: =F50*C50 -> 0
A51: D0032 | B51: Remove existing base flashing and replace with new single ply reinforced modified, bitumen sheet roofing flashing modified. | C51: 12 | D51: SF | E51: X | F51: ='Option Year 2'!F51+'Option Year 2'!F51*3% -> 0 | G51: =F51*C51 -> 0
A52: D0033 | B52: Remove and Dispose of Second layer | C52: 10 | D52: SQ | E52: X | F52: ='Option Year 2'!F52+'Option Year 2'!F52*3% -> 0 | G52: =F52*C52 -> 0
A53: D0034 | B53: (1) Walkway/Asphalt Planks | C53: 100 | D53: SF | E53: X | F53: ='Option Year 2'!F53+'Option Year 2'!F53*3% -> 0 | G53: =F53*C53 -> 0
B54: ROOF AND PARAPET WALL DAMPROOFING | F54: ='Option Year 2'!F54+'Option Year 2'!F54*3% -> 0
A55: D0035 | B55: Coat Existing BU Roof or Parapet Wall | C55: 50 | D55: SF | E55: X | F55: ='Option Year 2'!F55+'Option Year 2'!F55*3% -> 0 | G55: =F55*C55 -> 0
B56: E.P.D.M. (RUBBER ROOF SYSTEM) (Install new E.P.D.M. Roof System over Existing Built-up Roof) | F56: ='Option Year 2'!F56+'Option Year 2'!F56*3% -> 0
A57: D0036 | B57: Ballasted System | C57: 10 | D57: SQ | E57: X | F57: ='Option Year 2'!F57+'Option Year 2'!F57*3% -> 0 | G57: =F57*C57 -> 0
A58: D0037 | B58: Mechanically Fastened System | C58: 10 | D58: SQ | E58: X | F58: ='Option Year 2'!F58+'Option Year 2'!F58*3% -> 0 | G58: =F58*C58 -> 0
A59: D0038 | B59: Full Adhered System | C59: 10 | D59: SQ | E59: X | F59: ='Option Year 2'!F59+'Option Year 2'!F59*3% -> 0 | G59: =F59*C59 -> 0
B60: Remove existing roof system and replace with new E.P.D.M. roof system | F60: ='Option Year 2'!F60+'Option Year 2'!F60*3% -> 0
A61: D0039 | B61: Ballasted System | C61: 10 | D61: SQ | E61: X | F61: ='Option Year 2'!F61+'Option Year 2'!F61*3% -> 0 | G61: =F61*C61 -> 0
A62: D0040 | B62: Mechanically Fastened System | C62: 10 | D62: SQ | E62: X | F62: ='Option Year 2'!F62+'Option Year 2'!F62*3% -> 0 | G62: =F62*C62 -> 0
A63: D0041 | B63: Full Adhered System | C63: 10 | D63: SQ | E63: X | F63: ='Option Year 2'!F63+'Option Year 2'!F63*3% -> 0 | G63: =F63*C63 -> 0
A64: D0042 | B64: Install new E.P.D.M. Wall/Curb Flashings | C64: 50 | D64: SF | E64: X | F64: ='Option Year 2'!F64+'Option Year 2'!F64*3% -> 0 | G64: =F64*C64 -> 0
A65: D0043 | B65: Install Rubber Pipe Vents | C65: 5 | D65: EA | E65: X | F65: ='Option Year 2'!F65+'Option Year 2'!F65*3% -> 0 | G65: =F65*C65 -> 0
A66: D0044 | B66: Install Termination Bars. Shall include caulking | C66: 12 | D66: LF | E66: X | F66: ='Option Year 2'!F66+'Option Year 2'!F66*3% -> 0 | G66: =F66*C66 -> 0
A67: D0045 | B67: Install E.P.D.M Walk Pads | C67: 5 | D67: EA | E67: X | F67: ='Option Year 2'!F67+'Option Year 2'!F67*3% -> 0 | G67: =F67*C67 -> 0
B68: Remove existing roof system and replace with new Thermoplastic alloy roof system (TPA) | F68: ='Option Year 2'!F68+'Option Year 2'!F68*3% -> 0
A69: D0046 | B69: Mechanically Fastened | C69: 5 | D69: SQ | E69: X | F69: ='Option Year 2'!F69+'Option Year 2'!F69*3% -> 0 | G69: =F69*C69 -> 0
A70: D0047 | B70: Ballasted | C70: 5 | D70: SQ | E70: X | F70: ='Option Year 2'!F70+'Option Year 2'!F70*3% -> 0 | G70: =F70*C70 -> 0
A71: D0048 | B71: Install new TPA wall/curb flashing | C71: 25 | D71: SF | E71: X | F71: ='Option Year 2'!F71+'Option Year 2'!F71*3% -> 0 | G71: =F71*C71 -> 0
A72: D0049 | B72: Install new TPA pipe vent flashing | C72: 5 | D72: EA | E72: X | F72: ='Option Year 2'!F72+'Option Year 2'!F72*3% -> 0 | G72: =F72*C72 -> 0
B73: Remove existing metal base flashing and replace with new metal base flashing | F73: ='Option Year 2'!F73+'Option Year 2'!F73*3% -> 0
A74: D0050 | B74: Copper | C74: 25 | D74: SF | E74: X | F74: ='Option Year 2'!F74+'Option Year 2'!F74*3% -> 0 | G74: =F74*C74 -> 0
A75: D0051 | B75: Aluminum | C75: 25 | D75: SF | E75: X | F75: ='Option Year 2'!F75+'Option Year 2'!F75*3% -> 0 | G75: =F75*C75 -> 0
A76: D0052 | B76: Aluminum/various colors | C76: 25 | D76: SF | E76: X | F76: ='Option Year 2'!F76+'Option Year 2'!F76*3% -> 0 | G76: =F76*C76 -> 0
A77: D0053 | B77: Stainless Steel | C77: 25 | D77: SF | E77: X | F77: ='Option Year 2'!F77+'Option Year 2'!F77*3% -> 0 | G77: =F77*C77 -> 0
B78: Remove existing and install new metal coping. Shall include caulking. | F78: ='Option Year 2'!F78+'Option Year 2'!F78*3% -> 0
A79: D0054 | B79: Copper | C79: 25 | D79: SF | E79: X | F79: ='Option Year 2'!F79+'Option Year 2'!F79*3% -> 0 | G79: =F79*C79 -> 0
A80: D0055 | B80: Aluminum | C80: 25 | D80: SF | E80: X | F80: ='Option Year 2'!F80+'Option Year 2'!F80*3% -> 0 | G80: =F80*C80 -> 0
A81: D0056 | B81: Aluminum/various colors | C81: 25 | D81: SF | E81: X | F81: ='Option Year 2'!F81+'Option Year 2'!F81*3% -> 0 | G81: =F81*C81 -> 0
A82: D0057 | B82: Stainless Steel | C82: 25 | D82: SF | E82: X | F82: ='Option Year 2'!F82+'Option Year 2'!F82*3% -> 0 | G82: =F82*C82 -> 0
B83: Remove metal drip edge and replace with new metal drip edge | F83: ='Option Year 2'!F83+'Option Year 2'!F83*3% -> 0
A84: D0058 | B84: Copper | C84: 6 | D84: LF | E84: X | F84: ='Option Year 2'!F84+'Option Year 2'!F84*3% -> 0 | G84: =F84*C84 -> 0
A85: D0059 | B85: Aluminum | C85: 6 | D85: LF | E85: X | F85: ='Option Year 2'!F85+'Option Year 2'!F85*3% -> 0 | G85: =F85*C85 -> 0
A86: D0060 | B86: Aluminum/various colors | C86: 6 | D86: LF | E86: X | F86: ='Option Year 2'!F86+'Option Year 2'!F86*3% -> 0 | G86: =F86*C86 -> 0
A87: D0061 | B87: Stainless Steel | C87: 6 | D87: LF | E87: X | F87: ='Option Year 2'!F87+'Option Year 2'!F87*3% -> 0 | G87: =F87*C87 -> 0
B88: METAL GUTTERS AND DOWNSPOUTS | F88: ='Option Year 2'!F88+'Option Year 2'!F88*3% -> 0
B89: Install Metal Gutters | F89: ='Option Year 2'!F89+'Option Year 2'!F89*3% -> 0
A90: D0062 | B90: Copper/5" ogee | C90: 100 | D90: LF | E90: X | F90: ='Option Year 2'!F90+'Option Year 2'!F90*3% -> 0 | G90: =F90*C90 -> 0
A91: D0063 | B91: Copper/6" ogee | C91: 100 | D91: LF | E91: X | F91: ='Option Year 2'!F91+'Option Year 2'!F91*3% -> 0 | G91: =F91*C91 -> 0
A92: D0064 | B92: Copper/6" half round | C92: 100 | D92: LF | E92: X | F92: ='Option Year 2'!F92+'Option Year 2'!F92*3% -> 0 | G92: =F92*C92 -> 0
A93: D0065 | B93: Copper/6" box | C93: 100 | D93: LF | E93: X | F93: ='Option Year 2'!F93+'Option Year 2'!F93*3% -> 0 | G93: =F93*C93 -> 0
A94: D0066 | B94: Copper/8" box | C94: 100 | D94: LF | E94: X | F94: ='Option Year 2'!F94+'Option Year 2'!F94*3% -> 0 | G94: =F94*C94 -> 0
A95: D0067 | B95: Prefinished Alum/5" ogee | C95: 100 | D95: LF | E95: X | F95: ='Option Year 2'!F95+'Option Year 2'!F95*3% -> 0 | G95: =F95*C95 -> 0
A96: D0068 | B96: Prefinished Alum/6" ogee | C96: 100 | D96: LF | E96: X | F96: ='Option Year 2'!F96+'Option Year 2'!F96*3% -> 0 | G96: =F96*C96 -> 0
A97: D0069 | B97: Prefinished Alum/6" Box | C97: 100 | D97: LF | E97: X | F97: ='Option Year 2'!F97+'Option Year 2'!F97*3% -> 0 | G97: =F97*C97 -> 0
A98: D0070 | B98: Prefinished Alum/8" Box | C98: 100 | D98: LF | E98: X | F98: ='Option Year 2'!F98+'Option Year 2'!F98*3% -> 0 | G98: =F98*C98 -> 0
A99: D0071 | B99: Stainless steel/6" box | C99: 100 | D99: LF | E99: X | F99: ='Option Year 2'!F99+'Option Year 2'!F99*3% -> 0 | G99: =F99*C99 -> 0
A100: D0072 | B100: Stainless steel/8" box | C100: 100 | D100: LF | E100: X | F100: ='Option Year 2'!F100+'Option Year 2'!F100*3% -> 0 | G100: =F100*C100 -> 0
...

Sheet Option Year 4
A1: Roofing Contract
A2: Attachment J-0200000-05
A3: Exhibit Line Item Numbers
A4: Option Year 4
A5: Solicitation/Contract No.: N40085-26-D-XXXX
B6: Philadelphia Roofing Contract
A7: ELIN Number | B7: Supplies/Services | C7: Est. Quantity | D7: Unit | F7: Unit Price | G7: Total
B8: ROOF DECKS
A9: E0001 | B9: Remove existing metal roof decks (ALL OR PARTIAL) and replace with new steel roof decking, shall include all closures and accessories. | C9: 3 | D9: SQ | E9: X | G9: =F9*C9 -> 0
B10: Remove existing wood roof deck and replace with new wood decking
A11: E0002 | B11: 1" nominal T & G (treated) | C11: 40 | D11: BF | E11: X | G11: =F11*C11 -> 0
A12: E0003 | B12: 2" nominal T & G (treated) | C12: 40 | D12: BF | E12: X | G12: =F12*C12 -> 0
A13: E0004 | B13: 3/4" plywood | C13: 40 | D13: SF | E13: X | G13: =F13*C13 -> 0
A14: E0005 | B14: 1/2" plywood | C14: 25 | D14: SF | E14: X | G14: =F14*C14 -> 0
B15: ROOF INSULATION
B16: Remove and replace rigid roof insulation in conjunction with roofing systems specified herein. Average 1”x12”x12”
A17: E0006 | B17: Remove and replace polyisocyanurate tapered insulation panels | C17: 10 | D17: BF | E17: X | G17: =F17*C17 -> 0
A18: E0007 | B18: Remove and replace tapered roof insulation | C18: 10 | D18: BF | E18: X | G18: =F18*C18 -> 0
A19: E0008 | B19: Remove and replace vapor barrier in conjunction with built up roofing system | C19: 10 | D19: SQ | E19: X | G19: =F19*C19 -> 0
A20: E0009 | B20: Remove and replace resin sized building paper (5 lb.) | C20: 5 | D20: SQ | E20: X | G20: =F20*C20 -> 0
A21: E0010 | B21: Remove existing cants and replace with new fiberboard cants 4 x 4 | C21: 30 | D21: LF | E21: X | G21: =F21*C21 -> 0
A22: E0011 | B22: Remove existing cants and replace with new treated wood cants 4 x 4 | C22: 30 | D22: LF | E22: X | G22: =F22*C22 -> 0
A23: E0012 | B23: Remove existing Nailers and replace with new treated 2" x 6" wood | C23: 100 | D23: BF | E23: X | G23: =F23*C23 -> 0
B24: SHINGLED ROOF SYSTEMS
B25: Remove existing composition shingles and replace with new composition shingles, shall include starter
A26: E0013 | B26: Twenty Five Year (3 tab ) | C26: 10 | D26: SQ | E26: X | G26: =F26*C26 -> 0
A27: E0014 | B27: Thirty Year (architectural) | C27: 6 | D27: SQ | E27: X | G27: =F27*C27 -> 0
A28: E0015 | B28: Forty Year (architectural) | C28: 6 | D28: SQ | E28: X | G28: =F28*C28 -> 0
A29: E0016 | B29: Remove and dispose of existing composition shingles (all types)(where new shingles are not going to be installed) | C29: 6 | D29: SQ | E29: X | G29: =F29*C29 -> 0
A30: E0017 | B30: Remove and dispose of existing slate shingles. | C30: 6 | D30: SQ | E30: X | G30: =F30*C30 -> 0
A31: E0018 | B31: Remove and re-install existing slate shingles (All or Partial) | C31: 2 | D31: SQ | E31: X | G31: =F31*C31 -> 0
A32: E0019 | B32: Install new slate shingles (Weathering green, Vermont)(All or Partial) | C32: 3 | D32: SQ | E32: X | G32: =F32*C32 -> 0
A33: E0020 | B33: Install new slate shingles (Buckingham)(All or Partial) | C33: 3 | D33: SQ | E33: X | G33: =F33*C33 -> 0
B34: Remove existing preformed metal (All or Partial) roofing and replace with new preformed metal roofing
A35: E0021 | B35: Coated steel | C35: 20 | D35: SQ | E35: X | G35: =F35*C35 -> 0
A36: E0022 | B36: Coated aluminum | C36: 20 | D36: SQ | E36: X | G36: =F36*C36 -> 0
A37: E0023 | B37: Left Blank intentionally
B38: Field paint roof mounted equipment
A39: E0024 | B39: Up to 25 SF X in surface area X | C39: 12 | D39: SF | E39: X | G39: =F39*C39 -> 0
A40: E0025 | B40: Over 25 SF X in surface area X | C40: 12 | D40: SF | E40: X | G40: =F40*C40 -> 0
B41: BUILT UP ROOF
B42: Remove existing roof system and replace with new aggregate surfaced BU roofing system
A43: E0026 | B43: System GAA (Gravel) | C43: 6 | D43: SQ | E43: X | G43: =F43*C43 -> 0
B44: Remove existing roof system and replace with new smooth surfaced BU roofing system.
A45: E0027 | B45: System Gas | C45: 6 | D45: SQ | E45: X | G45: =F45*C45 -> 0
B46: Remove existing roof system and replace with new single ply reinforced modified bitumen sheet roofing system
A47: E0028 | B47: Torch Applied | C47: 6 | D47: SQ | E47: X | G47: =F47*C47 -> 0
A48: E0029 | B48: Mop Applied | C48: 6 | D48: SQ | E48: X | G48: =F48*C48 -> 0
A49: E0030 | B49: Remove existing base flashing and replace with new 2 ply glass felt base flashing | C49: 50 | D49: SF | E49: X | G49: =F49*C49 -> 0
A50: E0031 | B50: Remove existing base flashing and replace with new 3-ply bituminous base flashing | C50: 12 | D50: SF | E50: X | G50: =F50*C50 -> 0
A51: E0032 | B51: Remove existing base flashing and replace with new single ply reinforced modified, bitumen sheet roofing flashing modified. | C51: 12 | D51: SF | E51: X | G51: =F51*C51 -> 0
A52: E0033 | B52: Remove and Dispose of Second layer | C52: 10 | D52: SQ | E52: X | G52: =F52*C52 -> 0
A53: E0034 | B53: (1) Walkway/Asphalt Planks | C53: 100 | D53: SF | E53: X | G53: =F53*C53 -> 0
B54: ROOF AND PARAPET WALL DAMPROOFING
A55: E0035 | B55: Coat Existing BU Roof or Parapet Wall | C55: 50 | D55: SF | E55: X | G55: =F55*C55 -> 0
B56: E.P.D.M. (RUBBER ROOF SYSTEM) (Install new E.P.D.M. Roof System over Existing Built-up Roof)
A57: E0036 | B57: Ballasted System | C57: 10 | D57: SQ | E57: X | G57: =F57*C57 -> 0
A58: E0037 | B58: Mechanically Fastened System | C58: 10 | D58: SQ | E58: X | G58: =F58*C58 -> 0
A59: E0038 | B59: Full Adhered System | C59: 10 | D59: SQ | E59: X | G59: =F59*C59 -> 0
B60: Remove existing roof system and replace with new E.P.D.M. roof system
A61: E0039 | B61: Ballasted System | C61: 10 | D61: SQ | E61: X | G61: =F61*C61 -> 0
A62: E0040 | B62: Mechanically Fastened System | C62: 10 | D62: SQ | E62: X | G62: =F62*C62 -> 0
A63: E0041 | B63: Full Adhered System | C63: 10 | D63: SQ | E63: X | G63: =F63*C63 -> 0
A64: E0042 | B64: Install new E.P.D.M. Wall/Curb Flashings | C64: 50 | D64: SF | E64: X | G64: =F64*C64 -> 0
A65: E0043 | B65: Install Rubber Pipe Vents | C65: 5 | D65: EA | E65: X | G65: =F65*C65 -> 0
A66: E0044 | B66: Install Termination Bars. Shall include caulking | C66: 12 | D66: LF | E66: X | G66: =F66*C66 -> 0
A67: E0045 | B67: Install E.P.D.M Walk Pads | C67: 5 | D67: EA | E67: X | G67: =F67*C67 -> 0
B68: Remove existing roof system and replace with new Thermoplastic alloy roof system (TPA)
A69: E0046 | B69: Mechanically Fastened | C69: 5 | D69: SQ | E69: X | G69: =F69*C69 -> 0
A70: E0047 | B70: Ballasted | C70: 5 | D70: SQ | E70: X | G70: =F70*C70 -> 0
A71: E0048 | B71: Install new TPA wall/curb flashing | C71: 25 | D71: SF | E71: X | G71: =F71*C71 -> 0
A72: E0049 | B72: Install new TPA pipe vent flashing | C72: 5 | D72: EA | E72: X | G72: =F72*C72 -> 0
B73: Remove existing metal base flashing and replace with new metal base flashing
A74: E0050 | B74: Copper | C74: 25 | D74: SF | E74: X | G74: =F74*C74 -> 0
A75: E0051 | B75: Aluminum | C75: 25 | D75: SF | E75: X | G75: =F75*C75 -> 0
A76: E0052 | B76: Aluminum/various colors | C76: 25 | D76: SF | E76: X | G76: =F76*C76 -> 0
A77: E0053 | B77: Stainless Steel | C77: 25 | D77: SF | E77: X | G77: =F77*C77 -> 0
B78: Remove existing and install new metal coping. Shall include caulking.
A79: E0054 | B79: Copper | C79: 25 | D79: SF | E79: X | G79: =F79*C79 -> 0
A80: E0055 | B80: Aluminum | C80: 25 | D80: SF | E80: X | G80: =F80*C80 -> 0
A81: E0056 | B81: Aluminum/various colors | C81: 25 | D81: SF | E81: X | G81: =F81*C81 -> 0
A82: E0057 | B82: Stainless Steel | C82: 25 | D82: SF | E82: X | G82: =F82*C82 -> 0
B83: Remove metal drip edge and replace with new metal drip edge
A84: E0058 | B84: Copper | C84: 6 | D84: LF | E84: X | G84: =F84*C84 -> 0
A85: E0059 | B85: Aluminum | C85: 6 | D85: LF | E85: X | G85: =F85*C85 -> 0
A86: E0060 | B86: Aluminum/various colors | C86: 6 | D86: LF | E86: X | G86: =F86*C86 -> 0
A87: E0061 | B87: Stainless Steel | C87: 6 | D87: LF | E87: X | G87: =F87*C87 -> 0
B88: METAL GUTTERS AND DOWNSPOUTS
B89: Install Metal Gutters
A90: E0062 | B90: Copper/5" ogee | C90: 100 | D90: LF | E90: X | G90: =F90*C90 -> 0
A91: E0063 | B91: Copper/6" ogee | C91: 100 | D91: LF | E91: X | G91: =F91*C91 -> 0
A92: E0064 | B92: Copper/6" half round | C92: 100 | D92: LF | E92: X | G92: =F92*C92 -> 0
A93: E0065 | B93: Copper/6" box | C93: 100 | D93: LF | E93: X | G93: =F93*C93 -> 0
A94: E0066 | B94: Copper/8" box | C94: 100 | D94: LF | E94: X | G94: =F94*C94 -> 0
A95: E0067 | B95: Prefinished Alum/5" ogee | C95: 100 | D95: LF | E95: X | G95: =F95*C95 -> 0
A96: E0068 | B96: Prefinished Alum/6" ogee | C96: 100 | D96: LF | E96: X | G96: =F96*C96 -> 0
A97: E0069 | B97: Prefinished Alum/6" Box | C97: 100 | D97: LF | E97: X | G97: =F97*C97 -> 0
A98: E0070 | B98: Prefinished Alum/8" Box | C98: 100 | D98: LF | E98: X | G98: =F98*C98 -> 0
A99: E0071 | B99: Stainless steel/6" box | C99: 100 | D99: LF | E99: X | G99: =F99*C99 -> 0
A100: E0072 | B100: Stainless steel/8" box | C100: 100 | D100: LF | E100: X | G100: =F100*C100 -> 0
...

Sheet Summary
B2: Roofing Summary
B3: Base Option | D3: ='Base Option'!G368 -> 0
B4: Option Year 1 | D4: ='Option Year 1'!G368 -> 0
B5: Option Year 2 | D5: ='Option Year 2'!G368 -> 0
B6: Option year 3 | D6: ='Option Year 3'!G368 -> 0
B7: Option Year 4 | D7: ='Option Year 4'!G369 -> 0
B8: Total | D8: =D3+D4+D5+D6+D7 -> 0
