Workbook
Name DLSB: 'Direct Labor'!$F$4:$F$23
Name ODCSB: ODC!$C$4:$C$23
Name SBCAT1: 'Direct Labor'!$B$4:$B$23
Name SBCAT2: ODC!#REF!
Name SBP: List!$B$10
Name TCV: List!$B$9

Sheet Summary SBPCD
A1: Solicitation __N6449826R0012_______Attachment #1
A2: Note: Offerors shall complete cells highlighted in grey. Offerors are responsbile for validating each proposed subcontractor, identifying the appropriate NAICS code and the appropriate small business size determination. Small Business (SB) includes Small Businesses, Small Disadvantaged Business, Women-Owned Small Business, Veteran-Owned Small Business, HUBZone Small Business.
B3: Percentage | D3: Dollars
A4: TOTAL CONTRACT VALUE (TCV) | D4: 50000000
A5: OFFEROR TOTAL PROPOSED SB % | B5: =B18/D4 -> 0.48 | D5: =D4*B5 -> 24000000
A7: TOTAL SB PARTICIPATION
A8: Direct Labor: | B8: Proposed SB Labor and ODC $
A9: Small Business Category
A10: Small Business | B10: =SUMIF(SBCAT1,"SB",DLSB) -> 5000000
A11: Small Disadvantaged Business | B11: =SUMIF(SBCAT1,"SDB",DLSB) -> 5000000
A12: Women-Owned Small Business | B12: =SUMIF(SBCAT1,"WOSB",DLSB) -> 2000000
A13: SD Veteran-Owned Small Business | B13: =SUMIF(SBCAT1,"SDVOSB",DLSB) -> 2000000
A14: Veteran-Owned Small Business | B14: =SUMIF(SBCAT1,"VOSB",DLSB) -> 0
A15: HUBZone Small Business | B15: =SUMIF(SBCAT1,"Hubzone",DLSB) -> 0
A16: Total Small Business Participation-Labor | B16: ='Direct Labor'!F24 -> 14000000
A17: Total Small Business Participation - ODC | B17: =ODC!C24 -> 10000000
A18: TOTAL SB PARTICIPATION | B18: =B16+B17 -> 24000000

Sheet Direct Labor
A1: DIRECT LABOR
A2: Identify the SB firms that will be subcontracted direct labor hours, repeat rows for each socio-economic category for each small business (i.e. one small business may have multiple rows)
A3: Name of Proposed SB Firm | B3: Small Business Category | C3: Description of Work | D3: NAICS | E3: SOW Paragraph Reference (Section C) | F3: Total Proposed $ SB Subcontract | G3: % of TCV)
A4: SB1 | B4: SDB | F4: 5000000 | G4: =F4/'Summary SBPCD'!$D$4 -> 0.1
A5: SB1 | B5: SB | F5: 5000000 | G5: =F5/'Summary SBPCD'!$D$4 -> 0.1
A6: SB1 | B6: WOSB | F6: 2000000 | G6: =F6/'Summary SBPCD'!$D$4 -> 0.04
A7: SB2 | B7: SDVOSB | F7: 2000000 | G7: =F7/'Summary SBPCD'!$D$4 -> 0.04
G8: =F8/'Summary SBPCD'!$D$4 -> 0
G9: =F9/'Summary SBPCD'!$D$4 -> 0
G10: =F10/'Summary SBPCD'!$D$4 -> 0
G11: =F11/'Summary SBPCD'!$D$4 -> 0
G12: =F12/'Summary SBPCD'!$D$4 -> 0
G13: =F13/'Summary SBPCD'!$D$4 -> 0
G14: =F14/'Summary SBPCD'!$D$4 -> 0
G15: =F15/'Summary SBPCD'!$D$4 -> 0
G16: =F16/'Summary SBPCD'!$D$4 -> 0
G17: =F17/'Summary SBPCD'!$D$4 -> 0
G18: =F18/'Summary SBPCD'!$D$4 -> 0
G19: =F19/'Summary SBPCD'!$D$4 -> 0
... G23: =F23/'Summary SBPCD'!$D$4 -> 0
A24: TOTAL | F24: =SUM(F4:F23) -> 14000000 | G24: =SUM(G4:G23) -> 0.28

Sheet ODC
A1: OTHER DIRECT COSTS (ODC)
A2: Identify the SB firms that will be subcontracted work under ODC CLINs (travel, material, specialized services)
A3: Nane of Subcontractor (if known) | B3: Description of Work | C3: Total Proposed SB Subcontract $ | D3: % of TCV
C4: 10000000 | D4: =C4/'Summary SBPCD'!$D$4 -> 0.2
D5: =C5/'Summary SBPCD'!$D$4 -> 0
D6: =C6/'Summary SBPCD'!$D$4 -> 0
D7: =C7/'Summary SBPCD'!$D$4 -> 0
D8: =C8/'Summary SBPCD'!$D$4 -> 0
D9: =C9/'Summary SBPCD'!$D$4 -> 0
D10: =C10/'Summary SBPCD'!$D$4 -> 0
D11: =C11/'Summary SBPCD'!$D$4 -> 0
D12: =C12/'Summary SBPCD'!$D$4 -> 0
D13: =C13/'Summary SBPCD'!$D$4 -> 0
D14: =C14/'Summary SBPCD'!$D$4 -> 0
D15: =C15/'Summary SBPCD'!$D$4 -> 0
D16: =C16/'Summary SBPCD'!$D$4 -> 0
... D23: =C23/'Summary SBPCD'!$D$4 -> 0
A24: TOTAL | C24: =SUM(C4:C23) -> 10000000 | D24: =SUM(D4:D23) -> 0.2

Sheet List
A1: Small Business | B1: SB
A2: Small Disadvantaged Business | B2: SDB
A3: Women-Owned Small Business | B3: WOSB
A4: SD Veteran-Owned Small Business | B4: SDVOSB
A5: HUBZone Small Business | B5: HUBZone
A6: Veteran-Owned Small Business | B6: VOSB
A9: as % of TCV | B9: =A9='Summary SBPCD'!#REF! -> #REF!
A10: as % of Total SB Participation | B10: =A10='Summary SBPCD'!#REF! -> #REF!
