Workbook

Sheet Pricing Matrix
B1: TYPE OF CURRENCY: Euro
B2: Offeror Name: | D2: Orderin Year I | G2: 1 May 2026 - 30 Apr 2027 | I2: Orderin Year II | L2: 1 May 2027 - 30 Apr 2028 | N2: Orderin Year III | Q2: 1 May 2028 - 30 Apr 2029 | S2: Orderin Year IV | V2: 1 May 2029 - 30 Apr 2030 | X2: Orderin Year V | AA2: 1 May 2030 - 30 Apr 2031 | AC2: Option to Extend services FAR 52.217-8 | AF2: 1 May 2031 - 31 Oct 2031
C3: CLIN Description | D3: QTY | E3: Unit Description | F3: Unit Price | G3: Extended Price | J3: QTY | K3: Unit Price | L3: Extended Price | O3: QTY | P3: Unit Price | Q3: Extended Price | T3: QTY | U3: Unit Price | V3: Extended Price | Y3: QTY | Z3: Unit Price | AA3: Extended Price | AD3: QTY | AE3: Unit Price | AF3: Extended Price
A4: 1 | B4: SCHEDULE I OUTBOUND SERVICES
A5: 2 | B5: A001 | C5: Complete Service - OUTBOUND (HHG) | I5: A101 | N5: A201 | S5: A301 | X5: A401 | AC5: A501
A6: 3 | B6: A001AA | C6: AREA 1 - At Owner's Residence: Container, Commercial Spec ASTM | D6: 1550 | E6: NCWT | G6: =IF(D6="",0,D6*F6) -> 0 | I6: A101AA | J6: 1550 | L6: =IF(J6="",0,J6*K6) -> 0 | N6: A201AA | O6: 1550 | Q6: =IF(O6="",0,O6*P6) -> 0 | S6: A301AA | T6: 1550 | V6: =IF(T6="",0,T6*U6) -> 0 | X6: A401AA | Y6: 1550 | AA6: =IF(Y6="",0,Y6*Z6) -> 0 | AC6: A501AA | AD6: =Y6/2 -> 775 | AE6: =Z6 -> 0 | AF6: =IF(AD6="",0,AD6*AE6) -> 0
A7: 4 | B7: A001AB | C7: AREA II At Owner's Residence: Container, Commercial Spec ASTM | D7: 350 | E7: NCWT | G7: =IF(D7="",0,D7*F7) -> 0 | I7: A101AB | J7: 350 | L7: =IF(J7="",0,J7*K7) -> 0 | N7: A201AB | O7: 350 | Q7: =IF(O7="",0,O7*P7) -> 0 | S7: A301AB | T7: 350 | V7: =IF(T7="",0,T7*U7) -> 0 | X7: A401AB | Y7: 350 | AA7: =IF(Y7="",0,Y7*Z7) -> 0 | AC7: A501AB | AD7: =Y7/2 -> 175 | AE7: =Z7 -> 0 | AF7: =IF(AD7="",0,AD7*AE7) -> 0
A8: 5 | B8: A001AC | C8: AREA III At Owner's Residence: Container, Commercial Spec ASTM | D8: 130 | E8: NCWT | G8: =IF(D8="",0,D8*F8) -> 0 | I8: A101AC | J8: 130 | L8: =IF(J8="",0,J8*K8) -> 0 | N8: A201AC | O8: 130 | Q8: =IF(O8="",0,O8*P8) -> 0 | S8: A301AC | T8: 130 | V8: =IF(T8="",0,T8*U8) -> 0 | X8: A401AC | Y8: 130 | AA8: =IF(Y8="",0,Y8*Z8) -> 0 | AC8: A501AC | AD8: =Y8/2 -> 65 | AE8: =Z8 -> 0 | AF8: =IF(AD8="",0,AD8*AE8) -> 0
A9: 6 | B9: A001AD | C9: AREA IV At Owner's Residence: Container, Commercial Spec ASTM | D9: 50 | E9: NCWT | G9: =IF(D9="",0,D9*F9) -> 0 | I9: A101AD | J9: 50 | L9: =IF(J9="",0,J9*K9) -> 0 | N9: A201AD | O9: 50 | Q9: =IF(O9="",0,O9*P9) -> 0 | S9: A301AD | T9: 50 | V9: =IF(T9="",0,T9*U9) -> 0 | X9: A401AD | Y9: 50 | AA9: =IF(Y9="",0,Y9*Z9) -> 0 | AC9: A501AD | AD9: =Y9/2 -> 25 | AE9: =Z9 -> 0 | AF9: =IF(AD9="",0,AD9*AE9) -> 0
A10: 7 | B10: A002 | C10: Complete Service - OUTBOUND Unaccompanied Bagggage | I10: A102 | N10: A202 | S10: A302 | X10: A402 | AC10: A502
A11: 8 | B11: A002AA | C11: AREA I Contractor - Furnished Containers Overseas Pack Overflow | D11: 50 | E11: NCWT | G11: =IF(D11="",0,D11*F11) -> 0 | I11: A102AA | J11: 50 | L11: =IF(J11="",0,J11*K11) -> 0 | N11: A202AA | O11: 50 | Q11: =IF(O11="",0,O11*P11) -> 0 | S11: A302AA | T11: 50 | V11: =IF(T11="",0,T11*U11) -> 0 | X11: A402AA | Y11: 50 | AA11: =IF(Y11="",0,Y11*Z11) -> 0 | AC11: A502AA | AD11: =Y11/2 -> 25 | AE11: =Z11 -> 0 | AF11: =IF(AD11="",0,AD11*AE11) -> 0
A12: 9 | B12: A002AB | C12: AREA II Contractor - Furnished Containers Overseas Pack Overflow | D12: 20 | E12: NCWT | G12: =IF(D12="",0,D12*F12) -> 0 | I12: A102AB | J12: 20 | L12: =IF(J12="",0,J12*K12) -> 0 | N12: A202AB | O12: 20 | Q12: =IF(O12="",0,O12*P12) -> 0 | S12: A302AB | T12: 20 | V12: =IF(T12="",0,T12*U12) -> 0 | X12: A402AB | Y12: 20 | AA12: =IF(Y12="",0,Y12*Z12) -> 0 | AC12: A502AB | AD12: =Y12/2 -> 10 | AE12: =Z12 -> 0 | AF12: =IF(AD12="",0,AD12*AE12) -> 0
A13: 10 | B13: A002AC | C13: AREA III Contractor - Furnished Containers Overseas Pack Overflow: | D13: 40 | E13: NCWT | G13: =IF(D13="",0,D13*F13) -> 0 | I13: A102AC | J13: 40 | L13: =IF(J13="",0,J13*K13) -> 0 | N13: A202AC | O13: 40 | Q13: =IF(O13="",0,O13*P13) -> 0 | S13: A302AC | T13: 40 | V13: =IF(T13="",0,T13*U13) -> 0 | X13: A402AC | Y13: 40 | AA13: =IF(Y13="",0,Y13*Z13) -> 0 | AC13: A502AC | AD13: =Y13/2 -> 20 | AE13: =Z13 -> 0 | AF13: =IF(AD13="",0,AD13*AE13) -> 0
A14: 11 | B14: A002AD | C14: AREA IV Contractor - Furnished Containers Overseas Pack Overflow: | D14: 10 | E14: NCWT | G14: =IF(D14="",0,D14*F14) -> 0 | I14: A102AD | J14: 10 | L14: =IF(J14="",0,J14*K14) -> 0 | N14: A202AD | O14: 10 | Q14: =IF(O14="",0,O14*P14) -> 0 | S14: A302AD | T14: 10 | V14: =IF(T14="",0,T14*U14) -> 0 | X14: A402AD | Y14: 10 | AA14: =IF(Y14="",0,Y14*Z14) -> 0 | AC14: A502AD | AD14: =Y14/2 -> 5 | AE14: =Z14 -> 0 | AF14: =IF(AD14="",0,AD14*AE14) -> 0
A15: 12 | B15: A003 | C15: Complete Service - OUTBOUND Unaccompanied Bagggage | I15: A103 | N15: A203 | S15: A303 | X15: A403 | AC15: A503
A16: 13 | B16: AA003AA | C16: AREA I Government - Furnished Containers: Drayage Inc. | D16: 15 | E16: NCWT | G16: =IF(D16="",0,D16*F16) -> 0 | I16: AA103AA | J16: 15 | L16: =IF(J16="",0,J16*K16) -> 0 | N16: AA203AA | O16: 15 | Q16: =IF(O16="",0,O16*P16) -> 0 | S16: AA303AA | T16: 15 | V16: =IF(T16="",0,T16*U16) -> 0 | X16: AA403AA | Y16: 15 | AA16: =IF(Y16="",0,Y16*Z16) -> 0 | AC16: AA503AA | AD16: =Y16/2 -> 7.5 | AE16: =Z16 -> 0 | AF16: =IF(AD16="",0,AD16*AE16) -> 0
A17: 14 | B17: AA003AB | C17: AREA I Contractor - Furnished Containers: Drayage Inc. | D17: 600 | E17: NCWT | G17: =IF(D17="",0,D17*F17) -> 0 | I17: AA103AB | J17: 600 | L17: =IF(J17="",0,J17*K17) -> 0 | N17: AA203AB | O17: 600 | Q17: =IF(O17="",0,O17*P17) -> 0 | S17: AA303AB | T17: 600 | V17: =IF(T17="",0,T17*U17) -> 0 | X17: AA403AB | Y17: 600 | AA17: =IF(Y17="",0,Y17*Z17) -> 0 | AC17: AA503AB | AD17: =Y17/2 -> 300 | AE17: =Z17 -> 0 | AF17: =IF(AD17="",0,AD17*AE17) -> 0
A18: 15 | B18: AA003AC | C18: AREA II Government - Furnished Containers: Drayage Inc. | D18: 10 | E18: NCWT | G18: =IF(D18="",0,D18*F18) -> 0 | I18: AA103AC | J18: 10 | L18: =IF(J18="",0,J18*K18) -> 0 | N18: AA203AC | O18: 10 | Q18: =IF(O18="",0,O18*P18) -> 0 | S18: AA303AC | T18: 10 | V18: =IF(T18="",0,T18*U18) -> 0 | X18: AA403AC | Y18: 10 | AA18: =IF(Y18="",0,Y18*Z18) -> 0 | AC18: AA503AC | AD18: =Y18/2 -> 5 | AE18: =Z18 -> 0 | AF18: =IF(AD18="",0,AD18*AE18) -> 0
A19: 16 | B19: AA003AD | C19: AREA II Contractor - Furnished Containers: Drayage Inc. | D19: 10 | E19: NCWT | G19: =IF(D19="",0,D19*F19) -> 0 | I19: AA103AD | J19: 10 | L19: =IF(J19="",0,J19*K19) -> 0 | N19: AA203AD | O19: 10 | Q19: =IF(O19="",0,O19*P19) -> 0 | S19: AA303AD | T19: 10 | V19: =IF(T19="",0,T19*U19) -> 0 | X19: AA403AD | Y19: 10 | AA19: =IF(Y19="",0,Y19*Z19) -> 0 | AC19: AA503AD | AD19: =Y19/2 -> 5 | AE19: =Z19 -> 0 | AF19: =IF(AD19="",0,AD19*AE19) -> 0
A20: 17 | B20: AA003AE | C20: AREA III Government - Furnished Containers: Drayage Inc. | D20: 10 | E20: NCWT | G20: =IF(D20="",0,D20*F20) -> 0 | I20: AA103AE | J20: 10 | L20: =IF(J20="",0,J20*K20) -> 0 | N20: AA203AE | O20: 10 | Q20: =IF(O20="",0,O20*P20) -> 0 | S20: AA303AE | T20: 10 | V20: =IF(T20="",0,T20*U20) -> 0 | X20: AA403AE | Y20: 10 | AA20: =IF(Y20="",0,Y20*Z20) -> 0 | AC20: AA503AE | AD20: =Y20/2 -> 5 | AE20: =Z20 -> 0 | AF20: =IF(AD20="",0,AD20*AE20) -> 0
A21: 18 | B21: AA003AF | C21: AREA III Contractor - Furnished Containers: Drayage Inc. | D21: 300 | E21: NCWT | G21: =IF(D21="",0,D21*F21) -> 0 | I21: AA103AF | J21: 300 | L21: =IF(J21="",0,J21*K21) -> 0 | N21: AA203AF | O21: 300 | Q21: =IF(O21="",0,O21*P21) -> 0 | S21: AA303AF | T21: 300 | V21: =IF(T21="",0,T21*U21) -> 0 | X21: AA403AF | Y21: 300 | AA21: =IF(Y21="",0,Y21*Z21) -> 0 | AC21: AA503AF | AD21: =Y21/2 -> 150 | AE21: =Z21 -> 0 | AF21: =IF(AD21="",0,AD21*AE21) -> 0
A22: 19 | B22: AA003AG | C22: AREA IV Government - Furnished Containers: Drayage Inc. | D22: 10 | E22: NCWT | G22: =IF(D22="",0,D22*F22) -> 0 | I22: AA103AG | J22: 10 | L22: =IF(J22="",0,J22*K22) -> 0 | N22: AA203AG | O22: 10 | Q22: =IF(O22="",0,O22*P22) -> 0 | S22: AA303AG | T22: 10 | V22: =IF(T22="",0,T22*U22) -> 0 | X22: AA403AG | Y22: 10 | AA22: =IF(Y22="",0,Y22*Z22) -> 0 | AC22: AA503AG | AD22: =Y22/2 -> 5 | AE22: =Z22 -> 0 | AF22: =IF(AD22="",0,AD22*AE22) -> 0
A23: 20 | B23: AA003AH | C23: AREA IV Contractor - Furnished Containers: Drayage Inc. | D23: 10 | E23: NCWT | G23: =IF(D23="",0,D23*F23) -> 0 | I23: AA103AH | J23: 10 | L23: =IF(J23="",0,J23*K23) -> 0 | N23: AA203AH | O23: 10 | Q23: =IF(O23="",0,O23*P23) -> 0 | S23: AA303AH | T23: 10 | V23: =IF(T23="",0,T23*U23) -> 0 | X23: AA403AH | Y23: 10 | AA23: =IF(Y23="",0,Y23*Z23) -> 0 | AC23: AA503AH | AD23: =Y23/2 -> 5 | AE23: =Z23 -> 0 | AF23: =IF(AD23="",0,AD23*AE23) -> 0
A24: 21 | B24: A004 | C24: OUTBOUND SERVICES - Unaccompanied Bagggage packed by member/employee | I24: A104 | N24: A204 | S24: A304 | X24: A404 | AC24: A504
A25: 22 | B25: A004AA | C25: AREA I Government - Furnished Containers: Drayage Inc. | D25: 5 | E25: GCWT | G25: =IF(D25="",0,D25*F25) -> 0 | I25: A104AA | J25: 5 | L25: =IF(J25="",0,J25*K25) -> 0 | N25: A204AA | O25: 5 | Q25: =IF(O25="",0,O25*P25) -> 0 | S25: A304AA | T25: 5 | V25: =IF(T25="",0,T25*U25) -> 0 | X25: A404AA | Y25: 5 | AA25: =IF(Y25="",0,Y25*Z25) -> 0 | AC25: A504AA | AD25: =Y25/2 -> 2.5 | AE25: =Z25 -> 0 | AF25: =IF(AD25="",0,AD25*AE25) -> 0
A26: 23 | B26: A004AB | C26: AREA I Contractor - Furnished Containers: Drayage Inc. | D26: 10 | E26: GCWT | G26: =IF(D26="",0,D26*F26) -> 0 | I26: A104AB | J26: 10 | L26: =IF(J26="",0,J26*K26) -> 0 | N26: A204AB | O26: 10 | Q26: =IF(O26="",0,O26*P26) -> 0 | S26: A304AB | T26: 10 | V26: =IF(T26="",0,T26*U26) -> 0 | X26: A404AB | Y26: 10 | AA26: =IF(Y26="",0,Y26*Z26) -> 0 | AC26: A504AB | AD26: =Y26/2 -> 5 | AE26: =Z26 -> 0 | AF26: =IF(AD26="",0,AD26*AE26) -> 0
A27: 24 | B27: A004AC | C27: AREA II Government - Furnished Containers: Drayage Inc. | D27: 5 | E27: GCWT | G27: =IF(D27="",0,D27*F27) -> 0 | I27: A104AC | J27: 5 | L27: =IF(J27="",0,J27*K27) -> 0 | N27: A204AC | O27: 5 | Q27: =IF(O27="",0,O27*P27) -> 0 | S27: A304AC | T27: 5 | V27: =IF(T27="",0,T27*U27) -> 0 | X27: A404AC | Y27: 5 | AA27: =IF(Y27="",0,Y27*Z27) -> 0 | AC27: A504AC | AD27: =Y27/2 -> 2.5 | AE27: =Z27 -> 0 | AF27: =IF(AD27="",0,AD27*AE27) -> 0
A28: 25 | B28: A004AD | C28: AREA II Contractor - Furnished Containers: Drayage Inc. | D28: 5 | E28: GCWT | G28: =IF(D28="",0,D28*F28) -> 0 | I28: A104AD | J28: 5 | L28: =IF(J28="",0,J28*K28) -> 0 | N28: A204AD | O28: 5 | Q28: =IF(O28="",0,O28*P28) -> 0 | S28: A304AD | T28: 5 | V28: =IF(T28="",0,T28*U28) -> 0 | X28: A404AD | Y28: 5 | AA28: =IF(Y28="",0,Y28*Z28) -> 0 | AC28: A504AD | AD28: =Y28/2 -> 2.5 | AE28: =Z28 -> 0 | AF28: =IF(AD28="",0,AD28*AE28) -> 0
A29: 26 | B29: A004AE | C29: AREA III Government - Furnished Containers: Drayage Inc. | D29: 5 | E29: GCWT | G29: =IF(D29="",0,D29*F29) -> 0 | I29: A104AE | J29: 5 | L29: =IF(J29="",0,J29*K29) -> 0 | N29: A204AE | O29: 5 | Q29: =IF(O29="",0,O29*P29) -> 0 | S29: A304AE | T29: 5 | V29: =IF(T29="",0,T29*U29) -> 0 | X29: A404AE | Y29: 5 | AA29: =IF(Y29="",0,Y29*Z29) -> 0 | AC29: A504AE | AD29: =Y29/2 -> 2.5 | AE29: =Z29 -> 0 | AF29: =IF(AD29="",0,AD29*AE29) -> 0
A30: 27 | B30: A004AF | C30: AREA III Contractor - Furnished Containers: Drayage Inc. | D30: 5 | E30: GCWT | G30: =IF(D30="",0,D30*F30) -> 0 | I30: A104AF | J30: 5 | L30: =IF(J30="",0,J30*K30) -> 0 | N30: A204AF | O30: 5 | Q30: =IF(O30="",0,O30*P30) -> 0 | S30: A304AF | T30: 5 | V30: =IF(T30="",0,T30*U30) -> 0 | X30: A404AF | Y30: 5 | AA30: =IF(Y30="",0,Y30*Z30) -> 0 | AC30: A504AF | AD30: =Y30/2 -> 2.5 | AE30: =Z30 -> 0 | AF30: =IF(AD30="",0,AD30*AE30) -> 0
A31: 28 | B31: A004AG | C31: AREA IV Government - Furnished Containers: Drayage Inc. | D31: 5 | E31: GCWT | G31: =IF(D31="",0,D31*F31) -> 0 | I31: A104AG | J31: 5 | L31: =IF(J31="",0,J31*K31) -> 0 | N31: A204AG | O31: 5 | Q31: =IF(O31="",0,O31*P31) -> 0 | S31: A304AG | T31: 5 | V31: =IF(T31="",0,T31*U31) -> 0 | X31: A404AG | Y31: 5 | AA31: =IF(Y31="",0,Y31*Z31) -> 0 | AC31: A504AG | AD31: =Y31/2 -> 2.5 | AE31: =Z31 -> 0 | AF31: =IF(AD31="",0,AD31*AE31) -> 0
A32: 29 | B32: A004AH | C32: AREA IV Contractor - Furnished Containers: Drayage Inc. | D32: 5 | E32: GCWT | G32: =IF(D32="",0,D32*F32) -> 0 | I32: A104AH | J32: 5 | L32: =IF(J32="",0,J32*K32) -> 0 | N32: A204AH | O32: 5 | Q32: =IF(O32="",0,O32*P32) -> 0 | S32: A304AH | T32: 5 | V32: =IF(T32="",0,T32*U32) -> 0 | X32: A404AH | Y32: 5 | AA32: =IF(Y32="",0,Y32*Z32) -> 0 | AC32: A504AH | AD32: =Y32/2 -> 2.5 | AE32: =Z32 -> 0 | AF32: =IF(AD32="",0,AD32*AE32) -> 0
A33: 30 | B33: A005 | C33: OUTBOUND SERVICES - Unaccompanied Bagggage | I33: A105 | N33: A205 | S33: A305 | X33: A405 | AC33: A505
A34: 31 | B34: A005AA | C34: AREA I Containerization Not Required: Drayage included | D34: 50 | E34: GCWT | G34: =IF(D34="",0,D34*F34) -> 0 | I34: A105AA | J34: 50 | L34: =IF(J34="",0,J34*K34) -> 0 | N34: A205AA | O34: 50 | Q34: =IF(O34="",0,O34*P34) -> 0 | S34: A305AA | T34: 50 | V34: =IF(T34="",0,T34*U34) -> 0 | X34: A405AA | Y34: 50 | AA34: =IF(Y34="",0,Y34*Z34) -> 0 | AC34: A505AA | AD34: =Y34/2 -> 25 | AE34: =Z34 -> 0 | AF34: =IF(AD34="",0,AD34*AE34) -> 0
A35: 32 | B35: A005AB | C35: AREA 1 Containerization Required: Drayage included | D35: 150 | E35: NCWT | G35: =IF(D35="",0,D35*F35) -> 0 | I35: A105AB | J35: 150 | L35: =IF(J35="",0,J35*K35) -> 0 | N35: A205AB | O35: 150 | Q35: =IF(O35="",0,O35*P35) -> 0 | S35: A305AB | T35: 150 | V35: =IF(T35="",0,T35*U35) -> 0 | X35: A405AB | Y35: 150 | AA35: =IF(Y35="",0,Y35*Z35) -> 0 | AC35: A505AB | AD35: =Y35/2 -> 75 | AE35: =Z35 -> 0 | AF35: =IF(AD35="",0,AD35*AE35) -> 0
A36: 33 | B36: A006 | C36: Expensive and Valuable Items ALL AREAS | I36: A106 | N36: A206 | S36: A306 | X36: A406 | AC36: A506
A37: 34 | B37: A006AA | C37: DRAYAGE INCLUDED | D37: 50 | E37: NCWT | G37: =IF(D37="",0,D37*F37) -> 0 | I37: A106AA | J37: 50 | L37: =IF(J37="",0,J37*K37) -> 0 | N37: A206AA | O37: 50 | Q37: =IF(O37="",0,O37*P37) -> 0 | S37: A306AA | T37: 50 | V37: =IF(T37="",0,T37*U37) -> 0 | X37: A406AA | Y37: 50 | AA37: =IF(Y37="",0,Y37*Z37) -> 0 | AC37: A506AA | AD37: =Y37/2 -> 25 | AE37: =Z37 -> 0 | AF37: =IF(AD37="",0,AD37*AE37) -> 0
A38: 35 | B38: A006AB | C38: DRAYAGE NOT INCLUDED | D38: 150 | E38: NCWT | G38: =IF(D38="",0,D38*F38) -> 0 | I38: A106AB | J38: 150 | L38: =IF(J38="",0,J38*K38) -> 0 | N38: A206AB | O38: 150 | Q38: =IF(O38="",0,O38*P38) -> 0 | S38: A306AB | T38: 150 | V38: =IF(T38="",0,T38*U38) -> 0 | X38: A406AB | Y38: 150 | AA38: =IF(Y38="",0,Y38*Z38) -> 0 | AC38: A506AB | AD38: =Y38/2 -> 75 | AE38: =Z38 -> 0 | AF38: =IF(AD38="",0,AD38*AE38) -> 0
A39: 36 | B39: A007 | C39: STORAGE ALL AREAS | D39: 600 | E39: NCWT | G39: =IF(D39="",0,D39*F39) -> 0 | I39: A107 | J39: 600 | L39: =IF(J39="",0,J39*K39) -> 0 | N39: A207 | O39: 600 | Q39: =IF(O39="",0,O39*P39) -> 0 | S39: A307 | T39: 600 | V39: =IF(T39="",0,T39*U39) -> 0 | X39: A407 | Y39: 600 | AA39: =IF(Y39="",0,Y39*Z39) -> 0 | AC39: A507 | AD39: =Y39/2 -> 300 | AE39: =Z39 -> 0 | AF39: =IF(AD39="",0,AD39*AE39) -> 0
A40: 37 | B40: A008 | C40: CONTAINERS ALL AREAS | I40: A108 | N40: A208 | S40: A308 | X40: A408 | AC40: A508
A41: 38 | B41: A008AA | C41: CONTAINER (ASTM-D4 169-01) | D41: 250 | E41: EACH | G41: =IF(D41="",0,D41*F41) -> 0 | I41: A108AA | J41: 250 | L41: =IF(J41="",0,J41*K41) -> 0 | N41: A208AA | O41: 250 | Q41: =IF(O41="",0,O41*P41) -> 0 | S41: A308AA | T41: 250 | V41: =IF(T41="",0,T41*U41) -> 0 | X41: A408AA | Y41: 250 | AA41: =IF(Y41="",0,Y41*Z41) -> 0 | AC41: A508AA | AD41: =Y41/2 -> 125 | AE41: =Z41 -> 0 | AF41: =IF(AD41="",0,AD41*AE41) -> 0
A42: 39 | B42: A008AB | C42: CONTAINER 9MTMC PAMPLET 55-12 | D42: 100 | E42: EACH | G42: =IF(D42="",0,D42*F42) -> 0 | I42: A108AB | J42: 100 | L42: =IF(J42="",0,J42*K42) -> 0 | N42: A208AB | O42: 100 | Q42: =IF(O42="",0,O42*P42) -> 0 | S42: A308AB | T42: 100 | V42: =IF(T42="",0,T42*U42) -> 0 | X42: A408AB | Y42: 100 | AA42: =IF(Y42="",0,Y42*Z42) -> 0 | AC42: A508AB | AD42: =Y42/2 -> 50 | AE42: =Z42 -> 0 | AF42: =IF(AD42="",0,AD42*AE42) -> 0
A43: 40 | B43: A008AC | C43: CRATE (ASTM-D6039M6039M02 Cubic ft or franction thereof | D43: 300 | E43: Cubic ft or | G43: =IF(D43="",0,D43*F43) -> 0 | I43: A108AC | J43: 300 | L43: =IF(J43="",0,J43*K43) -> 0 | N43: A208AC | O43: 300 | Q43: =IF(O43="",0,O43*P43) -> 0 | S43: A308AC | T43: 300 | V43: =IF(T43="",0,T43*U43) -> 0 | X43: A408AC | Y43: 300 | AA43: =IF(Y43="",0,Y43*Z43) -> 0 | AC43: A508AC | AD43: =Y43/2 -> 150 | AE43: =Z43 -> 0 | AF43: =IF(AD43="",0,AD43*AE43) -> 0
A44: 41 | B44: A009 | C44: Remarking Recoopering & Assembly/Disassembly ALL AREAS | I44: A109 | N44: A209 | S44: A309 | X44: A409 | AC44: A509
A45: 42 | B45: A009AA | C45: Remarking of Shipment | D45: 40 | E45: EACH | G45: =IF(D45="",0,D45*F45) -> 0 | I45: A109AA | J45: 40 | L45: =IF(J45="",0,J45*K45) -> 0 | N45: A209AA | O45: 40 | Q45: =IF(O45="",0,O45*P45) -> 0 | S45: A309AA | T45: 40 | V45: =IF(T45="",0,T45*U45) -> 0 | X45: A409AA | Y45: 40 | AA45: =IF(Y45="",0,Y45*Z45) -> 0 | AC45: A509AA | AD45: =Y45/2 -> 20 | AE45: =Z45 -> 0 | AF45: =IF(AD45="",0,AD45*AE45) -> 0
A46: 43 | B46: A009AB | C46: Coopering | D46: 40 | E46: EACH | G46: =IF(D46="",0,D46*F46) -> 0 | I46: A109AB | J46: 40 | L46: =IF(J46="",0,J46*K46) -> 0 | N46: A209AB | O46: 40 | Q46: =IF(O46="",0,O46*P46) -> 0 | S46: A309AB | T46: 40 | V46: =IF(T46="",0,T46*U46) -> 0 | X46: A409AB | Y46: 40 | AA46: =IF(Y46="",0,Y46*Z46) -> 0 | AC46: A509AB | AD46: =Y46/2 -> 20 | AE46: =Z46 -> 0 | AF46: =IF(AD46="",0,AD46*AE46) -> 0
A47: 44 | B47: A009AC | C47: Assembly/Disassembly | D47: 100 | E47: EACH | G47: =IF(D47="",0,D47*F47) -> 0 | I47: A109AC | J47: 100 | L47: =IF(J47="",0,J47*K47) -> 0 | N47: A209AC | O47: 100 | Q47: =IF(O47="",0,O47*P47) -> 0 | S47: A309AC | T47: 100 | V47: =IF(T47="",0,T47*U47) -> 0 | X47: A409AC | Y47: 100 | AA47: =IF(Y47="",0,Y47*Z47) -> 0 | AC47: A509AC | AD47: =Y47/2 -> 50 | AE47: =Z47 -> 0 | AF47: =IF(AD47="",0,AD47*AE47) -> 0
A48: 45 | B48: A010 | C48: Drayage Beyond the Area of Performance ALL AREAS | I48: A110 | N48: A210 | S48: A310 | X48: A410 | AC48: A510
A49: 46 | B49: A010AA | C49: Householdgoods Loaded Mile | D49: 10 | E49: Loaded mile | G49: =IF(D49="",0,D49*F49) -> 0 | I49: A110AA | J49: 10 | L49: =IF(J49="",0,J49*K49) -> 0 | N49: A210AA | O49: 10 | Q49: =IF(O49="",0,O49*P49) -> 0 | S49: A310AA | T49: 10 | V49: =IF(T49="",0,T49*U49) -> 0 | X49: A410AA | Y49: 10 | AA49: =IF(Y49="",0,Y49*Z49) -> 0 | AC49: A510AA | AD49: =Y49/2 -> 5 | AE49: =Z49 -> 0 | AF49: =IF(AD49="",0,AD49*AE49) -> 0
A50: 47 | B50: A0110AB | C50: Unaccompanied Baggage or U/B Baggage into Sea Vans or Rail Containers | D50: 10 | E50: Loaded mile | G50: =IF(D50="",0,D50*F50) -> 0 | I50: A1110AB | J50: 10 | L50: =IF(J50="",0,J50*K50) -> 0 | N50: A2110AB | O50: 10 | Q50: =IF(O50="",0,O50*P50) -> 0 | S50: A3110AB | T50: 10 | V50: =IF(T50="",0,T50*U50) -> 0 | X50: A4110AB | Y50: 10 | AA50: =IF(Y50="",0,Y50*Z50) -> 0 | AC50: A5110AB | AD50: =Y50/2 -> 5 | AE50: =Z50 -> 0 | AF50: =IF(AD50="",0,AD50*AE50) -> 0
A51: 48 | B51: A011 | C51: Attempt Pick Up | I51: A111 | N51: A211 | S51: A311 | X51: A411 | AC51: A511
A52: 49 | B52: A011AA | C52: ALL AREAS HOUSEHOLD GOODS | D52: 10 | E52: NCWT | G52: =IF(D52="",0,D52*F52) -> 0 | I52: A111AA | J52: 10 | L52: =IF(J52="",0,J52*K52) -> 0 | N52: A211AA | O52: 10 | Q52: =IF(O52="",0,O52*P52) -> 0 | S52: A311AA | T52: 10 | V52: =IF(T52="",0,T52*U52) -> 0 | X52: A411AA | Y52: 10 | AA52: =IF(Y52="",0,Y52*Z52) -> 0 | AC52: A511AA | AD52: =Y52/2 -> 5 | AE52: =Z52 -> 0 | AF52: =IF(AD52="",0,AD52*AE52) -> 0
A53: 50 | B53: A011AB | C53: ALL AREAS UNACCOMPANIED BAGGAGE | D53: 10 | E53: NCWT | G53: =IF(D53="",0,D53*F53) -> 0 | I53: A111AB | J53: 10 | L53: =IF(J53="",0,J53*K53) -> 0 | N53: A211AB | O53: 10 | Q53: =IF(O53="",0,O53*P53) -> 0 | S53: A311AB | T53: 10 | V53: =IF(T53="",0,T53*U53) -> 0 | X53: A411AB | Y53: 10 | AA53: =IF(Y53="",0,Y53*Z53) -> 0 | AC53: A511AB | AD53: =Y53/2 -> 5 | AE53: =Z53 -> 0 | AF53: =IF(AD53="",0,AD53*AE53) -> 0
A54: 51 | B54: SCHEDULE II INBOUND SERVICES
A55: 52 | B55: A012 | C55: Complete Services - INBOUND (HHG) | I55: A112 | N55: A212 | S55: A312 | X55: A412 | AC55: A512
A56: 53 | B56: A012AA | C56: AREA I | D56: 300 | E56: NCWT | G56: =IF(D56="",0,D56*F56) -> 0 | I56: A112AA | J56: 300 | L56: =IF(J56="",0,J56*K56) -> 0 | N56: A212AA | O56: 300 | Q56: =IF(O56="",0,O56*P56) -> 0 | S56: A312AA | T56: 300 | V56: =IF(T56="",0,T56*U56) -> 0 | X56: A412AA | Y56: 300 | AA56: =IF(Y56="",0,Y56*Z56) -> 0 | AC56: A512AA | AD56: =Y56/2 -> 150 | AE56: =Z56 -> 0 | AF56: =IF(AD56="",0,AD56*AE56) -> 0
A57: 54 | B57: A012AB | C57: AREA II | D57: 150 | E57: NCWT | G57: =IF(D57="",0,D57*F57) -> 0 | I57: A112AB | J57: 150 | L57: =IF(J57="",0,J57*K57) -> 0 | N57: A212AB | O57: 150 | Q57: =IF(O57="",0,O57*P57) -> 0 | S57: A312AB | T57: 150 | V57: =IF(T57="",0,T57*U57) -> 0 | X57: A412AB | Y57: 150 | AA57: =IF(Y57="",0,Y57*Z57) -> 0 | AC57: A512AB | AD57: =Y57/2 -> 75 | AE57: =Z57 -> 0 | AF57: =IF(AD57="",0,AD57*AE57) -> 0
A58: 55 | B58: A012AC | C58: AREA III | D58: 50 | E58: NCWT | G58: =IF(D58="",0,D58*F58) -> 0 | I58: A112AC | J58: 50 | L58: =IF(J58="",0,J58*K58) -> 0 | N58: A212AC | O58: 50 | Q58: =IF(O58="",0,O58*P58) -> 0 | S58: A312AC | T58: 50 | V58: =IF(T58="",0,T58*U58) -> 0 | X58: A412AC | Y58: 50 | AA58: =IF(Y58="",0,Y58*Z58) -> 0 | AC58: A512AC | AD58: =Y58/2 -> 25 | AE58: =Z58 -> 0 | AF58: =IF(AD58="",0,AD58*AE58) -> 0
A59: 56 | B59: A012AD | C59: AREA IV | D59: 25 | E59: NCWT | G59: =IF(D59="",0,D59*F59) -> 0 | I59: A112AD | J59: 25 | L59: =IF(J59="",0,J59*K59) -> 0 | N59: A212AD | O59: 25 | Q59: =IF(O59="",0,O59*P59) -> 0 | S59: A312AD | T59: 25 | V59: =IF(T59="",0,T59*U59) -> 0 | X59: A412AD | Y59: 25 | AA59: =IF(Y59="",0,Y59*Z59) -> 0 | AC59: A512AD | AD59: =Y59/2 -> 12.5 | AE59: =Z59 -> 0 | AF59: =IF(AD59="",0,AD59*AE59) -> 0
A60: 57 | B60: A013 | C60: Complete Services - INBOUND (Un accompanied Baggage) | I60: A113 | N60: A213 | S60: A313 | X60: A413 | AC60: A513
A61: 58 | B61: A013AA | C61: AREA I | D61: 800 | E61: NCWT | G61: =IF(D61="",0,D61*F61) -> 0 | I61: A113AA | J61: 800 | L61: =IF(J61="",0,J61*K61) -> 0 | N61: A213AA | O61: 800 | Q61: =IF(O61="",0,O61*P61) -> 0 | S61: A313AA | T61: 800 | V61: =IF(T61="",0,T61*U61) -> 0 | X61: A413AA | Y61: 800 | AA61: =IF(Y61="",0,Y61*Z61) -> 0 | AC61: A513AA | AD61: =Y61/2 -> 400 | AE61: =Z61 -> 0 | AF61: =IF(AD61="",0,AD61*AE61) -> 0
A62: 59 | B62: A013AB | C62: AREA II | D62: 200 | E62: NCWT | G62: =IF(D62="",0,D62*F62) -> 0 | I62: A113AB | J62: 200 | L62: =IF(J62="",0,J62*K62) -> 0 | N62: A213AB | O62: 200 | Q62: =IF(O62="",0,O62*P62) -> 0 | S62: A313AB | T62: 200 | V62: =IF(T62="",0,T62*U62) -> 0 | X62: A413AB | Y62: 200 | AA62: =IF(Y62="",0,Y62*Z62) -> 0 | AC62: A513AB | AD62: =Y62/2 -> 100 | AE62: =Z62 -> 0 | AF62: =IF(AD62="",0,AD62*AE62) -> 0
A63: 60 | B63: A013AC | C63: AREA III | D63: 100 | E63: NCWT | G63: =IF(D63="",0,D63*F63) -> 0 | I63: A113AC | J63: 100 | L63: =IF(J63="",0,J63*K63) -> 0 | N63: A213AC | O63: 100 | Q63: =IF(O63="",0,O63*P63) -> 0 | S63: A313AC | T63: 100 | V63: =IF(T63="",0,T63*U63) -> 0 | X63: A413AC | Y63: 100 | AA63: =IF(Y63="",0,Y63*Z63) -> 0 | AC63: A513AC | AD63: =Y63/2 -> 50 | AE63: =Z63 -> 0 | AF63: =IF(AD63="",0,AD63*AE63) -> 0
A64: 61 | B64: A013AD | C64: AREA IV | D64: 25 | E64: NCWT | G64: =IF(D64="",0,D64*F64) -> 0 | I64: A113AD | J64: 25 | L64: =IF(J64="",0,J64*K64) -> 0 | N64: A213AD | O64: 25 | Q64: =IF(O64="",0,O64*P64) -> 0 | S64: A313AD | T64: 25 | V64: =IF(T64="",0,T64*U64) -> 0 | X64: A413AD | Y64: 25 | AA64: =IF(Y64="",0,Y64*Z64) -> 0 | AC64: A513AD | AD64: =Y64/2 -> 12.5 | AE64: =Z64 -> 0 | AF64: =IF(AD64="",0,AD64*AE64) -> 0
A65: 62 | B65: A014 | C65: INBOUND - Service- Contractor Facility (Unaccompanied Baggage) AREA I | D65: 50 | E65: NCWT | G65: =IF(D65="",0,D65*F65) -> 0 | I65: A114 | J65: 50 | L65: =IF(J65="",0,J65*K65) -> 0 | N65: A214 | O65: 50 | Q65: =IF(O65="",0,O65*P65) -> 0 | S65: A314 | T65: 50 | V65: =IF(T65="",0,T65*U65) -> 0 | X65: A414 | Y65: 50 | AA65: =IF(Y65="",0,Y65*Z65) -> 0 | AC65: A514 | AD65: =Y65/2 -> 25 | AE65: =Z65 -> 0 | AF65: =IF(AD65="",0,AD65*AE65) -> 0
A66: 63 | B66: A015 | C66: STORAGE ALL AREAS | D66: 3000 | E66: NCWT | G66: =IF(D66="",0,D66*F66) -> 0 | I66: A115 | J66: 3000 | L66: =IF(J66="",0,J66*K66) -> 0 | N66: A215 | O66: 3000 | Q66: =IF(O66="",0,O66*P66) -> 0 | S66: A315 | T66: 3000 | V66: =IF(T66="",0,T66*U66) -> 0 | X66: A415 | Y66: 3000 | AA66: =IF(Y66="",0,Y66*Z66) -> 0 | AC66: A515 | AD66: =Y66/2 -> 1500 | AE66: =Z66 -> 0 | AF66: =IF(AD66="",0,AD66*AE66) -> 0
A67: 64 | B67: A016 | C67: REMARKING ALL AREAS | D67: 10 | E67: NCWT | G67: =IF(D67="",0,D67*F67) -> 0 | I67: A116 | J67: 10 | L67: =IF(J67="",0,J67*K67) -> 0 | N67: A216 | O67: 10 | Q67: =IF(O67="",0,O67*P67) -> 0 | S67: A316 | T67: 10 | V67: =IF(T67="",0,T67*U67) -> 0 | X67: A416 | Y67: 10 | AA67: =IF(Y67="",0,Y67*Z67) -> 0 | AC67: A516 | AD67: =Y67/2 -> 5 | AE67: =Z67 -> 0 | AF67: =IF(AD67="",0,AD67*AE67) -> 0
A68: 65 | B68: A017 | C68: COOPERING ALL AREAS | D68: 50 | E68: NCWT | G68: =IF(D68="",0,D68*F68) -> 0 | I68: A117 | J68: 50 | L68: =IF(J68="",0,J68*K68) -> 0 | N68: A217 | O68: 50 | Q68: =IF(O68="",0,O68*P68) -> 0 | S68: A317 | T68: 50 | V68: =IF(T68="",0,T68*U68) -> 0 | X68: A417 | Y68: 50 | AA68: =IF(Y68="",0,Y68*Z68) -> 0 | AC68: A517 | AD68: =Y68/2 -> 25 | AE68: =Z68 -> 0 | AF68: =IF(AD68="",0,AD68*AE68) -> 0
A69: 66 | B69: A018 | C69: Attempt Delivery | I69: A118 | N69: A218 | S69: A318 | X69: A418 | AC69: A518
A70: 67 | B70: A018AA | C70: AREA I Household Goods | D70: 10 | E70: EACH | G70: =IF(D70="",0,D70*F70) -> 0 | I70: A118AA | J70: 10 | L70: =IF(J70="",0,J70*K77) -> 0 | N70: A218AA | O70: 10 | Q70: =IF(O70="",0,O70*P70) -> 0 | S70: A318AA | T70: 10 | V70: =IF(T70="",0,T70*U70) -> 0 | X70: A418AA | Y70: 10 | AA70: =IF(Y70="",0,Y70*Z70) -> 0 | AC70: A518AA | AD70: =Y70/2 -> 5 | AE70: =Z70 -> 0 | AF70: =IF(AD70="",0,AD70*AE70) -> 0
A71: 68 | B71: A018AB | C71: AREA I Unaccompanied Baggage | D71: 10 | E71: EACH | G71: =IF(D71="",0,D71*F71) -> 0 | I71: A118AB | J71: 10 | L71: =IF(J71="",0,J71*K71) -> 0 | N71: A218AB | O71: 10 | Q71: =IF(O71="",0,O71*P71) -> 0 | S71: A318AB | T71: 10 | V71: =IF(T71="",0,T71*U71) -> 0 | X71: A418AB | Y71: 10 | AA71: =IF(Y71="",0,Y71*Z71) -> 0 | AC71: A518AB | AD71: =Y71/2 -> 5 | AE71: =Z71 -> 0 | AF71: =IF(AD71="",0,AD71*AE71) -> 0
A72: 69 | B72: A018AC | C72: AREA II Household Goods | D72: 10 | E72: EACH | G72: =IF(D72="",0,D72*F72) -> 0 | I72: A118AC | J72: 10 | L72: =IF(J72="",0,J72*K72) -> 0 | N72: A218AC | O72: 10 | Q72: =IF(O72="",0,O72*P72) -> 0 | S72: A318AC | T72: 10 | V72: =IF(T72="",0,T72*U72) -> 0 | X72: A418AC | Y72: 10 | AA72: =IF(Y72="",0,Y72*Z72) -> 0 | AC72: A518AC | AD72: =Y72/2 -> 5 | AE72: =Z72 -> 0 | AF72: =IF(AD72="",0,AD72*AE72) -> 0
A73: 70 | B73: A018AD | C73: AREA II Unaccompanied Baggage | D73: 10 | E73: EACH | G73: =IF(D73="",0,D73*F73) -> 0 | I73: A118AD | J73: 10 | L73: =IF(J73="",0,J73*K73) -> 0 | N73: A218AD | O73: 10 | Q73: =IF(O73="",0,O73*P73) -> 0 | S73: A318AD | T73: 10 | V73: =IF(T73="",0,T73*U73) -> 0 | X73: A418AD | Y73: 10 | AA73: =IF(Y73="",0,Y73*Z73) -> 0 | AC73: A518AD | AD73: =Y73/2 -> 5 | AE73: =Z73 -> 0 | AF73: =IF(AD73="",0,AD73*AE73) -> 0
A74: 71 | B74: A018AE | C74: AREA III Household Goods | D74: 5 | E74: EACH | G74: =IF(D74="",0,D74*F74) -> 0 | I74: A118AE | J74: 5 | L74: =IF(J74="",0,J74*K74) -> 0 | N74: A218AE | O74: 5 | Q74: =IF(O74="",0,O74*P74) -> 0 | S74: A318AE | T74: 5 | V74: =IF(T74="",0,T74*U74) -> 0 | X74: A418AE | Y74: 5 | AA74: =IF(Y74="",0,Y74*Z74) -> 0 | AC74: A518AE | AD74: =Y74/2 -> 2.5 | AE74: =Z74 -> 0 | AF74: =IF(AD74="",0,AD74*AE74) -> 0
A75: 72 | B75: A018AF | C75: AREA III Unaccompanied Baggage | D75: 5 | E75: EACH | G75: =IF(D75="",0,D75*F75) -> 0 | I75: A118AF | J75: 5 | L75: =IF(J75="",0,J75*K75) -> 0 | N75: A218AF | O75: 5 | Q75: =IF(O75="",0,O75*P75) -> 0 | S75: A318AF | T75: 5 | V75: =IF(T75="",0,T75*U75) -> 0 | X75: A418AF | Y75: 5 | AA75: =IF(Y75="",0,Y75*Z75) -> 0 | AC75: A518AF | AD75: =Y75/2 -> 2.5 | AE75: =Z75 -> 0 | AF75: =IF(AD75="",0,AD75*AE75) -> 0
A76: 73 | B76: A018AG | C76: AREA IV Household Goods | D76: 2 | E76: EACH | G76: =IF(D76="",0,D76*F76) -> 0 | I76: A118AG | J76: 2 | L76: =IF(J76="",0,J76*K76) -> 0 | N76: A218AG | O76: 2 | Q76: =IF(O76="",0,O76*P76) -> 0 | S76: A318AG | T76: 2 | V76: =IF(T76="",0,T76*U76) -> 0 | X76: A418AG | Y76: 2 | AA76: =IF(Y76="",0,Y76*Z76) -> 0 | AC76: A518AG | AD76: =Y76/2 -> 1 | AE76: =Z76 -> 0 | AF76: =IF(AD76="",0,AD76*AE76) -> 0
A77: 74 | B77: A018AH | C77: AREA IV Unaccompanied Baggage | D77: 2 | E77: EACH | G77: =IF(D77="",0,D77*F77) -> 0 | I77: A118AH | J77: 2 | L77: =IF(J77="",0,J77*K77) -> 0 | N77: A218AH | O77: 2 | Q77: =IF(O77="",0,O77*P77) -> 0 | S77: A318AH | T77: 2 | V77: =IF(T77="",0,T77*U77) -> 0 | X77: A418AH | Y77: 2 | AA77: =IF(Y77="",0,Y77*Z77) -> 0 | AC77: A518AH | AD77: =Y77/2 -> 1 | AE77: =Z77 -> 0 | AF77: =IF(AD77="",0,AD77*AE77) -> 0
A78: 75 | B78: A019 | C78: Reweighing | I78: A119 | N78: A219 | S78: A319 | X78: A419 | AC78: A519
A79: 76 | B79: A019AA | C79: AREA I Household Goods | D79: 10 | E79: EACH | G79: =IF(D79="",0,D79*F79) -> 0 | I79: A119AA | J79: 10 | L79: =IF(J79="",0,J79*K79) -> 0 | N79: A219AA | O79: 10 | Q79: =IF(O79="",0,O79*P79) -> 0 | S79: A319AA | T79: 10 | V79: =IF(T79="",0,T79*U79) -> 0 | X79: A419AA | Y79: 10 | AA79: =IF(Y79="",0,Y79*Z79) -> 0 | AC79: A519AA | AD79: =Y79/2 -> 5 | AE79: =Z79 -> 0 | AF79: =IF(AD79="",0,AD79*AE79) -> 0
A80: 77 | B80: A019AB | C80: AREA I Unaccompanied Baggage | D80: 10 | E80: EACH | G80: =IF(D80="",0,D80*F80) -> 0 | I80: A119AB | J80: 10 | L80: =IF(J80="",0,J80*K80) -> 0 | N80: A219AB | O80: 10 | Q80: =IF(O80="",0,O80*P80) -> 0 | S80: A319AB | T80: 10 | V80: =IF(T80="",0,T80*U80) -> 0 | X80: A419AB | Y80: 10 | AA80: =IF(Y80="",0,Y80*Z80) -> 0 | AC80: A519AB | AD80: =Y80/2 -> 5 | AE80: =Z80 -> 0 | AF80: =IF(AD80="",0,AD80*AE80) -> 0
A81: 78 | B81: A019AC | C81: AREA II Household Goods | D81: 10 | E81: EACH | G81: =IF(D81="",0,D81*F81) -> 0 | I81: A119AC | J81: 10 | L81: =IF(J81="",0,J81*K81) -> 0 | N81: A219AC | O81: 10 | Q81: =IF(O81="",0,O81*P81) -> 0 | S81: A319AC | T81: 10 | V81: =IF(T81="",0,T81*U81) -> 0 | X81: A419AC | Y81: 10 | AA81: =IF(Y81="",0,Y81*Z81) -> 0 | AC81: A519AC | AD81: =Y81/2 -> 5 | AE81: =Z81 -> 0 | AF81: =IF(AD81="",0,AD81*AE81) -> 0
A82: 79 | B82: A019AD | C82: AREA II Unaccompanied Baggage | D82: 10 | E82: EACH | G82: =IF(D82="",0,D82*F82) -> 0 | I82: A119AD | J82: 10 | L82: =IF(J82="",0,J82*K82) -> 0 | N82: A219AD | O82: 10 | Q82: =IF(O82="",0,O82*P82) -> 0 | S82: A319AD | T82: 10 | V82: =IF(T82="",0,T82*U82) -> 0 | X82: A419AD | Y82: 10 | AA82: =IF(Y82="",0,Y82*Z82) -> 0 | AC82: A519AD | AD82: =Y82/2 -> 5 | AE82: =Z82 -> 0 | AF82: =IF(AD82="",0,AD82*AE82) -> 0
A83: 80 | B83: A019AE | C83: AREA III Household Goods | D83: 10 | E83: EACH | G83: =IF(D83="",0,D83*F83) -> 0 | I83: A119AE | J83: 10 | L83: =IF(J83="",0,J83*K83) -> 0 | N83: A219AE | O83: 10 | Q83: =IF(O83="",0,O83*P83) -> 0 | S83: A319AE | T83: 10 | V83: =IF(T83="",0,T83*U83) -> 0 | X83: A419AE | Y83: 10 | AA83: =IF(Y83="",0,Y83*Z83) -> 0 | AC83: A519AE | AD83: =Y83/2 -> 5 | AE83: =Z83 -> 0 | AF83: =IF(AD83="",0,AD83*AE83) -> 0
A84: 81 | B84: A019AF | C84: AREA III Unaccompanied Baggage | D84: 10 | E84: EACH | G84: =IF(D84="",0,D84*F84) -> 0 | I84: A119AF | J84: 10 | L84: =IF(J84="",0,J84*K84) -> 0 | N84: A219AF | O84: 10 | Q84: =IF(O84="",0,O84*P84) -> 0 | S84: A319AF | T84: 10 | V84: =IF(T84="",0,T84*U84) -> 0 | X84: A419AF | Y84: 10 | AA84: =IF(Y84="",0,Y84*Z84) -> 0 | AC84: A519AF | AD84: =Y84/2 -> 5 | AE84: =Z84 -> 0 | AF84: =IF(AD84="",0,AD84*AE84) -> 0
A85: 82 | B85: A019AG | C85: AREA IV Household Goods | D85: 5 | E85: EACH | G85: =IF(D85="",0,D85*F85) -> 0 | I85: A119AG | J85: 5 | L85: =IF(J85="",0,J85*K85) -> 0 | N85: A219AG | O85: 5 | Q85: =IF(O85="",0,O85*P85) -> 0 | S85: A319AG | T85: 5 | V85: =IF(T85="",0,T85*U85) -> 0 | X85: A419AG | Y85: 5 | AA85: =IF(Y85="",0,Y85*Z85) -> 0 | AC85: A519AG | AD85: =Y85/2 -> 2.5 | AE85: =Z85 -> 0 | AF85: =IF(AD85="",0,AD85*AE85) -> 0
A86: 83 | B86: A019AH | C86: AREA IV Unaccompanied Baggage | D86: 5 | E86: EACH | G86: =IF(D86="",0,D86*F86) -> 0 | I86: A119AH | J86: 5 | L86: =IF(J86="",0,J86*K86) -> 0 | N86: A219AH | O86: 5 | Q86: =IF(O86="",0,O86*P86) -> 0 | S86: A319AH | T86: 5 | V86: =IF(T86="",0,T86*U86) -> 0 | X86: A419AH | Y86: 5 | AA86: =IF(Y86="",0,Y86*Z86) -> 0 | AC86: A519AH | AD86: =Y86/2 -> 2.5 | AE86: =Z86 -> 0 | AF86: =IF(AD86="",0,AD86*AE86) -> 0
A87: 84 | B87: A020 | C87: Drayage Beyond the Contract Area of Performance ALL AREAS | I87: A120 | N87: A220 | S87: A320 | X87: A420 | AC87: A520
A88: 85 | B88: A020AA | C88: Household Goods | D88: 12 | E88: Loaded mile | G88: =IF(D88="",0,D88*F88) -> 0 | I88: A120AA | J88: 12 | L88: =IF(J88="",0,J88*K88) -> 0 | N88: A220AA | O88: 12 | Q88: =IF(O88="",0,O88*P88) -> 0 | S88: A320AA | T88: 12 | V88: =IF(T88="",0,T88*U88) -> 0 | X88: A420AA | Y88: 12 | AA88: =IF(Y88="",0,Y88*Z88) -> 0 | AC88: A520AA | AD88: =Y88/2 -> 6 | AE88: =Z88 -> 0 | AF88: =IF(AD88="",0,AD88*AE88) -> 0
A89: 86 | B89: A020AB | C89: Unaccompanied Baggage | D89: 10 | E89: Loaded mile | G89: =IF(D89="",0,D89*F89) -> 0 | I89: A120AB | J89: 10 | L89: =IF(J89="",0,J89*K89) -> 0 | N89: A220AB | O89: 10 | Q89: =IF(O89="",0,O89*P89) -> 0 | S89: A320AB | T89: 10 | V89: =IF(T89="",0,T89*U89) -> 0 | X89: A420AB | Y89: 10 | AA89: =IF(Y89="",0,Y89*Z89) -> 0 | AC89: A520AB | AD89: =Y89/2 -> 5 | AE89: =Z89 -> 0 | AF89: =IF(AD89="",0,AD89*AE89) -> 0
A90: 87 | B90: A021 | C90: Partial Withdrawal Services | I90: A121 | N90: A221 | S90: A321 | X90: A421 | AC90: A521
A91: 88 | B91: A021AA | C91: AREA I Household Goods Drayage Included | D91: 15 | E91: NCWT | G91: =IF(D91="",0,D91*F91) -> 0 | I91: A121AA | J91: 15 | L91: =IF(J91="",0,J91*K91) -> 0 | N91: A221AA | O91: 15 | Q91: =IF(O91="",0,O91*P91) -> 0 | S91: A321AA | T91: 15 | V91: =IF(T91="",0,T91*U91) -> 0 | X91: A421AA | Y91: 15 | AA91: =IF(Y91="",0,Y91*Z91) -> 0 | AC91: A521AA | AD91: =Y91/2 -> 7.5 | AE91: =Z91 -> 0 | AF91: =IF(AD91="",0,AD91*AE91) -> 0
A92: 89 | B92: A021AB | C92: AREA I Household Goods Drayage not Included | D92: 5 | E92: NCWT | G92: =IF(D92="",0,D92*F92) -> 0 | I92: A121AB | J92: 5 | L92: =IF(J92="",0,J92*K92) -> 0 | N92: A221AB | O92: 5 | Q92: =IF(O92="",0,O92*P92) -> 0 | S92: A321AB | T92: 5 | V92: =IF(T92="",0,T92*U92) -> 0 | X92: A421AB | Y92: 5 | AA92: =IF(Y92="",0,Y92*Z92) -> 0 | AC92: A521AB | AD92: =Y92/2 -> 2.5 | AE92: =Z92 -> 0 | AF92: =IF(AD92="",0,AD92*AE92) -> 0
A93: 90 | B93: A021AC | C93: AREA I Unaccompanied Baggage Drayage Included | D93: 0 | E93: NCWT | G93: =IF(D93="",0,D93*F93) -> 0 | I93: A121AC | J93: 0 | L93: =IF(J93="",0,J93*K93) -> 0 | N93: A221AC | O93: 0 | Q93: =IF(O93="",0,O93*P93) -> 0 | S93: A321AC | T93: 0 | V93: =IF(T93="",0,T93*U93) -> 0 | X93: A421AC | Y93: 0 | AA93: =IF(Y93="",0,Y93*Z93) -> 0 | AC93: A521AC | AD93: =Y93/2 -> 0 | AE93: =Z93 -> 0 | AF93: =IF(AD93="",0,AD93*AE93) -> 0
A94: 91 | B94: A021AD | C94: AREA I Unaccompanied Baggage Drayage not Included | D94: 0 | E94: NCWT | G94: =IF(D94="",0,D94*F94) -> 0 | I94: A121AD | J94: 0 | L94: =IF(J94="",0,J94*K94) -> 0 | N94: A221AD | O94: 0 | Q94: =IF(O94="",0,O94*P94) -> 0 | S94: A321AD | T94: 0 | V94: =IF(T94="",0,T94*U94) -> 0 | X94: A421AD | Y94: 0 | AA94: =IF(Y94="",0,Y94*Z94) -> 0 | AC94: A521AD | AD94: =Y94/2 -> 0 | AE94: =Z94 -> 0 | AF94: =IF(AD94="",0,AD94*AE94) -> 0
A95: 92 | B95: A021AE | C95: AREA II Household Goods Drayage Included | D95: 15 | E95: NCWT | G95: =IF(D95="",0,D95*F95) -> 0 | I95: A121AE | J95: 15 | L95: =IF(J95="",0,J95*K95) -> 0 | N95: A221AE | O95: 15 | Q95: =IF(O95="",0,O95*P95) -> 0 | S95: A321AE | T95: 15 | V95: =IF(T95="",0,T95*U95) -> 0 | X95: A421AE | Y95: 15 | AA95: =IF(Y95="",0,Y95*Z95) -> 0 | AC95: A521AE | AD95: =Y95/2 -> 7.5 | AE95: =Z95 -> 0 | AF95: =IF(AD95="",0,AD95*AE95) -> 0
A96: 93 | B96: A021AF | C96: AREA II Household Goods Drayage not Included | D96: 5 | E96: NCWT | G96: =IF(D96="",0,D96*F96) -> 0 | I96: A121AF | J96: 5 | L96: =IF(J96="",0,J96*K96) -> 0 | N96: A221AF | O96: 5 | Q96: =IF(O96="",0,O96*P96) -> 0 | S96: A321AF | T96: 5 | V96: =IF(T96="",0,T96*U96) -> 0 | X96: A421AF | Y96: 5 | AA96: =IF(Y96="",0,Y96*Z96) -> 0 | AC96: A521AF | AD96: =Y96/2 -> 2.5 | AE96: =Z96 -> 0 | AF96: =IF(AD96="",0,AD96*AE96) -> 0
A97: 94 | B97: A021AG | C97: AREA II Unaccompanied Baggage Drayage Included | D97: 0 | E97: NCWT | G97: =IF(D97="",0,D97*F97) -> 0 | I97: A121AG | J97: 0 | L97: =IF(J97="",0,J97*K97) -> 0 | N97: A221AG | O97: 0 | Q97: =IF(O97="",0,O97*P97) -> 0 | S97: A321AG | T97: 0 | V97: =IF(T97="",0,T97*U97) -> 0 | X97: A421AG | Y97: 0 | AA97: =IF(Y97="",0,Y97*Z97) -> 0 | AC97: A521AG | AD97: =Y97/2 -> 0 | AE97: =Z97 -> 0 | AF97: =IF(AD97="",0,AD97*AE97) -> 0
A98: 95 | B98: A021AH | C98: AREA II Unaccompanied Baggage Drayage not Included | D98: 0 | E98: NCWT | G98: =IF(D98="",0,D98*F98) -> 0 | I98: A121AH | J98: 0 | L98: =IF(J98="",0,J98*K98) -> 0 | N98: A221AH | O98: 0 | Q98: =IF(O98="",0,O98*P98) -> 0 | S98: A321AH | T98: 0 | V98: =IF(T98="",0,T98*U98) -> 0 | X98: A421AH | Y98: 0 | AA98: =IF(Y98="",0,Y98*Z98) -> 0 | AC98: A521AH | AD98: =Y98/2 -> 0 | AE98: =Z98 -> 0 | AF98: =IF(AD98="",0,AD98*AE98) -> 0
A99: 96 | B99: A021AI | C99: AREA III Household Goods Drayage Included | D99: 15 | E99: NCWT | G99: =IF(D99="",0,D99*F99) -> 0 | I99: A121AI | J99: 15 | L99: =IF(J99="",0,J99*K99) -> 0 | N99: A221AI | O99: 15 | Q99: =IF(O99="",0,O99*P99) -> 0 | S99: A321AI | T99: 15 | V99: =IF(T99="",0,T99*U99) -> 0 | X99: A421AI | Y99: 15 | AA99: =IF(Y99="",0,Y99*Z99) -> 0 | AC99: A521AI | AD99: =Y99/2 -> 7.5 | AE99: =Z99 -> 0 | AF99: =IF(AD99="",0,AD99*AE99) -> 0
A100: 97 | B100: A021AJ | C100: AREA III Household Goods Drayage not Included | D100: 5 | E100: NCWT | G100: =IF(D100="",0,D100*F100) -> 0 | I100: A121AJ | J100: 5 | L100: =IF(J100="",0,J100*K100) -> 0 | N100: A221AJ | O100: 5 | Q100: =IF(O100="",0,O100*P100) -> 0 | S100: A321AJ | T100: 5 | V100: =IF(T100="",0,T100*U100) -> 0 | X100: A421AJ | Y100: 5 | AA100: =IF(Y100="",0,Y100*Z100) -> 0 | AC100: A521AJ | AD100: =Y100/2 -> 2.5 | AE100: =Z100 -> 0 | AF100: =IF(AD100="",0,AD100*AE100) -> 0
...

Sheet Summary
A1: Period | B1: Dates | C1: Amount €
A2: Orderin Year I | B2: 1 May 2026 - 30 Apr 2027 | C2: ='Pricing Matrix'!G124 -> 0
A3: Orderin Year II | B3: 1 May 2027 - 30 Apr 2028 | C3: ='Pricing Matrix'!L124 -> 0
A4: Orderin Year III | B4: 1 May 2028 - 30 Apr 2029 | C4: ='Pricing Matrix'!Q124 -> 0
A5: Orderin Year IV | B5: 1 May 2029 - 30 Apr 2030 | C5: ='Pricing Matrix'!V124 -> 0
A6: Orderin Year V | B6: 1 May 2030 - 30 Apr 2031 | C6: ='Pricing Matrix'!AA124 -> 0
A7: Total CLIN 0001 | C7: =SUM(C2:C6) -> 0
A9: FAR 52.217-8 | B9: 1 May 2031 - 31 Oct 2031 | C9: ='Pricing Matrix'!AF124 -> 0
A10: Total CLIN 0002 | C10: =C9 -> 0
A12: Total Quote | C12: =C7+C10 -> 0
