Workbook

Sheet CLINs
A1: Integrated Voice Services via Central Office based, dial tone facilities
A3: Naval Station Norfolk Services
A4: Ordering Period | B4: Period of Performance | C4: UNIT (Lot) | D4: Total
A5: Base | B5: 01 February 2027 - 31 January 2032 | C5: 1 | D5: =Base_Norfolk!H11 -> 0
A6: FAR Clause 52.217-8 | B6: 01 February 2032 - 31 July 2032 | C6: 1 | D6: ='-8 Period_Norfolk'!H10 -> 0
B7: TOTAL Max Ceiling | D7: =SUM(D5:D6) -> 0
A9: NSA Mechanicsburg Services
A10: Ordering Period | B10: Period of Performance | C10: UNIT (Lot) | D10: Total
A11: Base | B11: 01 February 2027 - 31 January 2032 | C11: 1 | D11: ='Base_Mechanicsburg '!H11 -> 0
A12: FAR Clause 52.217-8 | B12: 01 February 2032 - 31 July 2032 | C12: 1 | D12: ='-8 Period_Mechanicsburg'!H10 -> 0
B13: TOTAL Max Ceiling | D13: =SUM(D11:D12) -> 0
A15: NSA Philadelphia Services
A16: Ordering Period | B16: Period of Performance | C16: UNIT (Lot) | D16: Total
A17: Base | B17: 01 February 2027 - 31 January 2032 | C17: 1 | D17: ='Base_NSA Philadelphi'!H11 -> 0
A18: FAR Clause 52.217-8 | B18: 01 February 2032 - 31 July 2032 | C18: 1 | D18: ='-8 Period_NSA Philadelphi'!H10 -> 0
B19: TOTAL Max Ceiling | D19: =SUM(D17:D18) -> 0
A21: PNYA Services
A22: Ordering Period | B22: Period of Performance | C22: UNIT (Lot) | D22: Total
A23: Base | B23: 01 February 2027 - 31 January 2032 | C23: 1 | D23: =Base_PNYA!H11 -> 0
A24: FAR Clause 52.217-8 | B24: 01 February 2032 - 31 July 2032 | C24: 1 | D24: ='-8 Period_PNYA'!H10 -> 0
B25: TOTAL Max Ceiling | D25: =SUM(D23:D24) -> 0
A27: Great Lakes Services
A28: Ordering Period | B28: Period of Performance | C28: UNIT (Lot) | D28: Total
A29: Base | B29: 01 February 2027 - 31 January 2032 | C29: 1 | D29: ='Base_Great Lakes'!H11 -> 0
A30: FAR Clause 52.217-8 | B30: 01 February 2032 - 31 July 2032 | C30: 1 | D30: ='-8 Period_Great Lakes'!H10 -> 0
B31: TOTAL Max Ceiling | D31: =SUM(D29:D30) -> 0
A33: Key West Services
A34: Ordering Period | B34: Period of Performance | C34: UNIT (Lot) | D34: Total
A35: Base | B35: 01 February 2027 - 31 January 2032 | C35: 1 | D35: ='Base_Key West'!H11 -> 0
A36: FAR Clause 52.217-8 | B36: 01 February 2032 - 31 July 2032 | C36: 1 | D36: ='-8 Period_Key West'!H10 -> 0
B37: TOTAL Max Ceiling | D37: =SUM(D35:D36) -> 0
A39: Little Creek Services
A40: Ordering Period | B40: Period of Performance | C40: UNIT (Lot) | D40: Total
A41: Base | B41: 01 February 2027 - 31 January 2032 | C41: 1 | D41: ='Base_Little Creek'!H11 -> 0
A42: FAR Clause 52.217-8 | B42: 01 February 2032 - 31 July 2032 | C42: 1 | D42: ='-8 Period_Little Creek'!H10 -> 0
B43: TOTAL Max Ceiling | D43: =SUM(D41:D42) -> 0

Sheet Base_Norfolk
A1: Ordering Period: 01 February 2027 - 31 January 2032
A2: NAVAL STATION NORFOLK
D3: ESTIMATED MONTHLY | F3: # OF MONTHS | G3: ANNUAL NTE FOR 1 YEAR
A4: CLIN | B4: CLIN Description | C4: UNIT PRICE | D4: QUANTITY | E4: COST | G4: QUANTITY | H4: COST
A5: A001 | B5: ANALOG SEATS | D5: 10560 | E5: =C5*D5 -> 0 | F5: 12 | G5: =D5*F5 -> 126720 | H5: =C5*G5 -> 0
A6: A002 | B6: NG911 | D6: 10560 | E6: =C6*D6 -> 0 | F6: 12 | G6: =D6 -> 10560 | H6: =C6*G6 -> 0
A7: A003 | B7: IMPLEMENTATION & TRANSITION SERVICES | D7: 1 | E7: =C7*D7 -> 0 | F7: 1 | G7: =D7*F7 -> 1 | H7: =C7*G7 -> 0
A8: A004 | B8: ANALOG TELEPHONE ADAPTERS (ATA) | D8: 1320 | E8: =C8*D8 -> 0 | F8: 12 | G8: =D8*F8 -> 15840 | H8: =C8*G8 -> 0
A9: A005 | B9: ATA LICENSE | D9: 1320 | E9: =C9*D9 -> 0 | F9: 12 | G9: =D9*F9 -> 15840 | H9: =C9*G9 -> 0
G10: 1-Year Total | H10: =SUM(H5:H9) -> 0
G11: 5-Year Total | H11: =H10*5 -> 0

Sheet -8 Period_Norfolk
A1: FAR clause 52.217-8 Option: 01 February 2032-31 July 2032
A2: NAVAL STATION NORFOLK
D3: ESTIMATED MONTHLY | F3: # OF MONTHS | G3: NTE 6-Months
A4: CLIN | B4: CLIN Description | C4: UNIT PRICE | D4: QUANTITY | E4: COST | G4: QUANTITY | H4: COST
A5: A001 | B5: ANALOG SEATS | D5: 10560 | E5: =C5*D5 -> 0 | F5: 6 | G5: =D5*F5 -> 63360 | H5: =C5*G5 -> 0
A6: A002 | B6: NG911 | D6: 10560 | E6: =C6*D6 -> 0 | F6: 6 | G6: =D6 -> 10560 | H6: =C6*G6 -> 0
A7: A003 | B7: IMPLEMENTATION & TRANSITION SERVICES | D7: 0 | E7: =C7*D7 -> 0 | F7: 0 | G7: =D7*F7 -> 0 | H7: =C7*G7 -> 0
A8: A004 | B8: ANALOG TELEPHONE ADAPTERS (ATA) | D8: 1320 | E8: =C8*D8 -> 0 | F8: 6 | G8: =D8*F8 -> 7920 | H8: =C8*G8 -> 0
A9: A005 | B9: ATA LICENSE | D9: 1320 | E9: =C9*D9 -> 0 | F9: 6 | G9: =D9*F9 -> 7920 | H9: =C9*G9 -> 0
G10: FAR clause 52.217-8 Total | H10: =SUM(H5:H9) -> 0

Sheet Base_Mechanicsburg 
A1: Ordering Period: 01 February 2027 - 31 January 2032
A2: NSA MECHANICSBURG
D3: ESTIMATED MONTHLY | F3: # OF MONTHS | G3: ANNUAL NTE FOR 1 YEAR
A4: CLIN | B4: CLIN Description | C4: UNIT PRICE | D4: QUANTITY | E4: COST | G4: QUANTITY | H4: COST
A5: A001 | B5: ANALOG SEATS | D5: 425 | E5: =C5*D5 -> 0 | F5: 12 | G5: =D5*F5 -> 5100 | H5: =C5*G5 -> 0
A6: A002 | B6: NG911 | D6: 425 | E6: =C6*D6 -> 0 | F6: 12 | G6: =D6 -> 425 | H6: =C6*G6 -> 0
A7: A003 | B7: IMPLEMENTATION & TRANSITION SERVICES | D7: 1 | E7: =C7*D7 -> 0 | F7: 1 | G7: =D7*F7 -> 1 | H7: =C7*G7 -> 0
A8: A004 | B8: ANALOG TELEPHONE ADAPTERS (ATA) | D8: 55 | E8: =C8*D8 -> 0 | F8: 12 | G8: =D8*F8 -> 660 | H8: =C8*G8 -> 0
A9: A005 | B9: ATA LICENSE | D9: 55 | E9: =C9*D9 -> 0 | F9: 12 | G9: =D9*F9 -> 660 | H9: =C9*G9 -> 0
G10: 1-Year Total | H10: =SUM(H5:H9) -> 0
G11: 5-Year Total | H11: =H10*5 -> 0

Sheet -8 Period_Mechanicsburg
A1: FAR clause 52.217-8 Option: 01 February 2032-31 July 2032
A2: NSA MECHANICSBURG
D3: ESTIMATED MONTHLY | F3: # OF MONTHS | G3: NTE 6-Months
A4: CLIN | B4: CLIN Description | C4: UNIT PRICE | D4: QUANTITY | E4: COST | G4: QUANTITY | H4: COST
A5: A001 | B5: ANALOG SEATS | D5: 425 | E5: =C5*D5 -> 0 | F5: 6 | G5: =D5*F5 -> 2550 | H5: =C5*G5 -> 0
A6: A002 | B6: NG911 | D6: 425 | E6: =C6*D6 -> 0 | F6: 6 | G6: =D6 -> 425 | H6: =C6*G6 -> 0
A7: A003 | B7: IMPLEMENTATION & TRANSITION SERVICES | D7: 0 | E7: =C7*D7 -> 0 | F7: 0 | G7: =D7*F7 -> 0 | H7: =C7*G7 -> 0
A8: A004 | B8: ANALOG TELEPHONE ADAPTERS (ATA) | D8: 55 | E8: =C8*D8 -> 0 | F8: 6 | G8: =D8*F8 -> 330 | H8: =C8*G8 -> 0
A9: A005 | B9: ATA LICENSE | D9: 55 | E9: =C9*D9 -> 0 | F9: 6 | G9: =D9*F9 -> 330 | H9: =C9*G9 -> 0
G10: FAR clause 52.217-8 Total | H10: =SUM(H5:H9) -> 0

Sheet Base_NSA Philadelphi
A1: Ordering Period: 01 February 2027 - 31 January 2032
A2: NSA PHILADELPHIA
D3: ESTIMATED MONTHLY | F3: # OF MONTHS | G3: ANNUAL NTE FOR 1 YEAR
A4: CLIN | B4: CLIN Description | C4: UNIT PRICE | D4: QUANTITY | E4: COST | G4: QUANTITY | H4: COST
A5: A001 | B5: ANALOG SEATS | D5: 350 | E5: =C5*D5 -> 0 | F5: 12 | G5: =D5*F5 -> 4200 | H5: =C5*G5 -> 0
A6: A002 | B6: NG911 | D6: 350 | E6: =C6*D6 -> 0 | F6: 12 | G6: =D6 -> 350 | H6: =C6*G6 -> 0
A7: A003 | B7: IMPLEMENTATION & TRANSITION SERVICES | D7: 1 | E7: =C7*D7 -> 0 | F7: 1 | G7: =D7*F7 -> 1 | H7: =C7*G7 -> 0
A8: A004 | B8: ANALOG TELEPHONE ADAPTERS (ATA) | D8: 50 | E8: =C8*D8 -> 0 | F8: 12 | G8: =D8*F8 -> 600 | H8: =C8*G8 -> 0
A9: A005 | B9: ATA LICENSE | D9: 50 | E9: =C9*D9 -> 0 | F9: 12 | G9: =D9*F9 -> 600 | H9: =C9*G9 -> 0
G10: 1-Year Total | H10: =SUM(H5:H9) -> 0
G11: 5-Year Total | H11: =H10*5 -> 0

Sheet -8 Period_NSA Philadelphi
A1: FAR clause 52.217-8 Option: 01 February 2032-31 July 2032
A2: NSA PHILADELPHIA
D3: ESTIMATED MONTHLY | F3: # OF MONTHS | G3: NTE 6-Months
A4: CLIN | B4: CLIN Description | C4: UNIT PRICE | D4: QUANTITY | E4: COST | G4: QUANTITY | H4: COST
A5: A001 | B5: ANALOG SEATS | D5: 350 | E5: =C5*D5 -> 0 | F5: 6 | G5: =D5*F5 -> 2100 | H5: =C5*G5 -> 0
A6: A002 | B6: NG911 | D6: 350 | E6: =C6*D6 -> 0 | F6: 6 | G6: =D6 -> 350 | H6: =C6*G6 -> 0
A7: A003 | B7: IMPLEMENTATION & TRANSITION SERVICES | D7: 0 | E7: =C7*D7 -> 0 | F7: 0 | G7: =D7*F7 -> 0 | H7: =C7*G7 -> 0
A8: A004 | B8: ANALOG TELEPHONE ADAPTERS (ATA) | D8: 50 | E8: =C8*D8 -> 0 | F8: 6 | G8: =D8*F8 -> 300 | H8: =C8*G8 -> 0
A9: A005 | B9: ATA LICENSE | D9: 50 | E9: =C9*D9 -> 0 | F9: 6 | G9: =D9*F9 -> 300 | H9: =C9*G9 -> 0
G10: FAR clause 52.217-8 Total | H10: =SUM(H5:H9) -> 0

Sheet Base_PNYA
A1: Ordering Period: 01 February 2027 - 31 January 2032
A2: PHILADELPHIA NAVAL YARD ANNEX
D3: ESTIMATED MONTHLY | F3: # OF MONTHS | G3: ANNUAL NTE FOR 1 YEAR
A4: CLIN | B4: CLIN Description | C4: UNIT PRICE | D4: QUANTITY | E4: COST | G4: QUANTITY | H4: COST
A5: A001 | B5: ANALOG SEATS | D5: 925 | E5: =C5*D5 -> 0 | F5: 12 | G5: =D5*F5 -> 11100 | H5: =C5*G5 -> 0
A6: A002 | B6: NG911 | D6: 925 | E6: =C6*D6 -> 0 | F6: 12 | G6: =D6 -> 925 | H6: =C6*G6 -> 0
A7: A003 | B7: IMPLEMENTATION & TRANSITION SERVICES | D7: 1 | E7: =C7*D7 -> 0 | F7: 1 | G7: =D7*F7 -> 1 | H7: =C7*G7 -> 0
A8: A004 | B8: ANALOG TELEPHONE ADAPTERS (ATA) | D8: 120 | E8: =C8*D8 -> 0 | F8: 12 | G8: =D8*F8 -> 1440 | H8: =C8*G8 -> 0
A9: A005 | B9: ATA LICENSE | D9: 120 | E9: =C9*D9 -> 0 | F9: 12 | G9: =D9*F9 -> 1440 | H9: =C9*G9 -> 0
G10: 1-Year Total | H10: =SUM(H5:H9) -> 0
G11: 5-Year Total | H11: =H10*5 -> 0

Sheet -8 Period_PNYA
A1: FAR clause 52.217-8 Option: 01 February 2032-31 July 2032
A2: PHILADELPHIA NAVAL YARD ANNEX
D3: ESTIMATED MONTHLY | F3: # OF MONTHS | G3: NTE 6-Months
A4: CLIN | B4: CLIN Description | C4: UNIT PRICE | D4: QUANTITY | E4: COST | G4: QUANTITY | H4: COST
A5: A001 | B5: ANALOG SEATS | D5: 925 | E5: =C5*D5 -> 0 | F5: 6 | G5: =D5*F5 -> 5550 | H5: =C5*G5 -> 0
A6: A002 | B6: NG911 | D6: 925 | E6: =C6*D6 -> 0 | F6: 6 | G6: =D6 -> 925 | H6: =C6*G6 -> 0
A7: A003 | B7: IMPLEMENTATION & TRANSITION SERVICES | D7: 0 | E7: =C7*D7 -> 0 | F7: 0 | G7: =D7*F7 -> 0 | H7: =C7*G7 -> 0
A8: A004 | B8: ANALOG TELEPHONE ADAPTERS (ATA) | D8: 120 | E8: =C8*D8 -> 0 | F8: 6 | G8: =D8*F8 -> 720 | H8: =C8*G8 -> 0
A9: A005 | B9: ATA LICENSE | D9: 120 | E9: =C9*D9 -> 0 | F9: 6 | G9: =D9*F9 -> 720 | H9: =C9*G9 -> 0
G10: FAR clause 52.217-8 Total | H10: =SUM(H5:H9) -> 0

Sheet Base_Great Lakes
A1: Ordering Period: 01 February 2027 - 31 January 2032
A2: NAVSTA GREAT LAKES
D3: ESTIMATED MONTHLY | F3: # OF MONTHS | G3: ANNUAL NTE FOR 1 YEAR
A4: CLIN | B4: CLIN Description | C4: UNIT PRICE | D4: QUANTITY | E4: COST | G4: QUANTITY | H4: COST
A5: A001 | B5: ANALOG SEATS | D5: 2300 | E5: =C5*D5 -> 0 | F5: 12 | G5: =D5*F5 -> 27600 | H5: =C5*G5 -> 0
A6: A002 | B6: NG911 | D6: 2300 | E6: =C6*D6 -> 0 | F6: 12 | G6: =D6 -> 2300 | H6: =C6*G6 -> 0
A7: A003 | B7: IMPLEMENTATION & TRANSITION SERVICES | D7: 1 | E7: =C7*D7 -> 0 | F7: 1 | G7: =D7*F7 -> 1 | H7: =C7*G7 -> 0
A8: A004 | B8: ANALOG TELEPHONE ADAPTERS (ATA) | D8: 290 | E8: =C8*D8 -> 0 | F8: 12 | G8: =D8*F8 -> 3480 | H8: =C8*G8 -> 0
A9: A005 | B9: ATA LICENSE | D9: 290 | E9: =C9*D9 -> 0 | F9: 12 | G9: =D9*F9 -> 3480 | H9: =C9*G9 -> 0
G10: 1-Year Total | H10: =SUM(H5:H9) -> 0
G11: 5-Year Total | H11: =H10*5 -> 0

Sheet -8 Period_Great Lakes
A1: FAR clause 52.217-8 Option: 01 February 2032-31 July 2032
A2: NAVSTA GREAT LAKES
D3: ESTIMATED MONTHLY | F3: # OF MONTHS | G3: NTE 6-Months
A4: CLIN | B4: CLIN Description | C4: UNIT PRICE | D4: QUANTITY | E4: COST | G4: QUANTITY | H4: COST
A5: A001 | B5: ANALOG SEATS | D5: 2300 | E5: =C5*D5 -> 0 | F5: 6 | G5: =D5*F5 -> 13800 | H5: =C5*G5 -> 0
A6: A002 | B6: NG911 | D6: 2300 | E6: =C6*D6 -> 0 | F6: 6 | G6: =D6 -> 2300 | H6: =C6*G6 -> 0
A7: A003 | B7: IMPLEMENTATION & TRANSITION SERVICES | D7: 0 | E7: =C7*D7 -> 0 | F7: 0 | G7: =D7*F7 -> 0 | H7: =C7*G7 -> 0
A8: A004 | B8: ANALOG TELEPHONE ADAPTERS (ATA) | D8: 290 | E8: =C8*D8 -> 0 | F8: 6 | G8: =D8*F8 -> 1740 | H8: =C8*G8 -> 0
A9: A005 | B9: ATA LICENSE | D9: 290 | E9: =C9*D9 -> 0 | F9: 6 | G9: =D9*F9 -> 1740 | H9: =C9*G9 -> 0
G10: FAR clause 52.217-8 Total | H10: =SUM(H5:H9) -> 0

Sheet Base_Key West
A1: Ordering Period: 01 February 2027 - 31 January 2032
A2: NAS KEY WEST
D3: ESTIMATED MONTHLY | F3: # OF MONTHS | G3: ANNUAL NTE FOR 1 YEAR
A4: CLIN | B4: CLIN Description | C4: UNIT PRICE | D4: QUANTITY | E4: COST | G4: QUANTITY | H4: COST
A5: A001 | B5: ANALOG SEATS | D5: 1113 | E5: =C5*D5 -> 0 | F5: 12 | G5: =D5*F5 -> 13356 | H5: =C5*G5 -> 0
A6: A002 | B6: NG911 | D6: 1113 | E6: =C6*D6 -> 0 | F6: 12 | G6: =D6 -> 1113 | H6: =C6*G6 -> 0
A7: A003 | B7: IMPLEMENTATION & TRANSITION SERVICES | D7: 1 | E7: =C7*D7 -> 0 | F7: 1 | G7: =D7*F7 -> 1 | H7: =C7*G7 -> 0
A8: A004 | B8: ANALOG TELEPHONE ADAPTERS (ATA) | D8: 150 | E8: =C8*D8 -> 0 | F8: 12 | G8: =D8*F8 -> 1800 | H8: =C8*G8 -> 0
A9: A005 | B9: ATA LICENSE | D9: 150 | E9: =C9*D9 -> 0 | F9: 12 | G9: =D9*F9 -> 1800 | H9: =C9*G9 -> 0
G10: 1-Year Total | H10: =SUM(H5:H9) -> 0
G11: 5-Year Total | H11: =H10*5 -> 0

Sheet -8 Period_Key West
A1: FAR clause 52.217-8 Option: 01 February 2032-31 July 2032
A2: NAS KEY WEST
D3: ESTIMATED MONTHLY | F3: # OF MONTHS | G3: NTE 6-Months
A4: CLIN | B4: CLIN Description | C4: UNIT PRICE | D4: QUANTITY | E4: COST | G4: QUANTITY | H4: COST
A5: A001 | B5: ANALOG SEATS | D5: 1113 | E5: =C5*D5 -> 0 | F5: 6 | G5: =D5*F5 -> 6678 | H5: =C5*G5 -> 0
A6: A002 | B6: NG911 | D6: 1113 | E6: =C6*D6 -> 0 | F6: 6 | G6: =D6 -> 1113 | H6: =C6*G6 -> 0
A7: A003 | B7: IMPLEMENTATION & TRANSITION SERVICES | D7: 0 | E7: =C7*D7 -> 0 | F7: 0 | G7: =D7*F7 -> 0 | H7: =C7*G7 -> 0
A8: A004 | B8: ANALOG TELEPHONE ADAPTERS (ATA) | D8: 150 | E8: =C8*D8 -> 0 | F8: 6 | G8: =D8*F8 -> 900 | H8: =C8*G8 -> 0
A9: A005 | B9: ATA LICENSE | D9: 150 | E9: =C9*D9 -> 0 | F9: 6 | G9: =D9*F9 -> 900 | H9: =C9*G9 -> 0
G10: FAR clause 52.217-8 Total | H10: =SUM(H5:H9) -> 0

Sheet Base_Little Creek
A1: Ordering Period: 01 February 2027 - 31 January 2032
A2: JEB LITTLE CREEK
D3: ESTIMATED MONTHLY | F3: # OF MONTHS | G3: ANNUAL NTE FOR 1 YEAR
A4: CLIN | B4: CLIN Description | C4: UNIT PRICE | D4: QUANTITY | E4: COST | G4: QUANTITY | H4: COST
A5: A001 | B5: ANALOG SEATS | D5: 4100 | E5: =C5*D5 -> 0 | F5: 12 | G5: =D5*F5 -> 49200 | H5: =C5*G5 -> 0
A6: A002 | B6: NG911 | D6: 4100 | E6: =C6*D6 -> 0 | F6: 12 | G6: =D6 -> 4100 | H6: =C6*G6 -> 0
A7: A003 | B7: IMPLEMENTATION & TRANSITION SERVICES | D7: 1 | E7: =C7*D7 -> 0 | F7: 1 | G7: =D7*F7 -> 1 | H7: =C7*G7 -> 0
A8: A004 | B8: ANALOG TELEPHONE ADAPTERS (ATA) | D8: 515 | E8: =C8*D8 -> 0 | F8: 12 | G8: =D8*F8 -> 6180 | H8: =C8*G8 -> 0
A9: A005 | B9: ATA LICENSE | D9: 515 | E9: =C9*D9 -> 0 | F9: 12 | G9: =D9*F9 -> 6180 | H9: =C9*G9 -> 0
G10: 1-Year Total | H10: =SUM(H5:H9) -> 0
G11: 5-Year Total | H11: =H10*5 -> 0

Sheet -8 Period_Little Creek
A1: FAR clause 52.217-8 Option: 01 February 2032-31 July 2032
A2: JEB LITTLE CREEK
D3: ESTIMATED MONTHLY | F3: # OF MONTHS | G3: NTE 6-Months
A4: CLIN | B4: CLIN Description | C4: UNIT PRICE | D4: QUANTITY | E4: COST | G4: QUANTITY | H4: COST
A5: A001 | B5: ANALOG SEATS | D5: 4100 | E5: =C5*D5 -> 0 | F5: 6 | G5: =D5*F5 -> 24600 | H5: =C5*G5 -> 0
A6: A002 | B6: NG911 | D6: 4100 | E6: =C6*D6 -> 0 | F6: 6 | G6: =D6 -> 4100 | H6: =C6*G6 -> 0
A7: A003 | B7: IMPLEMENTATION & TRANSITION SERVICES | D7: 0 | E7: =C7*D7 -> 0 | F7: 0 | G7: =D7*F7 -> 0 | H7: =C7*G7 -> 0
A8: A004 | B8: ANALOG TELEPHONE ADAPTERS (ATA) | D8: 515 | E8: =C8*D8 -> 0 | F8: 6 | G8: =D8*F8 -> 3090 | H8: =C8*G8 -> 0
A9: A005 | B9: ATA LICENSE | D9: 515 | E9: =C9*D9 -> 0 | F9: 6 | G9: =D9*F9 -> 3090 | H9: =C9*G9 -> 0
G10: FAR clause 52.217-8 Total | H10: =SUM(H5:H9) -> 0
