Workbook

Sheet Summary- All Periods
A2: Attachment J-0200000-10
A3: Exhibit Line Item Numbers
A4: Solicitation/Contract No.: N40080-25-R-4580
A5: Regional Grounds and Pavement Clearance
A6: ELIN SUMMARY TABLE
A9: Summary - Recurring Work
A10: Period of Performance | B10: Total Price
A11: Base Period | B11: ='Base Recurring'!H284 -> 0
A12: Option Period 1 | B12: ='Option 1 Recurring '!H255 -> 0
A13: Option Period 2 | B13: ='Option 2 Recurring'!H255 -> 0
A14: Option Period 3 | B14: ='Option 3 Recurring'!H255 -> 0
A15: Option Period 4 | B15: ='Option 4 Recurring'!H260 -> 0
A16: 6 Month Option | B16: =' 6 Month Option Recurring '!#REF! -> #REF!
A17: Total: | B17: =SUM(B11:B16) -> #REF!
A20: Summary - Non-recurring Work
A21: Period of Performance | B21: Total Price
A22: Base Period | B22: ='Base Non-Recurring'!G139 -> 0
A23: Option Period 1 | B23: ='Option1 Non-Recurring '!G139 -> 0
A24: Option Period 2 | B24: ='Option 2 Non-Recurring'!G139 -> 0
A25: Option Period 3 | B25: ='Option 3 Non-Recurring'!G139 -> 0
A26: Option Period 4 | B26: ='Option 4 Non-Recurring'!G139 -> 0
A27: 6 Month Option | B27: ='6 Month Option Non-Recurring'!G139 -> 0
A28: Total: | B28: =SUM(B22:B27) -> 0
A31: Summary - Recurring and Non-recurring Work
A32: Period of Performance | B32: Total Price
A33: Base Period | B33: =B11+B22 -> 0
A34: Option Period 1 | B34: =B12+B23 -> 0
A35: Option Period 2 | B35: =B13+B24 -> 0
A36: Option Period 3 | B36: =B14+B25 -> 0
A37: Option Period 4 | B37: =B15+B26 -> 0
A38: 6 Month Option | B38: =B16+B27 -> #REF!
A39: Total: | B39: =SUM(B33:B38) -> #REF!

Sheet Base Recurring
D1: Attachment J-0200000-10
D2: Exhibit Line Item Numbers
D3: Solicitation/Contract No.: N40080-25-R-4580
D4: Regional Grounds and Pavement Clearance
A5: Line Item 0001 - Recurring Work - Base Period
A6: Provide Prices for Recurring Work in accordance with Section C, Spec Item 3
A7: ELIN/Sub-ELINs A100 through A700
A8: ELIN/ Sub-ELIN | B8: Annex/Sub-annex | C8: Spec Item | D8: Description | E8: Quantity | F8: Unit of Measure | G8: Unit Price | H8: Total Price
A9: 1503050- Grounds Maintenance
A10: A100 | D10: PWD Washingtion
A11: A101 | B11: 1503050 | D11: Washington Navy Yard (WNY)(Region Funded)- Grounds Maintennace
A12: A101 AA | B12: 1503050 | C12: 3.1 | D12: WNY- Improved Grounds (Prestige) | E12: 12 | F12: MO | G12: =H12/E12 -> 0 | H12: 0
A13: A101 AB | B13: 1503050 | C13: 3.1 | D13: WNY- Improved Grounds (Standard Lawn)- Reserved | E13: 12 | F13: MO | G13: =H13/E13 -> 0 | H13: 0
A14: A101 AC | B14: 1503050 | C14: 3.1 | D14: WNY- Improved Grounds (Standard Field)- Reserved | E14: 12 | F14: MO | G14: =H14/E14 -> 0 | H14: 0
A15: A101 AD | B15: 1503050 | C15: 3.2 | D15: WNY- Operational Areas- Reserved | E15: 12 | F15: MO | G15: =H15/E15 -> 0 | H15: 0
A16: A101 AE | B16: 1503050 | C16: 3.3 | D16: WNY- Storm Drain Systems | E16: 12 | F16: MO | G16: =H16/E16 -> 0 | H16: 0
A17: A101 AF | B17: 1503050 | C17: 3.5 | D17: WNY- Debris Removal | E17: 12 | F17: MO | G17: =H17/E17 -> 0 | H17: 0
A18: A101 AG | B18: 1503050 | C18: 3.6 | D18: WNY- Destructive Weather-Reserved | E18: 12 | F18: MO | G18: =H18/E18 -> 0 | H18: 0
A19: A101 AH | B19: 1503050 | C19: 3.7 | D19: WNY- Interior Plant Maintenance-Reserved | E19: 12 | F19: MO | G19: =H19/E19 -> 0 | H19: 0
D20: Washington Navy Yard (WNY)(Regiona Funded) (A101) Subtotal | E20: 12 | F20: MO | G20: =SUM(G12:G19) -> 0 | H20: =SUM(H12:H19) -> 0
A21: A102 | B21: 1503050 | D21: Arlington Service Center (ASC)(Region Funded)- Grounds Maintenance
A22: A102 AA | B22: 1503050 | C22: 3.1 | D22: ASC- Improved Grounds (Prestige)- Reserved | E22: 12 | F22: MO | G22: 0 | H22: 0
A23: A102 AB | B23: 1503050 | C23: 3.1 | D23: ASC- Improved Grounds (Standard Lawn) | E23: 12 | F23: MO | G23: =H23/E23 -> 0 | H23: 0
A24: A102 AC | B24: 1503050 | C24: 3.1 | D24: ASC- Improved Grounds (Standard Field) | E24: 12 | F24: MO | G24: =H24/E24 -> 0 | H24: 0
A25: A102 AD | B25: 1503050 | C25: 3.2 | D25: ASC- Operational Areas- Reserved | E25: 12 | F25: MO | G25: =H25/E25 -> 0 | H25: 0
A26: A102 AE | B26: 1503050 | C26: 3.3 | D26: ASC- Storm Drain Systems- Reserved | E26: 12 | F26: MO | G26: =H26/E26 -> 0 | H26: 0
A27: A102 AF | B27: 1503050 | C27: 3.5 | D27: ASC- Debris Removal | E27: 12 | F27: MO | G27: =H27/E27 -> 0 | H27: 0
A28: A102 AG | B28: 1503050 | C28: 3.6 | D28: ASC- Destructive Weather- Reserved | E28: 12 | F28: MO | G28: =H28/E28 -> 0 | H28: 0
A29: A102 AH | B29: 1503050 | C29: 3.7 | D29: ASC- Interior Plant Maintenance-Reserved | E29: 12 | F29: MO | G29: =H29/E29 -> 0 | H29: 0
D30: Arlington (ASC)(Region Funded) (A102) Subtotal | E30: 12 | F30: MO | G30: =SUM(G22:G29) -> 0 | H30: =SUM(H22:H29) -> 0
A31: A103 | B31: 1503050 | D31: Naval Observatory (USNO) (Region Funded)- Grounds Maintenance
A32: A103 AA | B32: 1503050 | C32: 3.1 | D32: USNO- Improved Grounds (Prestige)- Reserved | E32: 12 | F32: MO | G32: =H32/E32 -> 0 | H32: 0
A33: A103 AB | B33: 1503050 | C33: 3.1 | D33: USNO- Improved Grounds (Standard Lawn) | E33: 12 | F33: MO | G33: =H33/E33 -> 0 | H33: 0
A34: A103 AC | B34: 1503050 | C34: 3.1 | D34: USNO- Improved Grounds (Standard Field)- Reserved | E34: 12 | F34: MO | G34: =H34/E34 -> 0 | H34: 0
A35: A103 AD | B35: 1503050 | C35: 3.2 | D35: USNO- Operational Areas- Reserved | E35: 12 | F35: MO | G35: =H35/E35 -> 0 | H35: 0
A36: A103 AE | B36: 1503050 | C36: 3.3 | D36: USNO- Storm Drain Systems-Reserved | E36: 12 | F36: MO | G36: =H36/E36 -> 0 | H36: 0
A37: A103 AF | B37: 1503050 | C37: 3.5 | D37: USNO- Debris Removal | E37: 12 | F37: MO | G37: =H37/E37 -> 0 | H37: 0
A38: A103 AG | B38: 1503050 | C38: 3.6 | D38: USNO- Destructive Weather-Reserved | E38: 12 | F38: MO | G38: =H38/E38 -> 0 | H38: 0
A39: A103 AH | B39: 1503050 | C39: 3.7 | D39: USNO- Interior Plant Maintenance- Reserved | E39: 12 | F39: MO | G39: =H39/E39 -> 0 | H39: 0
D40: Naval Observatory (USNO) (Region Funded) (A103) Subtotal | E40: 12 | F40: MO | G40: =SUM(G32:G39) -> 0 | H40: =SUM(H32:H39) -> 0
A41: A104 | B41: 1503050 | D41: VPR (Quarters A) (Region Funded)- Grounds Maintenance
A42: A104 AA | B42: 1503050 | C42: 3.1 | D42: VPR (Quarters A)- Improved Grounds (Prestige) | E42: 12 | F42: MO | G42: =H42/E42 -> 0 | H42: 0
A43: A104 AB | B43: 1503050 | C43: 3.1 | D43: VPR (Quarters A)- Improved Grounds (Standard Lawn)- Reserved | E43: 12 | F43: MO | G43: =H43/E43 -> 0 | H43: 0
A44: A104 AC | B44: 1503050 | C44: 3.1 | D44: VPR (Quarters A)- Improved Grounds (Standard Field)- Reserved | E44: 12 | F44: MO | G44: =H44/E44 -> 0 | H44: 0
A45: A104 AD | B45: 1503050 | C45: 3.2 | D45: VPR (Quarters A)- Operational Areas- Reserved | E45: 12 | F45: MO | G45: =H45/E45 -> 0 | H45: 0
A46: A104 AE | B46: 1503050 | C46: 3.3 | D46: VPR (Quarters A)- Storm Drain Systems- Reserved | E46: 12 | F46: MO | G46: =H46/E46 -> 0 | H46: 0
A47: A104 AF | B47: 1503050 | C47: 3.5 | D47: VPR (Quarters A)- Debris Removal- Reserved | E47: 12 | F47: MO | G47: =H47/E47 -> 0 | H47: 0
A48: A104 AG | B48: 1503050 | C48: 3.6 | D48: VPR (Quarters A)- Destructive Weather- Reserved | E48: 12 | F48: MO | G48: =H48/E48 -> 0 | H48: 0
A49: A104 AH | B49: 1503050 | C49: 3.7 | D49: VPR (Quarters A)- Interior Plant Maintenance- Reserved | E49: 12 | F49: MO | G49: =H49/E49 -> 0 | H49: 0
D50: VPR (Quarters A) (Region Funded) (A104) Subtotal | E50: 12 | F50: MO | G50: =SUM(G42:G49) -> 0 | H50: =SUM(H42:H49) -> 0
A51: A105 | B51: 1503050 | D51: Naval Research Lab (NRL)- Grounds Maintenance
A52: A105 AA | B52: 1503050 | C52: 3.1 | D52: NRL- Improved Grounds (Prestige) | E52: 12 | F52: MO | G52: =H52/E52 -> 0 | H52: 0
A53: A105 AB | B53: 1503050 | C53: 3.1 | D53: NRL- Improved Grounds (Standard Lawn) | E53: 12 | F53: MO | G53: =H53/E53 -> 0 | H53: 0
A54: A105 AC | B54: 1503050 | C54: 3.1 | D54: NRL- Improved Grounds (Standard Field)- Reserved | E54: 12 | F54: MO | G54: =H54/E54 -> 0 | H54: 0
A55: A105 AD | B55: 1503050 | C55: 3.2 | D55: NRL- Operational Areas | E55: 12 | F55: MO | G55: =H55/E55 -> 0 | H55: 0
A56: A105 AE | B56: 1503050 | C56: 3.3 | D56: NRL- Storm Drain Systems- Reserved | E56: 12 | F56: MO | G56: =H56/E56 -> 0 | H56: 0
A57: A105 AF | B57: 1503050 | C57: 3.5 | D57: NRL- Debris Removal | E57: 12 | F57: MO | G57: =H57/E57 -> 0 | H57: 0
A58: A105 AG | B58: 1503050 | C58: 3.6 | D58: NRL- Destructive Weather- Reserved | E58: 12 | F58: MO | G58: =H58/E58 -> 0 | H58: 0
A59: A105 AH | B59: 1503050 | C59: 3.7 | D59: NRL- Interior Plant Maintenance- Reserved | E59: 12 | F59: MO | G59: =H59/E59 -> 0 | H59: 0
D60: Naval Research Lab (NRL) (A105) Subtotal | E60: 12 | F60: MO | G60: =SUM(G52:G59) -> 0 | H60: =SUM(H52:H59) -> 0
A61: A106 | B61: 1503050 | D61: NSWC Carderock- Grounds Maintenance
A62: A106 AA | B62: 1503050 | C62: 3.1 | D62: NSWC Carderock- Improved Grounds (Prestige) | E62: 12 | F62: MO | G62: =H62/E62 -> 0 | H62: 0
A63: A106 AB | B63: 1503050 | C63: 3.1 | D63: NSWC Carderock- Improved Grounds (Standard Lawn) | E63: 12 | F63: MO | G63: =H63/E63 -> 0 | H63: 0
A64: A106 AC | B64: 1503050 | C64: 3.1 | D64: NSWC Carderock- Improved Grounds (Standard Field)- Reserved | E64: 12 | F64: MO | G64: =H64/E64 -> 0 | H64: 0
A65: A106 AD | B65: 1503050 | C65: 3.2 | D65: NSWC Carderock- Operational Areas | E65: 12 | F65: MO | G65: =H65/E65 -> 0 | H65: 0
A66: A106 AE | B66: 1503050 | C66: 3.3 | D66: NSWC Carderock- Storm Drain Systems | E66: 12 | F66: MO | G66: =H66/E66 -> 0 | H66: 0
A67: A106 AF | B67: 1503050 | C67: 3.5 | D67: NSWC Carderock- Debris Removal | E67: 12 | F67: MO | G67: =H67/E67 -> 0 | H67: 0
A68: A106 AG | B68: 1503050 | C68: 3.6 | D68: NSWC Carderock- Destructive Weather- Reserved | E68: 12 | F68: MO | G68: =H68/E68 -> 0 | H68: 0
A69: A106 AH | B69: 1503050 | C69: 3.7 | D69: NSWC Carderock- Interior Plant Maintenance- Reserved | E69: 12 | F69: MO | G69: =H69/E69 -> 0 | H69: 0
D70: NSWC Carderock (A106) Subtotal | E70: 12 | F70: MO | G70: =SUM(G62:G69) -> 0 | H70: =SUM(H62:H69) -> 0
A71: A107 | B71: 1503050 | D71: Marine Barracks Washington (MBW)- Grounds Maintenance
A72: A107 AA | B72: 1503050 | C72: 3.1 | D72: MBW- Improved Grounds (Prestige) | E72: 12 | F72: MO | G72: =H72/E72 -> 0 | H72: 0
A73: A107 AB | B73: 1503050 | C73: 3.1 | D73: MBW- Improved Grounds (Standard Lawn)- Reserved | E73: 12 | F73: MO | G73: =H73/E73 -> 0 | H73: 0
A74: A107 AC | B74: 1503050 | C74: 3.1 | D74: MBW- Improved Grounds (Standard Field)- Reserved | E74: 12 | F74: MO | G74: =H74/E74 -> 0 | H74: 0
A75: A107 AD | B75: 1503050 | C75: 3.2 | D75: MBW- Operational Areas- Reserved | E75: 12 | F75: MO | G75: =H75/E75 -> 0 | H75: 0
A76: A107 AE | B76: 1503050 | C76: 3.3 | D76: MBW- Storm Drain Systems- Reserved | E76: 12 | F76: MO | G76: =H76/E76 -> 0 | H76: 0
A77: A107 AF | B77: 1503050 | C77: 3.5 | D77: MBW- Debris Removal | E77: 12 | F77: MO | G77: =H77/E77 -> 0 | H77: 0
A78: A107 AG | B78: 1503050 | C78: 3.6 | D78: MBW- Destructive Weather- Reserved | E78: 12 | F78: MO | G78: =H78/E78 -> 0 | H78: 0
A79: A107 AH | B79: 1503050 | C79: 3.7 | D79: MBW- Interior Plant Maintenance- Reserved | E79: 12 | F79: MO | G79: =H79/E79 -> 0 | H79: 0
D80: Marine Barracks Washington (MBW) (A107) Subtotal | E80: 12 | F80: MO | G80: =SUM(G72:G79) -> 0 | H80: =SUM(H72:H79) -> 0
A81: A100 | B81: 1503050 | D81: PWD Washingtion Subtotal | E81: 12 | F81: MO | G81: =G80+G70+G60+G50+G40+G30+G20 -> 0 | H81: =H80+H70+H60+H50+H40+H30+H20 -> 0
A82: A200 | B82: 1503050 | D82: PWD Dahlgren - Grounds Maintenance
A83: A201 | B83: 1503050 | D83: NDW
A84: A201 AA | B84: 1503050 | C84: 3.1 | D84: NDW- Improved Grounds (Prestige) | E84: 12 | F84: MO | G84: =H84/E84 -> 0 | H84: 0
A85: A201 AB | B85: 1503050 | C85: 3.1 | D85: NDW- Improved Grounds (Standard Lawn) | E85: 12 | F85: MO | G85: =H85/E85 -> 0 | H85: 0
A86: A201 AC | B86: 1503050 | C86: 3.1 | D86: NDW- Improved Grounds (Standard Field) | E86: 12 | F86: MO | G86: =H86/E86 -> 0 | H86: 0
A87: A201 AD | B87: 1503050 | C87: 3.2 | D87: NDW- Operational Areas | E87: 12 | F87: MO | G87: =H87/E87 -> 0 | H87: 0
A88: A201 AE | B88: 1503050 | C88: 3.3 | D88: NDW- Storm Drain Systems- Reserved | E88: 12 | F88: MO | G88: =H88/E88 -> 0 | H88: 0
A89: A201 AF | B89: 1503050 | C89: 3.5 | D89: NDW- Debris Removal | E89: 12 | F89: MO | G89: =H89/E89 -> 0 | H89: 0
A90: A201 AG | B90: 1503050 | C90: 3.6 | D90: NDW- Destructive Weather- Reserved | E90: 12 | F90: MO | G90: =H90/E90 -> 0 | H90: 0
A91: A201 AH | B91: 1503050 | C91: 3.7 | D91: NDW- Interior Plant Maintenance- Reserved | E91: 12 | F91: MO | G91: =SUM(G83:G90) -> 0 | H91: =SUM(H83:H90) -> 0
D92: NDW (A201) Subtotal | E92: 12 | F92: MO | G92: 0 | H92: 0
A93: A202 | B93: 1503050 | D93: NSWC
A94: A202 AA | B94: 1503050 | C94: 3.1 | D94: NSWC- Improved Grounds (Prestige)- Reserved | E94: 12 | F94: MO | G94: =H94/E94 -> 0 | H94: 0
A95: A202 AB | B95: 1503050 | C95: 3.1 | D95: NSWC- Improved Grounds (Standard Lawn) | E95: 12 | F95: MO | G95: =H95/E95 -> 0 | H95: 0
A96: A202 AC | B96: 1503050 | C96: 3.1 | D96: NSWC- Improved Grounds (Standard Field) | E96: 12 | F96: MO | G96: =H96/E96 -> 0 | H96: 0
A97: A202 AD | B97: 1503050 | C97: 3.2 | D97: NSWC- Operational Areas | E97: 12 | F97: MO | G97: =H97/E97 -> 0 | H97: 0
A98: A202 AE | B98: 1503050 | C98: 3.3 | D98: NSWC- Storm Drain Systems- Reserved | E98: 12 | F98: MO | G98: =H98/E98 -> 0 | H98: 0
A99: A202 AF | B99: 1503050 | C99: 3.5 | D99: NSWC- Debris Removal | E99: 12 | F99: MO | G99: =H99/E99 -> 0 | H99: 0
A100: A202 AG | B100: 1503050 | C100: 3.6 | D100: NSWC- Destructive Weather- Reserved | E100: 12 | F100: MO | G100: =H100/E100 -> 0 | H100: 0
...

Sheet Base Non-Recurring
C1: Attachment J-0200000-10
C2: Exhibit Line Item Numbers
C3: Solicitation/Contract No.: N40080-25-R-4580
C4: Regional Grounds and Pavement Clearance
A5: Line Item 0002 - Non-Recurring Work - Base Period
A6: Provide Prices for Recurring Work in accordance with Section C, Spec Item 4
A7: ELIN A900 through A1026
A10: ELIN | B10: Product Name (120 Characters) | C10: Description Extended | D10: Estimated Quantity | E10: Unit of Issue | F10: Unit Price | G10: Total Price
A11: A900 | B11: Underbrushing | C11: All brush, weeds, and small trees (3 inches and below in diameter at ground level) shall be cut back to within 1 inch of ground level. Work shall be completed within 10 calendar days. | D11: 10000 | E11: SY | F11: 0 | G11: =D11*F11 -> 0
A12: A901 | B12: Field Mowing | C12: Vegetation shall be mowed in accordance with J-1503050-04. All debris shall be removed upon completion of mowing. Work shall be completed within 20 calendar days. | D12: 500 | E12: AC | F12: 0 | G12: =D12*F12 -> 0
A13: A902 | B13: Special Event Grass Cutting | C13: Grass shall be mowed and trimmed to a uniform height. Clippings and debris shall be removed. Complete all work within 3 calendar days. | D13: 1000 | E13: AC | F13: 0 | G13: =D13*F13 -> 0
A14: A903 | B14: Special Event Edging | C14: Edging to provide a uniform edged cut. All clippings shall be removed. Complete all work within 3 calendar days. | D14: 50000 | E14: LF | F14: 0 | G14: =D14*F14 -> 0
A15: A904 | B15: Special Event Raking | C15: Rake and remove leaves, pine straw and pinecones, limbs, and other debris from the specified area. All debris shall be removed the same day as raked. Work to be completed in 5 calendar days. | D15: 200000 | E15: SY | F15: 0 | G15: =D15*F15 -> 0
A16: A905 | B16: Large Tree and Stump Removal | C16: Remove trees above 18 inches in diameter measured at 4.5 feet above ground level. Remove stumps to 12 inches below ground level and remove roots to 4 inches below level ground extending to six feet from tree. Treat to prevent regrowth. Backfill all excavated holes and replant with the same type of vegetation as surrounding area. Work shall be completed within 10 calendar days. | D16: 100 | E16: EA | F16: 0 | G16: =D16*F16 -> 0
A17: A906 | B17: Medium Tree and Stump Removal | C17: Remove trees 6 to 18 inches in diameter measured at 4.5 feet above ground level. Remove stumps to 12 inches below ground level and remove roots to 4 inches below level ground extending to six feet from tree. Treat to prevent regrowth. Backfill all excavated holes and replant with the same type of vegetation as surrounding area. Work shall be completed within 7 calendar days. | D17: 100 | E17: EA | F17: 0 | G17: =D17*F17 -> 0
A18: A907 | B18: Small Tree and Stump Removal | C18: Remove trees 6 to 18 inches in diameter measured at 4.5 feet above ground level. Remove stumps to 12 inches below ground level and remove roots to 4 inches below level ground extending to six feet from tree. Treat to prevent regrowth. Backfill all excavated holes and replant with the same type of vegetation as surrounding area. Work shall be completed within 7 calendar days. | D18: 100 | E18: EA | F18: 0 | G18: =D18*F18 -> 0
A19: A908 | B19: Large Shrub and Stump Removal | C19: Remove shrubs above 15-gallon and/or above 48 inches high. Remove stumps to 6 inches below ground level and remove all exposed roots. Treat to prevent regrowth. Backfill all excavated holes and replant with the same type of vegetation as surrounding area. | D19: 100 | E19: EA | F19: 0 | G19: =D19*F19 -> 0
A20: A909 | B20: Medium Shrub and Stump Removal | C20: Remove shrubs between 5 and 15-gallon and/or between 18 and 48 inches high. Remove stumps to 6 inches below ground level and remove all exposed roots. Treat to prevent regrowth. Backfill all excavated holes and replant with the same type of vegetation as surrounding area. Shrubs are sized based on the standard growing plant container capacity and plant height above ground level. Work shall be | D20: 200 | E20: EA | F20: 0 | G20: =D20*F20 -> 0
A21: A910 | B21: Small Shrub and Stump Removal | C21: Remove shrubs up to 5-gallon and/or up to 18 inches high. Remove stumps to 6 inches below ground level and remove all exposed roots. Treat to prevent regrowth. Backfill all excavated holes and replant with the same type of vegetation as surrounding area. Shrubs are sized based on the standard growing plant container capacity and plant height above ground level. Work shall be completed within 3 calendar days. | D21: 200 | E21: EA | F21: 0 | G21: =D21*F21 -> 0
A22: A911 | B22: Large Tree Pruning | C22: Prune trees above 15 feet high according to their natural growth characteristics leaving them well shaped and balanced, and to promote proper health and growth. Retain typical growth habit of individual plant with as much height and spread as is practical. Pruning shall be accomplished by or under the guidance of a certified Arborist. Work shall be completed within 1 calendar day. | D22: 25 | E22: EA | F22: 0 | G22: =D22*F22 -> 0
... A135: A1024 | B135: Ice / Snow De-Icing Navy Exchange (Parking Garage, Roads and Sidewalks) | C135: Deicing material(s) shall be evenly placed to the full surface area of roads, parking areas, sidewalks, and building entrances following the cessation of ice/snow precipitation or freezing event. Building entrances include walkways, steps, exterior stairways, and porches. Only Government approved deicing materials shall be used and per manufacturer recommendation. Services provided will be provided in accordance with attachment J-1503060-05(f) Performance Criteria. | D135: 12 | E135: EA | F135: 0 | G135: =D135*F135 -> 0
A136: A1025 | B136: Unit Priced Labor Work - MUST BE NEGOTIATED BY KO | C136: Provide labor to perform all Unit Priced Labor work subject to the Service Contract Act per the scope and delivery schedule specified in the order. A Fixed Burden Rate shall be established and entered in Unit Price column. The existing rate in Unit Price is soley listed for demostration purposes. Unit Price must be adjusted for bid evaluation. Quantities shall not exceed ELIN Total Cost. | D136: =G136-F136 -> 0 | E136: HR | F136: 0 | G136: 0
A137: A1026 | B137: Material Costs- MUST BE NEGOTIATED BY KO | C137: Provide all materials and equipment to perform Unit Priced Labor work per the scope and delivery schedule specified in the order. Use only with ELIN A1027 Material Unit Cost shall be established and entered in Unit Price column. The existing rate in Unit Price is soley listed for demostration purposes. Unit Price must be adjusted for bid evaluation. Quantities shall not exceed ELIN Total Cost. | D137: =G137-F137 -> 0 | E137: EA | F137: 0 | G137: 0
A138: A1027 | B138: Clean Gutters and/or roof drains - NSWC - Indian Head | C138: The Contractor shall clean out drains and gutters. Services shall be performed at NSWC - Indian Head and Stump Neck. | D138: 180000 | E138: LF | F138: 0 | G138: 0
A139: Total Indefinte Quantity Price Base Period (A900 - A1026) | G139: =SUM(G11:G138) -> 0

Sheet Option 1 Recurring 
D1: Attachment J-0200000-10
D2: Exhibit Line Item Numbers
D3: Solicitation/Contract No.: N40080-25-R-4580
D4: Regional Grounds and Pavement Clearance
A5: Line Item 0001 - Recurring Work - Base Period
A6: Provide Prices for Recurring Work in accordance with Section C, Spec Item 3
A7: ELIN/Sub-ELINs B100 through B700
A8: ELIN/ Sub-ELIN | B8: Annex/Sub-annex | C8: Spec Item | D8: Description | E8: Quantity | F8: Unit of Measure | G8: Unit Price | H8: Total Price
A9: 1503050- Grounds Maintenance
A10: B100 | D10: PWD Washingtion
A11: B101 | B11: 1503050 | D11: Washington Navy Yard (WNY)(Region Funded)- Grounds Maintennace
A12: B101 AA | B12: 1503050 | C12: 3.1 | D12: WNY- Improved Grounds (Prestige) | E12: 12 | F12: MO | G12: =H12/E12 -> 0 | H12: 0
A13: B101 AB | B13: 1503050 | C13: 3.1 | D13: WNY- Improved Grounds (Standard Lawn)- Reserved | E13: 12 | F13: MO | G13: =H13/E13 -> 0 | H13: 0
A14: B101 AC | B14: 1503050 | C14: 3.1 | D14: WNY- Improved Grounds (Standard Field)- Reserved | E14: 12 | F14: MO | G14: =H14/E14 -> 0 | H14: 0
A15: B101 AD | B15: 1503050 | C15: 3.2 | D15: WNY- Operational Areas- Reserved | E15: 12 | F15: MO | G15: =H15/E15 -> 0 | H15: 0
A16: B101 AE | B16: 1503050 | C16: 3.3 | D16: WNY- Storm Drain Systems | E16: 12 | F16: MO | G16: =H16/E16 -> 0 | H16: 0
A17: B101 AF | B17: 1503050 | C17: 3.5 | D17: WNY- Debris Removal | E17: 12 | F17: MO | G17: =H17/E17 -> 0 | H17: 0
A18: B101 AG | B18: 1503050 | C18: 3.6 | D18: WNY- Destructive Weather-Reserved | E18: 12 | F18: MO | G18: =H18/E18 -> 0 | H18: 0
A19: B101 AH | B19: 1503050 | C19: 3.7 | D19: WNY- Interior Plant Maintenance-Reserved | E19: 12 | F19: MO | G19: =H19/E19 -> 0 | H19: 0
D20: Washington Navy Yard (WNY)(Regiona Funded) (B101) Subtotal | E20: 12 | F20: MO | G20: =SUM(G12:G19) -> 0 | H20: =SUM(H12:H19) -> 0
A21: B102 | B21: 1503050 | D21: Arlington Service Center (ASC)(Region Funded)- Grounds Maintenance
A22: B102 AA | B22: 1503050 | C22: 3.1 | D22: ASC- Improved Grounds (Prestige)- Reserved | E22: 12 | F22: MO | G22: 0 | H22: 0
A23: B102 AB | B23: 1503050 | C23: 3.1 | D23: ASC- Improved Grounds (Standard Lawn) | E23: 12 | F23: MO | G23: =H23/E23 -> 0 | H23: 0
A24: B102 AC | B24: 1503050 | C24: 3.1 | D24: ASC- Improved Grounds (Standard Field) | E24: 12 | F24: MO | G24: =H24/E24 -> 0 | H24: 0
A25: B102 AD | B25: 1503050 | C25: 3.2 | D25: ASC- Operational Areas- Reserved | E25: 12 | F25: MO | G25: =H25/E25 -> 0 | H25: 0
A26: B102 AE | B26: 1503050 | C26: 3.3 | D26: ASC- Storm Drain Systems- Reserved | E26: 12 | F26: MO | G26: =H26/E26 -> 0 | H26: 0
A27: B102 AF | B27: 1503050 | C27: 3.5 | D27: ASC- Debris Removal | E27: 12 | F27: MO | G27: =H27/E27 -> 0 | H27: 0
A28: B102 AG | B28: 1503050 | C28: 3.6 | D28: ASC- Destructive Weather- Reserved | E28: 12 | F28: MO | G28: =H28/E28 -> 0 | H28: 0
A29: B102 AH | B29: 1503050 | C29: 3.7 | D29: ASC- Interior Plant Maintenance-Reserved | E29: 12 | F29: MO | G29: =H29/E29 -> 0 | H29: 0
D30: Arlington (ASC)(Region Funded) (B102) Subtotal | E30: 12 | F30: MO | G30: =SUM(G22:G29) -> 0 | H30: =SUM(H22:H29) -> 0
A31: B103 | B31: 1503050 | D31: Naval Observatory (USNO) (Region Funded)- Grounds Maintenance
A32: B103 AA | B32: 1503050 | C32: 3.1 | D32: USNO- Improved Grounds (Prestige)- Reserved | E32: 12 | F32: MO | G32: =H32/E32 -> 0 | H32: 0
A33: B103 AB | B33: 1503050 | C33: 3.1 | D33: USNO- Improved Grounds (Standard Lawn) | E33: 12 | F33: MO | G33: =H33/E33 -> 0 | H33: 0
A34: B103 AC | B34: 1503050 | C34: 3.1 | D34: USNO- Improved Grounds (Standard Field)- Reserved | E34: 12 | F34: MO | G34: =H34/E34 -> 0 | H34: 0
A35: B103 AD | B35: 1503050 | C35: 3.2 | D35: USNO- Operational Areas- Reserved | E35: 12 | F35: MO | G35: =H35/E35 -> 0 | H35: 0
A36: B103 AE | B36: 1503050 | C36: 3.3 | D36: USNO- Storm Drain Systems-Reserved | E36: 12 | F36: MO | G36: =H36/E36 -> 0 | H36: 0
A37: B103 AF | B37: 1503050 | C37: 3.5 | D37: USNO- Debris Removal | E37: 12 | F37: MO | G37: =H37/E37 -> 0 | H37: 0
A38: B103 AG | B38: 1503050 | C38: 3.6 | D38: USNO- Destructive Weather-Reserved | E38: 12 | F38: MO | G38: =H38/E38 -> 0 | H38: 0
A39: B103 AH | B39: 1503050 | C39: 3.7 | D39: USNO- Interior Plant Maintenance- Reserved | E39: 12 | F39: MO | G39: =H39/E39 -> 0 | H39: 0
D40: Naval Observatory (USNO) (Region Funded) (B103) Subtotal | E40: 12 | F40: MO | G40: =SUM(G32:G39) -> 0 | H40: =SUM(H32:H39) -> 0
A41: B104 | B41: 1503050 | D41: VPR (Quarters A) (Region Funded)- Grounds Maintenance
A42: B104 AA | B42: 1503050 | C42: 3.1 | D42: VPR (Quarters A)- Improved Grounds (Prestige) | E42: 12 | F42: MO | G42: =H42/E42 -> 0 | H42: 0
A43: B104 AB | B43: 1503050 | C43: 3.1 | D43: VPR (Quarters A)- Improved Grounds (Standard Lawn)- Reserved | E43: 12 | F43: MO | G43: =H43/E43 -> 0 | H43: 0
A44: B104 AC | B44: 1503050 | C44: 3.1 | D44: VPR (Quarters A)- Improved Grounds (Standard Field)- Reserved | E44: 12 | F44: MO | G44: =H44/E44 -> 0 | H44: 0
A45: B104 AD | B45: 1503050 | C45: 3.2 | D45: VPR (Quarters A)- Operational Areas- Reserved | E45: 12 | F45: MO | G45: =H45/E45 -> 0 | H45: 0
A46: B104 AE | B46: 1503050 | C46: 3.3 | D46: VPR (Quarters A)- Storm Drain Systems- Reserved | E46: 12 | F46: MO | G46: =H46/E46 -> 0 | H46: 0
A47: B104 AF | B47: 1503050 | C47: 3.5 | D47: VPR (Quarters A)- Debris Removal- Reserved | E47: 12 | F47: MO | G47: =H47/E47 -> 0 | H47: 0
A48: B104 AG | B48: 1503050 | C48: 3.6 | D48: VPR (Quarters A)- Destructive Weather- Reserved | E48: 12 | F48: MO | G48: =H48/E48 -> 0 | H48: 0
A49: B104 AH | B49: 1503050 | C49: 3.7 | D49: VPR (Quarters A)- Interior Plant Maintenance- Reserved | E49: 12 | F49: MO | G49: =H49/E49 -> 0 | H49: 0
D50: VPR (Quarters A) (Region Funded) (B104) Subtotal | E50: 12 | F50: MO | G50: =SUM(G42:G49) -> 0 | H50: =SUM(H42:H49) -> 0
A51: B105 | B51: 1503050 | D51: Naval Research Lab (NRL)- Grounds Maintenance
A52: B105 AA | B52: 1503050 | C52: 3.1 | D52: NRL- Improved Grounds (Prestige) | E52: 12 | F52: MO | G52: =H52/E52 -> 0 | H52: 0
A53: B105 AB | B53: 1503050 | C53: 3.1 | D53: NRL- Improved Grounds (Standard Lawn) | E53: 12 | F53: MO | G53: =H53/E53 -> 0 | H53: 0
A54: B105 AC | B54: 1503050 | C54: 3.1 | D54: NRL- Improved Grounds (Standard Field)- Reserved | E54: 12 | F54: MO | G54: =H54/E54 -> 0 | H54: 0
A55: B105 AD | B55: 1503050 | C55: 3.2 | D55: NRL- Operational Areas | E55: 12 | F55: MO | G55: =H55/E55 -> 0 | H55: 0
A56: B105 AE | B56: 1503050 | C56: 3.3 | D56: NRL- Storm Drain Systems- Reserved | E56: 12 | F56: MO | G56: =H56/E56 -> 0 | H56: 0
A57: B105 AF | B57: 1503050 | C57: 3.5 | D57: NRL- Debris Removal | E57: 12 | F57: MO | G57: =H57/E57 -> 0 | H57: 0
A58: B105 AG | B58: 1503050 | C58: 3.6 | D58: NRL- Destructive Weather- Reserved | E58: 12 | F58: MO | G58: =H58/E58 -> 0 | H58: 0
A59: B105 AH | B59: 1503050 | C59: 3.7 | D59: NRL- Interior Plant Maintenance- Reserved | E59: 12 | F59: MO | G59: =H59/E59 -> 0 | H59: 0
D60: Naval Research Lab (NRL) (B105) Subtotal | E60: 12 | F60: MO | G60: =SUM(G52:G59) -> 0 | H60: =SUM(H52:H59) -> 0
A61: B106 | B61: 1503050 | D61: NSWC Carderock- Grounds Maintenance
A62: B106 AA | B62: 1503050 | C62: 3.1 | D62: NSWC Carderock- Improved Grounds (Prestige) | E62: 12 | F62: MO | G62: =H62/E62 -> 0 | H62: 0
A63: B106 AB | B63: 1503050 | C63: 3.1 | D63: NSWC Carderock- Improved Grounds (Standard Lawn) | E63: 12 | F63: MO | G63: =H63/E63 -> 0 | H63: 0
A64: B106 AC | B64: 1503050 | C64: 3.1 | D64: NSWC Carderock- Improved Grounds (Standard Field)- Reserved | E64: 12 | F64: MO | G64: =H64/E64 -> 0 | H64: 0
A65: B106 AD | B65: 1503050 | C65: 3.2 | D65: NSWC Carderock- Operational Areas | E65: 12 | F65: MO | G65: =H65/E65 -> 0 | H65: 0
A66: B106 AE | B66: 1503050 | C66: 3.3 | D66: NSWC Carderock- Storm Drain Systems | E66: 12 | F66: MO | G66: =H66/E66 -> 0 | H66: 0
A67: B106 AF | B67: 1503050 | C67: 3.5 | D67: NSWC Carderock- Debris Removal | E67: 12 | F67: MO | G67: =H67/E67 -> 0 | H67: 0
A68: B106 AG | B68: 1503050 | C68: 3.6 | D68: NSWC Carderock- Destructive Weather- Reserved | E68: 12 | F68: MO | G68: =H68/E68 -> 0 | H68: 0
A69: B106 AH | B69: 1503050 | C69: 3.7 | D69: NSWC Carderock- Interior Plant Maintenance- Reserved | E69: 12 | F69: MO | G69: =H69/E69 -> 0 | H69: 0
D70: NSWC Carderock (B106) Subtotal | E70: 12 | F70: MO | G70: =SUM(G62:G69) -> 0 | H70: =SUM(H62:H69) -> 0
A71: B107 | B71: 1503050 | D71: Marine Barracks Washington (MBW)- Grounds Maintenance
A72: B107 AA | B72: 1503050 | C72: 3.1 | D72: MBW- Improved Grounds (Prestige) | E72: 12 | F72: MO | G72: =H72/E72 -> 0 | H72: 0
A73: B107 AB | B73: 1503050 | C73: 3.1 | D73: MBW- Improved Grounds (Standard Lawn)- Reserved | E73: 12 | F73: MO | G73: =H73/E73 -> 0 | H73: 0
A74: B107 AC | B74: 1503050 | C74: 3.1 | D74: MBW- Improved Grounds (Standard Field)- Reserved | E74: 12 | F74: MO | G74: =H74/E74 -> 0 | H74: 0
A75: B107 AD | B75: 1503050 | C75: 3.2 | D75: MBW- Operational Areas- Reserved | E75: 12 | F75: MO | G75: =H75/E75 -> 0 | H75: 0
A76: B107 AE | B76: 1503050 | C76: 3.3 | D76: MBW- Storm Drain Systems- Reserved | E76: 12 | F76: MO | G76: =H76/E76 -> 0 | H76: 0
A77: B107 AF | B77: 1503050 | C77: 3.5 | D77: MBW- Debris Removal | E77: 12 | F77: MO | G77: =H77/E77 -> 0 | H77: 0
A78: B107 AG | B78: 1503050 | C78: 3.6 | D78: MBW- Destructive Weather- Reserved | E78: 12 | F78: MO | G78: =H78/E78 -> 0 | H78: 0
A79: B107 AH | B79: 1503050 | C79: 3.7 | D79: MBW- Interior Plant Maintenance- Reserved | E79: 12 | F79: MO | G79: =H79/E79 -> 0 | H79: 0
D80: Marine Barracks Washington (MBW) (B107) Subtotal | E80: 12 | F80: MO | G80: =SUM(G72:G79) -> 0 | H80: =SUM(H72:H79) -> 0
A81: B100 | B81: 1503050 | D81: PWD Washingtion Subtotal | E81: 12 | F81: MO | G81: =G80+G70+G60+G50+G40+G30+G20 -> 0 | H81: =H80+H70+H60+H50+H40+H30+H20 -> 0
A82: B200 | B82: 1503050 | D82: PWD Dahlgren - Grounds Maintenance
A83: B201 | B83: 1503050 | D83: NDW
A84: B201 AA | B84: 1503050 | C84: 3.1 | D84: NDW- Improved Grounds (Prestige) | E84: 12 | F84: MO | G84: =H84/E84 -> 0 | H84: 0
A85: B201 AB | B85: 1503050 | C85: 3.1 | D85: NDW- Improved Grounds (Standard Lawn) | E85: 12 | F85: MO | G85: =H85/E85 -> 0 | H85: 0
A86: B201 AC | B86: 1503050 | C86: 3.1 | D86: NDW- Improved Grounds (Standard Field) | E86: 12 | F86: MO | G86: =H86/E86 -> 0 | H86: 0
A87: B201 AD | B87: 1503050 | C87: 3.2 | D87: NDW- Operational Areas | E87: 12 | F87: MO | G87: =H87/E87 -> 0 | H87: 0
A88: B201 AE | B88: 1503050 | C88: 3.3 | D88: NDW- Storm Drain Systems- Reserved | E88: 12 | F88: MO | G88: =H88/E88 -> 0 | H88: 0
A89: B201 AF | B89: 1503050 | C89: 3.5 | D89: NDW- Debris Removal | E89: 12 | F89: MO | G89: =H89/E89 -> 0 | H89: 0
A90: B201 AG | B90: 1503050 | C90: 3.6 | D90: NDW- Destructive Weather- Reserved | E90: 12 | F90: MO | G90: =H90/E90 -> 0 | H90: 0
A91: B201 AH | B91: 1503050 | C91: 3.7 | D91: NDW- Interior Plant Maintenance- Reserved | E91: 12 | F91: MO | G91: =SUM(G83:G90) -> 0 | H91: =SUM(H83:H90) -> 0
D92: NDW (B201) Subtotal | E92: 12 | F92: MO | G92: 0 | H92: 0
A93: B202 | B93: 1503050 | D93: NSWC
A94: B202 AA | B94: 1503050 | C94: 3.1 | D94: NSWC- Improved Grounds (Prestige)- Reserved | E94: 12 | F94: MO | G94: =H94/E94 -> 0 | H94: 0
A95: B202 AB | B95: 1503050 | C95: 3.1 | D95: NSWC- Improved Grounds (Standard Lawn) | E95: 12 | F95: MO | G95: =H95/E95 -> 0 | H95: 0
A96: B202 AC | B96: 1503050 | C96: 3.1 | D96: NSWC- Improved Grounds (Standard Field) | E96: 12 | F96: MO | G96: =H96/E96 -> 0 | H96: 0
A97: B202 AD | B97: 1503050 | C97: 3.2 | D97: NSWC- Operational Areas | E97: 12 | F97: MO | G97: =H97/E97 -> 0 | H97: 0
A98: B202 AE | B98: 1503050 | C98: 3.3 | D98: NSWC- Storm Drain Systems- Reserved | E98: 12 | F98: MO | G98: =H98/E98 -> 0 | H98: 0
A99: B202 AF | B99: 1503050 | C99: 3.5 | D99: NSWC- Debris Removal | E99: 12 | F99: MO | G99: =H99/E99 -> 0 | H99: 0
A100: B202 AG | B100: 1503050 | C100: 3.6 | D100: NSWC- Destructive Weather- Reserved | E100: 12 | F100: MO | G100: =H100/E100 -> 0 | H100: 0
...

Sheet Option1 Non-Recurring 
C1: Attachment J-0200000-10
C2: Exhibit Line Item Numbers
C3: Solicitation/Contract No.: N40080-25-R-4580
C4: Regional Grounds and Pavement Clearance
A5: Line Item 0002 - Non-Recurring Work - Option Period 1
A6: Provide Prices for Recurring Work in accordance with Section C, Spec Item 4
A7: ELIN B900 through B1026
A10: ELIN | B10: Product Name (120 Characters) | C10: Description Extended | D10: Estimated Quantity | E10: Unit of Issue | F10: Unit Price | G10: Total Price
A11: B900 | B11: Underbrushing | C11: All brush, weeds, and small trees (3 inches and below in diameter at ground level) shall be cut back to within 1 inch of ground level. Work shall be completed within 10 calendar days. | D11: 10000 | E11: SY | F11: 0 | G11: =D11*F11 -> 0
A12: B901 | B12: Field Mowing | C12: Vegetation shall be mowed in accordance with J-1503050-04. All debris shall be removed upon completion of mowing. Work shall be completed within 20 calendar days. | D12: 500 | E12: AC | F12: 0 | G12: =D12*F12 -> 0
A13: B902 | B13: Special Event Grass Cutting | C13: Grass shall be mowed and trimmed to a uniform height. Clippings and debris shall be removed. Complete all work within 3 calendar days. | D13: 1000 | E13: AC | F13: 0 | G13: =D13*F13 -> 0
A14: B903 | B14: Special Event Edging | C14: Edging to provide a uniform edged cut. All clippings shall be removed. Complete all work within 3 calendar days. | D14: 50000 | E14: LF | F14: 0 | G14: =D14*F14 -> 0
A15: B904 | B15: Special Event Raking | C15: Rake and remove leaves, pine straw and pinecones, limbs, and other debris from the specified area. All debris shall be removed the same day as raked. Work to be completed in 5 calendar days. | D15: 200000 | E15: SY | F15: 0 | G15: =D15*F15 -> 0
A16: B905 | B16: Large Tree and Stump Removal | C16: Remove trees above 18 inches in diameter measured at 4.5 feet above ground level. Remove stumps to 12 inches below ground level and remove roots to 4 inches below level ground extending to six feet from tree. Treat to prevent regrowth. Backfill all excavated holes and replant with the same type of vegetation as surrounding area. Work shall be completed within 10 calendar days. | D16: 100 | E16: EA | F16: 0 | G16: =D16*F16 -> 0
A17: B906 | B17: Medium Tree and Stump Removal | C17: Remove trees 6 to 18 inches in diameter measured at 4.5 feet above ground level. Remove stumps to 12 inches below ground level and remove roots to 4 inches below level ground extending to six feet from tree. Treat to prevent regrowth. Backfill all excavated holes and replant with the same type of vegetation as surrounding area. Work shall be completed within 7 calendar days. | D17: 100 | E17: EA | F17: 0 | G17: =D17*F17 -> 0
A18: B907 | B18: Small Tree and Stump Removal | C18: Remove trees 6 to 18 inches in diameter measured at 4.5 feet above ground level. Remove stumps to 12 inches below ground level and remove roots to 4 inches below level ground extending to six feet from tree. Treat to prevent regrowth. Backfill all excavated holes and replant with the same type of vegetation as surrounding area. Work shall be completed within 7 calendar days. | D18: 100 | E18: EA | F18: 0 | G18: =D18*F18 -> 0
A19: B908 | B19: Large Shrub and Stump Removal | C19: Remove shrubs above 15-gallon and/or above 48 inches high. Remove stumps to 6 inches below ground level and remove all exposed roots. Treat to prevent regrowth. Backfill all excavated holes and replant with the same type of vegetation as surrounding area. | D19: 100 | E19: EA | F19: 0 | G19: =D19*F19 -> 0
A20: B909 | B20: Medium Shrub and Stump Removal | C20: Remove shrubs between 5 and 15-gallon and/or between 18 and 48 inches high. Remove stumps to 6 inches below ground level and remove all exposed roots. Treat to prevent regrowth. Backfill all excavated holes and replant with the same type of vegetation as surrounding area. Shrubs are sized based on the standard growing plant container capacity and plant height above ground level. Work shall be | D20: 200 | E20: EA | F20: 0 | G20: =D20*F20 -> 0
A21: B910 | B21: Small Shrub and Stump Removal | C21: Remove shrubs up to 5-gallon and/or up to 18 inches high. Remove stumps to 6 inches below ground level and remove all exposed roots. Treat to prevent regrowth. Backfill all excavated holes and replant with the same type of vegetation as surrounding area. Shrubs are sized based on the standard growing plant container capacity and plant height above ground level. Work shall be completed within 3 calendar days. | D21: 200 | E21: EA | F21: 0 | G21: =D21*F21 -> 0
A22: B911 | B22: Large Tree Pruning | C22: Prune trees above 15 feet high according to their natural growth characteristics leaving them well shaped and balanced, and to promote proper health and growth. Retain typical growth habit of individual plant with as much height and spread as is practical. Pruning shall be accomplished by or under the guidance of a certified Arborist. Work shall be completed within 1 calendar day. | D22: 25 | E22: EA | F22: 0 | G22: =D22*F22 -> 0
... A135: B1024 | B135: Ice / Snow De-Icing Navy Exchange (Parking Garage, Roads and Sidewalks) | C135: Deicing material(s) shall be evenly placed to the full surface area of roads, parking areas, sidewalks, and building entrances following the cessation of ice/snow precipitation or freezing event. Building entrances include walkways, steps, exterior stairways, and porches. Only Government approved deicing materials shall be used and per manufacturer recommendation. Services provided will be provided in accordance with attachment J-1503060-05(f) Performance Criteria. | D135: 12 | E135: EA | F135: 0 | G135: =D135*F135 -> 0
A136: B1025 | B136: Unit Priced Labor Work - MUST BE NEGOTIATED BY KO | C136: Provide labor to perform all Unit Priced Labor work subject to the Service Contract Act per the scope and delivery schedule specified in the order. A Fixed Burden Rate shall be established and entered in Unit Price column. The existing rate in Unit Price is soley listed for demostration purposes. Unit Price must be adjusted for bid evaluation. Quantities shall not exceed ELIN Total Cost. | D136: =G136-F136 -> 0 | E136: HR | F136: 0 | G136: 0
A137: B1026 | B137: Material Costs- MUST BE NEGOTIATED BY KO | C137: Provide all materials and equipment to perform Unit Priced Labor work per the scope and delivery schedule specified in the order. Use only with ELIN A1027 Material Unit Cost shall be established and entered in Unit Price column. The existing rate in Unit Price is soley listed for demostration purposes. Unit Price must be adjusted for bid evaluation. Quantities shall not exceed ELIN Total Cost. | D137: =G137-F137 -> 0 | E137: EA | F137: 0 | G137: 0
A138: B1027 | B138: Clean Gutters and/or roof drains - NSWC - Indian Head | C138: The Contractor shall clean out drains and gutters. Services shall be performed at NSWC - Indian Head and Stump Neck. | D138: 180000 | E138: LF | F138: 0 | G138: 0
A139: Total Indefinte Quantity Price Option Period 1 (B900 - B1026) | G139: =SUM(G11:G138) -> 0

Sheet Option 2 Recurring
D1: Attachment J-0200000-10
D2: Exhibit Line Item Numbers
D3: Solicitation/Contract No.: N40080-25-R-4580
D4: Regional Grounds and Pavement Clearance
A5: Line Item 0001 - Recurring Work - Base Period
A6: Provide Prices for Recurring Work in accordance with Section C, Spec Item 3
A7: ELIN/Sub-ELINs C100 through C700
A8: ELIN/ Sub-ELIN | B8: Annex/Sub-annex | C8: Spec Item | D8: Description | E8: Quantity | F8: Unit of Measure | G8: Unit Price | H8: Total Price
A9: 1503050- Grounds Maintenance
A10: C100 | D10: PWD Washingtion
A11: C101 | B11: 1503050 | D11: Washington Navy Yard (WNY)(Region Funded)- Grounds Maintennace
A12: C101 AA | B12: 1503050 | C12: 3.1 | D12: WNY- Improved Grounds (Prestige) | E12: 12 | F12: MO | G12: =H12/E12 -> 0 | H12: 0
A13: C101 AB | B13: 1503050 | C13: 3.1 | D13: WNY- Improved Grounds (Standard Lawn)- Reserved | E13: 12 | F13: MO | G13: =H13/E13 -> 0 | H13: 0
A14: C101 AC | B14: 1503050 | C14: 3.1 | D14: WNY- Improved Grounds (Standard Field)- Reserved | E14: 12 | F14: MO | G14: =H14/E14 -> 0 | H14: 0
A15: C101 AD | B15: 1503050 | C15: 3.2 | D15: WNY- Operational Areas- Reserved | E15: 12 | F15: MO | G15: =H15/E15 -> 0 | H15: 0
A16: C101 AE | B16: 1503050 | C16: 3.3 | D16: WNY- Storm Drain Systems | E16: 12 | F16: MO | G16: =H16/E16 -> 0 | H16: 0
A17: C101 AF | B17: 1503050 | C17: 3.5 | D17: WNY- Debris Removal | E17: 12 | F17: MO | G17: =H17/E17 -> 0 | H17: 0
A18: C101 AG | B18: 1503050 | C18: 3.6 | D18: WNY- Destructive Weather-Reserved | E18: 12 | F18: MO | G18: =H18/E18 -> 0 | H18: 0
A19: C101 AH | B19: 1503050 | C19: 3.7 | D19: WNY- Interior Plant Maintenance-Reserved | E19: 12 | F19: MO | G19: =H19/E19 -> 0 | H19: 0
D20: Washington Navy Yard (WNY)(Regiona Funded) (C101) Subtotal | E20: 12 | F20: MO | G20: =SUM(G12:G19) -> 0 | H20: =SUM(H12:H19) -> 0
A21: C102 | B21: 1503050 | D21: Arlington Service Center (ASC)(Region Funded)- Grounds Maintenance
A22: C102 AA | B22: 1503050 | C22: 3.1 | D22: ASC- Improved Grounds (Prestige)- Reserved | E22: 12 | F22: MO | G22: 0 | H22: 0
A23: C102 AB | B23: 1503050 | C23: 3.1 | D23: ASC- Improved Grounds (Standard Lawn) | E23: 12 | F23: MO | G23: =H23/E23 -> 0 | H23: 0
A24: C102 AC | B24: 1503050 | C24: 3.1 | D24: ASC- Improved Grounds (Standard Field) | E24: 12 | F24: MO | G24: =H24/E24 -> 0 | H24: 0
A25: C102 AD | B25: 1503050 | C25: 3.2 | D25: ASC- Operational Areas- Reserved | E25: 12 | F25: MO | G25: =H25/E25 -> 0 | H25: 0
A26: C102 AE | B26: 1503050 | C26: 3.3 | D26: ASC- Storm Drain Systems- Reserved | E26: 12 | F26: MO | G26: =H26/E26 -> 0 | H26: 0
A27: C102 AF | B27: 1503050 | C27: 3.5 | D27: ASC- Debris Removal | E27: 12 | F27: MO | G27: =H27/E27 -> 0 | H27: 0
A28: C102 AG | B28: 1503050 | C28: 3.6 | D28: ASC- Destructive Weather- Reserved | E28: 12 | F28: MO | G28: =H28/E28 -> 0 | H28: 0
A29: C102 AH | B29: 1503050 | C29: 3.7 | D29: ASC- Interior Plant Maintenance-Reserved | E29: 12 | F29: MO | G29: =H29/E29 -> 0 | H29: 0
D30: Arlington (ASC)(Region Funded) (C102) Subtotal | E30: 12 | F30: MO | G30: =SUM(G22:G29) -> 0 | H30: =SUM(H22:H29) -> 0
A31: C103 | B31: 1503050 | D31: Naval Observatory (USNO) (Region Funded)- Grounds Maintenance
A32: C103 AA | B32: 1503050 | C32: 3.1 | D32: USNO- Improved Grounds (Prestige)- Reserved | E32: 12 | F32: MO | G32: =H32/E32 -> 0 | H32: 0
A33: C103 AB | B33: 1503050 | C33: 3.1 | D33: USNO- Improved Grounds (Standard Lawn) | E33: 12 | F33: MO | G33: =H33/E33 -> 0 | H33: 0
A34: C103 AC | B34: 1503050 | C34: 3.1 | D34: USNO- Improved Grounds (Standard Field)- Reserved | E34: 12 | F34: MO | G34: =H34/E34 -> 0 | H34: 0
A35: C103 AD | B35: 1503050 | C35: 3.2 | D35: USNO- Operational Areas- Reserved | E35: 12 | F35: MO | G35: =H35/E35 -> 0 | H35: 0
A36: C103 AE | B36: 1503050 | C36: 3.3 | D36: USNO- Storm Drain Systems-Reserved | E36: 12 | F36: MO | G36: =H36/E36 -> 0 | H36: 0
A37: C103 AF | B37: 1503050 | C37: 3.5 | D37: USNO- Debris Removal | E37: 12 | F37: MO | G37: =H37/E37 -> 0 | H37: 0
A38: C103 AG | B38: 1503050 | C38: 3.6 | D38: USNO- Destructive Weather-Reserved | E38: 12 | F38: MO | G38: =H38/E38 -> 0 | H38: 0
A39: C103 AH | B39: 1503050 | C39: 3.7 | D39: USNO- Interior Plant Maintenance- Reserved | E39: 12 | F39: MO | G39: =H39/E39 -> 0 | H39: 0
D40: Naval Observatory (USNO) (Region Funded) (C103) Subtotal | E40: 12 | F40: MO | G40: =SUM(G32:G39) -> 0 | H40: =SUM(H32:H39) -> 0
A41: C104 | B41: 1503050 | D41: VPR (Quarters A) (Region Funded)- Grounds Maintenance
A42: C104 AA | B42: 1503050 | C42: 3.1 | D42: VPR (Quarters A)- Improved Grounds (Prestige) | E42: 12 | F42: MO | G42: =H42/E42 -> 0 | H42: 0
A43: C104 AB | B43: 1503050 | C43: 3.1 | D43: VPR (Quarters A)- Improved Grounds (Standard Lawn)- Reserved | E43: 12 | F43: MO | G43: =H43/E43 -> 0 | H43: 0
A44: C104 AC | B44: 1503050 | C44: 3.1 | D44: VPR (Quarters A)- Improved Grounds (Standard Field)- Reserved | E44: 12 | F44: MO | G44: =H44/E44 -> 0 | H44: 0
A45: C104 AD | B45: 1503050 | C45: 3.2 | D45: VPR (Quarters A)- Operational Areas- Reserved | E45: 12 | F45: MO | G45: =H45/E45 -> 0 | H45: 0
A46: C104 AE | B46: 1503050 | C46: 3.3 | D46: VPR (Quarters A)- Storm Drain Systems- Reserved | E46: 12 | F46: MO | G46: =H46/E46 -> 0 | H46: 0
A47: C104 AF | B47: 1503050 | C47: 3.5 | D47: VPR (Quarters A)- Debris Removal- Reserved | E47: 12 | F47: MO | G47: =H47/E47 -> 0 | H47: 0
A48: C104 AG | B48: 1503050 | C48: 3.6 | D48: VPR (Quarters A)- Destructive Weather- Reserved | E48: 12 | F48: MO | G48: =H48/E48 -> 0 | H48: 0
A49: C104 AH | B49: 1503050 | C49: 3.7 | D49: VPR (Quarters A)- Interior Plant Maintenance- Reserved | E49: 12 | F49: MO | G49: =H49/E49 -> 0 | H49: 0
D50: VPR (Quarters A) (Region Funded) (C104) Subtotal | E50: 12 | F50: MO | G50: =SUM(G42:G49) -> 0 | H50: =SUM(H42:H49) -> 0
A51: C105 | B51: 1503050 | D51: Naval Research Lab (NRL)- Grounds Maintenance
A52: C105 AA | B52: 1503050 | C52: 3.1 | D52: NRL- Improved Grounds (Prestige) | E52: 12 | F52: MO | G52: =H52/E52 -> 0 | H52: 0
A53: C105 AB | B53: 1503050 | C53: 3.1 | D53: NRL- Improved Grounds (Standard Lawn) | E53: 12 | F53: MO | G53: =H53/E53 -> 0 | H53: 0
A54: C105 AC | B54: 1503050 | C54: 3.1 | D54: NRL- Improved Grounds (Standard Field)- Reserved | E54: 12 | F54: MO | G54: =H54/E54 -> 0 | H54: 0
A55: C105 AD | B55: 1503050 | C55: 3.2 | D55: NRL- Operational Areas | E55: 12 | F55: MO | G55: =H55/E55 -> 0 | H55: 0
A56: C105 AE | B56: 1503050 | C56: 3.3 | D56: NRL- Storm Drain Systems- Reserved | E56: 12 | F56: MO | G56: =H56/E56 -> 0 | H56: 0
A57: C105 AF | B57: 1503050 | C57: 3.5 | D57: NRL- Debris Removal | E57: 12 | F57: MO | G57: =H57/E57 -> 0 | H57: 0
A58: C105 AG | B58: 1503050 | C58: 3.6 | D58: NRL- Destructive Weather- Reserved | E58: 12 | F58: MO | G58: =H58/E58 -> 0 | H58: 0
A59: C105 AH | B59: 1503050 | C59: 3.7 | D59: NRL- Interior Plant Maintenance- Reserved | E59: 12 | F59: MO | G59: =H59/E59 -> 0 | H59: 0
D60: Naval Research Lab (NRL) (C105) Subtotal | E60: 12 | F60: MO | G60: =SUM(G52:G59) -> 0 | H60: =SUM(H52:H59) -> 0
A61: C106 | B61: 1503050 | D61: NSWC Carderock- Grounds Maintenance
A62: C106 AA | B62: 1503050 | C62: 3.1 | D62: NSWC Carderock- Improved Grounds (Prestige) | E62: 12 | F62: MO | G62: =H62/E62 -> 0 | H62: 0
A63: C106 AB | B63: 1503050 | C63: 3.1 | D63: NSWC Carderock- Improved Grounds (Standard Lawn) | E63: 12 | F63: MO | G63: =H63/E63 -> 0 | H63: 0
A64: C106 AC | B64: 1503050 | C64: 3.1 | D64: NSWC Carderock- Improved Grounds (Standard Field)- Reserved | E64: 12 | F64: MO | G64: =H64/E64 -> 0 | H64: 0
A65: C106 AD | B65: 1503050 | C65: 3.2 | D65: NSWC Carderock- Operational Areas | E65: 12 | F65: MO | G65: =H65/E65 -> 0 | H65: 0
A66: C106 AE | B66: 1503050 | C66: 3.3 | D66: NSWC Carderock- Storm Drain Systems | E66: 12 | F66: MO | G66: =H66/E66 -> 0 | H66: 0
A67: C106 AF | B67: 1503050 | C67: 3.5 | D67: NSWC Carderock- Debris Removal | E67: 12 | F67: MO | G67: =H67/E67 -> 0 | H67: 0
A68: C106 AG | B68: 1503050 | C68: 3.6 | D68: NSWC Carderock- Destructive Weather- Reserved | E68: 12 | F68: MO | G68: =H68/E68 -> 0 | H68: 0
A69: C106 AH | B69: 1503050 | C69: 3.7 | D69: NSWC Carderock- Interior Plant Maintenance- Reserved | E69: 12 | F69: MO | G69: =H69/E69 -> 0 | H69: 0
D70: NSWC Carderock (C106) Subtotal | E70: 12 | F70: MO | G70: =SUM(G62:G69) -> 0 | H70: =SUM(H62:H69) -> 0
A71: C107 | B71: 1503050 | D71: Marine Barracks Washington (MBW)- Grounds Maintenance
A72: C107 AA | B72: 1503050 | C72: 3.1 | D72: MBW- Improved Grounds (Prestige) | E72: 12 | F72: MO | G72: =H72/E72 -> 0 | H72: 0
A73: C107 AB | B73: 1503050 | C73: 3.1 | D73: MBW- Improved Grounds (Standard Lawn)- Reserved | E73: 12 | F73: MO | G73: =H73/E73 -> 0 | H73: 0
A74: C107 AC | B74: 1503050 | C74: 3.1 | D74: MBW- Improved Grounds (Standard Field)- Reserved | E74: 12 | F74: MO | G74: =H74/E74 -> 0 | H74: 0
A75: C107 AD | B75: 1503050 | C75: 3.2 | D75: MBW- Operational Areas- Reserved | E75: 12 | F75: MO | G75: =H75/E75 -> 0 | H75: 0
A76: C107 AE | B76: 1503050 | C76: 3.3 | D76: MBW- Storm Drain Systems- Reserved | E76: 12 | F76: MO | G76: =H76/E76 -> 0 | H76: 0
A77: C107 AF | B77: 1503050 | C77: 3.5 | D77: MBW- Debris Removal | E77: 12 | F77: MO | G77: =H77/E77 -> 0 | H77: 0
A78: C107 AG | B78: 1503050 | C78: 3.6 | D78: MBW- Destructive Weather- Reserved | E78: 12 | F78: MO | G78: =H78/E78 -> 0 | H78: 0
A79: C107 AH | B79: 1503050 | C79: 3.7 | D79: MBW- Interior Plant Maintenance- Reserved | E79: 12 | F79: MO | G79: =H79/E79 -> 0 | H79: 0
D80: Marine Barracks Washington (MBW) (C107) Subtotal | E80: 12 | F80: MO | G80: =SUM(G72:G79) -> 0 | H80: =SUM(H72:H79) -> 0
A81: C100 | B81: 1503050 | D81: PWD Washingtion Subtotal | E81: 12 | F81: MO | G81: =G80+G70+G60+G50+G40+G30+G20 -> 0 | H81: =H80+H70+H60+H50+H40+H30+H20 -> 0
A82: C200 | B82: 1503050 | D82: PWD Dahlgren - Grounds Maintenance
A83: C201 | B83: 1503050 | D83: NDW
A84: C201 AA | B84: 1503050 | C84: 3.1 | D84: NDW- Improved Grounds (Prestige) | E84: 12 | F84: MO | G84: =H84/E84 -> 0 | H84: 0
A85: C201 AB | B85: 1503050 | C85: 3.1 | D85: NDW- Improved Grounds (Standard Lawn) | E85: 12 | F85: MO | G85: =H85/E85 -> 0 | H85: 0
A86: C201 AC | B86: 1503050 | C86: 3.1 | D86: NDW- Improved Grounds (Standard Field) | E86: 12 | F86: MO | G86: =H86/E86 -> 0 | H86: 0
A87: C201 AD | B87: 1503050 | C87: 3.2 | D87: NDW- Operational Areas | E87: 12 | F87: MO | G87: =H87/E87 -> 0 | H87: 0
A88: C201 AE | B88: 1503050 | C88: 3.3 | D88: NDW- Storm Drain Systems- Reserved | E88: 12 | F88: MO | G88: =H88/E88 -> 0 | H88: 0
A89: C201 AF | B89: 1503050 | C89: 3.5 | D89: NDW- Debris Removal | E89: 12 | F89: MO | G89: =H89/E89 -> 0 | H89: 0
A90: C201 AG | B90: 1503050 | C90: 3.6 | D90: NDW- Destructive Weather- Reserved | E90: 12 | F90: MO | G90: =H90/E90 -> 0 | H90: 0
A91: C201 AH | B91: 1503050 | C91: 3.7 | D91: NDW- Interior Plant Maintenance- Reserved | E91: 12 | F91: MO | G91: =SUM(G83:G90) -> 0 | H91: =SUM(H83:H90) -> 0
D92: NDW (C201) Subtotal | E92: 12 | F92: MO | G92: 0 | H92: 0
A93: C202 | B93: 1503050 | D93: NSWC
A94: C202 AA | B94: 1503050 | C94: 3.1 | D94: NSWC- Improved Grounds (Prestige)- Reserved | E94: 12 | F94: MO | G94: =H94/E94 -> 0 | H94: 0
A95: C202 AB | B95: 1503050 | C95: 3.1 | D95: NSWC- Improved Grounds (Standard Lawn) | E95: 12 | F95: MO | G95: =H95/E95 -> 0 | H95: 0
A96: C202 AC | B96: 1503050 | C96: 3.1 | D96: NSWC- Improved Grounds (Standard Field) | E96: 12 | F96: MO | G96: =H96/E96 -> 0 | H96: 0
A97: C202 AD | B97: 1503050 | C97: 3.2 | D97: NSWC- Operational Areas | E97: 12 | F97: MO | G97: =H97/E97 -> 0 | H97: 0
A98: C202 AE | B98: 1503050 | C98: 3.3 | D98: NSWC- Storm Drain Systems- Reserved | E98: 12 | F98: MO | G98: =H98/E98 -> 0 | H98: 0
A99: C202 AF | B99: 1503050 | C99: 3.5 | D99: NSWC- Debris Removal | E99: 12 | F99: MO | G99: =H99/E99 -> 0 | H99: 0
A100: C202 AG | B100: 1503050 | C100: 3.6 | D100: NSWC- Destructive Weather- Reserved | E100: 12 | F100: MO | G100: =H100/E100 -> 0 | H100: 0
...

Sheet Option 2 Non-Recurring
C1: Attachment J-0200000-10
C2: Exhibit Line Item Numbers
C3: Solicitation/Contract No.: N40080-25-R-4580
C4: Regional Grounds and Pavement Clearance
A5: Line Item 0002 - Non-Recurring Work - Option Period 2
A6: Provide Prices for Recurring Work in accordance with Section C, Spec Item 4
A7: ELIN C900 through C1026
A10: ELIN | B10: Product Name (120 Characters) | C10: Description Extended | D10: Estimated Quantity | E10: Unit of Issue | F10: Unit Price | G10: Total Price
A11: C900 | B11: Underbrushing | C11: All brush, weeds, and small trees (3 inches and below in diameter at ground level) shall be cut back to within 1 inch of ground level. Work shall be completed within 10 calendar days. | D11: 10000 | E11: SY | F11: 0 | G11: =D11*F11 -> 0
A12: C901 | B12: Field Mowing | C12: Vegetation shall be mowed in accordance with J-1503050-04. All debris shall be removed upon completion of mowing. Work shall be completed within 20 calendar days. | D12: 500 | E12: AC | F12: 0 | G12: =D12*F12 -> 0
A13: C902 | B13: Special Event Grass Cutting | C13: Grass shall be mowed and trimmed to a uniform height. Clippings and debris shall be removed. Complete all work within 3 calendar days. | D13: 1000 | E13: AC | F13: 0 | G13: =D13*F13 -> 0
A14: C903 | B14: Special Event Edging | C14: Edging to provide a uniform edged cut. All clippings shall be removed. Complete all work within 3 calendar days. | D14: 50000 | E14: LF | F14: 0 | G14: =D14*F14 -> 0
A15: C904 | B15: Special Event Raking | C15: Rake and remove leaves, pine straw and pinecones, limbs, and other debris from the specified area. All debris shall be removed the same day as raked. Work to be completed in 5 calendar days. | D15: 200000 | E15: SY | F15: 0 | G15: =D15*F15 -> 0
A16: C905 | B16: Large Tree and Stump Removal | C16: Remove trees above 18 inches in diameter measured at 4.5 feet above ground level. Remove stumps to 12 inches below ground level and remove roots to 4 inches below level ground extending to six feet from tree. Treat to prevent regrowth. Backfill all excavated holes and replant with the same type of vegetation as surrounding area. Work shall be completed within 10 calendar days. | D16: 100 | E16: EA | F16: 0 | G16: =D16*F16 -> 0
A17: C906 | B17: Medium Tree and Stump Removal | C17: Remove trees 6 to 18 inches in diameter measured at 4.5 feet above ground level. Remove stumps to 12 inches below ground level and remove roots to 4 inches below level ground extending to six feet from tree. Treat to prevent regrowth. Backfill all excavated holes and replant with the same type of vegetation as surrounding area. Work shall be completed within 7 calendar days. | D17: 100 | E17: EA | F17: 0 | G17: =D17*F17 -> 0
A18: C907 | B18: Small Tree and Stump Removal | C18: Remove trees 6 to 18 inches in diameter measured at 4.5 feet above ground level. Remove stumps to 12 inches below ground level and remove roots to 4 inches below level ground extending to six feet from tree. Treat to prevent regrowth. Backfill all excavated holes and replant with the same type of vegetation as surrounding area. Work shall be completed within 7 calendar days. | D18: 100 | E18: EA | F18: 0 | G18: =D18*F18 -> 0
A19: C908 | B19: Large Shrub and Stump Removal | C19: Remove shrubs above 15-gallon and/or above 48 inches high. Remove stumps to 6 inches below ground level and remove all exposed roots. Treat to prevent regrowth. Backfill all excavated holes and replant with the same type of vegetation as surrounding area. | D19: 100 | E19: EA | F19: 0 | G19: =D19*F19 -> 0
A20: C909 | B20: Medium Shrub and Stump Removal | C20: Remove shrubs between 5 and 15-gallon and/or between 18 and 48 inches high. Remove stumps to 6 inches below ground level and remove all exposed roots. Treat to prevent regrowth. Backfill all excavated holes and replant with the same type of vegetation as surrounding area. Shrubs are sized based on the standard growing plant container capacity and plant height above ground level. Work shall be | D20: 200 | E20: EA | F20: 0 | G20: =D20*F20 -> 0
A21: C910 | B21: Small Shrub and Stump Removal | C21: Remove shrubs up to 5-gallon and/or up to 18 inches high. Remove stumps to 6 inches below ground level and remove all exposed roots. Treat to prevent regrowth. Backfill all excavated holes and replant with the same type of vegetation as surrounding area. Shrubs are sized based on the standard growing plant container capacity and plant height above ground level. Work shall be completed within 3 calendar days. | D21: 200 | E21: EA | F21: 0 | G21: =D21*F21 -> 0
A22: C911 | B22: Large Tree Pruning | C22: Prune trees above 15 feet high according to their natural growth characteristics leaving them well shaped and balanced, and to promote proper health and growth. Retain typical growth habit of individual plant with as much height and spread as is practical. Pruning shall be accomplished by or under the guidance of a certified Arborist. Work shall be completed within 1 calendar day. | D22: 25 | E22: EA | F22: 0 | G22: =D22*F22 -> 0
... A135: C1024 | B135: Ice / Snow De-Icing Navy Exchange (Parking Garage, Roads and Sidewalks) | C135: Deicing material(s) shall be evenly placed to the full surface area of roads, parking areas, sidewalks, and building entrances following the cessation of ice/snow precipitation or freezing event. Building entrances include walkways, steps, exterior stairways, and porches. Only Government approved deicing materials shall be used and per manufacturer recommendation. Services provided will be provided in accordance with attachment J-1503060-05(f) Performance Criteria. | D135: 12 | E135: EA | F135: 0 | G135: =D135*F135 -> 0
A136: C1025 | B136: Unit Priced Labor Work - MUST BE NEGOTIATED BY KO | C136: Provide labor to perform all Unit Priced Labor work subject to the Service Contract Act per the scope and delivery schedule specified in the order. A Fixed Burden Rate shall be established and entered in Unit Price column. The existing rate in Unit Price is soley listed for demostration purposes. Unit Price must be adjusted for bid evaluation. Quantities shall not exceed ELIN Total Cost. | D136: =G136-F136 -> 0 | E136: HR | F136: 0 | G136: 0
A137: C1026 | B137: Material Costs- MUST BE NEGOTIATED BY KO | C137: Provide all materials and equipment to perform Unit Priced Labor work per the scope and delivery schedule specified in the order. Use only with ELIN A1027 Material Unit Cost shall be established and entered in Unit Price column. The existing rate in Unit Price is soley listed for demostration purposes. Unit Price must be adjusted for bid evaluation. Quantities shall not exceed ELIN Total Cost. | D137: =G137-F137 -> 0 | E137: EA | F137: 0 | G137: 0
A138: C1027 | B138: Clean Gutters and/or roof drains - NSWC - Indian Head | C138: The Contractor shall clean out drains and gutters. Services shall be performed at NSWC - Indian Head and Stump Neck. | D138: 180000 | E138: LF | F138: 0 | G138: 0
A139: Total Indefinte Quantity Price Option Period 2 (C900 - C1026) | G139: =SUM(G11:G138) -> 0

Sheet Option 3 Recurring
D1: Attachment J-0200000-10
D2: Exhibit Line Item Numbers
D3: Solicitation/Contract No.: N40080-25-R-4580
D4: Regional Grounds and Pavement Clearance
A5: Line Item 0001 - Recurring Work - Base Period
A6: Provide Prices for Recurring Work in accordance with Section C, Spec Item 3
A7: ELIN/Sub-ELINs D100 through D700
A8: ELIN/ Sub-ELIN | B8: Annex/Sub-annex | C8: Spec Item | D8: Description | E8: Quantity | F8: Unit of Measure | G8: Unit Price | H8: Total Price
A9: 1503050- Grounds Maintenance
A10: D100 | D10: PWD Washingtion
A11: D101 | B11: 1503050 | D11: Washington Navy Yard (WNY)(Region Funded)- Grounds Maintennace
A12: D101 AA | B12: 1503050 | C12: 3.1 | D12: WNY- Improved Grounds (Prestige) | E12: 12 | F12: MO | G12: =H12/E12 -> 0 | H12: 0
A13: D101 AB | B13: 1503050 | C13: 3.1 | D13: WNY- Improved Grounds (Standard Lawn)- Reserved | E13: 12 | F13: MO | G13: =H13/E13 -> 0 | H13: 0
A14: D101 AC | B14: 1503050 | C14: 3.1 | D14: WNY- Improved Grounds (Standard Field)- Reserved | E14: 12 | F14: MO | G14: =H14/E14 -> 0 | H14: 0
A15: D101 AD | B15: 1503050 | C15: 3.2 | D15: WNY- Operational Areas- Reserved | E15: 12 | F15: MO | G15: =H15/E15 -> 0 | H15: 0
A16: D101 AE | B16: 1503050 | C16: 3.3 | D16: WNY- Storm Drain Systems | E16: 12 | F16: MO | G16: =H16/E16 -> 0 | H16: 0
A17: D101 AF | B17: 1503050 | C17: 3.5 | D17: WNY- Debris Removal | E17: 12 | F17: MO | G17: =H17/E17 -> 0 | H17: 0
A18: D101 AG | B18: 1503050 | C18: 3.6 | D18: WNY- Destructive Weather-Reserved | E18: 12 | F18: MO | G18: =H18/E18 -> 0 | H18: 0
A19: D101 AH | B19: 1503050 | C19: 3.7 | D19: WNY- Interior Plant Maintenance-Reserved | E19: 12 | F19: MO | G19: =H19/E19 -> 0 | H19: 0
D20: Washington Navy Yard (WNY)(Regiona Funded) (D101) Subtotal | E20: 12 | F20: MO | G20: =SUM(G12:G19) -> 0 | H20: =SUM(H12:H19) -> 0
A21: D102 | B21: 1503050 | D21: Arlington Service Center (ASC)(Region Funded)- Grounds Maintenance
A22: D102 AA | B22: 1503050 | C22: 3.1 | D22: ASC- Improved Grounds (Prestige)- Reserved | E22: 12 | F22: MO | G22: 0 | H22: 0
A23: D102 AB | B23: 1503050 | C23: 3.1 | D23: ASC- Improved Grounds (Standard Lawn) | E23: 12 | F23: MO | G23: =H23/E23 -> 0 | H23: 0
A24: D102 AC | B24: 1503050 | C24: 3.1 | D24: ASC- Improved Grounds (Standard Field) | E24: 12 | F24: MO | G24: =H24/E24 -> 0 | H24: 0
A25: D102 AD | B25: 1503050 | C25: 3.2 | D25: ASC- Operational Areas- Reserved | E25: 12 | F25: MO | G25: =H25/E25 -> 0 | H25: 0
A26: D102 AE | B26: 1503050 | C26: 3.3 | D26: ASC- Storm Drain Systems- Reserved | E26: 12 | F26: MO | G26: =H26/E26 -> 0 | H26: 0
A27: D102 AF | B27: 1503050 | C27: 3.5 | D27: ASC- Debris Removal | E27: 12 | F27: MO | G27: =H27/E27 -> 0 | H27: 0
A28: D102 AG | B28: 1503050 | C28: 3.6 | D28: ASC- Destructive Weather- Reserved | E28: 12 | F28: MO | G28: =H28/E28 -> 0 | H28: 0
A29: D102 AH | B29: 1503050 | C29: 3.7 | D29: ASC- Interior Plant Maintenance-Reserved | E29: 12 | F29: MO | G29: =H29/E29 -> 0 | H29: 0
D30: Arlington (ASC)(Region Funded) (D102) Subtotal | E30: 12 | F30: MO | G30: =SUM(G22:G29) -> 0 | H30: =SUM(H22:H29) -> 0
A31: D103 | B31: 1503050 | D31: Naval Observatory (USNO) (Region Funded)- Grounds Maintenance
A32: D103 AA | B32: 1503050 | C32: 3.1 | D32: USNO- Improved Grounds (Prestige)- Reserved | E32: 12 | F32: MO | G32: =H32/E32 -> 0 | H32: 0
A33: D103 AB | B33: 1503050 | C33: 3.1 | D33: USNO- Improved Grounds (Standard Lawn) | E33: 12 | F33: MO | G33: =H33/E33 -> 0 | H33: 0
A34: D103 AC | B34: 1503050 | C34: 3.1 | D34: USNO- Improved Grounds (Standard Field)- Reserved | E34: 12 | F34: MO | G34: =H34/E34 -> 0 | H34: 0
A35: D103 AD | B35: 1503050 | C35: 3.2 | D35: USNO- Operational Areas- Reserved | E35: 12 | F35: MO | G35: =H35/E35 -> 0 | H35: 0
A36: D103 AE | B36: 1503050 | C36: 3.3 | D36: USNO- Storm Drain Systems-Reserved | E36: 12 | F36: MO | G36: =H36/E36 -> 0 | H36: 0
A37: D103 AF | B37: 1503050 | C37: 3.5 | D37: USNO- Debris Removal | E37: 12 | F37: MO | G37: =H37/E37 -> 0 | H37: 0
A38: D103 AG | B38: 1503050 | C38: 3.6 | D38: USNO- Destructive Weather-Reserved | E38: 12 | F38: MO | G38: =H38/E38 -> 0 | H38: 0
A39: D103 AH | B39: 1503050 | C39: 3.7 | D39: USNO- Interior Plant Maintenance- Reserved | E39: 12 | F39: MO | G39: =H39/E39 -> 0 | H39: 0
D40: Naval Observatory (USNO) (Region Funded) (D103) Subtotal | E40: 12 | F40: MO | G40: =SUM(G32:G39) -> 0 | H40: =SUM(H32:H39) -> 0
A41: D104 | B41: 1503050 | D41: VPR (Quarters A) (Region Funded)- Grounds Maintenance
A42: D104 AA | B42: 1503050 | C42: 3.1 | D42: VPR (Quarters A)- Improved Grounds (Prestige) | E42: 12 | F42: MO | G42: =H42/E42 -> 0 | H42: 0
A43: D104 AB | B43: 1503050 | C43: 3.1 | D43: VPR (Quarters A)- Improved Grounds (Standard Lawn)- Reserved | E43: 12 | F43: MO | G43: =H43/E43 -> 0 | H43: 0
A44: D104 AC | B44: 1503050 | C44: 3.1 | D44: VPR (Quarters A)- Improved Grounds (Standard Field)- Reserved | E44: 12 | F44: MO | G44: =H44/E44 -> 0 | H44: 0
A45: D104 AD | B45: 1503050 | C45: 3.2 | D45: VPR (Quarters A)- Operational Areas- Reserved | E45: 12 | F45: MO | G45: =H45/E45 -> 0 | H45: 0
A46: D104 AE | B46: 1503050 | C46: 3.3 | D46: VPR (Quarters A)- Storm Drain Systems- Reserved | E46: 12 | F46: MO | G46: =H46/E46 -> 0 | H46: 0
A47: D104 AF | B47: 1503050 | C47: 3.5 | D47: VPR (Quarters A)- Debris Removal- Reserved | E47: 12 | F47: MO | G47: =H47/E47 -> 0 | H47: 0
A48: D104 AG | B48: 1503050 | C48: 3.6 | D48: VPR (Quarters A)- Destructive Weather- Reserved | E48: 12 | F48: MO | G48: =H48/E48 -> 0 | H48: 0
A49: D104 AH | B49: 1503050 | C49: 3.7 | D49: VPR (Quarters A)- Interior Plant Maintenance- Reserved | E49: 12 | F49: MO | G49: =H49/E49 -> 0 | H49: 0
D50: VPR (Quarters A) (Region Funded) (D104) Subtotal | E50: 12 | F50: MO | G50: =SUM(G42:G49) -> 0 | H50: =SUM(H42:H49) -> 0
A51: D105 | B51: 1503050 | D51: Naval Research Lab (NRL)- Grounds Maintenance
A52: D105 AA | B52: 1503050 | C52: 3.1 | D52: NRL- Improved Grounds (Prestige) | E52: 12 | F52: MO | G52: =H52/E52 -> 0 | H52: 0
A53: D105 AB | B53: 1503050 | C53: 3.1 | D53: NRL- Improved Grounds (Standard Lawn) | E53: 12 | F53: MO | G53: =H53/E53 -> 0 | H53: 0
A54: D105 AC | B54: 1503050 | C54: 3.1 | D54: NRL- Improved Grounds (Standard Field)- Reserved | E54: 12 | F54: MO | G54: =H54/E54 -> 0 | H54: 0
A55: D105 AD | B55: 1503050 | C55: 3.2 | D55: NRL- Operational Areas | E55: 12 | F55: MO | G55: =H55/E55 -> 0 | H55: 0
A56: D105 AE | B56: 1503050 | C56: 3.3 | D56: NRL- Storm Drain Systems- Reserved | E56: 12 | F56: MO | G56: =H56/E56 -> 0 | H56: 0
A57: D105 AF | B57: 1503050 | C57: 3.5 | D57: NRL- Debris Removal | E57: 12 | F57: MO | G57: =H57/E57 -> 0 | H57: 0
A58: D105 AG | B58: 1503050 | C58: 3.6 | D58: NRL- Destructive Weather- Reserved | E58: 12 | F58: MO | G58: =H58/E58 -> 0 | H58: 0
A59: D105 AH | B59: 1503050 | C59: 3.7 | D59: NRL- Interior Plant Maintenance- Reserved | E59: 12 | F59: MO | G59: =H59/E59 -> 0 | H59: 0
D60: Naval Research Lab (NRL) (D105) Subtotal | E60: 12 | F60: MO | G60: =SUM(G52:G59) -> 0 | H60: =SUM(H52:H59) -> 0
A61: D106 | B61: 1503050 | D61: NSWC Carderock- Grounds Maintenance
A62: D106 AA | B62: 1503050 | C62: 3.1 | D62: NSWC Carderock- Improved Grounds (Prestige) | E62: 12 | F62: MO | G62: =H62/E62 -> 0 | H62: 0
A63: D106 AB | B63: 1503050 | C63: 3.1 | D63: NSWC Carderock- Improved Grounds (Standard Lawn) | E63: 12 | F63: MO | G63: =H63/E63 -> 0 | H63: 0
A64: D106 AC | B64: 1503050 | C64: 3.1 | D64: NSWC Carderock- Improved Grounds (Standard Field)- Reserved | E64: 12 | F64: MO | G64: =H64/E64 -> 0 | H64: 0
A65: D106 AD | B65: 1503050 | C65: 3.2 | D65: NSWC Carderock- Operational Areas | E65: 12 | F65: MO | G65: =H65/E65 -> 0 | H65: 0
A66: D106 AE | B66: 1503050 | C66: 3.3 | D66: NSWC Carderock- Storm Drain Systems | E66: 12 | F66: MO | G66: =H66/E66 -> 0 | H66: 0
A67: D106 AF | B67: 1503050 | C67: 3.5 | D67: NSWC Carderock- Debris Removal | E67: 12 | F67: MO | G67: =H67/E67 -> 0 | H67: 0
A68: D106 AG | B68: 1503050 | C68: 3.6 | D68: NSWC Carderock- Destructive Weather- Reserved | E68: 12 | F68: MO | G68: =H68/E68 -> 0 | H68: 0
A69: D106 AH | B69: 1503050 | C69: 3.7 | D69: NSWC Carderock- Interior Plant Maintenance- Reserved | E69: 12 | F69: MO | G69: =H69/E69 -> 0 | H69: 0
D70: NSWC Carderock (D106) Subtotal | E70: 12 | F70: MO | G70: =SUM(G62:G69) -> 0 | H70: =SUM(H62:H69) -> 0
A71: D107 | B71: 1503050 | D71: Marine Barracks Washington (MBW)- Grounds Maintenance
A72: D107 AA | B72: 1503050 | C72: 3.1 | D72: MBW- Improved Grounds (Prestige) | E72: 12 | F72: MO | G72: =H72/E72 -> 0 | H72: 0
A73: D107 AB | B73: 1503050 | C73: 3.1 | D73: MBW- Improved Grounds (Standard Lawn)- Reserved | E73: 12 | F73: MO | G73: =H73/E73 -> 0 | H73: 0
A74: D107 AC | B74: 1503050 | C74: 3.1 | D74: MBW- Improved Grounds (Standard Field)- Reserved | E74: 12 | F74: MO | G74: =H74/E74 -> 0 | H74: 0
A75: D107 AD | B75: 1503050 | C75: 3.2 | D75: MBW- Operational Areas- Reserved | E75: 12 | F75: MO | G75: =H75/E75 -> 0 | H75: 0
A76: D107 AE | B76: 1503050 | C76: 3.3 | D76: MBW- Storm Drain Systems- Reserved | E76: 12 | F76: MO | G76: =H76/E76 -> 0 | H76: 0
A77: D107 AF | B77: 1503050 | C77: 3.5 | D77: MBW- Debris Removal | E77: 12 | F77: MO | G77: =H77/E77 -> 0 | H77: 0
A78: D107 AG | B78: 1503050 | C78: 3.6 | D78: MBW- Destructive Weather- Reserved | E78: 12 | F78: MO | G78: =H78/E78 -> 0 | H78: 0
A79: D107 AH | B79: 1503050 | C79: 3.7 | D79: MBW- Interior Plant Maintenance- Reserved | E79: 12 | F79: MO | G79: =H79/E79 -> 0 | H79: 0
D80: Marine Barracks Washington (MBW) (D107) Subtotal | E80: 12 | F80: MO | G80: =SUM(G72:G79) -> 0 | H80: =SUM(H72:H79) -> 0
A81: D100 | B81: 1503050 | D81: PWD Washingtion Subtotal | E81: 12 | F81: MO | G81: =G80+G70+G60+G50+G40+G30+G20 -> 0 | H81: =H80+H70+H60+H50+H40+H30+H20 -> 0
A82: D200 | B82: 1503050 | D82: PWD Dahlgren - Grounds Maintenance
A83: D201 | B83: 1503050 | D83: NDW
A84: D201 AA | B84: 1503050 | C84: 3.1 | D84: NDW- Improved Grounds (Prestige) | E84: 12 | F84: MO | G84: =H84/E84 -> 0 | H84: 0
A85: D201 AB | B85: 1503050 | C85: 3.1 | D85: NDW- Improved Grounds (Standard Lawn) | E85: 12 | F85: MO | G85: =H85/E85 -> 0 | H85: 0
A86: D201 AC | B86: 1503050 | C86: 3.1 | D86: NDW- Improved Grounds (Standard Field) | E86: 12 | F86: MO | G86: =H86/E86 -> 0 | H86: 0
A87: D201 AD | B87: 1503050 | C87: 3.2 | D87: NDW- Operational Areas | E87: 12 | F87: MO | G87: =H87/E87 -> 0 | H87: 0
A88: D201 AE | B88: 1503050 | C88: 3.3 | D88: NDW- Storm Drain Systems- Reserved | E88: 12 | F88: MO | G88: =H88/E88 -> 0 | H88: 0
A89: D201 AF | B89: 1503050 | C89: 3.5 | D89: NDW- Debris Removal | E89: 12 | F89: MO | G89: =H89/E89 -> 0 | H89: 0
A90: D201 AG | B90: 1503050 | C90: 3.6 | D90: NDW- Destructive Weather- Reserved | E90: 12 | F90: MO | G90: =H90/E90 -> 0 | H90: 0
A91: D201 AH | B91: 1503050 | C91: 3.7 | D91: NDW- Interior Plant Maintenance- Reserved | E91: 12 | F91: MO | G91: =SUM(G83:G90) -> 0 | H91: =SUM(H83:H90) -> 0
D92: NDW (D201) Subtotal | E92: 12 | F92: MO | G92: 0 | H92: 0
A93: D202 | B93: 1503050 | D93: NSWC
A94: D202 AA | B94: 1503050 | C94: 3.1 | D94: NSWC- Improved Grounds (Prestige)- Reserved | E94: 12 | F94: MO | G94: =H94/E94 -> 0 | H94: 0
A95: D202 AB | B95: 1503050 | C95: 3.1 | D95: NSWC- Improved Grounds (Standard Lawn) | E95: 12 | F95: MO | G95: =H95/E95 -> 0 | H95: 0
A96: D202 AC | B96: 1503050 | C96: 3.1 | D96: NSWC- Improved Grounds (Standard Field) | E96: 12 | F96: MO | G96: =H96/E96 -> 0 | H96: 0
A97: D202 AD | B97: 1503050 | C97: 3.2 | D97: NSWC- Operational Areas | E97: 12 | F97: MO | G97: =H97/E97 -> 0 | H97: 0
A98: D202 AE | B98: 1503050 | C98: 3.3 | D98: NSWC- Storm Drain Systems- Reserved | E98: 12 | F98: MO | G98: =H98/E98 -> 0 | H98: 0
A99: D202 AF | B99: 1503050 | C99: 3.5 | D99: NSWC- Debris Removal | E99: 12 | F99: MO | G99: =H99/E99 -> 0 | H99: 0
A100: D202 AG | B100: 1503050 | C100: 3.6 | D100: NSWC- Destructive Weather- Reserved | E100: 12 | F100: MO | G100: =H100/E100 -> 0 | H100: 0
...

Sheet Option 3 Non-Recurring
C1: Attachment J-0200000-10
C2: Exhibit Line Item Numbers
C3: Solicitation/Contract No.: N40080-25-R-4580
C4: Regional Grounds and Pavement Clearance
A5: Line Item 0002 - Non-Recurring Work - Option Period 3
A6: Provide Prices for Recurring Work in accordance with Section C, Spec Item 4
A7: ELIN D900 through D1026
A10: ELIN | B10: Product Name (120 Characters) | C10: Description Extended | D10: Estimated Quantity | E10: Unit of Issue | F10: Unit Price | G10: Total Price
A11: D900 | B11: Underbrushing | C11: All brush, weeds, and small trees (3 inches and below in diameter at ground level) shall be cut back to within 1 inch of ground level. Work shall be completed within 10 calendar days. | D11: 10000 | E11: SY | F11: 0 | G11: =D11*F11 -> 0
A12: D901 | B12: Field Mowing | C12: Vegetation shall be mowed in accordance with J-1503050-04. All debris shall be removed upon completion of mowing. Work shall be completed within 20 calendar days. | D12: 500 | E12: AC | F12: 0 | G12: =D12*F12 -> 0
A13: D902 | B13: Special Event Grass Cutting | C13: Grass shall be mowed and trimmed to a uniform height. Clippings and debris shall be removed. Complete all work within 3 calendar days. | D13: 1000 | E13: AC | F13: 0 | G13: =D13*F13 -> 0
A14: D903 | B14: Special Event Edging | C14: Edging to provide a uniform edged cut. All clippings shall be removed. Complete all work within 3 calendar days. | D14: 50000 | E14: LF | F14: 0 | G14: =D14*F14 -> 0
A15: D904 | B15: Special Event Raking | C15: Rake and remove leaves, pine straw and pinecones, limbs, and other debris from the specified area. All debris shall be removed the same day as raked. Work to be completed in 5 calendar days. | D15: 200000 | E15: SY | F15: 0 | G15: =D15*F15 -> 0
A16: D905 | B16: Large Tree and Stump Removal | C16: Remove trees above 18 inches in diameter measured at 4.5 feet above ground level. Remove stumps to 12 inches below ground level and remove roots to 4 inches below level ground extending to six feet from tree. Treat to prevent regrowth. Backfill all excavated holes and replant with the same type of vegetation as surrounding area. Work shall be completed within 10 calendar days. | D16: 100 | E16: EA | F16: 0 | G16: =D16*F16 -> 0
A17: D906 | B17: Medium Tree and Stump Removal | C17: Remove trees 6 to 18 inches in diameter measured at 4.5 feet above ground level. Remove stumps to 12 inches below ground level and remove roots to 4 inches below level ground extending to six feet from tree. Treat to prevent regrowth. Backfill all excavated holes and replant with the same type of vegetation as surrounding area. Work shall be completed within 7 calendar days. | D17: 100 | E17: EA | F17: 0 | G17: =D17*F17 -> 0
A18: D907 | B18: Small Tree and Stump Removal | C18: Remove trees 6 to 18 inches in diameter measured at 4.5 feet above ground level. Remove stumps to 12 inches below ground level and remove roots to 4 inches below level ground extending to six feet from tree. Treat to prevent regrowth. Backfill all excavated holes and replant with the same type of vegetation as surrounding area. Work shall be completed within 7 calendar days. | D18: 100 | E18: EA | F18: 0 | G18: =D18*F18 -> 0
A19: D908 | B19: Large Shrub and Stump Removal | C19: Remove shrubs above 15-gallon and/or above 48 inches high. Remove stumps to 6 inches below ground level and remove all exposed roots. Treat to prevent regrowth. Backfill all excavated holes and replant with the same type of vegetation as surrounding area. | D19: 100 | E19: EA | F19: 0 | G19: =D19*F19 -> 0
A20: D909 | B20: Medium Shrub and Stump Removal | C20: Remove shrubs between 5 and 15-gallon and/or between 18 and 48 inches high. Remove stumps to 6 inches below ground level and remove all exposed roots. Treat to prevent regrowth. Backfill all excavated holes and replant with the same type of vegetation as surrounding area. Shrubs are sized based on the standard growing plant container capacity and plant height above ground level. Work shall be | D20: 200 | E20: EA | F20: 0 | G20: =D20*F20 -> 0
A21: D910 | B21: Small Shrub and Stump Removal | C21: Remove shrubs up to 5-gallon and/or up to 18 inches high. Remove stumps to 6 inches below ground level and remove all exposed roots. Treat to prevent regrowth. Backfill all excavated holes and replant with the same type of vegetation as surrounding area. Shrubs are sized based on the standard growing plant container capacity and plant height above ground level. Work shall be completed within 3 calendar days. | D21: 200 | E21: EA | F21: 0 | G21: =D21*F21 -> 0
A22: D911 | B22: Large Tree Pruning | C22: Prune trees above 15 feet high according to their natural growth characteristics leaving them well shaped and balanced, and to promote proper health and growth. Retain typical growth habit of individual plant with as much height and spread as is practical. Pruning shall be accomplished by or under the guidance of a certified Arborist. Work shall be completed within 1 calendar day. | D22: 25 | E22: EA | F22: 0 | G22: =D22*F22 -> 0
... A135: D1024 | B135: Ice / Snow De-Icing Navy Exchange (Parking Garage, Roads and Sidewalks) | C135: Deicing material(s) shall be evenly placed to the full surface area of roads, parking areas, sidewalks, and building entrances following the cessation of ice/snow precipitation or freezing event. Building entrances include walkways, steps, exterior stairways, and porches. Only Government approved deicing materials shall be used and per manufacturer recommendation. Services provided will be provided in accordance with attachment J-1503060-05(f) Performance Criteria. | D135: 12 | E135: EA | F135: 0 | G135: =D135*F135 -> 0
A136: D1025 | B136: Unit Priced Labor Work - MUST BE NEGOTIATED BY KO | C136: Provide labor to perform all Unit Priced Labor work subject to the Service Contract Act per the scope and delivery schedule specified in the order. A Fixed Burden Rate shall be established and entered in Unit Price column. The existing rate in Unit Price is soley listed for demostration purposes. Unit Price must be adjusted for bid evaluation. Quantities shall not exceed ELIN Total Cost. | D136: =G136-F136 -> 0 | E136: HR | F136: 0 | G136: 0
A137: D1026 | B137: Material Costs- MUST BE NEGOTIATED BY KO | C137: Provide all materials and equipment to perform Unit Priced Labor work per the scope and delivery schedule specified in the order. Use only with ELIN A1027 Material Unit Cost shall be established and entered in Unit Price column. The existing rate in Unit Price is soley listed for demostration purposes. Unit Price must be adjusted for bid evaluation. Quantities shall not exceed ELIN Total Cost. | D137: =G137-F137 -> 0 | E137: EA | F137: 0 | G137: 0
A138: D1027 | B138: Clean Gutters and/or roof drains - NSWC - Indian Head | C138: The Contractor shall clean out drains and gutters. Services shall be performed at NSWC - Indian Head and Stump Neck. | D138: 180000 | E138: LF | F138: 0 | G138: 0
A139: Total Indefinte Quantity Price Option Period 3 (D900 - D1026) | G139: =SUM(G11:G138) -> 0

Sheet Option 4 Recurring
D1: Attachment J-0200000-10
D2: Exhibit Line Item Numbers
D3: Solicitation/Contract No.: N40080-25-R-4580
D4: Regional Grounds and Pavement Clearance
A5: Line Item 0001 - Recurring Work - Base Period
A6: Provide Prices for Recurring Work in accordance with Section C, Spec Item 3
A7: ELIN/Sub-ELINs E100 through E700
A8: ELIN/ Sub-ELIN | B8: Annex/Sub-annex | C8: Spec Item | D8: Description | E8: Quantity | F8: Unit of Measure | G8: Unit Price | H8: Total Price
A9: 1503050- Grounds Maintenance
A10: E100 | D10: PWD Washingtion
A11: E101 | B11: 1503050 | D11: Washington Navy Yard (WNY)(Region Funded)- Grounds Maintennace
A12: E101 AA | B12: 1503050 | C12: 3.1 | D12: WNY- Improved Grounds (Prestige) | E12: 12 | F12: MO | G12: =H12/E12 -> 0 | H12: 0
A13: E101 AB | B13: 1503050 | C13: 3.1 | D13: WNY- Improved Grounds (Standard Lawn)- Reserved | E13: 12 | F13: MO | G13: =H13/E13 -> 0 | H13: 0
A14: E101 AC | B14: 1503050 | C14: 3.1 | D14: WNY- Improved Grounds (Standard Field)- Reserved | E14: 12 | F14: MO | G14: =H14/E14 -> 0 | H14: 0
A15: E101 AD | B15: 1503050 | C15: 3.2 | D15: WNY- Operational Areas- Reserved | E15: 12 | F15: MO | G15: =H15/E15 -> 0 | H15: 0
A16: E101 AE | B16: 1503050 | C16: 3.3 | D16: WNY- Storm Drain Systems | E16: 12 | F16: MO | G16: =H16/E16 -> 0 | H16: 0
A17: E101 AF | B17: 1503050 | C17: 3.5 | D17: WNY- Debris Removal | E17: 12 | F17: MO | G17: =H17/E17 -> 0 | H17: 0
A18: E101 AG | B18: 1503050 | C18: 3.6 | D18: WNY- Destructive Weather-Reserved | E18: 12 | F18: MO | G18: =H18/E18 -> 0 | H18: 0
A19: E101 AH | B19: 1503050 | C19: 3.7 | D19: WNY- Interior Plant Maintenance-Reserved | E19: 12 | F19: MO | G19: =H19/E19 -> 0 | H19: 0
D20: Washington Navy Yard (WNY)(Regiona Funded) (E101) Subtotal | E20: 12 | F20: MO | G20: =SUM(G12:G19) -> 0 | H20: =SUM(H12:H19) -> 0
A21: E102 | B21: 1503050 | D21: Arlington Service Center (ASC)(Region Funded)- Grounds Maintenance
A22: E102 AA | B22: 1503050 | C22: 3.1 | D22: ASC- Improved Grounds (Prestige)- Reserved | E22: 12 | F22: MO | G22: 0 | H22: 0
A23: E102 AB | B23: 1503050 | C23: 3.1 | D23: ASC- Improved Grounds (Standard Lawn) | E23: 12 | F23: MO | G23: =H23/E23 -> 0 | H23: 0
A24: E102 AC | B24: 1503050 | C24: 3.1 | D24: ASC- Improved Grounds (Standard Field) | E24: 12 | F24: MO | G24: =H24/E24 -> 0 | H24: 0
A25: E102 AD | B25: 1503050 | C25: 3.2 | D25: ASC- Operational Areas- Reserved | E25: 12 | F25: MO | G25: =H25/E25 -> 0 | H25: 0
A26: E102 AE | B26: 1503050 | C26: 3.3 | D26: ASC- Storm Drain Systems- Reserved | E26: 12 | F26: MO | G26: =H26/E26 -> 0 | H26: 0
A27: E102 AF | B27: 1503050 | C27: 3.5 | D27: ASC- Debris Removal | E27: 12 | F27: MO | G27: =H27/E27 -> 0 | H27: 0
A28: E102 AG | B28: 1503050 | C28: 3.6 | D28: ASC- Destructive Weather- Reserved | E28: 12 | F28: MO | G28: =H28/E28 -> 0 | H28: 0
A29: E102 AH | B29: 1503050 | C29: 3.7 | D29: ASC- Interior Plant Maintenance-Reserved | E29: 12 | F29: MO | G29: =H29/E29 -> 0 | H29: 0
D30: Arlington (ASC)(Region Funded) (E102) Subtotal | E30: 12 | F30: MO | G30: =SUM(G22:G29) -> 0 | H30: =SUM(H22:H29) -> 0
A31: E103 | B31: 1503050 | D31: Naval Observatory (USNO) (Region Funded)- Grounds Maintenance
A32: E103 AA | B32: 1503050 | C32: 3.1 | D32: USNO- Improved Grounds (Prestige)- Reserved | E32: 12 | F32: MO | G32: =H32/E32 -> 0 | H32: 0
A33: E103 AB | B33: 1503050 | C33: 3.1 | D33: USNO- Improved Grounds (Standard Lawn) | E33: 12 | F33: MO | G33: =H33/E33 -> 0 | H33: 0
A34: E103 AC | B34: 1503050 | C34: 3.1 | D34: USNO- Improved Grounds (Standard Field)- Reserved | E34: 12 | F34: MO | G34: =H34/E34 -> 0 | H34: 0
A35: E103 AD | B35: 1503050 | C35: 3.2 | D35: USNO- Operational Areas- Reserved | E35: 12 | F35: MO | G35: =H35/E35 -> 0 | H35: 0
A36: E103 AE | B36: 1503050 | C36: 3.3 | D36: USNO- Storm Drain Systems-Reserved | E36: 12 | F36: MO | G36: =H36/E36 -> 0 | H36: 0
A37: E103 AF | B37: 1503050 | C37: 3.5 | D37: USNO- Debris Removal | E37: 12 | F37: MO | G37: =H37/E37 -> 0 | H37: 0
A38: E103 AG | B38: 1503050 | C38: 3.6 | D38: USNO- Destructive Weather-Reserved | E38: 12 | F38: MO | G38: =H38/E38 -> 0 | H38: 0
A39: E103 AH | B39: 1503050 | C39: 3.7 | D39: USNO- Interior Plant Maintenance- Reserved | E39: 12 | F39: MO | G39: =H39/E39 -> 0 | H39: 0
D40: Naval Observatory (USNO) (Region Funded) (E103) Subtotal | E40: 12 | F40: MO | G40: =SUM(G32:G39) -> 0 | H40: =SUM(H32:H39) -> 0
A41: E104 | B41: 1503050 | D41: VPR (Quarters A) (Region Funded)- Grounds Maintenance
A42: E104 AA | B42: 1503050 | C42: 3.1 | D42: VPR (Quarters A)- Improved Grounds (Prestige) | E42: 12 | F42: MO | G42: =H42/E42 -> 0 | H42: 0
A43: E104 AB | B43: 1503050 | C43: 3.1 | D43: VPR (Quarters A)- Improved Grounds (Standard Lawn)- Reserved | E43: 12 | F43: MO | G43: =H43/E43 -> 0 | H43: 0
A44: E104 AC | B44: 1503050 | C44: 3.1 | D44: VPR (Quarters A)- Improved Grounds (Standard Field)- Reserved | E44: 12 | F44: MO | G44: =H44/E44 -> 0 | H44: 0
A45: E104 AD | B45: 1503050 | C45: 3.2 | D45: VPR (Quarters A)- Operational Areas- Reserved | E45: 12 | F45: MO | G45: =H45/E45 -> 0 | H45: 0
A46: E104 AE | B46: 1503050 | C46: 3.3 | D46: VPR (Quarters A)- Storm Drain Systems- Reserved | E46: 12 | F46: MO | G46: =H46/E46 -> 0 | H46: 0
A47: E104 AF | B47: 1503050 | C47: 3.5 | D47: VPR (Quarters A)- Debris Removal- Reserved | E47: 12 | F47: MO | G47: =H47/E47 -> 0 | H47: 0
A48: E104 AG | B48: 1503050 | C48: 3.6 | D48: VPR (Quarters A)- Destructive Weather- Reserved | E48: 12 | F48: MO | G48: =H48/E48 -> 0 | H48: 0
A49: E104 AH | B49: 1503050 | C49: 3.7 | D49: VPR (Quarters A)- Interior Plant Maintenance- Reserved | E49: 12 | F49: MO | G49: =H49/E49 -> 0 | H49: 0
D50: VPR (Quarters A) (Region Funded) (E104) Subtotal | E50: 12 | F50: MO | G50: =SUM(G42:G49) -> 0 | H50: =SUM(H42:H49) -> 0
A51: E105 | B51: 1503050 | D51: Naval Research Lab (NRL)- Grounds Maintenance
A52: E105 AA | B52: 1503050 | C52: 3.1 | D52: NRL- Improved Grounds (Prestige) | E52: 12 | F52: MO | G52: =H52/E52 -> 0 | H52: 0
A53: E105 AB | B53: 1503050 | C53: 3.1 | D53: NRL- Improved Grounds (Standard Lawn) | E53: 12 | F53: MO | G53: =H53/E53 -> 0 | H53: 0
A54: E105 AC | B54: 1503050 | C54: 3.1 | D54: NRL- Improved Grounds (Standard Field)- Reserved | E54: 12 | F54: MO | G54: =H54/E54 -> 0 | H54: 0
A55: E105 AD | B55: 1503050 | C55: 3.2 | D55: NRL- Operational Areas | E55: 12 | F55: MO | G55: =H55/E55 -> 0 | H55: 0
A56: E105 AE | B56: 1503050 | C56: 3.3 | D56: NRL- Storm Drain Systems- Reserved | E56: 12 | F56: MO | G56: =H56/E56 -> 0 | H56: 0
A57: E105 AF | B57: 1503050 | C57: 3.5 | D57: NRL- Debris Removal | E57: 12 | F57: MO | G57: =H57/E57 -> 0 | H57: 0
A58: E105 AG | B58: 1503050 | C58: 3.6 | D58: NRL- Destructive Weather- Reserved | E58: 12 | F58: MO | G58: =H58/E58 -> 0 | H58: 0
A59: E105 AH | B59: 1503050 | C59: 3.7 | D59: NRL- Interior Plant Maintenance- Reserved | E59: 12 | F59: MO | G59: =H59/E59 -> 0 | H59: 0
D60: Naval Research Lab (NRL) (E105) Subtotal | E60: 12 | F60: MO | G60: =SUM(G52:G59) -> 0 | H60: =SUM(H52:H59) -> 0
A61: E106 | B61: 1503050 | D61: NSWC Carderock- Grounds Maintenance
A62: E106 AA | B62: 1503050 | C62: 3.1 | D62: NSWC Carderock- Improved Grounds (Prestige) | E62: 12 | F62: MO | G62: =H62/E62 -> 0 | H62: 0
A63: E106 AB | B63: 1503050 | C63: 3.1 | D63: NSWC Carderock- Improved Grounds (Standard Lawn) | E63: 12 | F63: MO | G63: =H63/E63 -> 0 | H63: 0
A64: E106 AC | B64: 1503050 | C64: 3.1 | D64: NSWC Carderock- Improved Grounds (Standard Field)- Reserved | E64: 12 | F64: MO | G64: =H64/E64 -> 0 | H64: 0
A65: E106 AD | B65: 1503050 | C65: 3.2 | D65: NSWC Carderock- Operational Areas | E65: 12 | F65: MO | G65: =H65/E65 -> 0 | H65: 0
A66: E106 AE | B66: 1503050 | C66: 3.3 | D66: NSWC Carderock- Storm Drain Systems | E66: 12 | F66: MO | G66: =H66/E66 -> 0 | H66: 0
A67: E106 AF | B67: 1503050 | C67: 3.5 | D67: NSWC Carderock- Debris Removal | E67: 12 | F67: MO | G67: =H67/E67 -> 0 | H67: 0
A68: E106 AG | B68: 1503050 | C68: 3.6 | D68: NSWC Carderock- Destructive Weather- Reserved | E68: 12 | F68: MO | G68: =H68/E68 -> 0 | H68: 0
A69: E106 AH | B69: 1503050 | C69: 3.7 | D69: NSWC Carderock- Interior Plant Maintenance- Reserved | E69: 12 | F69: MO | G69: =H69/E69 -> 0 | H69: 0
D70: NSWC Carderock (E106) Subtotal | E70: 12 | F70: MO | G70: =SUM(G62:G69) -> 0 | H70: =SUM(H62:H69) -> 0
A71: E107 | B71: 1503050 | D71: Marine Barracks Washington (MBW)- Grounds Maintenance
A72: E107 AA | B72: 1503050 | C72: 3.1 | D72: MBW- Improved Grounds (Prestige) | E72: 12 | F72: MO | G72: =H72/E72 -> 0 | H72: 0
A73: E107 AB | B73: 1503050 | C73: 3.1 | D73: MBW- Improved Grounds (Standard Lawn)- Reserved | E73: 12 | F73: MO | G73: =H73/E73 -> 0 | H73: 0
A74: E107 AC | B74: 1503050 | C74: 3.1 | D74: MBW- Improved Grounds (Standard Field)- Reserved | E74: 12 | F74: MO | G74: =H74/E74 -> 0 | H74: 0
A75: E107 AD | B75: 1503050 | C75: 3.2 | D75: MBW- Operational Areas- Reserved | E75: 12 | F75: MO | G75: =H75/E75 -> 0 | H75: 0
A76: E107 AE | B76: 1503050 | C76: 3.3 | D76: MBW- Storm Drain Systems- Reserved | E76: 12 | F76: MO | G76: =H76/E76 -> 0 | H76: 0
A77: E107 AF | B77: 1503050 | C77: 3.5 | D77: MBW- Debris Removal | E77: 12 | F77: MO | G77: =H77/E77 -> 0 | H77: 0
A78: E107 AG | B78: 1503050 | C78: 3.6 | D78: MBW- Destructive Weather- Reserved | E78: 12 | F78: MO | G78: =H78/E78 -> 0 | H78: 0
A79: E107 AH | B79: 1503050 | C79: 3.7 | D79: MBW- Interior Plant Maintenance- Reserved | E79: 12 | F79: MO | G79: =H79/E79 -> 0 | H79: 0
D80: Marine Barracks Washington (MBW) (E107) Subtotal | E80: 12 | F80: MO | G80: =SUM(G72:G79) -> 0 | H80: =SUM(H72:H79) -> 0
A81: E100 | B81: 1503050 | D81: PWD Washingtion Subtotal | E81: 12 | F81: MO | G81: =G80+G70+G60+G50+G40+G30+G20 -> 0 | H81: =H80+H70+H60+H50+H40+H30+H20 -> 0
A82: E200 | B82: 1503050 | D82: PWD Dahlgren - Grounds Maintenance
A83: E201 | B83: 1503050 | D83: NDW
A84: E201 AA | B84: 1503050 | C84: 3.1 | D84: NDW- Improved Grounds (Prestige) | E84: 12 | F84: MO | G84: =H84/E84 -> 0 | H84: 0
A85: E201 AB | B85: 1503050 | C85: 3.1 | D85: NDW- Improved Grounds (Standard Lawn) | E85: 12 | F85: MO | G85: =H85/E85 -> 0 | H85: 0
A86: E201 AC | B86: 1503050 | C86: 3.1 | D86: NDW- Improved Grounds (Standard Field) | E86: 12 | F86: MO | G86: =H86/E86 -> 0 | H86: 0
A87: E201 AD | B87: 1503050 | C87: 3.2 | D87: NDW- Operational Areas | E87: 12 | F87: MO | G87: =H87/E87 -> 0 | H87: 0
A88: E201 AE | B88: 1503050 | C88: 3.3 | D88: NDW- Storm Drain Systems- Reserved | E88: 12 | F88: MO | G88: =H88/E88 -> 0 | H88: 0
A89: E201 AF | B89: 1503050 | C89: 3.5 | D89: NDW- Debris Removal | E89: 12 | F89: MO | G89: =H89/E89 -> 0 | H89: 0
A90: E201 AG | B90: 1503050 | C90: 3.6 | D90: NDW- Destructive Weather- Reserved | E90: 12 | F90: MO | G90: =H90/E90 -> 0 | H90: 0
A91: E201 AH | B91: 1503050 | C91: 3.7 | D91: NDW- Interior Plant Maintenance- Reserved | E91: 12 | F91: MO | G91: =SUM(G83:G90) -> 0 | H91: =SUM(H83:H90) -> 0
D92: NDW (E201) Subtotal | E92: 12 | F92: MO | G92: 0 | H92: 0
A93: E202 | B93: 1503050 | D93: NSWC
A94: E202 AA | B94: 1503050 | C94: 3.1 | D94: NSWC- Improved Grounds (Prestige)- Reserved | E94: 12 | F94: MO | G94: =H94/E94 -> 0 | H94: 0
A95: E202 AB | B95: 1503050 | C95: 3.1 | D95: NSWC- Improved Grounds (Standard Lawn) | E95: 12 | F95: MO | G95: =H95/E95 -> 0 | H95: 0
A96: E202 AC | B96: 1503050 | C96: 3.1 | D96: NSWC- Improved Grounds (Standard Field) | E96: 12 | F96: MO | G96: =H96/E96 -> 0 | H96: 0
A97: E202 AD | B97: 1503050 | C97: 3.2 | D97: NSWC- Operational Areas | E97: 12 | F97: MO | G97: =H97/E97 -> 0 | H97: 0
A98: E202 AE | B98: 1503050 | C98: 3.3 | D98: NSWC- Storm Drain Systems- Reserved | E98: 12 | F98: MO | G98: =H98/E98 -> 0 | H98: 0
A99: E202 AF | B99: 1503050 | C99: 3.5 | D99: NSWC- Debris Removal | E99: 12 | F99: MO | G99: =H99/E99 -> 0 | H99: 0
A100: E202 AG | B100: 1503050 | C100: 3.6 | D100: NSWC- Destructive Weather- Reserved | E100: 12 | F100: MO | G100: =H100/E100 -> 0 | H100: 0
...

Sheet Option 4 Non-Recurring
C1: Attachment J-0200000-10
C2: Exhibit Line Item Numbers
C3: Solicitation/Contract No.: N40080-25-R-4580
C4: Regional Grounds and Pavement Clearance
A5: Line Item 0002 - Non-Recurring Work - Option Period 4
A6: Provide Prices for Recurring Work in accordance with Section C, Spec Item 4
A7: ELIN E900 through E1026
A10: ELIN | B10: Product Name (120 Characters) | C10: Description Extended | D10: Estimated Quantity | E10: Unit of Issue | F10: Unit Price | G10: Total Price
A11: E900 | B11: Underbrushing | C11: All brush, weeds, and small trees (3 inches and below in diameter at ground level) shall be cut back to within 1 inch of ground level. Work shall be completed within 10 calendar days. | D11: 10000 | E11: SY | F11: 0 | G11: =D11*F11 -> 0
A12: E901 | B12: Field Mowing | C12: Vegetation shall be mowed in accordance with J-1503050-04. All debris shall be removed upon completion of mowing. Work shall be completed within 20 calendar days. | D12: 500 | E12: AC | F12: 0 | G12: =D12*F12 -> 0
A13: E902 | B13: Special Event Grass Cutting | C13: Grass shall be mowed and trimmed to a uniform height. Clippings and debris shall be removed. Complete all work within 3 calendar days. | D13: 1000 | E13: AC | F13: 0 | G13: =D13*F13 -> 0
A14: E903 | B14: Special Event Edging | C14: Edging to provide a uniform edged cut. All clippings shall be removed. Complete all work within 3 calendar days. | D14: 50000 | E14: LF | F14: 0 | G14: =D14*F14 -> 0
A15: E904 | B15: Special Event Raking | C15: Rake and remove leaves, pine straw and pinecones, limbs, and other debris from the specified area. All debris shall be removed the same day as raked. Work to be completed in 5 calendar days. | D15: 200000 | E15: SY | F15: 0 | G15: =D15*F15 -> 0
A16: E905 | B16: Large Tree and Stump Removal | C16: Remove trees above 18 inches in diameter measured at 4.5 feet above ground level. Remove stumps to 12 inches below ground level and remove roots to 4 inches below level ground extending to six feet from tree. Treat to prevent regrowth. Backfill all excavated holes and replant with the same type of vegetation as surrounding area. Work shall be completed within 10 calendar days. | D16: 100 | E16: EA | F16: 0 | G16: =D16*F16 -> 0
A17: E906 | B17: Medium Tree and Stump Removal | C17: Remove trees 6 to 18 inches in diameter measured at 4.5 feet above ground level. Remove stumps to 12 inches below ground level and remove roots to 4 inches below level ground extending to six feet from tree. Treat to prevent regrowth. Backfill all excavated holes and replant with the same type of vegetation as surrounding area. Work shall be completed within 7 calendar days. | D17: 100 | E17: EA | F17: 0 | G17: =D17*F17 -> 0
A18: E907 | B18: Small Tree and Stump Removal | C18: Remove trees 6 to 18 inches in diameter measured at 4.5 feet above ground level. Remove stumps to 12 inches below ground level and remove roots to 4 inches below level ground extending to six feet from tree. Treat to prevent regrowth. Backfill all excavated holes and replant with the same type of vegetation as surrounding area. Work shall be completed within 7 calendar days. | D18: 100 | E18: EA | F18: 0 | G18: =D18*F18 -> 0
A19: E908 | B19: Large Shrub and Stump Removal | C19: Remove shrubs above 15-gallon and/or above 48 inches high. Remove stumps to 6 inches below ground level and remove all exposed roots. Treat to prevent regrowth. Backfill all excavated holes and replant with the same type of vegetation as surrounding area. | D19: 100 | E19: EA | F19: 0 | G19: =D19*F19 -> 0
A20: E909 | B20: Medium Shrub and Stump Removal | C20: Remove shrubs between 5 and 15-gallon and/or between 18 and 48 inches high. Remove stumps to 6 inches below ground level and remove all exposed roots. Treat to prevent regrowth. Backfill all excavated holes and replant with the same type of vegetation as surrounding area. Shrubs are sized based on the standard growing plant container capacity and plant height above ground level. Work shall be | D20: 200 | E20: EA | F20: 0 | G20: =D20*F20 -> 0
A21: E910 | B21: Small Shrub and Stump Removal | C21: Remove shrubs up to 5-gallon and/or up to 18 inches high. Remove stumps to 6 inches below ground level and remove all exposed roots. Treat to prevent regrowth. Backfill all excavated holes and replant with the same type of vegetation as surrounding area. Shrubs are sized based on the standard growing plant container capacity and plant height above ground level. Work shall be completed within 3 calendar days. | D21: 200 | E21: EA | F21: 0 | G21: =D21*F21 -> 0
A22: E911 | B22: Large Tree Pruning | C22: Prune trees above 15 feet high according to their natural growth characteristics leaving them well shaped and balanced, and to promote proper health and growth. Retain typical growth habit of individual plant with as much height and spread as is practical. Pruning shall be accomplished by or under the guidance of a certified Arborist. Work shall be completed within 1 calendar day. | D22: 25 | E22: EA | F22: 0 | G22: =D22*F22 -> 0
... A135: E1024 | B135: Ice / Snow De-Icing Navy Exchange (Parking Garage, Roads and Sidewalks) | C135: Deicing material(s) shall be evenly placed to the full surface area of roads, parking areas, sidewalks, and building entrances following the cessation of ice/snow precipitation or freezing event. Building entrances include walkways, steps, exterior stairways, and porches. Only Government approved deicing materials shall be used and per manufacturer recommendation. Services provided will be provided in accordance with attachment J-1503060-05(f) Performance Criteria. | D135: 12 | E135: EA | F135: 0 | G135: =D135*F135 -> 0
A136: E1025 | B136: Unit Priced Labor Work - MUST BE NEGOTIATED BY KO | C136: Provide labor to perform all Unit Priced Labor work subject to the Service Contract Act per the scope and delivery schedule specified in the order. A Fixed Burden Rate shall be established and entered in Unit Price column. The existing rate in Unit Price is soley listed for demostration purposes. Unit Price must be adjusted for bid evaluation. Quantities shall not exceed ELIN Total Cost. | D136: =G136-F136 -> 0 | E136: HR | F136: 0 | G136: 0
A137: E1026 | B137: Material Costs- MUST BE NEGOTIATED BY KO | C137: Provide all materials and equipment to perform Unit Priced Labor work per the scope and delivery schedule specified in the order. Use only with ELIN A1027 Material Unit Cost shall be established and entered in Unit Price column. The existing rate in Unit Price is soley listed for demostration purposes. Unit Price must be adjusted for bid evaluation. Quantities shall not exceed ELIN Total Cost. | D137: =G137-F137 -> 0 | E137: EA | F137: 0 | G137: 0
A138: E1027 | B138: Clean Gutters and/or roof drains - NSWC - Indian Head | C138: The Contractor shall clean out drains and gutters. Services shall be performed at NSWC - Indian Head and Stump Neck. | D138: 180000 | E138: LF | F138: 0 | G138: 0
A139: Total Indefinte Quantity Price Option Period 4 (E900 - E1026) | G139: =SUM(G11:G138) -> 0

Sheet  6 Month Option Recurring 
D1: Attachment J-0200000-10
D2: Exhibit Line Item Numbers
D3: Solicitation/Contract No.: N40080-25-R-4580
D4: Regional Grounds and Pavement Clearance
A5: Line Item 0001 - Recurring Work - Base Period
A6: Provide Prices for Recurring Work in accordance with Section C, Spec Item 3
A7: ELIN/Sub-ELINs F100 through F700
A8: ELIN/ Sub-ELIN | B8: Annex/Sub-annex | C8: Spec Item | D8: Description | E8: Quantity | F8: Unit of Measure | G8: Unit Price | H8: Total Price
A9: 1503050- Grounds Maintenance
A10: F100 | D10: PWD Washingtion
A11: F101 | B11: 1503050 | D11: Washington Navy Yard (WNY)(Region Funded)- Grounds Maintennace
A12: F101 AA | B12: 1503050 | C12: 3.1 | D12: WNY- Improved Grounds (Prestige) | E12: 6 | F12: MO | G12: =H12/E12 -> 0 | H12: 0
A13: F101 AB | B13: 1503050 | C13: 3.1 | D13: WNY- Improved Grounds (Standard Lawn)- Reserved | E13: 6 | F13: MO | G13: =H13/E13 -> 0 | H13: 0
A14: F101 AC | B14: 1503050 | C14: 3.1 | D14: WNY- Improved Grounds (Standard Field)- Reserved | E14: 6 | F14: MO | G14: =H14/E14 -> 0 | H14: 0
A15: F101 AD | B15: 1503050 | C15: 3.2 | D15: WNY- Operational Areas- Reserved | E15: 6 | F15: MO | G15: =H15/E15 -> 0 | H15: 0
A16: F101 AE | B16: 1503050 | C16: 3.3 | D16: WNY- Storm Drain Systems | E16: 6 | F16: MO | G16: =H16/E16 -> 0 | H16: 0
A17: F101 AF | B17: 1503050 | C17: 3.5 | D17: WNY- Debris Removal | E17: 6 | F17: MO | G17: =H17/E17 -> 0 | H17: 0
A18: F101 AG | B18: 1503050 | C18: 3.6 | D18: WNY- Destructive Weather-Reserved | E18: 6 | F18: MO | G18: =H18/E18 -> 0 | H18: 0
A19: F101 AH | B19: 1503050 | C19: 3.7 | D19: WNY- Interior Plant Maintenance-Reserved | E19: 6 | F19: MO | G19: =H19/E19 -> 0 | H19: 0
D20: Washington Navy Yard (WNY)(Regiona Funded) (F101) Subtotal | E20: 6 | F20: MO | G20: =SUM(G12:G19) -> 0 | H20: =SUM(H12:H19) -> 0
A21: F102 | B21: 1503050 | D21: Arlington Service Center (ASC)(Region Funded)- Grounds Maintenance
A22: F102 AA | B22: 1503050 | C22: 3.1 | D22: ASC- Improved Grounds (Prestige)- Reserved | E22: 6 | F22: MO | G22: 0 | H22: 0
A23: F102 AB | B23: 1503050 | C23: 3.1 | D23: ASC- Improved Grounds (Standard Lawn) | E23: 6 | F23: MO | G23: =H23/E23 -> 0 | H23: 0
A24: F102 AC | B24: 1503050 | C24: 3.1 | D24: ASC- Improved Grounds (Standard Field) | E24: 6 | F24: MO | G24: =H24/E24 -> 0 | H24: 0
A25: F102 AD | B25: 1503050 | C25: 3.2 | D25: ASC- Operational Areas- Reserved | E25: 6 | F25: MO | G25: =H25/E25 -> 0 | H25: 0
A26: F102 AE | B26: 1503050 | C26: 3.3 | D26: ASC- Storm Drain Systems- Reserved | E26: 6 | F26: MO | G26: =H26/E26 -> 0 | H26: 0
A27: F102 AF | B27: 1503050 | C27: 3.5 | D27: ASC- Debris Removal | E27: 6 | F27: MO | G27: =H27/E27 -> 0 | H27: 0
A28: F102 AG | B28: 1503050 | C28: 3.6 | D28: ASC- Destructive Weather- Reserved | E28: 6 | F28: MO | G28: =H28/E28 -> 0 | H28: 0
A29: F102 AH | B29: 1503050 | C29: 3.7 | D29: ASC- Interior Plant Maintenance-Reserved | E29: 6 | F29: MO | G29: =H29/E29 -> 0 | H29: 0
D30: Arlington (ASC)(Region Funded) (F102) Subtotal | E30: 6 | F30: MO | G30: =SUM(G22:G29) -> 0 | H30: =SUM(H22:H29) -> 0
A31: F103 | B31: 1503050 | D31: Naval Observatory (USNO) (Region Funded)- Grounds Maintenance
A32: F103 AA | B32: 1503050 | C32: 3.1 | D32: USNO- Improved Grounds (Prestige)- Reserved | E32: 6 | F32: MO | G32: =H32/E32 -> 0 | H32: 0
A33: F103 AB | B33: 1503050 | C33: 3.1 | D33: USNO- Improved Grounds (Standard Lawn) | E33: 6 | F33: MO | G33: =H33/E33 -> 0 | H33: 0
A34: F103 AC | B34: 1503050 | C34: 3.1 | D34: USNO- Improved Grounds (Standard Field)- Reserved | E34: 6 | F34: MO | G34: =H34/E34 -> 0 | H34: 0
A35: F103 AD | B35: 1503050 | C35: 3.2 | D35: USNO- Operational Areas- Reserved | E35: 6 | F35: MO | G35: =H35/E35 -> 0 | H35: 0
A36: F103 AE | B36: 1503050 | C36: 3.3 | D36: USNO- Storm Drain Systems-Reserved | E36: 6 | F36: MO | G36: =H36/E36 -> 0 | H36: 0
A37: F103 AF | B37: 1503050 | C37: 3.5 | D37: USNO- Debris Removal | E37: 6 | F37: MO | G37: =H37/E37 -> 0 | H37: 0
A38: F103 AG | B38: 1503050 | C38: 3.6 | D38: USNO- Destructive Weather-Reserved | E38: 6 | F38: MO | G38: =H38/E38 -> 0 | H38: 0
A39: F103 AH | B39: 1503050 | C39: 3.7 | D39: USNO- Interior Plant Maintenance- Reserved | E39: 6 | F39: MO | G39: =H39/E39 -> 0 | H39: 0
D40: Naval Observatory (USNO) (Region Funded) (F103) Subtotal | E40: 6 | F40: MO | G40: =SUM(G32:G39) -> 0 | H40: =SUM(H32:H39) -> 0
A41: F104 | B41: 1503050 | D41: VPR (Quarters A) (Region Funded)- Grounds Maintenance
A42: F104 AA | B42: 1503050 | C42: 3.1 | D42: VPR (Quarters A)- Improved Grounds (Prestige) | E42: 6 | F42: MO | G42: =H42/E42 -> 0 | H42: 0
A43: F104 AB | B43: 1503050 | C43: 3.1 | D43: VPR (Quarters A)- Improved Grounds (Standard Lawn)- Reserved | E43: 6 | F43: MO | G43: =H43/E43 -> 0 | H43: 0
A44: F104 AC | B44: 1503050 | C44: 3.1 | D44: VPR (Quarters A)- Improved Grounds (Standard Field)- Reserved | E44: 6 | F44: MO | G44: =H44/E44 -> 0 | H44: 0
A45: F104 AD | B45: 1503050 | C45: 3.2 | D45: VPR (Quarters A)- Operational Areas- Reserved | E45: 6 | F45: MO | G45: =H45/E45 -> 0 | H45: 0
A46: F104 AE | B46: 1503050 | C46: 3.3 | D46: VPR (Quarters A)- Storm Drain Systems- Reserved | E46: 6 | F46: MO | G46: =H46/E46 -> 0 | H46: 0
A47: F104 AF | B47: 1503050 | C47: 3.5 | D47: VPR (Quarters A)- Debris Removal- Reserved | E47: 6 | F47: MO | G47: =H47/E47 -> 0 | H47: 0
A48: F104 AG | B48: 1503050 | C48: 3.6 | D48: VPR (Quarters A)- Destructive Weather- Reserved | E48: 6 | F48: MO | G48: =H48/E48 -> 0 | H48: 0
A49: F104 AH | B49: 1503050 | C49: 3.7 | D49: VPR (Quarters A)- Interior Plant Maintenance- Reserved | E49: 6 | F49: MO | G49: =H49/E49 -> 0 | H49: 0
D50: VPR (Quarters A) (Region Funded) (F104) Subtotal | E50: 6 | F50: MO | G50: =SUM(G42:G49) -> 0 | H50: =SUM(H42:H49) -> 0
A51: F105 | B51: 1503050 | D51: Naval Research Lab (NRL)- Grounds Maintenance
A52: F105 AA | B52: 1503050 | C52: 3.1 | D52: NRL- Improved Grounds (Prestige) | E52: 6 | F52: MO | G52: =H52/E52 -> 0 | H52: 0
A53: F105 AB | B53: 1503050 | C53: 3.1 | D53: NRL- Improved Grounds (Standard Lawn) | E53: 6 | F53: MO | G53: =H53/E53 -> 0 | H53: 0
A54: F105 AC | B54: 1503050 | C54: 3.1 | D54: NRL- Improved Grounds (Standard Field)- Reserved | E54: 6 | F54: MO | G54: =H54/E54 -> 0 | H54: 0
A55: F105 AD | B55: 1503050 | C55: 3.2 | D55: NRL- Operational Areas | E55: 6 | F55: MO | G55: =H55/E55 -> 0 | H55: 0
A56: F105 AE | B56: 1503050 | C56: 3.3 | D56: NRL- Storm Drain Systems- Reserved | E56: 6 | F56: MO | G56: =H56/E56 -> 0 | H56: 0
A57: F105 AF | B57: 1503050 | C57: 3.5 | D57: NRL- Debris Removal | E57: 6 | F57: MO | G57: =H57/E57 -> 0 | H57: 0
A58: F105 AG | B58: 1503050 | C58: 3.6 | D58: NRL- Destructive Weather- Reserved | E58: 6 | F58: MO | G58: =H58/E58 -> 0 | H58: 0
A59: F105 AH | B59: 1503050 | C59: 3.7 | D59: NRL- Interior Plant Maintenance- Reserved | E59: 6 | F59: MO | G59: =H59/E59 -> 0 | H59: 0
D60: Naval Research Lab (NRL) (F105) Subtotal | E60: 6 | F60: MO | G60: =SUM(G52:G59) -> 0 | H60: =SUM(H52:H59) -> 0
A61: F106 | B61: 1503050 | D61: NSWC Carderock- Grounds Maintenance
A62: F106 AA | B62: 1503050 | C62: 3.1 | D62: NSWC Carderock- Improved Grounds (Prestige) | E62: 6 | F62: MO | G62: =H62/E62 -> 0 | H62: 0
A63: F106 AB | B63: 1503050 | C63: 3.1 | D63: NSWC Carderock- Improved Grounds (Standard Lawn) | E63: 6 | F63: MO | G63: =H63/E63 -> 0 | H63: 0
A64: F106 AC | B64: 1503050 | C64: 3.1 | D64: NSWC Carderock- Improved Grounds (Standard Field)- Reserved | E64: 6 | F64: MO | G64: =H64/E64 -> 0 | H64: 0
A65: F106 AD | B65: 1503050 | C65: 3.2 | D65: NSWC Carderock- Operational Areas | E65: 6 | F65: MO | G65: =H65/E65 -> 0 | H65: 0
A66: F106 AE | B66: 1503050 | C66: 3.3 | D66: NSWC Carderock- Storm Drain Systems | E66: 6 | F66: MO | G66: =H66/E66 -> 0 | H66: 0
A67: F106 AF | B67: 1503050 | C67: 3.5 | D67: NSWC Carderock- Debris Removal | E67: 6 | F67: MO | G67: =H67/E67 -> 0 | H67: 0
A68: F106 AG | B68: 1503050 | C68: 3.6 | D68: NSWC Carderock- Destructive Weather- Reserved | E68: 6 | F68: MO | G68: =H68/E68 -> 0 | H68: 0
A69: F106 AH | B69: 1503050 | C69: 3.7 | D69: NSWC Carderock- Interior Plant Maintenance- Reserved | E69: 6 | F69: MO | G69: =H69/E69 -> 0 | H69: 0
D70: NSWC Carderock (F106) Subtotal | E70: 6 | F70: MO | G70: =SUM(G62:G69) -> 0 | H70: =SUM(H62:H69) -> 0
A71: F107 | B71: 1503050 | D71: Marine Barracks Washington (MBW)- Grounds Maintenance
A72: F107 AA | B72: 1503050 | C72: 3.1 | D72: MBW- Improved Grounds (Prestige) | E72: 6 | F72: MO | G72: =H72/E72 -> 0 | H72: 0
A73: F107 AB | B73: 1503050 | C73: 3.1 | D73: MBW- Improved Grounds (Standard Lawn)- Reserved | E73: 6 | F73: MO | G73: =H73/E73 -> 0 | H73: 0
A74: F107 AC | B74: 1503050 | C74: 3.1 | D74: MBW- Improved Grounds (Standard Field)- Reserved | E74: 6 | F74: MO | G74: =H74/E74 -> 0 | H74: 0
A75: F107 AD | B75: 1503050 | C75: 3.2 | D75: MBW- Operational Areas- Reserved | E75: 6 | F75: MO | G75: =H75/E75 -> 0 | H75: 0
A76: F107 AE | B76: 1503050 | C76: 3.3 | D76: MBW- Storm Drain Systems- Reserved | E76: 6 | F76: MO | G76: =H76/E76 -> 0 | H76: 0
A77: F107 AF | B77: 1503050 | C77: 3.5 | D77: MBW- Debris Removal | E77: 6 | F77: MO | G77: =H77/E77 -> 0 | H77: 0
A78: F107 AG | B78: 1503050 | C78: 3.6 | D78: MBW- Destructive Weather- Reserved | E78: 6 | F78: MO | G78: =H78/E78 -> 0 | H78: 0
A79: F107 AH | B79: 1503050 | C79: 3.7 | D79: MBW- Interior Plant Maintenance- Reserved | E79: 6 | F79: MO | G79: =H79/E79 -> 0 | H79: 0
D80: Marine Barracks Washington (MBW) (F107) Subtotal | E80: 6 | F80: MO | G80: =SUM(G72:G79) -> 0 | H80: =SUM(H72:H79) -> 0
A81: F100 | B81: 1503050 | D81: PWD Washingtion Subtotal | E81: 6 | F81: MO | G81: =G80+G70+G60+G50+G40+G30+G20 -> 0 | H81: =H80+H70+H60+H50+H40+H30+H20 -> 0
A82: F200 | B82: 1503050 | D82: PWD Dahlgren - Grounds Maintenance
A83: F201 | B83: 1503050 | D83: NDW
A84: F201 AA | B84: 1503050 | C84: 3.1 | D84: NDW- Improved Grounds (Prestige) | E84: 6 | F84: MO | G84: =H84/E84 -> 0 | H84: 0
A85: F201 AB | B85: 1503050 | C85: 3.1 | D85: NDW- Improved Grounds (Standard Lawn) | E85: 6 | F85: MO | G85: =H85/E85 -> 0 | H85: 0
A86: F201 AC | B86: 1503050 | C86: 3.1 | D86: NDW- Improved Grounds (Standard Field) | E86: 6 | F86: MO | G86: =H86/E86 -> 0 | H86: 0
A87: F201 AD | B87: 1503050 | C87: 3.2 | D87: NDW- Operational Areas | E87: 6 | F87: MO | G87: =H87/E87 -> 0 | H87: 0
A88: F201 AE | B88: 1503050 | C88: 3.3 | D88: NDW- Storm Drain Systems- Reserved | E88: 6 | F88: MO | G88: =H88/E88 -> 0 | H88: 0
A89: F201 AF | B89: 1503050 | C89: 3.5 | D89: NDW- Debris Removal | E89: 6 | F89: MO | G89: =H89/E89 -> 0 | H89: 0
A90: F201 AG | B90: 1503050 | C90: 3.6 | D90: NDW- Destructive Weather- Reserved | E90: 6 | F90: MO | G90: =H90/E90 -> 0 | H90: 0
A91: F201 AH | B91: 1503050 | C91: 3.7 | D91: NDW- Interior Plant Maintenance- Reserved | E91: 6 | F91: MO | G91: =SUM(G83:G90) -> 0 | H91: =SUM(H83:H90) -> 0
D92: NDW (F201) Subtotal | E92: 6 | F92: MO | G92: 0 | H92: 0
A93: F202 | B93: 1503050 | D93: NSWC
A94: F202 AA | B94: 1503050 | C94: 3.1 | D94: NSWC- Improved Grounds (Prestige)- Reserved | E94: 6 | F94: MO | G94: =H94/E94 -> 0 | H94: 0
A95: F202 AB | B95: 1503050 | C95: 3.1 | D95: NSWC- Improved Grounds (Standard Lawn) | E95: 6 | F95: MO | G95: =H95/E95 -> 0 | H95: 0
A96: F202 AC | B96: 1503050 | C96: 3.1 | D96: NSWC- Improved Grounds (Standard Field) | E96: 6 | F96: MO | G96: =H96/E96 -> 0 | H96: 0
A97: F202 AD | B97: 1503050 | C97: 3.2 | D97: NSWC- Operational Areas | E97: 6 | F97: MO | G97: =H97/E97 -> 0 | H97: 0
A98: F202 AE | B98: 1503050 | C98: 3.3 | D98: NSWC- Storm Drain Systems- Reserved | E98: 6 | F98: MO | G98: =H98/E98 -> 0 | H98: 0
A99: F202 AF | B99: 1503050 | C99: 3.5 | D99: NSWC- Debris Removal | E99: 6 | F99: MO | G99: =H99/E99 -> 0 | H99: 0
A100: F202 AG | B100: 1503050 | C100: 3.6 | D100: NSWC- Destructive Weather- Reserved | E100: 6 | F100: MO | G100: =H100/E100 -> 0 | H100: 0
...

Sheet 6 Month Option Non-Recurring
C1: Attachment J-0200000-10
C2: Exhibit Line Item Numbers
C3: Solicitation/Contract No.: N40080-25-R-4580
C4: Regional Grounds and Pavement Clearance
A5: Line Item 0002 - Non-Recurring Work - 6 Month Option
A6: Provide Prices for Recurring Work in accordance with Section C, Spec Item 4
A7: ELIN F900 through F1026
A10: ELIN | B10: Product Name (120 Characters) | C10: Description Extended | D10: Estimated Quantity | E10: Unit of Issue | F10: Unit Price | G10: Total Price
A11: F900 | B11: Underbrushing | C11: All brush, weeds, and small trees (3 inches and below in diameter at ground level) shall be cut back to within 1 inch of ground level. Work shall be completed within 10 calendar days. | D11: 5000 | E11: SY | F11: 0 | G11: =D11*F11 -> 0
A12: F901 | B12: Field Mowing | C12: Vegetation shall be mowed in accordance with J-1503050-04. All debris shall be removed upon completion of mowing. Work shall be completed within 20 calendar days. | D12: 250 | E12: AC | F12: 0 | G12: =D12*F12 -> 0
A13: F902 | B13: Special Event Grass Cutting | C13: Grass shall be mowed and trimmed to a uniform height. Clippings and debris shall be removed. Complete all work within 3 calendar days. | D13: 500 | E13: AC | F13: 0 | G13: =D13*F13 -> 0
A14: F903 | B14: Special Event Edging | C14: Edging to provide a uniform edged cut. All clippings shall be removed. Complete all work within 3 calendar days. | D14: 25000 | E14: LF | F14: 0 | G14: =D14*F14 -> 0
A15: F904 | B15: Special Event Raking | C15: Rake and remove leaves, pine straw and pinecones, limbs, and other debris from the specified area. All debris shall be removed the same day as raked. Work to be completed in 5 calendar days. | D15: 100000 | E15: SY | F15: 0 | G15: =D15*F15 -> 0
A16: F905 | B16: Large Tree and Stump Removal | C16: Remove trees above 18 inches in diameter measured at 4.5 feet above ground level. Remove stumps to 12 inches below ground level and remove roots to 4 inches below level ground extending to six feet from tree. Treat to prevent regrowth. Backfill all excavated holes and replant with the same type of vegetation as surrounding area. Work shall be completed within 10 calendar days. | D16: 50 | E16: EA | F16: 0 | G16: =D16*F16 -> 0
A17: F906 | B17: Medium Tree and Stump Removal | C17: Remove trees 6 to 18 inches in diameter measured at 4.5 feet above ground level. Remove stumps to 12 inches below ground level and remove roots to 4 inches below level ground extending to six feet from tree. Treat to prevent regrowth. Backfill all excavated holes and replant with the same type of vegetation as surrounding area. Work shall be completed within 7 calendar days. | D17: 50 | E17: EA | F17: 0 | G17: =D17*F17 -> 0
A18: F907 | B18: Small Tree and Stump Removal | C18: Remove trees 6 to 18 inches in diameter measured at 4.5 feet above ground level. Remove stumps to 12 inches below ground level and remove roots to 4 inches below level ground extending to six feet from tree. Treat to prevent regrowth. Backfill all excavated holes and replant with the same type of vegetation as surrounding area. Work shall be completed within 7 calendar days. | D18: 50 | E18: EA | F18: 0 | G18: =D18*F18 -> 0
A19: F908 | B19: Large Shrub and Stump Removal | C19: Remove shrubs above 15-gallon and/or above 48 inches high. Remove stumps to 6 inches below ground level and remove all exposed roots. Treat to prevent regrowth. Backfill all excavated holes and replant with the same type of vegetation as surrounding area. | D19: 50 | E19: EA | F19: 0 | G19: =D19*F19 -> 0
A20: F909 | B20: Medium Shrub and Stump Removal | C20: Remove shrubs between 5 and 15-gallon and/or between 18 and 48 inches high. Remove stumps to 6 inches below ground level and remove all exposed roots. Treat to prevent regrowth. Backfill all excavated holes and replant with the same type of vegetation as surrounding area. Shrubs are sized based on the standard growing plant container capacity and plant height above ground level. Work shall be | D20: 100 | E20: EA | F20: 0 | G20: =D20*F20 -> 0
A21: F910 | B21: Small Shrub and Stump Removal | C21: Remove shrubs up to 5-gallon and/or up to 18 inches high. Remove stumps to 6 inches below ground level and remove all exposed roots. Treat to prevent regrowth. Backfill all excavated holes and replant with the same type of vegetation as surrounding area. Shrubs are sized based on the standard growing plant container capacity and plant height above ground level. Work shall be completed within 3 calendar days. | D21: 100 | E21: EA | F21: 0 | G21: =D21*F21 -> 0
A22: F911 | B22: Large Tree Pruning | C22: Prune trees above 15 feet high according to their natural growth characteristics leaving them well shaped and balanced, and to promote proper health and growth. Retain typical growth habit of individual plant with as much height and spread as is practical. Pruning shall be accomplished by or under the guidance of a certified Arborist. Work shall be completed within 1 calendar day. | D22: 25 | E22: EA | F22: 0 | G22: =D22*F22 -> 0
... A135: F1024 | B135: Ice / Snow De-Icing Navy Exchange (Parking Garage, Roads and Sidewalks) | C135: Deicing material(s) shall be evenly placed to the full surface area of roads, parking areas, sidewalks, and building entrances following the cessation of ice/snow precipitation or freezing event. Building entrances include walkways, steps, exterior stairways, and porches. Only Government approved deicing materials shall be used and per manufacturer recommendation. Services provided will be provided in accordance with attachment J-1503060-05(f) Performance Criteria. | D135: 6 | E135: EA | F135: 0 | G135: =D135*F135 -> 0
A136: F1025 | B136: Unit Priced Labor Work - MUST BE NEGOTIATED BY KO | C136: Provide labor to perform all Unit Priced Labor work subject to the Service Contract Act per the scope and delivery schedule specified in the order. A Fixed Burden Rate shall be established and entered in Unit Price column. The existing rate in Unit Price is soley listed for demostration purposes. Unit Price must be adjusted for bid evaluation. Quantities shall not exceed ELIN Total Cost. | D136: =G136-F136 -> 0 | E136: HR | F136: 0 | G136: 0
A137: F1026 | B137: Material Costs- MUST BE NEGOTIATED BY KO | C137: Provide all materials and equipment to perform Unit Priced Labor work per the scope and delivery schedule specified in the order. Use only with ELIN A1027 Material Unit Cost shall be established and entered in Unit Price column. The existing rate in Unit Price is soley listed for demostration purposes. Unit Price must be adjusted for bid evaluation. Quantities shall not exceed ELIN Total Cost. | D137: =G137-F137 -> 0 | E137: EA | F137: 0 | G137: 0
A138: F1027 | B138: Clean Gutters and/or roof drains - NSWC - Indian Head | C138: The Contractor shall clean out drains and gutters. Services shall be performed at NSWC - Indian Head and Stump Neck. | D138: 180000 | E138: LF | F138: 0 | G138: 0
A139: Total Indefinte Quantity Price Base Year (F900 - F1026) | G139: =SUM(G11:G138) -> 0

Sheet NAVFAC UOMs
A1: AC | B1: Acre | D1: FR | E1: Frame | G1: PD | H1: Pad
A2: AM | B2: Ampoule | D2: FT | E2: Foot | G2: PG | H2: Package
A3: AT | B3: Assortment | D3: FV | E3: Five | G3: PI | H3: Pillow
A4: AY | B4: Assembly | D4: FY | E4: Fifty | G4: PM | H4: Plate
A5: BA | B5: Ball | D5: GG | E5: Great Gross | G5: PR | H5: Pair
A6: BD | B6: Bundle | D6: GI | E6: Gill | G6: PT | H6: Pint
A7: BE | B7: Bale | D7: GL | E7: Gallon | G7: PX | H7: Pellet
A8: BF | B8: Board Foot | D8: GM | E8: Gram | G8: PZ | H8: Packet
A9: BG | B9: Bag | D9: GN | E9: Grain | G9: QT | H9: Quart
A10: BK | B10: Book | D10: GP | E10: Group | G10: RA | H10: Ration
A11: BL | B11: Barrel | D11: GR | E11: Gross | G11: RD | H11: Round
A12: BO | B12: Bolt | D12: HD | E12: Hundred | G12: RL | H12: Reel
... A46: FD | B46: Fold | D46: OZ | E46: Ounce | G46: YR | H46: Years
