Workbook

Sheet Summary
B1: Period of Performance | C1: Hours | G1: Total CLINS
C2: Total | D2: FFP Labor CLINS | E2: FFP Overtime CLINS | F2: CR ODC CLINS | G2: FFP & CR
A3: Base Year | B3: 2026 - 2027 | C3: ='Base Year'!$C$17 -> 11472 | D3: =SUM('Base Year'!F22:F23) -> 0 | E3: =SUM('Base Year'!F24:F25) -> 0 | F3: =SUM('Base Year'!J13:J15) -> 100668 | G3: =SUM(D3:F3) -> 100668
A4: Option Year 1 | B4: 2027 - 2028 | C4: ='Option 1'!$C$17 -> 11472 | D4: =SUM('Option 1'!F22:F23) -> 0 | E4: =SUM('Option 1'!F24:F25) -> 0 | F4: =SUM('Option 1'!J13:J15) -> 103688 | G4: =SUM(D4:F4) -> 103688
A5: Option Year 2 | B5: 2028 - 2029 | C5: ='Option 2'!$C$17 -> 11472 | D5: =SUM('Option 2'!F22:F23) -> 0 | E5: =SUM('Option 2'!F24:F25) -> 0 | F5: =SUM('Option 2'!J13:J15) -> 106799 | G5: =SUM(D5:F5) -> 106799
A6: Option Year 3 | B6: 2029 - 2030 | C6: ='Option 3'!$C$17 -> 11472 | D6: =SUM('Option 3'!F22:F23) -> 0 | E6: =SUM('Option 3'!F24:F25) -> 0 | F6: =SUM('Option 3'!J13:J15) -> 110002 | G6: =SUM(D6:F6) -> 110002
A7: Option Year 4 | B7: 2030 - 2031 | C7: ='Option 4'!C17 -> 11472 | D7: =SUM('Option 4'!F22:F23) -> 0 | E7: =SUM('Option 4'!F24:F25) -> 0 | F7: =SUM('Option 4'!J13:J15) -> 113302 | G7: =SUM(D7:F7) -> 113302
A8: TOTAL Price | D8: =SUM(D3:D7) -> 0 | E8: =SUM(E3:E7) -> 0 | F8: =SUM(F3:F7) -> 534459 | G8: =SUM(D8:F8) -> 534459
A10: Fringe | B10: ='Base Year'!E2 -> 0
A11: Overhead | B11: ='Base Year'!F2 -> 0
A12: G&A Onsite | B12: ='Base Year'!G2 -> 0
A13: Fee | B13: ='Base Year'!I2 -> 0
A14: Escalation Year | C14: OY1 | D14: OY2 | E14: OY3 | F14: OY4
A15: Escalation
A16: Offeror is responsible for accuracy of all formulas in its submission

Sheet Base Year
A1: Labor Category | B1: FTE | C1: Labor Hours | D1: Labor Rate | E1: Fringe | F1: OH | G1: G&A | H1: Burdened Rate | I1: Fee | J1: Extended
E2: 0 | F2: 0 | G2: 0 | I2: 0
A3: NASNI San Diego
A4: Principal Analyst Task 4.1 | B4: 1 | C4: 1912 | D4: 0 | E4: =D4*$E$2 -> 0 | F4: =(D4+E4)*$F$2 -> 0 | G4: =(D4+E4+F4)*$G$2 -> 0 | H4: =D4+E4+F4+G4 -> 0 | I4: =(C4*H4)*$I$2 -> 0 | J4: =(C4*H4)+I4 -> 0
A5: Principal Analyst Task 4.3 | B5: 1 | C5: 1912 | D5: 0 | E5: =D5*$E$2 -> 0 | F5: =(D5+E5)*$F$2 -> 0 | G5: =(D5+E5+F5)*$G$2 -> 0 | H5: =D5+E5+F5+G5 -> 0 | I5: =(C5*H5)*$I$2 -> 0 | J5: =(C5*H5)+I5 -> 0
A6: Principal Analyst Task 4.6 | B6: 1 | C6: 1912 | D6: 0 | E6: =D6*$E$2 -> 0 | F6: =(D6+E6)*$F$2 -> 0 | G6: =(D6+E6+F6)*$G$2 -> 0 | H6: =D6+E6+F6+G6 -> 0 | I6: =(C6*H6)*$I$2 -> 0 | J6: =(C6*H6)+I6 -> 0
A7: NAS Norfolk
A8: Principal Analyst Task 4.2 | B8: 1 | C8: 1912 | D8: 0 | E8: =D8*$E$2 -> 0 | F8: =(D8+E8)*$F$2 -> 0 | G8: =(D8+E8+F8)*$G$2 -> 0 | H8: =D8+E8+F8+G8 -> 0 | I8: =(C8*H8)*$I$2 -> 0 | J8: =(C8*H8)+I8 -> 0
A9: Principal Analyst Task 4.4 | B9: 1 | C9: 1912 | D9: 0 | E9: =D9*$E$2 -> 0 | F9: =(D9+E9)*$F$2 -> 0 | G9: =(D9+E9+F9)*$G$2 -> 0 | H9: =D9+E9+F9+G9 -> 0 | I9: =(C9*H9)*$I$2 -> 0 | J9: =(C9*H9)+I9 -> 0
A10: Principal Analyst Task 4.5 | B10: 1 | C10: 1912 | D10: 0 | E10: =D10*$E$2 -> 0 | F10: =(D10+E10)*$F$2 -> 0 | G10: =(D10+E10+F10)*$G$2 -> 0 | H10: =D10+E10+F10+G10 -> 0 | I10: =(C10*H10)*$I$2 -> 0 | J10: =(C10*H10)+I10 -> 0
J12: =SUM(J4:J11) -> 0
A13: Other Direct Cost - Travel San Diego | J13: 50000
A14: Other Direct Cost - Travel Norfolk | J14: 50000
A15: Other Direct Cost - Training Materials | J15: 668
A17: Subtotals | B17: =SUM(B4:B11) -> 6 | C17: =SUM(C4:C11) -> 11472 | I17: Total | J17: =SUM(J12:J15) -> 100668
A20: *All 6 personnel are Key Personnel
C21: CLIN | D21: Cost | E21: Fee | F21: Total
B22: Labor - SD | C22: 5000 | D22: =SUM(,(C6*H6),(C5*H5),(C4*H4)) -> 0 | E22: =SUM(I4:I6) -> 0 | F22: =SUM(D22:E22) -> 0
B23: Labor - NF | C23: 5001 | D23: =SUM((C8*H8),(C10*H10),(C9*H9),) -> 0 | E23: =SUM(I5:I11) -> 0 | F23: =SUM(D23:E23) -> 0
B24: Overtime - SD | C24: 5002 | D24: =(AVERAGE(H4:H6)*30) -> 0 | E24: =D24*I2 -> 0 | F24: =SUM(D24:E24) -> 0
B25: Overtime - NF | C25: 5003 | D25: =(AVERAGE(H8:H10)*30) -> 0 | E25: =D25*I2 -> 0 | F25: =SUM(D25:E25) -> 0
B26: ODC - SD | C26: 7000 | D26: =J13+(J15/2) -> 50334 | F26: =SUM(D26:E26) -> 50334
B27: ODC - NF | C27: 7001 | D27: =J14+(J15/2) -> 50334 | F27: =SUM(D27:E27) -> 50334
D28: =SUM(D22:D27) -> 100668 | E28: =SUM(E22:E27) -> 0 | F28: =SUM(F22:F27) -> 100668

Sheet Option 1
A1: Labor Category | B1: FTE | C1: Labor Hours | D1: Labor Rate | E1: Fringe | F1: OH | G1: G&A | H1: Burdened Rate | I1: Fee | J1: Extended
E2: 0 | F2: 0 | G2: 0 | I2: 0
A3: NASNI San Diego
A4: Principal Analyst Task 4.1 | B4: 1 | C4: 1912 | D4: 0 | E4: =D4*$E$2 -> 0 | F4: =(D4+E4)*$F$2 -> 0 | G4: =(D4+E4+F4)*$G$2 -> 0 | H4: =D4+E4+F4+G4 -> 0 | I4: =(C4*H4)*$I$2 -> 0 | J4: =(C4*H4)+I4 -> 0
A5: Principal Analyst Task 4.3 | B5: 1 | C5: 1912 | D5: 0 | E5: =D5*$E$2 -> 0 | F5: =(D5+E5)*$F$2 -> 0 | G5: =(D5+E5+F5)*$G$2 -> 0 | H5: =D5+E5+F5+G5 -> 0 | I5: =(C5*H5)*$I$2 -> 0 | J5: =(C5*H5)+I5 -> 0
A6: Principal Analyst Task 4.6 | B6: 1 | C6: 1912 | D6: 0 | E6: =D6*$E$2 -> 0 | F6: =(D6+E6)*$F$2 -> 0 | G6: =(D6+E6+F6)*$G$2 -> 0 | H6: =D6+E6+F6+G6 -> 0 | I6: =(C6*H6)*$I$2 -> 0 | J6: =(C6*H6)+I6 -> 0
A7: NAS Norfolk
A8: Principal Analyst Task 4.2 | B8: 1 | C8: 1912 | D8: 0 | E8: =D8*$E$2 -> 0 | F8: =(D8+E8)*$F$2 -> 0 | G8: =(D8+E8+F8)*$G$2 -> 0 | H8: =D8+E8+F8+G8 -> 0 | I8: =(C8*H8)*$I$2 -> 0 | J8: =(C8*H8)+I8 -> 0
A9: Principal Analyst Task 4.4 | B9: 1 | C9: 1912 | D9: 0 | E9: =D9*$E$2 -> 0 | F9: =(D9+E9)*$F$2 -> 0 | G9: =(D9+E9+F9)*$G$2 -> 0 | H9: =D9+E9+F9+G9 -> 0 | I9: =(C9*H9)*$I$2 -> 0 | J9: =(C9*H9)+I9 -> 0
A10: Principal Analyst Task 4.5 | B10: 1 | C10: 1912 | D10: 0 | E10: =D10*$E$2 -> 0 | F10: =(D10+E10)*$F$2 -> 0 | G10: =(D10+E10+F10)*$G$2 -> 0 | H10: =D10+E10+F10+G10 -> 0 | I10: =(C10*H10)*$I$2 -> 0 | J10: =(C10*H10)+I10 -> 0
J12: =SUM(J4:J11) -> 0
A13: Other Direct Cost - Travel San Diego | J13: 51500
A14: Other Direct Cost - Travel Norfolk | J14: 51500
A15: Other Direct Cost - Training Materials | J15: 688
A17: Subtotals | B17: =SUM(B4:B11) -> 6 | C17: =SUM(C4:C11) -> 11472 | I17: Total | J17: =SUM(J12:J15) -> 103688
A20: *All 6 personnel are Key Personnel
C21: CLIN | D21: Cost | E21: Fee | F21: Total
B22: Labor - SD | C22: 5100 | D22: =SUM(,(C6*H6),(C5*H5),(C4*H4)) -> 0 | E22: =SUM(I4:I6) -> 0 | F22: =SUM(D22:E22) -> 0
B23: Labor - NF | C23: 5101 | D23: =SUM((C8*H8),(C10*H10),(C9*H9),) -> 0 | E23: =SUM(I5:I11) -> 0 | F23: =SUM(D23:E23) -> 0
B24: Overtime - SD | C24: 5102 | D24: =(AVERAGE(H4:H6)*30) -> 0 | E24: =D24*I2 -> 0 | F24: =SUM(D24:E24) -> 0
B25: Overtime - NF | C25: 5103 | D25: =(AVERAGE(H8:H10)*30) -> 0 | E25: =D25*I2 -> 0 | F25: =SUM(D25:E25) -> 0
B26: ODC - SD | C26: 7100 | D26: =J13+(J15/2) -> 51844 | F26: =SUM(D26:E26) -> 51844
B27: ODC - NF | C27: 7101 | D27: =J14+(J15/2) -> 51844 | F27: =SUM(D27:E27) -> 51844
D28: =SUM(D22:D27) -> 103688 | E28: =SUM(E22:E27) -> 0 | F28: =SUM(F22:F27) -> 103688

Sheet Option 2
A1: Labor Category | B1: FTE | C1: Labor Hours | D1: Labor Rate | E1: Fringe | F1: OH | G1: G&A | H1: Burdened Rate | I1: Fee | J1: Extended
E2: 0 | F2: 0 | G2: 0 | I2: 0
A3: NASNI San Diego
A4: Principal Analyst Task 4.1 | B4: 1 | C4: 1912 | D4: 0 | E4: =D4*$E$2 -> 0 | F4: =(D4+E4)*$F$2 -> 0 | G4: =(D4+E4+F4)*$G$2 -> 0 | H4: =D4+E4+F4+G4 -> 0 | I4: =(C4*H4)*$I$2 -> 0 | J4: =(C4*H4)+I4 -> 0
A5: Principal Analyst Task 4.3 | B5: 1 | C5: 1912 | D5: 0 | E5: =D5*$E$2 -> 0 | F5: =(D5+E5)*$F$2 -> 0 | G5: =(D5+E5+F5)*$G$2 -> 0 | H5: =D5+E5+F5+G5 -> 0 | I5: =(C5*H5)*$I$2 -> 0 | J5: =(C5*H5)+I5 -> 0
A6: Principal Analyst Task 4.6 | B6: 1 | C6: 1912 | D6: 0 | E6: =D6*$E$2 -> 0 | F6: =(D6+E6)*$F$2 -> 0 | G6: =(D6+E6+F6)*$G$2 -> 0 | H6: =D6+E6+F6+G6 -> 0 | I6: =(C6*H6)*$I$2 -> 0 | J6: =(C6*H6)+I6 -> 0
A7: NAS Norfolk
A8: Principal Analyst Task 4.2 | B8: 1 | C8: 1912 | D8: 0 | E8: =D8*$E$2 -> 0 | F8: =(D8+E8)*$F$2 -> 0 | G8: =(D8+E8+F8)*$G$2 -> 0 | H8: =D8+E8+F8+G8 -> 0 | I8: =(C8*H8)*$I$2 -> 0 | J8: =(C8*H8)+I8 -> 0
A9: Principal Analyst Task 4.4 | B9: 1 | C9: 1912 | D9: 0 | E9: =D9*$E$2 -> 0 | F9: =(D9+E9)*$F$2 -> 0 | G9: =(D9+E9+F9)*$G$2 -> 0 | H9: =D9+E9+F9+G9 -> 0 | I9: =(C9*H9)*$I$2 -> 0 | J9: =(C9*H9)+I9 -> 0
A10: Principal Analyst Task 4.5 | B10: 1 | C10: 1912 | D10: 0 | E10: =D10*$E$2 -> 0 | F10: =(D10+E10)*$F$2 -> 0 | G10: =(D10+E10+F10)*$G$2 -> 0 | H10: =D10+E10+F10+G10 -> 0 | I10: =(C10*H10)*$I$2 -> 0 | J10: =(C10*H10)+I10 -> 0
J12: =SUM(J4:J11) -> 0
A13: Other Direct Cost - Travel San Diego | J13: 53045
A14: Other Direct Cost - Travel Norfolk | J14: 53045
A15: Other Direct Cost - Training Materials | J15: 709
A17: Subtotals | B17: =SUM(B4:B11) -> 6 | C17: =SUM(C4:C11) -> 11472 | I17: Total | J17: =SUM(J12:J15) -> 106799
A20: *All 6 personnel are Key Personnel
C21: CLIN | D21: Cost | E21: Fee | F21: Total
B22: Labor - SD | C22: 5200 | D22: =SUM(,(C6*H6),(C5*H5),(C4*H4)) -> 0 | E22: =SUM(I4:I6) -> 0 | F22: =SUM(D22:E22) -> 0
B23: Labor - NF | C23: 5201 | D23: =SUM((C8*H8),(C10*H10),(C9*H9),) -> 0 | E23: =SUM(I5:I11) -> 0 | F23: =SUM(D23:E23) -> 0
B24: Overtime - SD | C24: 5202 | D24: =(AVERAGE(H4:H6)*30) -> 0 | E24: =D24*I2 -> 0 | F24: =SUM(D24:E24) -> 0
B25: Overtime - NF | C25: 5203 | D25: =(AVERAGE(H8:H10)*30) -> 0 | E25: =D25*I2 -> 0 | F25: =SUM(D25:E25) -> 0
B26: ODC - SD | C26: 7200 | D26: =J13+(J15/2) -> 53399.5 | F26: =SUM(D26:E26) -> 53399.5
B27: ODC - NF | C27: 7201 | D27: =J14+(J15/2) -> 53399.5 | F27: =SUM(D27:E27) -> 53399.5
D28: =SUM(D22:D27) -> 106799 | E28: =SUM(E22:E27) -> 0 | F28: =SUM(F22:F27) -> 106799

Sheet Option 3
A1: Labor Category | B1: FTE | C1: Labor Hours | D1: Labor Rate | E1: Fringe | F1: OH | G1: G&A | H1: Burdened Rate | I1: Fee | J1: Extended
E2: 0 | F2: 0 | G2: 0 | I2: 0
A3: NASNI San Diego
A4: Principal Analyst Task 4.1 | B4: 1 | C4: 1912 | D4: 0 | E4: =D4*$E$2 -> 0 | F4: =(D4+E4)*$F$2 -> 0 | G4: =(D4+E4+F4)*$G$2 -> 0 | H4: =D4+E4+F4+G4 -> 0 | I4: =(C4*H4)*$I$2 -> 0 | J4: =(C4*H4)+I4 -> 0
A5: Principal Analyst Task 4.3 | B5: 1 | C5: 1912 | D5: 0 | E5: =D5*$E$2 -> 0 | F5: =(D5+E5)*$F$2 -> 0 | G5: =(D5+E5+F5)*$G$2 -> 0 | H5: =D5+E5+F5+G5 -> 0 | I5: =(C5*H5)*$I$2 -> 0 | J5: =(C5*H5)+I5 -> 0
A6: Principal Analyst Task 4.6 | B6: 1 | C6: 1912 | D6: 0 | E6: =D6*$E$2 -> 0 | F6: =(D6+E6)*$F$2 -> 0 | G6: =(D6+E6+F6)*$G$2 -> 0 | H6: =D6+E6+F6+G6 -> 0 | I6: =(C6*H6)*$I$2 -> 0 | J6: =(C6*H6)+I6 -> 0
A7: NAS Norfolk
A8: Principal Analyst Task 4.2 | B8: 1 | C8: 1912 | D8: 0 | E8: =D8*$E$2 -> 0 | F8: =(D8+E8)*$F$2 -> 0 | G8: =(D8+E8+F8)*$G$2 -> 0 | H8: =D8+E8+F8+G8 -> 0 | I8: =(C8*H8)*$I$2 -> 0 | J8: =(C8*H8)+I8 -> 0
A9: Principal Analyst Task 4.4 | B9: 1 | C9: 1912 | D9: 0 | E9: =D9*$E$2 -> 0 | F9: =(D9+E9)*$F$2 -> 0 | G9: =(D9+E9+F9)*$G$2 -> 0 | H9: =D9+E9+F9+G9 -> 0 | I9: =(C9*H9)*$I$2 -> 0 | J9: =(C9*H9)+I9 -> 0
A10: Principal Analyst Task 4.5 | B10: 1 | C10: 1912 | D10: 0 | E10: =D10*$E$2 -> 0 | F10: =(D10+E10)*$F$2 -> 0 | G10: =(D10+E10+F10)*$G$2 -> 0 | H10: =D10+E10+F10+G10 -> 0 | I10: =(C10*H10)*$I$2 -> 0 | J10: =(C10*H10)+I10 -> 0
J12: =SUM(J4:J11) -> 0
A13: Other Direct Cost - Travel San Diego | J13: 54636
A14: Other Direct Cost - Travel Norfolk | J14: 54636
A15: Other Direct Cost - Training Materials | J15: 730
A17: Subtotals | B17: =SUM(B4:B11) -> 6 | C17: =SUM(C4:C11) -> 11472 | I17: Total | J17: =SUM(J12:J15) -> 110002
A20: *All 6 personnel are Key Personnel
C21: CLIN | D21: Cost | E21: Fee | F21: Total
B22: Labor - SD | C22: 5300 | D22: =SUM(,(C6*H6),(C5*H5),(C4*H4)) -> 0 | E22: =SUM(I4:I6) -> 0 | F22: =SUM(D22:E22) -> 0
B23: Labor - NF | C23: 5301 | D23: =SUM((C8*H8),(C10*H10),(C9*H9),) -> 0 | E23: =SUM(I5:I11) -> 0 | F23: =SUM(D23:E23) -> 0
B24: Overtime - SD | C24: 5302 | D24: =(AVERAGE(H4:H6)*30) -> 0 | E24: =D24*I2 -> 0 | F24: =SUM(D24:E24) -> 0
B25: Overtime - NF | C25: 5303 | D25: =(AVERAGE(H8:H10)*30) -> 0 | E25: =D25*I2 -> 0 | F25: =SUM(D25:E25) -> 0
B26: ODC - SD | C26: 7300 | D26: =J13+(J15/2) -> 55001 | F26: =SUM(D26:E26) -> 55001
B27: ODC - NF | C27: 7301 | D27: =J14+(J15/2) -> 55001 | F27: =SUM(D27:E27) -> 55001
D28: =SUM(D22:D27) -> 110002 | E28: =SUM(E22:E27) -> 0 | F28: =SUM(F22:F27) -> 110002

Sheet Option 4
A1: Labor Category | B1: FTE | C1: Labor Hours | D1: Labor Rate | E1: Fringe | F1: OH | G1: G&A | H1: Burdened Rate | I1: Fee | J1: Extended
E2: 0 | F2: 0 | G2: 0 | I2: 0
A3: NASNI San Diego
A4: Principal Analyst Task 4.1 | B4: 1 | C4: 1912 | D4: 0 | E4: =D4*$E$2 -> 0 | F4: =(D4+E4)*$F$2 -> 0 | G4: =(D4+E4+F4)*$G$2 -> 0 | H4: =D4+E4+F4+G4 -> 0 | I4: =(C4*H4)*$I$2 -> 0 | J4: =(C4*H4)+I4 -> 0
A5: Principal Analyst Task 4.3 | B5: 1 | C5: 1912 | D5: 0 | E5: =D5*$E$2 -> 0 | F5: =(D5+E5)*$F$2 -> 0 | G5: =(D5+E5+F5)*$G$2 -> 0 | H5: =D5+E5+F5+G5 -> 0 | I5: =(C5*H5)*$I$2 -> 0 | J5: =(C5*H5)+I5 -> 0
A6: Principal Analyst Task 4.6 | B6: 1 | C6: 1912 | D6: 0 | E6: =D6*$E$2 -> 0 | F6: =(D6+E6)*$F$2 -> 0 | G6: =(D6+E6+F6)*$G$2 -> 0 | H6: =D6+E6+F6+G6 -> 0 | I6: =(C6*H6)*$I$2 -> 0 | J6: =(C6*H6)+I6 -> 0
A7: NAS Norfolk
A8: Principal Analyst Task 4.2 | B8: 1 | C8: 1912 | D8: 0 | E8: =D8*$E$2 -> 0 | F8: =(D8+E8)*$F$2 -> 0 | G8: =(D8+E8+F8)*$G$2 -> 0 | H8: =D8+E8+F8+G8 -> 0 | I8: =(C8*H8)*$I$2 -> 0 | J8: =(C8*H8)+I8 -> 0
A9: Principal Analyst Task 4.4 | B9: 1 | C9: 1912 | D9: 0 | E9: =D9*$E$2 -> 0 | F9: =(D9+E9)*$F$2 -> 0 | G9: =(D9+E9+F9)*$G$2 -> 0 | H9: =D9+E9+F9+G9 -> 0 | I9: =(C9*H9)*$I$2 -> 0 | J9: =(C9*H9)+I9 -> 0
A10: Principal Analyst Task 4.5 | B10: 1 | C10: 1912 | D10: 0 | E10: =D10*$E$2 -> 0 | F10: =(D10+E10)*$F$2 -> 0 | G10: =(D10+E10+F10)*$G$2 -> 0 | H10: =D10+E10+F10+G10 -> 0 | I10: =(C10*H10)*$I$2 -> 0 | J10: =(C10*H10)+I10 -> 0
J12: =SUM(J4:J11) -> 0
A13: Other Direct Cost - Travel San Diego | J13: 56275
A14: Other Direct Cost - Travel Norfolk | J14: 56275
A15: Other Direct Cost - Training Materials | J15: 752
A17: Subtotals | B17: =SUM(B4:B11) -> 6 | C17: =SUM(C4:C11) -> 11472 | I17: Total | J17: =SUM(J12:J15) -> 113302
A20: *All 6 personnel are Key Personnel
C21: CLIN | D21: Cost | E21: Fee | F21: Total
B22: Labor - SD | C22: 5400 | D22: =SUM(,(C6*H6),(C5*H5),(C4*H4)) -> 0 | E22: =SUM(I4:I6) -> 0 | F22: =SUM(D22:E22) -> 0
B23: Labor - NF | C23: 5401 | D23: =SUM((C8*H8),(C10*H10),(C9*H9),) -> 0 | E23: =SUM(I5:I11) -> 0 | F23: =SUM(D23:E23) -> 0
B24: Overtime - SD | C24: 5402 | D24: =(AVERAGE(H4:H6)*30) -> 0 | E24: =D24*I2 -> 0 | F24: =SUM(D24:E24) -> 0
B25: Overtime - NF | C25: 5403 | D25: =(AVERAGE(H8:H10)*30) -> 0 | E25: =D25*I2 -> 0 | F25: =SUM(D25:E25) -> 0
B26: ODC - SD | C26: 7400 | D26: =J13+(J15/2) -> 56651 | F26: =SUM(D26:E26) -> 56651
B27: ODC - NF | C27: 7401 | D27: =J14+(J15/2) -> 56651 | F27: =SUM(D27:E27) -> 56651
D28: =SUM(D22:D27) -> 113302 | E28: =SUM(E22:E27) -> 0 | F28: =SUM(F22:F27) -> 113302

Sheet Far 52.217-8 (6-Month Ext)
A1: Labor Category | B1: FTE | C1: Labor Hours | D1: Labor Rate | E1: Fringe | F1: OH | G1: G&A | H1: Burdened Rate | I1: Fee | J1: Extended
E2: ='Option 4'!E2 -> 0 | F2: ='Option 4'!F2 -> 0 | G2: ='Option 4'!G2 -> 0 | I2: ='Option 4'!I2 -> 0
A3: NASNI San Diego
A4: Principal Analyst Task 4.1 | B4: 1 | C4: ='Option 4'!C4/2 -> 956 | D4: ='Option 4'!D4 -> 0 | E4: =D4*$E$2 -> 0 | F4: =(D4+E4)*$F$2 -> 0 | G4: =(D4+E4+F4)*$G$2 -> 0 | H4: =D4+E4+F4+G4 -> 0 | I4: =(C4*H4)*$I$2 -> 0 | J4: =(C4*H4)+I4 -> 0
A5: Principal Analyst Task 4.3 | B5: 1 | C5: ='Option 4'!C5/2 -> 956 | D5: ='Option 4'!D5 -> 0 | E5: =D5*$E$2 -> 0 | F5: =(D5+E5)*$F$2 -> 0 | G5: =(D5+E5+F5)*$G$2 -> 0 | H5: =D5+E5+F5+G5 -> 0 | I5: =(C5*H5)*$I$2 -> 0 | J5: =(C5*H5)+I5 -> 0
A6: Principal Analyst Task 4.6 | B6: 1 | C6: ='Option 4'!C6/2 -> 956 | D6: ='Option 4'!D6 -> 0 | E6: =D6*$E$2 -> 0 | F6: =(D6+E6)*$F$2 -> 0 | G6: =(D6+E6+F6)*$G$2 -> 0 | H6: =D6+E6+F6+G6 -> 0 | I6: =(C6*H6)*$I$2 -> 0 | J6: =(C6*H6)+I6 -> 0
A7: NAS Norfolk
A8: Principal Analyst Task 4.2 | B8: 1 | C8: ='Option 4'!C8/2 -> 956 | D8: ='Option 4'!D8 -> 0 | E8: =D8*$E$2 -> 0 | F8: =(D8+E8)*$F$2 -> 0 | G8: =(D8+E8+F8)*$G$2 -> 0 | H8: =D8+E8+F8+G8 -> 0 | I8: =(C8*H8)*$I$2 -> 0 | J8: =(C8*H8)+I8 -> 0
A9: Principal Analyst Task 4.4 | B9: 1 | C9: ='Option 4'!C9/2 -> 956 | D9: ='Option 4'!D9 -> 0 | E9: =D9*$E$2 -> 0 | F9: =(D9+E9)*$F$2 -> 0 | G9: =(D9+E9+F9)*$G$2 -> 0 | H9: =D9+E9+F9+G9 -> 0 | I9: =(C9*H9)*$I$2 -> 0 | J9: =(C9*H9)+I9 -> 0
A10: Principal Analyst Task 4.5 | B10: 1 | C10: ='Option 4'!C10/2 -> 956 | D10: ='Option 4'!D10 -> 0 | E10: =D10*$E$2 -> 0 | F10: =(D10+E10)*$F$2 -> 0 | G10: =(D10+E10+F10)*$G$2 -> 0 | H10: =D10+E10+F10+G10 -> 0 | I10: =(C10*H10)*$I$2 -> 0 | J10: =(C10*H10)+I10 -> 0
J12: =SUM(J4:J11) -> 0
A13: Other Direct Cost - Travel San Diego | J13: ='Option 4'!J13/2 -> 28137.5
A14: Other Direct Cost - Travel Norfolk | J14: ='Option 4'!J14/2 -> 28137.5
A15: Other Direct Cost - Training Materials | J15: ='Option 4'!J15/2 -> 376
A17: Subtotals | B17: =SUM(B4:B11) -> 6 | C17: =SUM(C4:C11) -> 5736 | I17: Total | J17: =SUM(J12:J15) -> 56651
A20: *All 6 personnel are Key Personnel
C21: CLIN | D21: Cost | E21: Fee | F21: Total
B22: Labor - SD | C22: 5500 | D22: =SUM(,(C6*H6),(C5*H5),(C4*H4)) -> 0 | E22: =SUM(I4:I6) -> 0 | F22: =SUM(D22:E22) -> 0
B23: Labor - NF | C23: 5501 | D23: =SUM((C8*H8),(C10*H10),(C9*H9),) -> 0 | E23: =SUM(I5:I11) -> 0 | F23: =SUM(D23:E23) -> 0
B24: Overtime - SD | C24: 5502 | D24: =(AVERAGE(H4:H6)*15) -> 0 | E24: =D24*I2 -> 0 | F24: =SUM(D24:E24) -> 0
B25: Overtime - NF | C25: 5503 | D25: =(AVERAGE(H8:H10)*15) -> 0 | E25: =D25*I2 -> 0 | F25: =SUM(D25:E25) -> 0
B26: ODC - SD | C26: 7500 | D26: =J13+(J15/2) -> 28325.5 | F26: =SUM(D26:E26) -> 28325.5
B27: ODC - NF | C27: 7501 | D27: =J14+(J15/2) -> 28325.5 | F27: =SUM(D27:E27) -> 28325.5
D28: =SUM(D22:D27) -> 56651 | E28: =SUM(E22:E27) -> 0 | F28: =SUM(F22:F27) -> 56651
