Workbook

Sheet All Combined
A4: Base Year | H4: =SUM(E41,E33,E25,E17,E9) -> 0
A5: CLIN | B5: CATEGORY/CONTRACTOR | C5: RATE | D5: QTY | E5: TOTAL
A6: 10 | B6: eFingerprint Collection - HC | C6: ='Fingerprints - HC'!C14 -> 0 | D6: 65000 | E6: =C6*D6 -> 0
A7: 10 | B7: eFingerprint Collection - OIT | C7: ='Fingerprints - OIT_MGD'!C14 -> 0 | D7: 14150 | E7: =C7*D7 -> 0
A8: 10 | B8: eFingerprint Collection - OPR | C8: ='Fingerprints - OPR'!C8 -> 0 | D8: 19100 | E8: =C8*D8 -> 0
A9: Total Price: | E9: =SUM(E6:E8) -> 0
A12: Option Year One
A13: CLIN | B13: CATEGORY/CONTRACTOR | C13: RATE | D13: QTY | E13: TOTAL
A14: 10 | B14: eFingerprint Collection - HC | C14: ='Fingerprints - HC'!C20 -> 0 | D14: 65000 | E14: =C14*D14 -> 0
A15: 10 | B15: eFingerprint Collection - OIT/MGD | C15: ='Fingerprints - OIT_MGD'!C20 -> 0 | D15: 15000 | E15: =C15*D15 -> 0
A16: 10 | B16: eFingerprint Collection - OPR | C16: ='Fingerprints - OPR'!C14 -> 0 | D16: 19100 | E16: =C16*D16 -> 0
A17: Total Price: | E17: =SUM(E14:E16) -> 0
I19: 719074.5
A20: Option Year Two
A21: CLIN | B21: CATEGORY/CONTRACTOR | C21: RATE | D21: QTY | E21: TOTAL
A22: 10 | B22: eFingerprint Collection - HC | C22: ='Fingerprints - HC'!C26 -> 0 | D22: 65000 | E22: =C22*D22 -> 0
A23: 10 | B23: eFingerprint Collection - OIT | C23: ='Fingerprints - OIT_MGD'!C26 -> 0 | D23: 15500 | E23: =C23*D23 -> 0
A24: 10 | B24: eFingerprint Collection - OPR | C24: ='Fingerprints - OPR'!C20 -> 0 | D24: 19100 | E24: =C24*D24 -> 0
A25: Total Price: | E25: =SUM(E22:E24) -> 0
A28: Option Year Three
A29: CLIN | B29: CATEGORY/CONTRACTOR | C29: RATE | D29: QTY | E29: TOTAL
A30: 10 | B30: eFingerprint Collection - HC | C30: ='Fingerprints - HC'!C32 -> 0 | D30: 65000 | E30: =C30*D30 -> 0
A31: 10 | B31: eFingerprint Collection - OIT | C31: ='Fingerprints - OIT_MGD'!C32 -> 0 | D31: 16000 | E31: =C31*D31 -> 0
A32: 10 | B32: eFingerprint Collection - OPR | C32: ='Fingerprints - OPR'!C26 -> 0 | D32: 19100 | E32: =C32*D32 -> 0
A33: Total Price: | E33: =SUM(E30:E32) -> 0
A36: Option Year Four
A37: CLIN | B37: CATEGORY/CONTRACTOR | C37: RATE | D37: QTY | E37: TOTAL
A38: 10 | B38: eFingerprint Collection - HC | C38: ='Fingerprints - HC'!C38 -> 0 | D38: 65000 | E38: =C38*D38 -> 0
A39: 10 | B39: eFingerprint Collection - OIT | C39: ='Fingerprints - OIT_MGD'!C38 -> 0 | D39: 16500 | E39: =C39*D39 -> 0
A40: 10 | B40: eFingerprint Collection - OPR | C40: ='Fingerprints - OPR'!C32 -> 0 | D40: 19100 | E40: =C40*D40 -> 0
A41: Total Price: | E41: =SUM(E38:E40) -> 0

Sheet Fingerprints - HC
A1: U.S. Customs and Border Protection
A2: Office of Human Resources Management
A12: Ordering Period One
A13: CLIN | B13: CATEGORY/CONTRACTOR | C13: RATE | D13: QTY | E13: TOTAL
A14: 10 | B14: eFingerprint Collection - HC | D14: 65000 | E14: =C14*D14 -> 0
A15: Total Price: | E15: =SUM(E14:E14) -> 0
A18: Ordering Period Two
A19: CLIN | B19: CATEGORY/CONTRACTOR | C19: RATE | D19: QTY | E19: TOTAL
A20: 10 | B20: eFingerprint Collection - HC | D20: 65000 | E20: =C20*D20 -> 0
A21: Total Price: | E21: =SUM(E20:E20) -> 0
A24: Ordering Period Three
A25: CLIN | B25: CATEGORY/CONTRACTOR | C25: RATE | D25: QTY | E25: TOTAL
A26: 10 | B26: eFingerprint Collection - HC | D26: 65000 | E26: =C26*D26 -> 0
A27: Total Price: | E27: =SUM(E26:E26) -> 0
A30: Ordering Period Four
A31: CLIN | B31: CATEGORY/CONTRACTOR | C31: RATE | D31: QTY | E31: TOTAL
A32: 10 | B32: eFingerprint Collection - HC | D32: 65000 | E32: =C32*D32 -> 0
A33: Total Price: | E33: =SUM(E32:E32) -> 0
A36: Option Year Four
A37: CLIN | B37: CATEGORY/CONTRACTOR | C37: RATE | D37: QTY | E37: TOTAL
A38: 10 | B38: eFingerprint Collection - HC | D38: 65000 | E38: =C38*D38 -> 0
A39: Total Price: | E39: =SUM(E38:E38) -> 0
D42: Total: | E42: =SUM(E39,E33,E27,E21,E15) -> 0

Sheet Fingerprints  - OIT_MGD
A1: U.S. Customs and Border Protection
A2: Office of Human Resources Management
A12: Ordering Period One
A13: CLIN | B13: CATEGORY/CONTRACTOR | C13: RATE | D13: QTY | E13: TOTAL
A14: 10 | B14: eFingerprint Collection - OIT/MGD | D14: 14150 | E14: =C14*D14 -> 0
A15: Total Price: | E15: =SUM(E14:E14) -> 0
A18: Ordering Period Two
A19: CLIN | B19: CATEGORY/CONTRACTOR | C19: RATE | D19: QTY | E19: TOTAL
A20: 10 | B20: eFingerprint Collection - OIT/MGD | D20: 15000 | E20: =C20*D20 -> 0
A21: Total Price: | E21: =SUM(E20:E20) -> 0
A24: Ordering Period Three
A25: CLIN | B25: CATEGORY/CONTRACTOR | C25: RATE | D25: QTY | E25: TOTAL
A26: 10 | B26: eFingerprint Collection - OIT/MGD | D26: 15500 | E26: =C26*D26 -> 0
A27: Total Price: | E27: =SUM(E26:E26) -> 0
A30: Ordering Period Four
A31: CLIN | B31: CATEGORY/CONTRACTOR | C31: RATE | D31: QTY | E31: TOTAL
A32: 10 | B32: eFingerprint Collection - OIT/MGD | D32: 16000 | E32: =C32*D32 -> 0
A33: Total Price: | E33: =SUM(E32:E32) -> 0
A36: Ordering Period Five
A37: CLIN | B37: CATEGORY/CONTRACTOR | C37: RATE | D37: QTY | E37: TOTAL
A38: 10 | B38: eFingerprint Collection - OIT/MGD | D38: 16500 | E38: =C38*D38 -> 0
A39: Total Price: | E39: =SUM(E38:E38) -> 0
D42: Total | E42: =SUM(E39,E33,E27,E21,E15) -> 0

Sheet Fingerprints  - OPR
A1: U.S. Customs and Border Protection
A2: Office of Human Resources Management
A6: Ordering Period One
A7: CLIN | B7: CATEGORY/CONTRACTOR | C7: RATE | D7: QTY | E7: TOTAL
A8: 10 | B8: eFingerprint Collection - HC | D8: 19100 | E8: =C8*D8 -> 0
A9: Total Price: | E9: =SUM(E8:E8) -> 0
A12: Ordering Period Two
A13: CLIN | B13: CATEGORY/CONTRACTOR | C13: RATE | D13: QTY | E13: TOTAL
A14: 10 | B14: eFingerprint Collection - HC | D14: 19100 | E14: =C14*D14 -> 0
A15: Total Price: | E15: =SUM(E14:E14) -> 0
A18: Ordering Period Three
A19: CLIN | B19: CATEGORY/CONTRACTOR | C19: RATE | D19: QTY | E19: TOTAL
A20: 10 | B20: eFingerprint Collection - HC | D20: 19100 | E20: =C20*D20 -> 0
A21: Total Price: | E21: =SUM(E20:E20) -> 0
A24: Ordering Period Four
A25: CLIN | B25: CATEGORY/CONTRACTOR | C25: RATE | D25: QTY | E25: TOTAL
A26: 10 | B26: eFingerprint Collection - HC | D26: 19100 | E26: =C26*D26 -> 0
A27: Total Price: | E27: =SUM(E26:E26) -> 0
A30: Ordering Period Five
A31: CLIN | B31: CATEGORY/CONTRACTOR | C31: RATE | D31: QTY | E31: TOTAL
A32: 10 | B32: eFingerprint Collection - HC | D32: 19100 | E32: =C32*D32 -> 0
A33: Total Price: | E33: =SUM(E32:E32) -> 0
D36: Total | E36: =SUM(E33,E27,E21,E15,E9) -> 0
