Workbook

Sheet Program Integration IDIQ Price
B1: Fully Loaded Labor Rates
A3: Escalation Factor | B3: 0.025
B4: Base Ordering Period | G4: Option Ordering Period
A5: Labor Category | B5: Year 1 | C5: Year 2 | D5: Year 3 | E5: Year 4 | F5: Year 5 | G5: Year 6 | H5: Year 7 | I5: Year 8 | J5: Year 9 | K5: Year 10
A6: Project Manager V | C6: =B6*(1+$B$3) -> 0 | D6: =C6*(1+$B$3) -> 0 | E6: =D6*(1+$B$3) -> 0 | F6: =E6*(1+$B$3) -> 0 | G6: =F6*(1+$B$3) -> 0 | H6: =G6*(1+$B$3) -> 0 | I6: =H6*(1+$B$3) -> 0 | J6: =I6*(1+$B$3) -> 0 | K6: =J6*(1+$B$3) -> 0
A7: Project Manager IV | C7: =B7*(1+$B$3) -> 0 | D7: =C7*(1+$B$3) -> 0 | E7: =D7*(1+$B$3) -> 0 | F7: =E7*(1+$B$3) -> 0 | G7: =F7*(1+$B$3) -> 0 | H7: =G7*(1+$B$3) -> 0 | I7: =H7*(1+$B$3) -> 0 | J7: =I7*(1+$B$3) -> 0 | K7: =J7*(1+$B$3) -> 0
A8: System Engineer V | C8: =B8*(1+$B$3) -> 0 | D8: =C8*(1+$B$3) -> 0 | E8: =D8*(1+$B$3) -> 0 | F8: =E8*(1+$B$3) -> 0 | G8: =F8*(1+$B$3) -> 0 | H8: =G8*(1+$B$3) -> 0 | I8: =H8*(1+$B$3) -> 0 | J8: =I8*(1+$B$3) -> 0 | K8: =J8*(1+$B$3) -> 0
A9: System Engineer IV | C9: =B9*(1+$B$3) -> 0 | D9: =C9*(1+$B$3) -> 0 | E9: =D9*(1+$B$3) -> 0 | F9: =E9*(1+$B$3) -> 0 | G9: =F9*(1+$B$3) -> 0 | H9: =G9*(1+$B$3) -> 0 | I9: =H9*(1+$B$3) -> 0 | J9: =I9*(1+$B$3) -> 0 | K9: =J9*(1+$B$3) -> 0
A10: System Engineer III | C10: =B10*(1+$B$3) -> 0 | D10: =C10*(1+$B$3) -> 0 | E10: =D10*(1+$B$3) -> 0 | F10: =E10*(1+$B$3) -> 0 | G10: =F10*(1+$B$3) -> 0 | H10: =G10*(1+$B$3) -> 0 | I10: =H10*(1+$B$3) -> 0 | J10: =I10*(1+$B$3) -> 0 | K10: =J10*(1+$B$3) -> 0
A11: Cloud Architect V | C11: =B11*(1+$B$3) -> 0 | D11: =C11*(1+$B$3) -> 0 | E11: =D11*(1+$B$3) -> 0 | F11: =E11*(1+$B$3) -> 0 | G11: =F11*(1+$B$3) -> 0 | H11: =G11*(1+$B$3) -> 0 | I11: =H11*(1+$B$3) -> 0 | J11: =I11*(1+$B$3) -> 0 | K11: =J11*(1+$B$3) -> 0
A12: Cloud Architect IV | C12: =B12*(1+$B$3) -> 0 | D12: =C12*(1+$B$3) -> 0 | E12: =D12*(1+$B$3) -> 0 | F12: =E12*(1+$B$3) -> 0 | G12: =F12*(1+$B$3) -> 0 | H12: =G12*(1+$B$3) -> 0 | I12: =H12*(1+$B$3) -> 0 | J12: =I12*(1+$B$3) -> 0 | K12: =J12*(1+$B$3) -> 0
A13: Data Communications Specialist IV | C13: =B13*(1+$B$3) -> 0 | D13: =C13*(1+$B$3) -> 0 | E13: =D13*(1+$B$3) -> 0 | F13: =E13*(1+$B$3) -> 0 | G13: =F13*(1+$B$3) -> 0 | H13: =G13*(1+$B$3) -> 0 | I13: =H13*(1+$B$3) -> 0 | J13: =I13*(1+$B$3) -> 0 | K13: =J13*(1+$B$3) -> 0
A14: Enterprise IT System Architect V | C14: =B14*(1+$B$3) -> 0 | D14: =C14*(1+$B$3) -> 0 | E14: =D14*(1+$B$3) -> 0 | F14: =E14*(1+$B$3) -> 0 | G14: =F14*(1+$B$3) -> 0 | H14: =G14*(1+$B$3) -> 0 | I14: =H14*(1+$B$3) -> 0 | J14: =I14*(1+$B$3) -> 0 | K14: =J14*(1+$B$3) -> 0
A15: Enterprise IT System Architect IV | C15: =B15*(1+$B$3) -> 0 | D15: =C15*(1+$B$3) -> 0 | E15: =D15*(1+$B$3) -> 0 | F15: =E15*(1+$B$3) -> 0 | G15: =F15*(1+$B$3) -> 0 | H15: =G15*(1+$B$3) -> 0 | I15: =H15*(1+$B$3) -> 0 | J15: =I15*(1+$B$3) -> 0 | K15: =J15*(1+$B$3) -> 0
A16: Help Desk Specialist IV | C16: =B16*(1+$B$3) -> 0 | D16: =C16*(1+$B$3) -> 0 | E16: =D16*(1+$B$3) -> 0 | F16: =E16*(1+$B$3) -> 0 | G16: =F16*(1+$B$3) -> 0 | H16: =G16*(1+$B$3) -> 0 | I16: =H16*(1+$B$3) -> 0 | J16: =I16*(1+$B$3) -> 0 | K16: =J16*(1+$B$3) -> 0
A17: Help Desk Specialist III | C17: =B17*(1+$B$3) -> 0 | D17: =C17*(1+$B$3) -> 0 | E17: =D17*(1+$B$3) -> 0 | F17: =E17*(1+$B$3) -> 0 | G17: =F17*(1+$B$3) -> 0 | H17: =G17*(1+$B$3) -> 0 | I17: =H17*(1+$B$3) -> 0 | J17: =I17*(1+$B$3) -> 0 | K17: =J17*(1+$B$3) -> 0
... A36: Business Analyst IV | C36: =B36*(1+$B$3) -> 0 | D36: =C36*(1+$B$3) -> 0 | E36: =D36*(1+$B$3) -> 0 | F36: =E36*(1+$B$3) -> 0 | G36: =F36*(1+$B$3) -> 0 | H36: =G36*(1+$B$3) -> 0 | I36: =H36*(1+$B$3) -> 0 | J36: =I36*(1+$B$3) -> 0 | K36: =J36*(1+$B$3) -> 0

Sheet Operations IDIQ Price
B1: Fully Loaded Labor Rates
A3: Escalation Factor | B3: 0.025
B4: Base Ordering Period | G4: Option Ordering Period
A5: Labor Category | B5: Year 1 | C5: Year 2 | D5: Year 3 | E5: Year 4 | F5: Year 5 | G5: Year 6 | H5: Year 7 | I5: Year 8 | J5: Year 9 | K5: Year 10
A6: Project Manager IV | C6: =B6*(1+$B$3) -> 0 | D6: =C6*(1+$B$3) -> 0 | E6: =D6*(1+$B$3) -> 0 | F6: =E6*(1+$B$3) -> 0 | G6: =F6*(1+$B$3) -> 0 | H6: =G6*(1+$B$3) -> 0 | I6: =H6*(1+$B$3) -> 0 | J6: =I6*(1+$B$3) -> 0 | K6: =J6*(1+$B$3) -> 0
A7: Project Manager III | C7: =B7*(1+$B$3) -> 0 | D7: =C7*(1+$B$3) -> 0 | E7: =D7*(1+$B$3) -> 0 | F7: =E7*(1+$B$3) -> 0 | G7: =F7*(1+$B$3) -> 0 | H7: =G7*(1+$B$3) -> 0 | I7: =H7*(1+$B$3) -> 0 | J7: =I7*(1+$B$3) -> 0 | K7: =J7*(1+$B$3) -> 0
A8: System Engineer IV | C8: =B8*(1+$B$3) -> 0 | D8: =C8*(1+$B$3) -> 0 | E8: =D8*(1+$B$3) -> 0 | F8: =E8*(1+$B$3) -> 0 | G8: =F8*(1+$B$3) -> 0 | H8: =G8*(1+$B$3) -> 0 | I8: =H8*(1+$B$3) -> 0 | J8: =I8*(1+$B$3) -> 0 | K8: =J8*(1+$B$3) -> 0
A9: System Engineer III | C9: =B9*(1+$B$3) -> 0 | D9: =C9*(1+$B$3) -> 0 | E9: =D9*(1+$B$3) -> 0 | F9: =E9*(1+$B$3) -> 0 | G9: =F9*(1+$B$3) -> 0 | H9: =G9*(1+$B$3) -> 0 | I9: =H9*(1+$B$3) -> 0 | J9: =I9*(1+$B$3) -> 0 | K9: =J9*(1+$B$3) -> 0
A10: System Engineer II | C10: =B10*(1+$B$3) -> 0 | D10: =C10*(1+$B$3) -> 0 | E10: =D10*(1+$B$3) -> 0 | F10: =E10*(1+$B$3) -> 0 | G10: =F10*(1+$B$3) -> 0 | H10: =G10*(1+$B$3) -> 0 | I10: =H10*(1+$B$3) -> 0 | J10: =I10*(1+$B$3) -> 0 | K10: =J10*(1+$B$3) -> 0
A11: System Engineer I | C11: =B11*(1+$B$3) -> 0 | D11: =C11*(1+$B$3) -> 0 | E11: =D11*(1+$B$3) -> 0 | F11: =E11*(1+$B$3) -> 0 | G11: =F11*(1+$B$3) -> 0 | H11: =G11*(1+$B$3) -> 0 | I11: =H11*(1+$B$3) -> 0 | J11: =I11*(1+$B$3) -> 0 | K11: =J11*(1+$B$3) -> 0
A12: Network Engineer V | C12: =B12*(1+$B$3) -> 0 | D12: =C12*(1+$B$3) -> 0 | E12: =D12*(1+$B$3) -> 0 | F12: =E12*(1+$B$3) -> 0 | G12: =F12*(1+$B$3) -> 0 | H12: =G12*(1+$B$3) -> 0 | I12: =H12*(1+$B$3) -> 0 | J12: =I12*(1+$B$3) -> 0 | K12: =J12*(1+$B$3) -> 0
A13: Network Engineer IV | C13: =B13*(1+$B$3) -> 0 | D13: =C13*(1+$B$3) -> 0 | E13: =D13*(1+$B$3) -> 0 | F13: =E13*(1+$B$3) -> 0 | G13: =F13*(1+$B$3) -> 0 | H13: =G13*(1+$B$3) -> 0 | I13: =H13*(1+$B$3) -> 0 | J13: =I13*(1+$B$3) -> 0 | K13: =J13*(1+$B$3) -> 0
A14: Network Engineer III | C14: =B14*(1+$B$3) -> 0 | D14: =C14*(1+$B$3) -> 0 | E14: =D14*(1+$B$3) -> 0 | F14: =E14*(1+$B$3) -> 0 | G14: =F14*(1+$B$3) -> 0 | H14: =G14*(1+$B$3) -> 0 | I14: =H14*(1+$B$3) -> 0 | J14: =I14*(1+$B$3) -> 0 | K14: =J14*(1+$B$3) -> 0
A15: Network Engineer II | C15: =B15*(1+$B$3) -> 0 | D15: =C15*(1+$B$3) -> 0 | E15: =D15*(1+$B$3) -> 0 | F15: =E15*(1+$B$3) -> 0 | G15: =F15*(1+$B$3) -> 0 | H15: =G15*(1+$B$3) -> 0 | I15: =H15*(1+$B$3) -> 0 | J15: =I15*(1+$B$3) -> 0 | K15: =J15*(1+$B$3) -> 0
A16: Network Engineer I | C16: =B16*(1+$B$3) -> 0 | D16: =C16*(1+$B$3) -> 0 | E16: =D16*(1+$B$3) -> 0 | F16: =E16*(1+$B$3) -> 0 | G16: =F16*(1+$B$3) -> 0 | H16: =G16*(1+$B$3) -> 0 | I16: =H16*(1+$B$3) -> 0 | J16: =I16*(1+$B$3) -> 0 | K16: =J16*(1+$B$3) -> 0
A17: Software Engineer V | C17: =B17*(1+$B$3) -> 0 | D17: =C17*(1+$B$3) -> 0 | E17: =D17*(1+$B$3) -> 0 | F17: =E17*(1+$B$3) -> 0 | G17: =F17*(1+$B$3) -> 0 | H17: =G17*(1+$B$3) -> 0 | I17: =H17*(1+$B$3) -> 0 | J17: =I17*(1+$B$3) -> 0 | K17: =J17*(1+$B$3) -> 0
... A47: Safety/Quality Assurance Specialist I | C47: =B47*(1+$B$3) -> 0 | D47: =C47*(1+$B$3) -> 0 | E47: =D47*(1+$B$3) -> 0 | F47: =E47*(1+$B$3) -> 0 | G47: =F47*(1+$B$3) -> 0 | H47: =G47*(1+$B$3) -> 0 | I47: =H47*(1+$B$3) -> 0 | J47: =I47*(1+$B$3) -> 0 | K47: =J47*(1+$B$3) -> 0

Sheet Maintenance IDIQ Price
B1: Fully Loaded Labor Rates
A3: Escalation Factor | B3: 0.025
B4: Base Ordering Period | G4: Option Ordering Period
A5: Labor Category | B5: Year 1 | C5: Year 2 | D5: Year 3 | E5: Year 4 | F5: Year 5 | G5: Year 6 | H5: Year 7 | I5: Year 8 | J5: Year 9 | K5: Year 10
A6: Project Manager IV | C6: =B6*(1+$B$3) -> 0 | D6: =C6*(1+$B$3) -> 0 | E6: =D6*(1+$B$3) -> 0 | F6: =E6*(1+$B$3) -> 0 | G6: =F6*(1+$B$3) -> 0 | H6: =G6*(1+$B$3) -> 0 | I6: =H6*(1+$B$3) -> 0 | J6: =I6*(1+$B$3) -> 0 | K6: =J6*(1+$B$3) -> 0
A7: Project Manager III | C7: =B7*(1+$B$3) -> 0 | D7: =C7*(1+$B$3) -> 0 | E7: =D7*(1+$B$3) -> 0 | F7: =E7*(1+$B$3) -> 0 | G7: =F7*(1+$B$3) -> 0 | H7: =G7*(1+$B$3) -> 0 | I7: =H7*(1+$B$3) -> 0 | J7: =I7*(1+$B$3) -> 0 | K7: =J7*(1+$B$3) -> 0
A8: System Engineer V | C8: =B8*(1+$B$3) -> 0 | D8: =C8*(1+$B$3) -> 0 | E8: =D8*(1+$B$3) -> 0 | F8: =E8*(1+$B$3) -> 0 | G8: =F8*(1+$B$3) -> 0 | H8: =G8*(1+$B$3) -> 0 | I8: =H8*(1+$B$3) -> 0 | J8: =I8*(1+$B$3) -> 0 | K8: =J8*(1+$B$3) -> 0
A9: System Engineer IV | C9: =B9*(1+$B$3) -> 0 | D9: =C9*(1+$B$3) -> 0 | E9: =D9*(1+$B$3) -> 0 | F9: =E9*(1+$B$3) -> 0 | G9: =F9*(1+$B$3) -> 0 | H9: =G9*(1+$B$3) -> 0 | I9: =H9*(1+$B$3) -> 0 | J9: =I9*(1+$B$3) -> 0 | K9: =J9*(1+$B$3) -> 0
A10: System Engineer III | C10: =B10*(1+$B$3) -> 0 | D10: =C10*(1+$B$3) -> 0 | E10: =D10*(1+$B$3) -> 0 | F10: =E10*(1+$B$3) -> 0 | G10: =F10*(1+$B$3) -> 0 | H10: =G10*(1+$B$3) -> 0 | I10: =H10*(1+$B$3) -> 0 | J10: =I10*(1+$B$3) -> 0 | K10: =J10*(1+$B$3) -> 0
A11: System Engineer II | C11: =B11*(1+$B$3) -> 0 | D11: =C11*(1+$B$3) -> 0 | E11: =D11*(1+$B$3) -> 0 | F11: =E11*(1+$B$3) -> 0 | G11: =F11*(1+$B$3) -> 0 | H11: =G11*(1+$B$3) -> 0 | I11: =H11*(1+$B$3) -> 0 | J11: =I11*(1+$B$3) -> 0 | K11: =J11*(1+$B$3) -> 0
A12: System Engineer I | C12: =B12*(1+$B$3) -> 0 | D12: =C12*(1+$B$3) -> 0 | E12: =D12*(1+$B$3) -> 0 | F12: =E12*(1+$B$3) -> 0 | G12: =F12*(1+$B$3) -> 0 | H12: =G12*(1+$B$3) -> 0 | I12: =H12*(1+$B$3) -> 0 | J12: =I12*(1+$B$3) -> 0 | K12: =J12*(1+$B$3) -> 0
A13: Network Engineer V | C13: =B13*(1+$B$3) -> 0 | D13: =C13*(1+$B$3) -> 0 | E13: =D13*(1+$B$3) -> 0 | F13: =E13*(1+$B$3) -> 0 | G13: =F13*(1+$B$3) -> 0 | H13: =G13*(1+$B$3) -> 0 | I13: =H13*(1+$B$3) -> 0 | J13: =I13*(1+$B$3) -> 0 | K13: =J13*(1+$B$3) -> 0
A14: Network Engineer IV | C14: =B14*(1+$B$3) -> 0 | D14: =C14*(1+$B$3) -> 0 | E14: =D14*(1+$B$3) -> 0 | F14: =E14*(1+$B$3) -> 0 | G14: =F14*(1+$B$3) -> 0 | H14: =G14*(1+$B$3) -> 0 | I14: =H14*(1+$B$3) -> 0 | J14: =I14*(1+$B$3) -> 0 | K14: =J14*(1+$B$3) -> 0
A15: Network Engineer III | C15: =B15*(1+$B$3) -> 0 | D15: =C15*(1+$B$3) -> 0 | E15: =D15*(1+$B$3) -> 0 | F15: =E15*(1+$B$3) -> 0 | G15: =F15*(1+$B$3) -> 0 | H15: =G15*(1+$B$3) -> 0 | I15: =H15*(1+$B$3) -> 0 | J15: =I15*(1+$B$3) -> 0 | K15: =J15*(1+$B$3) -> 0
A16: Network Engineer II | C16: =B16*(1+$B$3) -> 0 | D16: =C16*(1+$B$3) -> 0 | E16: =D16*(1+$B$3) -> 0 | F16: =E16*(1+$B$3) -> 0 | G16: =F16*(1+$B$3) -> 0 | H16: =G16*(1+$B$3) -> 0 | I16: =H16*(1+$B$3) -> 0 | J16: =I16*(1+$B$3) -> 0 | K16: =J16*(1+$B$3) -> 0
A17: Network Engineer I | C17: =B17*(1+$B$3) -> 0 | D17: =C17*(1+$B$3) -> 0 | E17: =D17*(1+$B$3) -> 0 | F17: =E17*(1+$B$3) -> 0 | G17: =F17*(1+$B$3) -> 0 | H17: =G17*(1+$B$3) -> 0 | I17: =H17*(1+$B$3) -> 0 | J17: =I17*(1+$B$3) -> 0 | K17: =J17*(1+$B$3) -> 0
... A72: IT Security Specialist I | C72: =B72*(1+$B$3) -> 0 | D72: =C72*(1+$B$3) -> 0 | E72: =D72*(1+$B$3) -> 0 | F72: =E72*(1+$B$3) -> 0 | G72: =F72*(1+$B$3) -> 0 | H72: =G72*(1+$B$3) -> 0 | I72: =H72*(1+$B$3) -> 0 | J72: =I72*(1+$B$3) -> 0 | K72: =J72*(1+$B$3) -> 0

Sheet Sustainment IDIQ Price
B1: Fully Loaded Labor Rates
A3: Escalation Factor | B3: 0.025
B4: Base Ordering Period | G4: Option Ordering Period
A5: Labor Category | B5: Year 1 | C5: Year 2 | D5: Year 3 | E5: Year 4 | F5: Year 5 | G5: Year 6 | H5: Year 7 | I5: Year 8 | J5: Year 9 | K5: Year 10
A6: Project Manager IV | C6: =B6*(1+$B$3) -> 0 | D6: =C6*(1+$B$3) -> 0 | E6: =D6*(1+$B$3) -> 0 | F6: =E6*(1+$B$3) -> 0 | G6: =F6*(1+$B$3) -> 0 | H6: =G6*(1+$B$3) -> 0 | I6: =H6*(1+$B$3) -> 0 | J6: =I6*(1+$B$3) -> 0 | K6: =J6*(1+$B$3) -> 0
A7: Project Manager III | C7: =B7*(1+$B$3) -> 0 | D7: =C7*(1+$B$3) -> 0 | E7: =D7*(1+$B$3) -> 0 | F7: =E7*(1+$B$3) -> 0 | G7: =F7*(1+$B$3) -> 0 | H7: =G7*(1+$B$3) -> 0 | I7: =H7*(1+$B$3) -> 0 | J7: =I7*(1+$B$3) -> 0 | K7: =J7*(1+$B$3) -> 0
A8: System Engineer V | C8: =B8*(1+$B$3) -> 0 | D8: =C8*(1+$B$3) -> 0 | E8: =D8*(1+$B$3) -> 0 | F8: =E8*(1+$B$3) -> 0 | G8: =F8*(1+$B$3) -> 0 | H8: =G8*(1+$B$3) -> 0 | I8: =H8*(1+$B$3) -> 0 | J8: =I8*(1+$B$3) -> 0 | K8: =J8*(1+$B$3) -> 0
A9: System Engineer IV | C9: =B9*(1+$B$3) -> 0 | D9: =C9*(1+$B$3) -> 0 | E9: =D9*(1+$B$3) -> 0 | F9: =E9*(1+$B$3) -> 0 | G9: =F9*(1+$B$3) -> 0 | H9: =G9*(1+$B$3) -> 0 | I9: =H9*(1+$B$3) -> 0 | J9: =I9*(1+$B$3) -> 0 | K9: =J9*(1+$B$3) -> 0
A10: System Engineer III | C10: =B10*(1+$B$3) -> 0 | D10: =C10*(1+$B$3) -> 0 | E10: =D10*(1+$B$3) -> 0 | F10: =E10*(1+$B$3) -> 0 | G10: =F10*(1+$B$3) -> 0 | H10: =G10*(1+$B$3) -> 0 | I10: =H10*(1+$B$3) -> 0 | J10: =I10*(1+$B$3) -> 0 | K10: =J10*(1+$B$3) -> 0
A11: System Engineer II | C11: =B11*(1+$B$3) -> 0 | D11: =C11*(1+$B$3) -> 0 | E11: =D11*(1+$B$3) -> 0 | F11: =E11*(1+$B$3) -> 0 | G11: =F11*(1+$B$3) -> 0 | H11: =G11*(1+$B$3) -> 0 | I11: =H11*(1+$B$3) -> 0 | J11: =I11*(1+$B$3) -> 0 | K11: =J11*(1+$B$3) -> 0
A12: System Engineer I | C12: =B12*(1+$B$3) -> 0 | D12: =C12*(1+$B$3) -> 0 | E12: =D12*(1+$B$3) -> 0 | F12: =E12*(1+$B$3) -> 0 | G12: =F12*(1+$B$3) -> 0 | H12: =G12*(1+$B$3) -> 0 | I12: =H12*(1+$B$3) -> 0 | J12: =I12*(1+$B$3) -> 0 | K12: =J12*(1+$B$3) -> 0
A13: Network Engineer V | C13: =B13*(1+$B$3) -> 0 | D13: =C13*(1+$B$3) -> 0 | E13: =D13*(1+$B$3) -> 0 | F13: =E13*(1+$B$3) -> 0 | G13: =F13*(1+$B$3) -> 0 | H13: =G13*(1+$B$3) -> 0 | I13: =H13*(1+$B$3) -> 0 | J13: =I13*(1+$B$3) -> 0 | K13: =J13*(1+$B$3) -> 0
A14: Network Engineer IV | C14: =B14*(1+$B$3) -> 0 | D14: =C14*(1+$B$3) -> 0 | E14: =D14*(1+$B$3) -> 0 | F14: =E14*(1+$B$3) -> 0 | G14: =F14*(1+$B$3) -> 0 | H14: =G14*(1+$B$3) -> 0 | I14: =H14*(1+$B$3) -> 0 | J14: =I14*(1+$B$3) -> 0 | K14: =J14*(1+$B$3) -> 0
A15: Network Engineer III | C15: =B15*(1+$B$3) -> 0 | D15: =C15*(1+$B$3) -> 0 | E15: =D15*(1+$B$3) -> 0 | F15: =E15*(1+$B$3) -> 0 | G15: =F15*(1+$B$3) -> 0 | H15: =G15*(1+$B$3) -> 0 | I15: =H15*(1+$B$3) -> 0 | J15: =I15*(1+$B$3) -> 0 | K15: =J15*(1+$B$3) -> 0
A16: Network Engineer II | C16: =B16*(1+$B$3) -> 0 | D16: =C16*(1+$B$3) -> 0 | E16: =D16*(1+$B$3) -> 0 | F16: =E16*(1+$B$3) -> 0 | G16: =F16*(1+$B$3) -> 0 | H16: =G16*(1+$B$3) -> 0 | I16: =H16*(1+$B$3) -> 0 | J16: =I16*(1+$B$3) -> 0 | K16: =J16*(1+$B$3) -> 0
A17: Network Engineer I | C17: =B17*(1+$B$3) -> 0 | D17: =C17*(1+$B$3) -> 0 | E17: =D17*(1+$B$3) -> 0 | F17: =E17*(1+$B$3) -> 0 | G17: =F17*(1+$B$3) -> 0 | H17: =G17*(1+$B$3) -> 0 | I17: =H17*(1+$B$3) -> 0 | J17: =I17*(1+$B$3) -> 0 | K17: =J17*(1+$B$3) -> 0
... A73: IT Security Specialist I | C73: =B73*(1+$B$3) -> 0 | D73: =C73*(1+$B$3) -> 0 | E73: =D73*(1+$B$3) -> 0 | F73: =E73*(1+$B$3) -> 0 | G73: =F73*(1+$B$3) -> 0 | H73: =G73*(1+$B$3) -> 0 | I73: =H73*(1+$B$3) -> 0 | J73: =I73*(1+$B$3) -> 0 | K73: =J73*(1+$B$3) -> 0

Sheet Program Integration Day 1 Price
A1: Non-Commercial
A3: Base Period | F3: Option Period 1 | K3: Option Period 2 | P3: Option Period 3 | U3: Option Period 4
A4: CLIN 1 - Labor - FFP | F4: CLIN 3 | K4: CLIN 5 | P4: CLIN 7 | U4: CLIN 9
A5: Direct Labor | B5: Hours | C5: FTE | D5: Rate | E5: Amount | F5: Direct Labor | G5: Hours | H5: FTE | I5: Rate | J5: Amount | K5: Direct Labor | L5: Hours | M5: FTE | N5: Rate | O5: Amount | P5: Direct Labor | Q5: Hours | R5: FTE | S5: Rate | T5: Amount | U5: Direct Labor | V5: Hours | W5: FTE | X5: Rate | Y5: Amount
A6: {='Program Integration IDIQ Price'!A6:A36} -> Project Manager V | C6: =B6/1880 -> 0 | D6: ='Program Integration IDIQ Price'!B6 -> 0 | E6: =B6*D6 -> 0 | F6: =$A6 -> Project Manager V | H6: =G6/1880 -> 0 | I6: ='Program Integration IDIQ Price'!C6 -> 0 | J6: =G6*I6 -> 0 | K6: =$A6 -> Project Manager V | M6: =L6/1880 -> 0 | N6: ='Program Integration IDIQ Price'!D6 -> 0 | O6: =L6*N6 -> 0 | P6: =$A6 -> Project Manager V | R6: =Q6/1880 -> 0 | S6: ='Program Integration IDIQ Price'!E6 -> 0 | T6: =Q6*S6 -> 0 | U6: =$A6 -> Project Manager V | W6: =V6/1880 -> 0 | X6: ='Program Integration IDIQ Price'!F6 -> 0 | Y6: =V6*X6 -> 0
A7: Project Manager IV | C7: =B7/1880 -> 0 | D7: ='Program Integration IDIQ Price'!B7 -> 0 | E7: =B7*D7 -> 0 | F7: =$A7 -> Project Manager IV | H7: =G7/1880 -> 0 | I7: ='Program Integration IDIQ Price'!C7 -> 0 | J7: =G7*I7 -> 0 | K7: =$A7 -> Project Manager IV | M7: =L7/1880 -> 0 | N7: ='Program Integration IDIQ Price'!D7 -> 0 | O7: =L7*N7 -> 0 | P7: =$A7 -> Project Manager IV | R7: =Q7/1880 -> 0 | S7: ='Program Integration IDIQ Price'!E7 -> 0 | T7: =Q7*S7 -> 0 | U7: =$A7 -> Project Manager IV | W7: =V7/1880 -> 0 | X7: ='Program Integration IDIQ Price'!F7 -> 0 | Y7: =V7*X7 -> 0
A8: System Engineer V | C8: =B8/1880 -> 0 | D8: ='Program Integration IDIQ Price'!B8 -> 0 | E8: =B8*D8 -> 0 | F8: =$A8 -> System Engineer V | H8: =G8/1880 -> 0 | I8: ='Program Integration IDIQ Price'!C8 -> 0 | J8: =G8*I8 -> 0 | K8: =$A8 -> System Engineer V | M8: =L8/1880 -> 0 | N8: ='Program Integration IDIQ Price'!D8 -> 0 | O8: =L8*N8 -> 0 | P8: =$A8 -> System Engineer V | R8: =Q8/1880 -> 0 | S8: ='Program Integration IDIQ Price'!E8 -> 0 | T8: =Q8*S8 -> 0 | U8: =$A8 -> System Engineer V | W8: =V8/1880 -> 0 | X8: ='Program Integration IDIQ Price'!F8 -> 0 | Y8: =V8*X8 -> 0
A9: System Engineer IV | C9: =B9/1880 -> 0 | D9: ='Program Integration IDIQ Price'!B9 -> 0 | E9: =B9*D9 -> 0 | F9: =$A9 -> System Engineer IV | H9: =G9/1880 -> 0 | I9: ='Program Integration IDIQ Price'!C9 -> 0 | J9: =G9*I9 -> 0 | K9: =$A9 -> System Engineer IV | M9: =L9/1880 -> 0 | N9: ='Program Integration IDIQ Price'!D9 -> 0 | O9: =L9*N9 -> 0 | P9: =$A9 -> System Engineer IV | R9: =Q9/1880 -> 0 | S9: ='Program Integration IDIQ Price'!E9 -> 0 | T9: =Q9*S9 -> 0 | U9: =$A9 -> System Engineer IV | W9: =V9/1880 -> 0 | X9: ='Program Integration IDIQ Price'!F9 -> 0 | Y9: =V9*X9 -> 0
A10: System Engineer III | C10: =B10/1880 -> 0 | D10: ='Program Integration IDIQ Price'!B10 -> 0 | E10: =B10*D10 -> 0 | F10: =$A10 -> System Engineer III | H10: =G10/1880 -> 0 | I10: ='Program Integration IDIQ Price'!C10 -> 0 | J10: =G10*I10 -> 0 | K10: =$A10 -> System Engineer III | M10: =L10/1880 -> 0 | N10: ='Program Integration IDIQ Price'!D10 -> 0 | O10: =L10*N10 -> 0 | P10: =$A10 -> System Engineer III | R10: =Q10/1880 -> 0 | S10: ='Program Integration IDIQ Price'!E10 -> 0 | T10: =Q10*S10 -> 0 | U10: =$A10 -> System Engineer III | W10: =V10/1880 -> 0 | X10: ='Program Integration IDIQ Price'!F10 -> 0 | Y10: =V10*X10 -> 0
A11: Cloud Architect V | C11: =B11/1880 -> 0 | D11: ='Program Integration IDIQ Price'!B11 -> 0 | E11: =B11*D11 -> 0 | F11: =$A11 -> Cloud Architect V | H11: =G11/1880 -> 0 | I11: ='Program Integration IDIQ Price'!C11 -> 0 | J11: =G11*I11 -> 0 | K11: =$A11 -> Cloud Architect V | M11: =L11/1880 -> 0 | N11: ='Program Integration IDIQ Price'!D11 -> 0 | O11: =L11*N11 -> 0 | P11: =$A11 -> Cloud Architect V | R11: =Q11/1880 -> 0 | S11: ='Program Integration IDIQ Price'!E11 -> 0 | T11: =Q11*S11 -> 0 | U11: =$A11 -> Cloud Architect V | W11: =V11/1880 -> 0 | X11: ='Program Integration IDIQ Price'!F11 -> 0 | Y11: =V11*X11 -> 0
A12: Cloud Architect IV | C12: =B12/1880 -> 0 | D12: ='Program Integration IDIQ Price'!B12 -> 0 | E12: =B12*D12 -> 0 | F12: =$A12 -> Cloud Architect IV | H12: =G12/1880 -> 0 | I12: ='Program Integration IDIQ Price'!C12 -> 0 | J12: =G12*I12 -> 0 | K12: =$A12 -> Cloud Architect IV | M12: =L12/1880 -> 0 | N12: ='Program Integration IDIQ Price'!D12 -> 0 | O12: =L12*N12 -> 0 | P12: =$A12 -> Cloud Architect IV | R12: =Q12/1880 -> 0 | S12: ='Program Integration IDIQ Price'!E12 -> 0 | T12: =Q12*S12 -> 0 | U12: =$A12 -> Cloud Architect IV | W12: =V12/1880 -> 0 | X12: ='Program Integration IDIQ Price'!F12 -> 0 | Y12: =V12*X12 -> 0
A13: Data Communications Specialist IV | C13: =B13/1880 -> 0 | D13: ='Program Integration IDIQ Price'!B13 -> 0 | E13: =B13*D13 -> 0 | F13: =$A13 -> Data Communications Specialist IV | H13: =G13/1880 -> 0 | I13: ='Program Integration IDIQ Price'!C13 -> 0 | J13: =G13*I13 -> 0 | K13: =$A13 -> Data Communications Specialist IV | M13: =L13/1880 -> 0 | N13: ='Program Integration IDIQ Price'!D13 -> 0 | O13: =L13*N13 -> 0 | P13: =$A13 -> Data Communications Specialist IV | R13: =Q13/1880 -> 0 | S13: ='Program Integration IDIQ Price'!E13 -> 0 | T13: =Q13*S13 -> 0 | U13: =$A13 -> Data Communications Specialist IV | W13: =V13/1880 -> 0 | X13: ='Program Integration IDIQ Price'!F13 -> 0 | Y13: =V13*X13 -> 0
A14: Enterprise IT System Architect V | C14: =B14/1880 -> 0 | D14: ='Program Integration IDIQ Price'!B14 -> 0 | E14: =B14*D14 -> 0 | F14: =$A14 -> Enterprise IT System Architect V | H14: =G14/1880 -> 0 | I14: ='Program Integration IDIQ Price'!C14 -> 0 | J14: =G14*I14 -> 0 | K14: =$A14 -> Enterprise IT System Architect V | M14: =L14/1880 -> 0 | N14: ='Program Integration IDIQ Price'!D14 -> 0 | O14: =L14*N14 -> 0 | P14: =$A14 -> Enterprise IT System Architect V | R14: =Q14/1880 -> 0 | S14: ='Program Integration IDIQ Price'!E14 -> 0 | T14: =Q14*S14 -> 0 | U14: =$A14 -> Enterprise IT System Architect V | W14: =V14/1880 -> 0 | X14: ='Program Integration IDIQ Price'!F14 -> 0 | Y14: =V14*X14 -> 0
A15: Enterprise IT System Architect IV | C15: =B15/1880 -> 0 | D15: ='Program Integration IDIQ Price'!B15 -> 0 | E15: =B15*D15 -> 0 | F15: =$A15 -> Enterprise IT System Architect IV | H15: =G15/1880 -> 0 | I15: ='Program Integration IDIQ Price'!C15 -> 0 | J15: =G15*I15 -> 0 | K15: =$A15 -> Enterprise IT System Architect IV | M15: =L15/1880 -> 0 | N15: ='Program Integration IDIQ Price'!D15 -> 0 | O15: =L15*N15 -> 0 | P15: =$A15 -> Enterprise IT System Architect IV | R15: =Q15/1880 -> 0 | S15: ='Program Integration IDIQ Price'!E15 -> 0 | T15: =Q15*S15 -> 0 | U15: =$A15 -> Enterprise IT System Architect IV | W15: =V15/1880 -> 0 | X15: ='Program Integration IDIQ Price'!F15 -> 0 | Y15: =V15*X15 -> 0
A16: Help Desk Specialist IV | C16: =B16/1880 -> 0 | D16: ='Program Integration IDIQ Price'!B16 -> 0 | E16: =B16*D16 -> 0 | F16: =$A16 -> Help Desk Specialist IV | H16: =G16/1880 -> 0 | I16: ='Program Integration IDIQ Price'!C16 -> 0 | J16: =G16*I16 -> 0 | K16: =$A16 -> Help Desk Specialist IV | M16: =L16/1880 -> 0 | N16: ='Program Integration IDIQ Price'!D16 -> 0 | O16: =L16*N16 -> 0 | P16: =$A16 -> Help Desk Specialist IV | R16: =Q16/1880 -> 0 | S16: ='Program Integration IDIQ Price'!E16 -> 0 | T16: =Q16*S16 -> 0 | U16: =$A16 -> Help Desk Specialist IV | W16: =V16/1880 -> 0 | X16: ='Program Integration IDIQ Price'!F16 -> 0 | Y16: =V16*X16 -> 0
A17: Help Desk Specialist III | C17: =B17/1880 -> 0 | D17: ='Program Integration IDIQ Price'!B17 -> 0 | E17: =B17*D17 -> 0 | F17: =$A17 -> Help Desk Specialist III | H17: =G17/1880 -> 0 | I17: ='Program Integration IDIQ Price'!C17 -> 0 | J17: =G17*I17 -> 0 | K17: =$A17 -> Help Desk Specialist III | M17: =L17/1880 -> 0 | N17: ='Program Integration IDIQ Price'!D17 -> 0 | O17: =L17*N17 -> 0 | P17: =$A17 -> Help Desk Specialist III | R17: =Q17/1880 -> 0 | S17: ='Program Integration IDIQ Price'!E17 -> 0 | T17: =Q17*S17 -> 0 | U17: =$A17 -> Help Desk Specialist III | W17: =V17/1880 -> 0 | X17: ='Program Integration IDIQ Price'!F17 -> 0 | Y17: =V17*X17 -> 0
A18: Help Desk Specialist II | C18: =B18/1880 -> 0 | D18: ='Program Integration IDIQ Price'!B18 -> 0 | E18: =B18*D18 -> 0 | F18: =$A18 -> Help Desk Specialist II | H18: =G18/1880 -> 0 | I18: ='Program Integration IDIQ Price'!C18 -> 0 | J18: =G18*I18 -> 0 | K18: =$A18 -> Help Desk Specialist II | M18: =L18/1880 -> 0 | N18: ='Program Integration IDIQ Price'!D18 -> 0 | O18: =L18*N18 -> 0 | P18: =$A18 -> Help Desk Specialist II | R18: =Q18/1880 -> 0 | S18: ='Program Integration IDIQ Price'!E18 -> 0 | T18: =Q18*S18 -> 0 | U18: =$A18 -> Help Desk Specialist II | W18: =V18/1880 -> 0 | X18: ='Program Integration IDIQ Price'!F18 -> 0 | Y18: =V18*X18 -> 0
... A36: Business Analyst IV | C36: =B36/1880 -> 0 | D36: ='Program Integration IDIQ Price'!B36 -> 0 | E36: =B36*D36 -> 0 | F36: =$A36 -> Business Analyst IV | H36: =G36/1880 -> 0 | I36: ='Program Integration IDIQ Price'!C36 -> 0 | J36: =G36*I36 -> 0 | K36: =$A36 -> Business Analyst IV | M36: =L36/1880 -> 0 | N36: ='Program Integration IDIQ Price'!D36 -> 0 | O36: =L36*N36 -> 0 | P36: =$A36 -> Business Analyst IV | R36: =Q36/1880 -> 0 | S36: ='Program Integration IDIQ Price'!E36 -> 0 | T36: =Q36*S36 -> 0 | U36: =$A36 -> Business Analyst IV | W36: =V36/1880 -> 0 | X36: ='Program Integration IDIQ Price'!F36 -> 0 | Y36: =V36*X36 -> 0
A38: Total Labor | E38: =SUM(E6:E36) -> 0 | F38: Total Labor | J38: =SUM(J6:J36) -> 0 | K38: Total Labor | O38: =SUM(O6:O36) -> 0 | P38: Total Labor | T38: =SUM(T6:T36) -> 0 | U38: Total Labor | Y38: =SUM(Y6:Y36) -> 0
A40: CLIN 2 - ODCS - CR | F40: CLIN 4 - ODCS | K40: CLIN 6 - ODCS | P40: CLIN 8 - ODCS | U40: CLIN 10 - ODCS
A41: Travel | E41: 80000 | F41: Travel | J41: 80000 | K41: Travel | O41: 80000 | P41: Travel | T41: 80000 | U41: Travel | Y41: 80000
A42: Training | E42: 40000 | F42: Training | J42: 40000 | K42: Training | O42: 40000 | P42: Training | T42: 40000 | U42: Training | Y42: 40000
A43: Studies | E43: 1000000 | F43: Studies | J43: 1000000 | K43: Studies | O43: 1000000 | P43: Studies | T43: 1000000 | U43: Studies | Y43: 1000000
A45: Total ODCS | E45: =SUM(E41:E43) -> 1120000 | F45: Total ODCS | J45: =SUM(J41:J43) -> 1120000 | K45: Total ODCS | O45: =SUM(O41:O43) -> 1120000 | P45: Total ODCS | T45: =SUM(T41:T43) -> 1120000 | U45: Total ODCS | Y45: =SUM(Y41:Y43) -> 1120000
A47: Total | E47: =SUM(E38,E45) -> 1120000 | F47: Total | J47: =SUM(J38,J45) -> 1120000 | K47: Total | O47: =SUM(O38,O45) -> 1120000 | P47: Total | T47: =SUM(T38,T45) -> 1120000 | U47: Total | Y47: =SUM(Y38,Y45) -> 1120000

Sheet Operations Day 1 Price
A1: Non-Commercial
A3: Base Period | F3: Option Period 1 | K3: Option Period 2 | P3: Option Period 3 | U3: Option Period 4
A4: CLIN 1 - Labor - FFP | F4: CLIN 3 | K4: CLIN 5 | P4: CLIN 7 | U4: CLIN 9
A5: Direct Labor | B5: Hours | C5: FTE | D5: Rate | E5: Amount | F5: Direct Labor | G5: Hours | H5: FTE | I5: Rate | J5: Amount | K5: Direct Labor | L5: Hours | M5: FTE | N5: Rate | O5: Amount | P5: Direct Labor | Q5: Hours | R5: FTE | S5: Rate | T5: Amount | U5: Direct Labor | V5: Hours | W5: FTE | X5: Rate | Y5: Amount
A6: ='Operations IDIQ Price'!A6 -> Project Manager IV | C6: =B6/1880 -> 0 | D6: ='Operations IDIQ Price'!B6 -> 0 | E6: =B6*D6 -> 0 | F6: =$A6 -> Project Manager IV | H6: =G6/1880 -> 0 | I6: ='Operations IDIQ Price'!C6 -> 0 | J6: =G6*I6 -> 0 | K6: =$A6 -> Project Manager IV | M6: =L6/1880 -> 0 | N6: ='Operations IDIQ Price'!D6 -> 0 | O6: =L6*N6 -> 0 | P6: =$A6 -> Project Manager IV | R6: =Q6/1880 -> 0 | S6: ='Operations IDIQ Price'!E6 -> 0 | T6: =Q6*S6 -> 0 | U6: =$A6 -> Project Manager IV | W6: =V6/1880 -> 0 | X6: ='Operations IDIQ Price'!F6 -> 0 | Y6: =V6*X6 -> 0
A7: ='Operations IDIQ Price'!A7 -> Project Manager III | C7: =B7/1880 -> 0 | D7: ='Operations IDIQ Price'!B7 -> 0 | E7: =B7*D7 -> 0 | F7: =$A7 -> Project Manager III | H7: =G7/1880 -> 0 | I7: ='Operations IDIQ Price'!C7 -> 0 | J7: =G7*I7 -> 0 | K7: =$A7 -> Project Manager III | M7: =L7/1880 -> 0 | N7: ='Operations IDIQ Price'!D7 -> 0 | O7: =L7*N7 -> 0 | P7: =$A7 -> Project Manager III | R7: =Q7/1880 -> 0 | S7: ='Operations IDIQ Price'!E7 -> 0 | T7: =Q7*S7 -> 0 | U7: =$A7 -> Project Manager III | W7: =V7/1880 -> 0 | X7: ='Operations IDIQ Price'!F7 -> 0 | Y7: =V7*X7 -> 0
A8: ='Operations IDIQ Price'!A8 -> System Engineer IV | C8: =B8/1880 -> 0 | D8: ='Operations IDIQ Price'!B8 -> 0 | E8: =B8*D8 -> 0 | F8: =$A8 -> System Engineer IV | H8: =G8/1880 -> 0 | I8: ='Operations IDIQ Price'!C8 -> 0 | J8: =G8*I8 -> 0 | K8: =$A8 -> System Engineer IV | M8: =L8/1880 -> 0 | N8: ='Operations IDIQ Price'!D8 -> 0 | O8: =L8*N8 -> 0 | P8: =$A8 -> System Engineer IV | R8: =Q8/1880 -> 0 | S8: ='Operations IDIQ Price'!E8 -> 0 | T8: =Q8*S8 -> 0 | U8: =$A8 -> System Engineer IV | W8: =V8/1880 -> 0 | X8: ='Operations IDIQ Price'!F8 -> 0 | Y8: =V8*X8 -> 0
A9: ='Operations IDIQ Price'!A9 -> System Engineer III | C9: =B9/1880 -> 0 | D9: ='Operations IDIQ Price'!B9 -> 0 | E9: =B9*D9 -> 0 | F9: =$A9 -> System Engineer III | H9: =G9/1880 -> 0 | I9: ='Operations IDIQ Price'!C9 -> 0 | J9: =G9*I9 -> 0 | K9: =$A9 -> System Engineer III | M9: =L9/1880 -> 0 | N9: ='Operations IDIQ Price'!D9 -> 0 | O9: =L9*N9 -> 0 | P9: =$A9 -> System Engineer III | R9: =Q9/1880 -> 0 | S9: ='Operations IDIQ Price'!E9 -> 0 | T9: =Q9*S9 -> 0 | U9: =$A9 -> System Engineer III | W9: =V9/1880 -> 0 | X9: ='Operations IDIQ Price'!F9 -> 0 | Y9: =V9*X9 -> 0
A10: ='Operations IDIQ Price'!A10 -> System Engineer II | C10: =B10/1880 -> 0 | D10: ='Operations IDIQ Price'!B10 -> 0 | E10: =B10*D10 -> 0 | F10: =$A10 -> System Engineer II | H10: =G10/1880 -> 0 | I10: ='Operations IDIQ Price'!C10 -> 0 | J10: =G10*I10 -> 0 | K10: =$A10 -> System Engineer II | M10: =L10/1880 -> 0 | N10: ='Operations IDIQ Price'!D10 -> 0 | O10: =L10*N10 -> 0 | P10: =$A10 -> System Engineer II | R10: =Q10/1880 -> 0 | S10: ='Operations IDIQ Price'!E10 -> 0 | T10: =Q10*S10 -> 0 | U10: =$A10 -> System Engineer II | W10: =V10/1880 -> 0 | X10: ='Operations IDIQ Price'!F10 -> 0 | Y10: =V10*X10 -> 0
A11: ='Operations IDIQ Price'!A11 -> System Engineer I | C11: =B11/1880 -> 0 | D11: ='Operations IDIQ Price'!B11 -> 0 | E11: =B11*D11 -> 0 | F11: =$A11 -> System Engineer I | H11: =G11/1880 -> 0 | I11: ='Operations IDIQ Price'!C11 -> 0 | J11: =G11*I11 -> 0 | K11: =$A11 -> System Engineer I | M11: =L11/1880 -> 0 | N11: ='Operations IDIQ Price'!D11 -> 0 | O11: =L11*N11 -> 0 | P11: =$A11 -> System Engineer I | R11: =Q11/1880 -> 0 | S11: ='Operations IDIQ Price'!E11 -> 0 | T11: =Q11*S11 -> 0 | U11: =$A11 -> System Engineer I | W11: =V11/1880 -> 0 | X11: ='Operations IDIQ Price'!F11 -> 0 | Y11: =V11*X11 -> 0
A12: ='Operations IDIQ Price'!A12 -> Network Engineer V | C12: =B12/1880 -> 0 | D12: ='Operations IDIQ Price'!B12 -> 0 | E12: =B12*D12 -> 0 | F12: =$A12 -> Network Engineer V | H12: =G12/1880 -> 0 | I12: ='Operations IDIQ Price'!C12 -> 0 | J12: =G12*I12 -> 0 | K12: =$A12 -> Network Engineer V | M12: =L12/1880 -> 0 | N12: ='Operations IDIQ Price'!D12 -> 0 | O12: =L12*N12 -> 0 | P12: =$A12 -> Network Engineer V | R12: =Q12/1880 -> 0 | S12: ='Operations IDIQ Price'!E12 -> 0 | T12: =Q12*S12 -> 0 | U12: =$A12 -> Network Engineer V | W12: =V12/1880 -> 0 | X12: ='Operations IDIQ Price'!F12 -> 0 | Y12: =V12*X12 -> 0
A13: ='Operations IDIQ Price'!A13 -> Network Engineer IV | C13: =B13/1880 -> 0 | D13: ='Operations IDIQ Price'!B13 -> 0 | E13: =B13*D13 -> 0 | F13: =$A13 -> Network Engineer IV | H13: =G13/1880 -> 0 | I13: ='Operations IDIQ Price'!C13 -> 0 | J13: =G13*I13 -> 0 | K13: =$A13 -> Network Engineer IV | M13: =L13/1880 -> 0 | N13: ='Operations IDIQ Price'!D13 -> 0 | O13: =L13*N13 -> 0 | P13: =$A13 -> Network Engineer IV | R13: =Q13/1880 -> 0 | S13: ='Operations IDIQ Price'!E13 -> 0 | T13: =Q13*S13 -> 0 | U13: =$A13 -> Network Engineer IV | W13: =V13/1880 -> 0 | X13: ='Operations IDIQ Price'!F13 -> 0 | Y13: =V13*X13 -> 0
A14: ='Operations IDIQ Price'!A14 -> Network Engineer III | C14: =B14/1880 -> 0 | D14: ='Operations IDIQ Price'!B14 -> 0 | E14: =B14*D14 -> 0 | F14: =$A14 -> Network Engineer III | H14: =G14/1880 -> 0 | I14: ='Operations IDIQ Price'!C14 -> 0 | J14: =G14*I14 -> 0 | K14: =$A14 -> Network Engineer III | M14: =L14/1880 -> 0 | N14: ='Operations IDIQ Price'!D14 -> 0 | O14: =L14*N14 -> 0 | P14: =$A14 -> Network Engineer III | R14: =Q14/1880 -> 0 | S14: ='Operations IDIQ Price'!E14 -> 0 | T14: =Q14*S14 -> 0 | U14: =$A14 -> Network Engineer III | W14: =V14/1880 -> 0 | X14: ='Operations IDIQ Price'!F14 -> 0 | Y14: =V14*X14 -> 0
A15: ='Operations IDIQ Price'!A15 -> Network Engineer II | C15: =B15/1880 -> 0 | D15: ='Operations IDIQ Price'!B15 -> 0 | E15: =B15*D15 -> 0 | F15: =$A15 -> Network Engineer II | H15: =G15/1880 -> 0 | I15: ='Operations IDIQ Price'!C15 -> 0 | J15: =G15*I15 -> 0 | K15: =$A15 -> Network Engineer II | M15: =L15/1880 -> 0 | N15: ='Operations IDIQ Price'!D15 -> 0 | O15: =L15*N15 -> 0 | P15: =$A15 -> Network Engineer II | R15: =Q15/1880 -> 0 | S15: ='Operations IDIQ Price'!E15 -> 0 | T15: =Q15*S15 -> 0 | U15: =$A15 -> Network Engineer II | W15: =V15/1880 -> 0 | X15: ='Operations IDIQ Price'!F15 -> 0 | Y15: =V15*X15 -> 0
A16: ='Operations IDIQ Price'!A16 -> Network Engineer I | C16: =B16/1880 -> 0 | D16: ='Operations IDIQ Price'!B16 -> 0 | E16: =B16*D16 -> 0 | F16: =$A16 -> Network Engineer I | H16: =G16/1880 -> 0 | I16: ='Operations IDIQ Price'!C16 -> 0 | J16: =G16*I16 -> 0 | K16: =$A16 -> Network Engineer I | M16: =L16/1880 -> 0 | N16: ='Operations IDIQ Price'!D16 -> 0 | O16: =L16*N16 -> 0 | P16: =$A16 -> Network Engineer I | R16: =Q16/1880 -> 0 | S16: ='Operations IDIQ Price'!E16 -> 0 | T16: =Q16*S16 -> 0 | U16: =$A16 -> Network Engineer I | W16: =V16/1880 -> 0 | X16: ='Operations IDIQ Price'!F16 -> 0 | Y16: =V16*X16 -> 0
A17: ='Operations IDIQ Price'!A17 -> Software Engineer V | C17: =B17/1880 -> 0 | D17: ='Operations IDIQ Price'!B17 -> 0 | E17: =B17*D17 -> 0 | F17: =$A17 -> Software Engineer V | H17: =G17/1880 -> 0 | I17: ='Operations IDIQ Price'!C17 -> 0 | J17: =G17*I17 -> 0 | K17: =$A17 -> Software Engineer V | M17: =L17/1880 -> 0 | N17: ='Operations IDIQ Price'!D17 -> 0 | O17: =L17*N17 -> 0 | P17: =$A17 -> Software Engineer V | R17: =Q17/1880 -> 0 | S17: ='Operations IDIQ Price'!E17 -> 0 | T17: =Q17*S17 -> 0 | U17: =$A17 -> Software Engineer V | W17: =V17/1880 -> 0 | X17: ='Operations IDIQ Price'!F17 -> 0 | Y17: =V17*X17 -> 0
... A47: ='Operations IDIQ Price'!A47 -> Safety/Quality Assurance Specialist I | C47: =B47/1880 -> 0 | D47: ='Operations IDIQ Price'!B47 -> 0 | E47: =B47*D47 -> 0 | F47: =$A47 -> Safety/Quality Assurance Specialist I | H47: =G47/1880 -> 0 | I47: ='Operations IDIQ Price'!C47 -> 0 | J47: =G47*I47 -> 0 | K47: =$A47 -> Safety/Quality Assurance Specialist I | M47: =L47/1880 -> 0 | N47: ='Operations IDIQ Price'!D47 -> 0 | O47: =L47*N47 -> 0 | P47: =$A47 -> Safety/Quality Assurance Specialist I | R47: =Q47/1880 -> 0 | S47: ='Operations IDIQ Price'!E47 -> 0 | T47: =Q47*S47 -> 0 | U47: =$A47 -> Safety/Quality Assurance Specialist I | W47: =V47/1880 -> 0 | X47: ='Operations IDIQ Price'!F47 -> 0 | Y47: =V47*X47 -> 0
A49: Total Labor | E49: =SUM(E6:E47) -> 0 | F49: Total Labor | J49: =SUM(J6:J47) -> 0 | K49: Total Labor | O49: =SUM(O6:O47) -> 0 | P49: Total Labor | T49: =SUM(T6:T47) -> 0 | U49: Total Labor | Y49: =SUM(Y6:Y47) -> 0
A51: CLIN 2 - ODCS - CR | F51: CLIN 4 - ODCS | K51: CLIN 6 - ODCS | P51: CLIN 8 - ODCS | U51: CLIN 10 - ODCS
A52: Travel | E52: 50000 | F52: Travel | J52: 50000 | K52: Travel | O52: 50000 | P52: Travel | T52: 50000 | U52: Travel | Y52: 50000
A53: Training | E53: 40000 | F53: Training | J53: 40000 | K53: Training | O53: 40000 | P53: Training | T53: 40000 | U53: Training | Y53: 40000
A55: Total ODCS | E55: =SUM(E52:E53) -> 90000 | F55: Total ODCS | J55: =SUM(J52:J53) -> 90000 | K55: Total ODCS | O55: =SUM(O52:O53) -> 90000 | P55: Total ODCS | T55: =SUM(T52:T53) -> 90000 | U55: Total ODCS | Y55: =SUM(Y52:Y53) -> 90000
A57: Total | E57: =SUM(E49,E55) -> 90000 | F57: Total | J57: =SUM(J49,J55) -> 90000 | K57: Total | O57: =SUM(O49,O55) -> 90000 | P57: Total | T57: =SUM(T49,T55) -> 90000 | U57: Total | Y57: =SUM(Y49,Y55) -> 90000

Sheet Maintenance Day 1 Price
A1: Non-Commercial
A3: Base Period | F3: Option Period 1 | K3: Option Period 2
A4: CLIN 1 - Labor - FFP | F4: CLIN 3 | K4: CLIN 5
A5: Direct Labor | B5: Hours | C5: FTE | D5: Rate | E5: Amount | F5: Direct Labor | G5: Hours | H5: FTE | I5: Rate | J5: Amount | K5: Direct Labor | L5: Hours | M5: FTE | N5: Rate | O5: Amount
A6: ='Maintenance IDIQ Price'!A6 -> Project Manager IV | C6: =B6/1880 -> 0 | D6: ='Maintenance IDIQ Price'!B6 -> 0 | E6: =B6*D6 -> 0 | F6: =$A6 -> Project Manager IV | H6: =G6/1880 -> 0 | I6: ='Maintenance IDIQ Price'!C6 -> 0 | J6: =G6*I6 -> 0 | K6: =$A6 -> Project Manager IV | M6: =L6/1880 -> 0 | N6: ='Maintenance IDIQ Price'!D6 -> 0 | O6: =L6*N6 -> 0
A7: ='Maintenance IDIQ Price'!A7 -> Project Manager III | C7: =B7/1880 -> 0 | D7: ='Maintenance IDIQ Price'!B7 -> 0 | E7: =B7*D7 -> 0 | F7: =$A7 -> Project Manager III | H7: =G7/1880 -> 0 | I7: ='Maintenance IDIQ Price'!C7 -> 0 | J7: =G7*I7 -> 0 | K7: =$A7 -> Project Manager III | M7: =L7/1880 -> 0 | N7: ='Maintenance IDIQ Price'!D7 -> 0 | O7: =L7*N7 -> 0
A8: ='Maintenance IDIQ Price'!A8 -> System Engineer V | C8: =B8/1880 -> 0 | D8: ='Maintenance IDIQ Price'!B8 -> 0 | E8: =B8*D8 -> 0 | F8: =$A8 -> System Engineer V | H8: =G8/1880 -> 0 | I8: ='Maintenance IDIQ Price'!C8 -> 0 | J8: =G8*I8 -> 0 | K8: =$A8 -> System Engineer V | M8: =L8/1880 -> 0 | N8: ='Maintenance IDIQ Price'!D8 -> 0 | O8: =L8*N8 -> 0
A9: ='Maintenance IDIQ Price'!A9 -> System Engineer IV | C9: =B9/1880 -> 0 | D9: ='Maintenance IDIQ Price'!B9 -> 0 | E9: =B9*D9 -> 0 | F9: =$A9 -> System Engineer IV | H9: =G9/1880 -> 0 | I9: ='Maintenance IDIQ Price'!C9 -> 0 | J9: =G9*I9 -> 0 | K9: =$A9 -> System Engineer IV | M9: =L9/1880 -> 0 | N9: ='Maintenance IDIQ Price'!D9 -> 0 | O9: =L9*N9 -> 0
A10: ='Maintenance IDIQ Price'!A10 -> System Engineer III | C10: =B10/1880 -> 0 | D10: ='Maintenance IDIQ Price'!B10 -> 0 | E10: =B10*D10 -> 0 | F10: =$A10 -> System Engineer III | H10: =G10/1880 -> 0 | I10: ='Maintenance IDIQ Price'!C10 -> 0 | J10: =G10*I10 -> 0 | K10: =$A10 -> System Engineer III | M10: =L10/1880 -> 0 | N10: ='Maintenance IDIQ Price'!D10 -> 0 | O10: =L10*N10 -> 0
A11: ='Maintenance IDIQ Price'!A11 -> System Engineer II | C11: =B11/1880 -> 0 | D11: ='Maintenance IDIQ Price'!B11 -> 0 | E11: =B11*D11 -> 0 | F11: =$A11 -> System Engineer II | H11: =G11/1880 -> 0 | I11: ='Maintenance IDIQ Price'!C11 -> 0 | J11: =G11*I11 -> 0 | K11: =$A11 -> System Engineer II | M11: =L11/1880 -> 0 | N11: ='Maintenance IDIQ Price'!D11 -> 0 | O11: =L11*N11 -> 0
A12: ='Maintenance IDIQ Price'!A12 -> System Engineer I | C12: =B12/1880 -> 0 | D12: ='Maintenance IDIQ Price'!B12 -> 0 | E12: =B12*D12 -> 0 | F12: =$A12 -> System Engineer I | H12: =G12/1880 -> 0 | I12: ='Maintenance IDIQ Price'!C12 -> 0 | J12: =G12*I12 -> 0 | K12: =$A12 -> System Engineer I | M12: =L12/1880 -> 0 | N12: ='Maintenance IDIQ Price'!D12 -> 0 | O12: =L12*N12 -> 0
A13: ='Maintenance IDIQ Price'!A13 -> Network Engineer V | C13: =B13/1880 -> 0 | D13: ='Maintenance IDIQ Price'!B13 -> 0 | E13: =B13*D13 -> 0 | F13: =$A13 -> Network Engineer V | H13: =G13/1880 -> 0 | I13: ='Maintenance IDIQ Price'!C13 -> 0 | J13: =G13*I13 -> 0 | K13: =$A13 -> Network Engineer V | M13: =L13/1880 -> 0 | N13: ='Maintenance IDIQ Price'!D13 -> 0 | O13: =L13*N13 -> 0
A14: ='Maintenance IDIQ Price'!A14 -> Network Engineer IV | C14: =B14/1880 -> 0 | D14: ='Maintenance IDIQ Price'!B14 -> 0 | E14: =B14*D14 -> 0 | F14: =$A14 -> Network Engineer IV | H14: =G14/1880 -> 0 | I14: ='Maintenance IDIQ Price'!C14 -> 0 | J14: =G14*I14 -> 0 | K14: =$A14 -> Network Engineer IV | M14: =L14/1880 -> 0 | N14: ='Maintenance IDIQ Price'!D14 -> 0 | O14: =L14*N14 -> 0
A15: ='Maintenance IDIQ Price'!A15 -> Network Engineer III | C15: =B15/1880 -> 0 | D15: ='Maintenance IDIQ Price'!B15 -> 0 | E15: =B15*D15 -> 0 | F15: =$A15 -> Network Engineer III | H15: =G15/1880 -> 0 | I15: ='Maintenance IDIQ Price'!C15 -> 0 | J15: =G15*I15 -> 0 | K15: =$A15 -> Network Engineer III | M15: =L15/1880 -> 0 | N15: ='Maintenance IDIQ Price'!D15 -> 0 | O15: =L15*N15 -> 0
A16: ='Maintenance IDIQ Price'!A16 -> Network Engineer II | C16: =B16/1880 -> 0 | D16: ='Maintenance IDIQ Price'!B16 -> 0 | E16: =B16*D16 -> 0 | F16: =$A16 -> Network Engineer II | H16: =G16/1880 -> 0 | I16: ='Maintenance IDIQ Price'!C16 -> 0 | J16: =G16*I16 -> 0 | K16: =$A16 -> Network Engineer II | M16: =L16/1880 -> 0 | N16: ='Maintenance IDIQ Price'!D16 -> 0 | O16: =L16*N16 -> 0
A17: ='Maintenance IDIQ Price'!A17 -> Network Engineer I | C17: =B17/1880 -> 0 | D17: ='Maintenance IDIQ Price'!B17 -> 0 | E17: =B17*D17 -> 0 | F17: =$A17 -> Network Engineer I | H17: =G17/1880 -> 0 | I17: ='Maintenance IDIQ Price'!C17 -> 0 | J17: =G17*I17 -> 0 | K17: =$A17 -> Network Engineer I | M17: =L17/1880 -> 0 | N17: ='Maintenance IDIQ Price'!D17 -> 0 | O17: =L17*N17 -> 0
... A72: ='Maintenance IDIQ Price'!A72 -> IT Security Specialist I | C72: =B72/1880 -> 0 | D72: ='Maintenance IDIQ Price'!B72 -> 0 | E72: =B72*D72 -> 0 | F72: =$A72 -> IT Security Specialist I | H72: =G72/1880 -> 0 | I72: ='Maintenance IDIQ Price'!C72 -> 0 | J72: =G72*I72 -> 0 | K72: =$A72 -> IT Security Specialist I | M72: =L72/1880 -> 0 | N72: ='Maintenance IDIQ Price'!D72 -> 0 | O72: =L72*N72 -> 0
A74: Total Labor | E74: =SUM(E6:E72) -> 0 | F74: Total Labor | J74: =SUM(J6:J72) -> 0 | K74: Total Labor | O74: =SUM(O6:O72) -> 0
A76: CLIN 2 - ODCS - CR | F76: CLIN 4 - ODCS | K76: CLIN 6 - ODCS
A77: Hardware | E77: 270000 | F77: Hardware | J77: 1260000 | K77: Hardware | O77: 5600000
A78: Software | E78: 84600 | F78: Software | J78: 262800 | K78: Software | O78: 1044000
A79: Spares | E79: 200000 | F79: Spares | J79: 200000 | K79: Spares | O79: 200000
A80: Licenses | E80: 6768 | F80: Licenses | J80: 21024 | K80: Licenses | O80: 83520
A81: Warranties | E81: 16000 | F81: Warranties | J81: 16000 | K81: Warranties | O81: 16000
A82: Travel | E82: 120000 | F82: Travel | J82: 120000 | K82: Travel | O82: 120000
A83: Training | E83: 40000 | F83: Training | J83: 40000 | K83: Training | O83: 40000
A85: Total ODCS | E85: =SUM(E77:E83) -> 737368 | F85: Total ODCS | J85: =SUM(J77:J81) -> 1759824 | K85: Total ODCS | O85: =SUM(O77:O79) -> 6844000
A87: Total | E87: =SUM(E74,E85) -> 737368 | F87: Total | J87: =SUM(J74,J85) -> 1759824 | K87: Total | O87: =SUM(O74,O85) -> 6844000
