Workbook

Sheet Table 1 Summary (2)
A1: Contractor Name: | E1: Summary Table
A2: Solicitation Number:
A3: Task Order Number:
A4: Task Order Title:
B5: Base Period:
B6: Option 1:
B7: Option 2:
B8: Option 3:
B9: Option 4:
B10: Option 5:
A12: Contract Value
A13: Description | C13: Total Price Base | D13: Total Price Option 1 | E13: Total Price Option 2 | F13: Total Price Option 3 | G13: Total Price Option 4 | H13: 52.217-8 Extension | I13: Total Price
A14: EQUIPMENT - Multi Energy Portal (MEP)
B15: CLIN 001 MEP | C15: =+'[1]MEP FFP (2)'!F14 -> 0 | I15: =SUM(C15:H15) -> 0
B16: CLIN 101 Command Center | D16: =+'[1]MEP FFP (2)'!#REF! -> #REF!
B17: CLIN 201 Blanking Wall | E17: =+'[1]MEP FFP (2)'!#REF! -> #REF!
B18: CLIN 301 Power Conditioner | F18: =+'[1]MEP FFP (2)'!#REF! -> #REF!
B19: CLIN 401 | G19: =+'[1]MEP FFP (2)'!#REF! -> #REF!
B20: CLIN 501 | H20: =+'[1]MEP FFP (2)'!#REF! -> #REF! | I20: =SUM(C16:H20) -> #REF!
A21: STANDARD LABOR
B22: CLIN 002 Engineering | C22: =+'[1]MEP FFP (2)'!#REF! -> #REF!
B23: CLIN 102 Technical Trade | D23: =+'[1]MEP FFP (2)'!#REF! -> #REF!
B24: CLIN 202 Laborers | E24: =+'[1]MEP FFP (2)'!#REF! -> #REF!
B25: CLIN 302 MEP | F25: =+'[1]MEP FFP (2)'!#REF! -> #REF!
B26: CLIN 402 Architecture | G26: =+'[1]MEP FFP (2)'!#REF! -> #REF!
B27: CLIN 502 Systems Designer | H27: =+'[1]MEP FFP (2)'!#REF! -> #REF! | I27: =SUM(C22:H27) -> #REF!
A28: GENERAL REQUIREMENTS
B29: CLIN 003 Design | C29: =+'[1]MEP FFP (2)'!F73 -> 0
B30: CLIN 103 Civil | D30: =+'[1]MEP FFP (2)'!J73 -> 0
B31: CLIN 203 Site | E31: =+'[1]MEP FFP (2)'!N73 -> 0
B32: CLIN 303 Systems | F32: =+'[1]MEP FFP (2)'!R73 -> 0
B33: CLIN 403 Structure | G33: =+'[1]MEP FFP (2)'!V73 -> 0
B34: CLIN 503 Infrastructure | H34: =+'[1]MEP FFP (2)'!Z73 -> 0 | I34: =SUM(C29:H34) -> 0
A35: TRAINING
B36: CLIN 004 Analyst | C36: ='[1]MEP FFP (2)'!F78 -> 156481
B37: CLIN 104 Training for Trainers | D37: ='[1]MEP FFP (2)'!J78 -> 0
B38: CLIN 204 Operators | E38: ='[1]MEP FFP (2)'!N78 -> 0
B39: CLIN 304 | F39: ='[1]MEP FFP (2)'!R78 -> 0
B40: CLIN 404 | G40: ='[1]MEP FFP (2)'!V78 -> 0
B41: CLIN 504 | H41: ='[1]MEP FFP (2)'!Z78 -> 0 | I41: =SUM(C36:H41) -> 156481
A42: TESTING
B43: CLIN 005 Commissioning | C43: ='[1]MEP FFP (2)'!F83 -> 3542353
B44: CLIN 105 SAT | D44: ='[1]MEP FFP (2)'!J83 -> 0
B45: CLIN 205 FAT | E45: ='[1]MEP FFP (2)'!N83 -> 0
B46: CLIN 305 Systems | F46: ='[1]MEP FFP (2)'!R83 -> 0
B47: CLIN 405 | G47: ='[1]MEP FFP (2)'!V83 -> 0
B48: CLIN 505 | H48: ='[1]MEP FFP (2)'!Z83 -> 0 | I48: =SUM(C43:H48) -> 3542353
A49: DESIGN
B50: CLIN 006 Site Design | C50: =+'[1]MEP FFP (2)'!F103 -> 263164
B51: CLIN 106 Systems Design | D51: =+'[1]MEP FFP (2)'!J103 -> 0
B52: CLIN 206 Security | E52: =+'[1]MEP FFP (2)'!N103 -> 0
B53: CLIN 306 OIT | F53: =+'[1]MEP FFP (2)'!R103 -> 0
B54: CLIN 406 Blanking | G54: =+'[1]MEP FFP (2)'!V103 -> 0
B55: CLIN 506 Infrastructure | H55: =+'[1]MEP FFP (2)'!Z103 -> 0 | I55: =SUM(C50:H55) -> 263164
A56: CIVIL WORKS
B57: CLIN 007 Site Prep | C57: =+'[1]MEP FFP (2)'!F145 -> 8858355
B58: CLIN 107 Concrete work | D58: =+'[1]MEP FFP (2)'!J145 -> 0
B59: CLIN 207 Steel Work | E59: =+'[1]MEP FFP (2)'!N145 -> 0
B60: CLIN 307 Geotech Studies | F60: =+'[1]MEP FFP (2)'!R145 -> 0
B61: CLIN 308 Infrastructure Install | F61: =+'[1]MEP FFP (2)'!R145 -> 0
B62: CLIN 407 Site Grading | G62: =+'[1]MEP FFP (2)'!V145 -> 0
B63: CLIN 507 Saw Cutting | H63: =+'[1]MEP FFP (2)'!Z145 -> 0 | I63: =SUM(C57:H63) -> 8858355
A64: INSTALLATION
B65: CLIN 008 Mechanical | C65: =+'[1]MEP FFP (2)'!F152 -> 0
B66: CLIN 108 Electrical | D66: =+'[1]MEP FFP (2)'!J152 -> 0
B67: CLIN 208 Plumbing | E67: =+'[1]MEP FFP (2)'!N152 -> 0
B68: CLIN 308 Foundations | F68: =+'[1]MEP FFP (2)'!R152 -> 0
B69: CLIN 308 Command Center | F69: =+'[1]MEP FFP (2)'!R153 -> 0
B70: CLIN 408 Technology Trenches | G70: =+'[1]MEP FFP (2)'!V152 -> 0
B71: CLIN 508 Conduit/Junction Boxes | H71: =+'[1]MEP FFP (2)'!Z152 -> 0 | I71: =SUM(C65:H71) -> 0
A72: Grand Total | C72: =SUM(C15:C71) -> #REF! | D72: =SUM(D15:D71) -> #REF! | E72: =SUM(E15:E71) -> #REF! | F72: =SUM(F15:F71) -> #REF! | G72: =SUM(G15:G71) -> #REF! | H72: =SUM(H15:H71) -> #REF! | I72: =SUM(C72:H72) -> #REF!
I73: Check
I74: =IF(I72=SUM(I15:I71),"Ok","Error") -> #REF!

Sheet Table 1 Summary
A1: Contractor Name: | E1: Summary Table
A2: Solicitation Number:
A3: Task Order Number:
A4: Task Order Title:
B5: Base Period:
B6: Option 1:
B7: Option 2:
B8: Option 3:
B9: Option 4:
B10: Option 5:
A12: Contract Value
A13: Description | C13: Total Price Base | D13: Total Price Option 1 | E13: Total Price Option 2 | F13: Total Price Option 3 | G13: Total Price Option 4 | H13: 52.217-8 Extension | I13: Total Price
A14: EQUIPMENT - Low Energy Portal (LEP)
B15: CLIN 101 LEP | C15: =+'[1]MEP FFP (2)'!F14 -> 0 | I15: =SUM(C15:H15) -> 0
B16: CLIN 101 Command Center | D16: =+'[1]MEP FFP (2)'!#REF! -> #REF!
B17: CLIN 201 Blanking Wall | E17: =+'[1]MEP FFP (2)'!#REF! -> #REF!
B18: CLIN 301 Power Conditioner | F18: =+'[1]MEP FFP (2)'!#REF! -> #REF!
B19: CLIN 401 | G19: =+'[1]MEP FFP (2)'!#REF! -> #REF!
B20: CLIN 501 | H20: =+'[1]MEP FFP (2)'!#REF! -> #REF! | I20: =SUM(C16:H20) -> #REF!
A21: STANDARD LABOR
B22: CLIN 002 Engineering | C22: =+'[1]MEP FFP (2)'!#REF! -> #REF!
B23: CLIN 102 Technical Trade | D23: =+'[1]MEP FFP (2)'!#REF! -> #REF!
B24: CLIN 202 Laborers | E24: =+'[1]MEP FFP (2)'!#REF! -> #REF!
B25: CLIN 302 Systems Design | F25: =+'[1]MEP FFP (2)'!#REF! -> #REF!
B26: CLIN 402 Architecture | G26: =+'[1]MEP FFP (2)'!#REF! -> #REF!
B27: CLIN 502 MEP | H27: =+'[1]MEP FFP (2)'!#REF! -> #REF! | I27: =SUM(C22:H27) -> #REF!
A28: GENERAL REQUIREMENTS
B29: CLIN 003 Design | C29: =+'[1]MEP FFP (2)'!F73 -> 0
B30: CLIN 103 Civil | D30: =+'[1]MEP FFP (2)'!J73 -> 0
B31: CLIN 203 Site | E31: =+'[1]MEP FFP (2)'!N73 -> 0
B32: CLIN 303 Systems | F32: =+'[1]MEP FFP (2)'!R73 -> 0
B33: CLIN 403 Structure | G33: =+'[1]MEP FFP (2)'!V73 -> 0
B34: CLIN 503 Infrastructure | H34: =+'[1]MEP FFP (2)'!Z73 -> 0 | I34: =SUM(C29:H34) -> 0
A35: TRAINING
B36: CLIN 004 Analyst | C36: ='[1]MEP FFP (2)'!F78 -> 156481
B37: CLIN 104 Training for Trainers | D37: ='[1]MEP FFP (2)'!J78 -> 0
B38: CLIN 204 Operators | E38: ='[1]MEP FFP (2)'!N78 -> 0
B39: CLIN 304 | F39: ='[1]MEP FFP (2)'!R78 -> 0
B40: CLIN 404 | G40: ='[1]MEP FFP (2)'!V78 -> 0
B41: CLIN 504 | H41: ='[1]MEP FFP (2)'!Z78 -> 0 | I41: =SUM(C36:H41) -> 156481
A42: TESTING
B43: CLIN 005 Commissioning | C43: ='[1]MEP FFP (2)'!F83 -> 3542353
B44: CLIN 105 SAT | D44: ='[1]MEP FFP (2)'!J83 -> 0
B45: CLIN 205 FAT | E45: ='[1]MEP FFP (2)'!N83 -> 0
B46: CLIN 305 Systems | F46: ='[1]MEP FFP (2)'!R83 -> 0
B47: CLIN 405 | G47: ='[1]MEP FFP (2)'!V83 -> 0
B48: CLIN 505 | H48: ='[1]MEP FFP (2)'!Z83 -> 0 | I48: =SUM(C43:H48) -> 3542353
A49: DESIGN
B50: CLIN 006 Site Design | C50: =+'[1]MEP FFP (2)'!F103 -> 263164
B51: CLIN 106 Systems Design | D51: =+'[1]MEP FFP (2)'!J103 -> 0
B52: CLIN 206 Security | E52: =+'[1]MEP FFP (2)'!N103 -> 0
B53: CLIN 306 OIT | F53: =+'[1]MEP FFP (2)'!R103 -> 0
B54: CLIN 406 Blanking | G54: =+'[1]MEP FFP (2)'!V103 -> 0
B55: CLIN 506 Infrastructure | H55: =+'[1]MEP FFP (2)'!Z103 -> 0 | I55: =SUM(C50:H55) -> 263164
A56: CIVIL WORKS
B57: CLIN 007 Site Prep | C57: =+'[1]MEP FFP (2)'!F145 -> 8858355
B58: CLIN 107 Concrete work | D58: =+'[1]MEP FFP (2)'!J145 -> 0
B59: CLIN 207 Steel Work | E59: =+'[1]MEP FFP (2)'!N145 -> 0
B60: CLIN 307 Geotech Studies | F60: =+'[1]MEP FFP (2)'!R145 -> 0
B61: CLIN 308 Infrastructure Install | G61: =+'[1]MEP FFP (2)'!V145 -> 0
B62: CLIN 407 Site Grading
B63: CLIN 507 Saw Cutting | H63: =+'[1]MEP FFP (2)'!Z145 -> 0 | I63: =SUM(C57:H63) -> 8858355
A64: INSTALLATION
B65: CLIN 008 Mechanical | C65: =+'[1]MEP FFP (2)'!F152 -> 0
B66: CLIN 108 Electrical | D66: =+'[1]MEP FFP (2)'!J152 -> 0
B67: CLIN 208 Plumbing
B68: CLIN 308 Foundations | E68: =+'[1]MEP FFP (2)'!N152 -> 0
B69: CLIN 308 Command Center | F69: =+'[1]MEP FFP (2)'!R152 -> 0
B70: CLIN 408 Technology Trenches | G70: =+'[1]MEP FFP (2)'!V152 -> 0
B71: CLIN 508 Conduit/Junction Boxes | H71: =+'[1]MEP FFP (2)'!Z152 -> 0 | I71: =SUM(C65:H71) -> 0
A72: Grand Total | C72: =SUM(C15:C71) -> #REF! | D72: =SUM(D15:D71) -> #REF! | E72: =SUM(E15:E71) -> #REF! | F72: =SUM(F15:F71) -> #REF! | G72: =SUM(G15:G71) -> #REF! | H72: =SUM(H15:H71) -> #REF! | I72: =SUM(C72:H72) -> #REF!
I73: Check
I74: =IF(I72=SUM(I15:I71),"Ok","Error") -> #REF!

Sheet Instructions
A1: Attachment 8 serves as the standardized format for submitting pricing information and associated details for all required Contract Line Item Numbers (CLINs). This ensures uniformity across proposals and facilitates efficient evaluation of submissions. 1. Required Information Contractors must complete the following sections of Attachment 8: a. Pricing Table: Provide detailed pricing for all required CLINs as specified in the solicitation. Ensure that all costs are clearly itemized and align with the scope of work and technical requirements outlined in the Statement of Work (SOW). I. You will notice there are several sub-CLINs under the main CLIN structure. CBP will factor the estimates included in the sub-CLINs into the main CLIN. Vendors will not be limited due to these sub-SLINs, however, the intent is to make sure all aspect of these CLINs are being considered, estimate, and proposed to. If vendors feel some of the sub-CLINs should not be proposed to, then refrain from providing an estimate. If vendors feel like a sub-CLIN is missing from consideration, please add the additional sub-CLIN and provide an estimate. b. Justification Tab: Use this tab to provide a detailed explanation of the proposed pricing. Include any supporting rationale, such as cost breakdowns, market research, or other relevant data that substantiates the proposed costs. c. Assumptions Tab: Clearly outline any assumptions made during the development of the proposal. These may include technical, operational, or logistical considerations that impact pricing or performance. 2. Formatting Requirements All entries in Attachment 8 must be completed electronically using the provided template. Do not alter the structure or format of the pricing table or tabs. If additional information is necessary, include it as supplemental documentation and reference it in the justification tab. Ensure all calculations are accurate and formulas within the pricing table are functional. 3. Submission Guidelines Proposals must be submitted in accordance with the timeline and instructions provided in the solicitation. Ensure Attachment 8 is included as part of the proposal package. Proposals submitted without Attachment 8 completed in full may be deemed non-compliant and excluded from consideration. 5. Evaluation Considerations Proposals will be evaluated based on the accuracy, completeness, and reasonableness of the pricing provided in Attachment 8, as well as the clarity and validity of the justification and assumptions. Contractors are encouraged to provide detailed and transparent information to facilitate the evaluation process. 6. Questions and Clarifications If contractors have questions regarding the use of Attachment 8 or require clarification on any aspect of the pricing table template, they should submit inquiries in writing to the Contracting Officer prior to the proposal submission deadline.

Sheet MEP CLINs
A1: =+'Table 1 Summary'!A1 -> Contractor Name:
A2: =+'Table 1 Summary'!A2 -> Solicitation Number:
A3: =+'Table 1 Summary'!A3 -> Task Order Number:
A4: =+'Table 1 Summary'!A4 -> Task Order Title:
C10: Base Year | G10: Option Year 1 | K10: Option Year 2 | O10: Option Year 3 | S10: Option Year 4
A11: EQUIPMENT - MULTI-ENERGY PORTAL SYSTEM (FFP) | C11: CLIN 001-XX | G11: CLIN 101 | K11: CLIN 201 | O11: CLIN 301 | S11: CLIN 401
A12: Sub-CLIN | B12: Description | C12: Type | D12: Qty | E12: Rate | F12: Amount | G12: Type | H12: Qty | I12: Rate | J12: Amount | K12: Type | L12: Qty | M12: Rate | N12: Amount | O12: Type | P12: Qty | Q12: Rate | R12: Amount | S12: Type | T12: Qty | U12: Rate | V12: Amount | W12: Total
A13: X100 | B13: MEP (less than 5 units) | C13: FFUP | D13: 1 | E13: 0 | F13: =D13*E13 -> 0 | G13: =C13 -> FFUP | H13: 1 | I13: =E13*1.05 -> 0 | J13: =H13*I13 -> 0 | K13: =G13 -> FFUP | L13: 1 | M13: =I13*1.05 -> 0 | N13: =L13*M13 -> 0 | O13: =K13 -> FFUP | P13: 1 | Q13: =M13*1.05 -> 0 | R13: =P13*Q13 -> 0 | S13: =O13 -> FFUP | T13: 1 | U13: =Q13*1.05 -> 0 | V13: =T13*U13 -> 0 | W13: =SUM(V13,R13,N13,J13,F13) -> 0
A14: X101 | B14: MEP (units 5-10) | C14: FFUP | D14: 5 | E14: 0 | F14: =D14*E14 -> 0 | G14: =C14 -> FFUP | H14: 5 | I14: =E14*1.05 -> 0 | J14: =H14*I14 -> 0 | K14: =G14 -> FFUP | L14: 5 | M14: =I14*1.05 -> 0 | N14: =L14*M14 -> 0 | O14: =K14 -> FFUP | P14: 5 | Q14: =M14*1.05 -> 0 | R14: =P14*Q14 -> 0 | S14: =O14 -> FFUP | T14: 5 | U14: =Q14*1.05 -> 0 | V14: =T14*U14 -> 0 | W14: =SUM(V14,R14,N14,J14,F14) -> 0
A15: X102 | B15: MEP (units 11-20) | C15: FFUP | D15: 11 | E15: 0 | F15: =D15*E15 -> 0 | G15: =C15 -> FFUP | H15: 11 | I15: =E15*1.05 -> 0 | J15: =H15*I15 -> 0 | K15: =G15 -> FFUP | L15: 11 | M15: =I15*1.05 -> 0 | N15: =L15*M15 -> 0 | O15: =K15 -> FFUP | P15: 11 | Q15: =M15*1.05 -> 0 | R15: =P15*Q15 -> 0 | S15: =O15 -> FFUP | T15: 11 | U15: =Q15*1.05 -> 0 | V15: =T15*U15 -> 0 | W15: =SUM(V15,R15,N15,J15,F15) -> 0
A16: X103 | B16: MEP (more than 20 units) | C16: FFUP | D16: 21 | E16: 0 | F16: =D16*E16 -> 0 | G16: =C16 -> FFUP | H16: 21 | I16: =E16*1.05 -> 0 | J16: =H16*I16 -> 0 | K16: =G16 -> FFUP | L16: 21 | M16: =I16*1.05 -> 0 | N16: =L16*M16 -> 0 | O16: =K16 -> FFUP | P16: 21 | Q16: =M16*1.05 -> 0 | R16: =P16*Q16 -> 0 | S16: =O16 -> FFUP | T16: 21 | U16: =Q16*1.05 -> 0 | V16: =T16*U16 -> 0 | W16: =SUM(V16,R16,N16,J16,F16) -> 0
A17: X116 | B17: UVBx | C17: FFUP | D17: =D13 -> 1 | E17: 0 | F17: =D17*E17 -> 0 | G17: FFUP | H17: =H13 -> 1 | I17: =E17*1.05 -> 0 | J17: =H17*I17 -> 0 | K17: FFUP | L17: =L13 -> 1 | M17: =I17*1.05 -> 0 | N17: =L17*M17 -> 0 | O17: FFUP | P17: =P13 -> 1 | Q17: =M17*1.05 -> 0 | R17: =P17*Q17 -> 0 | S17: FFUP | T17: =T13 -> 1 | U17: =Q17*1.05 -> 0 | V17: =T17*U17 -> 0 | W17: =SUM(V17,R17,N17,J17,F17) -> 0
B18: Perephiral Sensors
E20: Total Equipment Management | F20: =SUM(F13:F19) -> 0 | I20: Total Equipment Management | J20: =SUM(J13:J19) -> 0 | M20: Total Equipment Management | N20: =SUM(N13:N19) -> 0 | Q20: Total Equipment Management | R20: =SUM(R13:R19) -> 0 | U20: Total Equipment Management | V20: =SUM(V13:V19) -> 0 | W20: =SUM(V20,R20,N20,J20,F20) -> 0
C22: Base Year | G22: Option Year 1 | K22: Option Year 2 | O22: Option Year 3 | S22: Option Year 4
A23: SITE DESIGN (FFP) | C23: CLIN 002 | G23: CLIN 102 | K23: CLIN 202 | O23: CLIN 302 | S23: CLIN 402
A24: Sub-CLIN | B24: Description | C24: Type | D24: Qty | E24: Rate | F24: Amount | G24: Type | H24: Qty | I24: Rate | J24: Amount | K24: Type | L24: Qty | M24: Rate | N24: Amount | O24: Type | P24: Qty | Q24: Rate | R24: Amount | S24: Type | T24: Qty | U24: Rate | V24: Amount | W24: Total
A25: X200 | B25: Program Management and Operations Labor- Fully Burdened | C25: T&M | D25: 1 | F25: =D25*E25 -> 0 | G25: =C25 -> T&M | H25: 1 | I25: =E25*1.05 -> 0 | J25: =H25*I25 -> 0 | K25: =G25 -> T&M | L25: 1 | M25: =I25*1.05 -> 0 | N25: =L25*M25 -> 0 | O25: =K25 -> T&M | P25: 1 | Q25: =M25*1.05 -> 0 | R25: =P25*Q25 -> 0 | S25: =O25 -> T&M | T25: 1 | U25: =Q25*1.05 -> 0 | V25: =T25*U25 -> 0 | W25: =SUM(V25,R25,N25,J25,F25) -> 0
A26: X201 | B26: Travel | C26: Cost reimbursable | D26: 1 | F26: =D26*E26 -> 0 | G26: =C26 -> Cost reimbursable | H26: 1 | I26: =E26*1.05 -> 0 | J26: =H26*I26 -> 0 | K26: =G26 -> Cost reimbursable | L26: 1 | M26: =I26*1.05 -> 0 | N26: =L26*M26 -> 0 | O26: =K26 -> Cost reimbursable | P26: 1 | Q26: =M26*1.05 -> 0 | R26: =P26*Q26 -> 0 | S26: =O26 -> Cost reimbursable | T26: 1 | U26: =Q26*1.05 -> 0 | V26: =T26*U26 -> 0 | W26: =SUM(V26,R26,N26,J26,F26) -> 0
A27: X202 | B27: Site Design | C27: FFP | D27: 1 | F27: =D27*E27 -> 0 | G27: =C27 -> FFP | H27: 1 | I27: =E27*1.05 -> 0 | J27: =H27*I27 -> 0 | K27: =G27 -> FFP | L27: 1 | M27: =I27*1.05 -> 0 | N27: =L27*M27 -> 0 | O27: =K27 -> FFP | P27: 1 | Q27: =M27*1.05 -> 0 | R27: =P27*Q27 -> 0 | S27: =O27 -> FFP | T27: 1 | U27: =Q27*1.05 -> 0 | V27: =T27*U27 -> 0 | W27: =SUM(V27,R27,N27,J27,F27) -> 0
A28: X203 | B28: Concept Review
A29: X204 | B29: 50% Design
A30: X205 | B30: 95% Design
A31: X206 | B31: Issued for Construction Drawings
E32: Total Site Design | F32: =SUM(F27:F31) -> 0 | I32: Total Site Design | J32: =SUM(J21:J31) -> 0 | M32: Total Site Design | N32: =SUM(N21:N31) -> 0 | Q32: Total Site Design | R32: =SUM(R21:R31) -> 0 | U32: Total Site Design | V32: =SUM(V21:V31) -> 0 | W32: =SUM(V32,R32,N32,J32,F32) -> 0
C34: Base Year | G34: Option Year 1 | K34: Option Year 2 | O34: Option Year 3 | S34: Option Year 4
A35: CIVIL WORKS (T&M) | C35: CLIN 003 | G35: CLIN 103 | K35: CLIN 203 | O35: CLIN 303 | S35: CLIN 403
A36: Sub - CLIN | B36: Description | C36: Type | D36: Qty | E36: Rate | F36: Amount | G36: Type | H36: Qty | I36: Rate | J36: Amount | K36: Type | L36: Qty | M36: Rate | N36: Amount | O36: Type | P36: Qty | Q36: Rate | R36: Amount | S36: Type | T36: Qty | U36: Rate | V36: Amount | W36: Total
A37: X300 | B37: Mobilization and Site Preparations, Securing the site, Demobilization | C37: T&M | D37: 1 | F37: =ROUND(D37*E37,2) -> 0 | G37: T&M | H37: 1 | I37: =E37*1.05 -> 0 | J37: =ROUND(H37*I37,2) -> 0 | K37: T&M | L37: 1 | M37: =I37*1.05 -> 0 | N37: =ROUND(L37*M37,2) -> 0 | O37: T&M | P37: 1 | Q37: =M37*1.05 -> 0 | R37: =ROUND(P37*Q37,2) -> 0 | S37: T&M | T37: 1 | U37: =Q37*1.05 -> 0 | V37: =ROUND(T37*U37,2) -> 0 | W37: =SUM(V37,R37,N37,J37,F37) -> 0
A38: X301 | B38: Command Center-New Construction | C38: T&M | D38: 1 | F38: =ROUND(D38*E38,2) -> 0 | G38: T&M | H38: 1 | I38: =E38*1.05 -> 0 | J38: =ROUND(H38*I38,2) -> 0 | K38: T&M | L38: 1 | M38: =I38*1.05 -> 0 | N38: =ROUND(L38*M38,2) -> 0 | O38: T&M | P38: 1 | Q38: =M38*1.05 -> 0 | R38: =ROUND(P38*Q38,2) -> 0 | S38: T&M | T38: 1 | U38: =Q38*1.05 -> 0 | V38: =ROUND(T38*U38,2) -> 0 | W38: =SUM(V38,R38,N38,J38,F38) -> 0
A39: X302 | B39: Command Center-Retrofit | C39: T&M | D39: 1 | F39: =ROUND(D39*E39,2) -> 0 | G39: T&M | H39: 1 | I39: =E39*1.05 -> 0 | J39: =ROUND(H39*I39,2) -> 0 | K39: T&M | L39: 1 | M39: =I39*1.05 -> 0 | N39: =ROUND(L39*M39,2) -> 0 | O39: T&M | P39: 1 | Q39: =M39*1.05 -> 0 | R39: =ROUND(P39*Q39,2) -> 0 | S39: T&M | T39: 1 | U39: =Q39*1.05 -> 0 | V39: =ROUND(T39*U39,2) -> 0 | W39: =SUM(V39,R39,N39,J39,F39) -> 0
A40: X303 | B40: Demolition/Excavation/Removal/Saw Cut | C40: T&M | D40: 1 | F40: =ROUND(D40*E40,2) -> 0 | G40: T&M | H40: 1 | I40: =E40*1.05 -> 0 | J40: =ROUND(H40*I40,2) -> 0 | K40: T&M | L40: 1 | M40: =I40*1.05 -> 0 | N40: =ROUND(L40*M40,2) -> 0 | O40: T&M | P40: 1 | Q40: =M40*1.05 -> 0 | R40: =ROUND(P40*Q40,2) -> 0 | S40: T&M | T40: 1 | U40: =Q40*1.05 -> 0 | V40: =ROUND(T40*U40,2) -> 0 | W40: =SUM(V40,R40,N40,J40,F40) -> 0
A41: X304 | B41: Clearing/Grubbing, Dirt Work (balancing cut/fill), Compaction, Drainage | C41: T&M | D41: 1 | F41: =ROUND(D41*E41,2) -> 0 | G41: T&M | H41: 1 | I41: =E41*1.05 -> 0 | J41: =ROUND(H41*I41,2) -> 0 | K41: T&M | L41: 1 | M41: =I41*1.05 -> 0 | N41: =ROUND(L41*M41,2) -> 0 | O41: T&M | P41: 1 | Q41: =M41*1.05 -> 0 | R41: =ROUND(P41*Q41,2) -> 0 | S41: T&M | T41: 1 | U41: =Q41*1.05 -> 0 | V41: =ROUND(T41*U41,2) -> 0 | W41: =SUM(V41,R41,N41,J41,F41) -> 0
A42: X305 | B42: Electrical/Plumbing/Mechanical | C42: T&M | D42: 1 | F42: =ROUND(D42*E42,2) -> 0 | G42: T&M | H42: 1 | I42: =E42*1.05 -> 0 | J42: =ROUND(H42*I42,2) -> 0 | K42: T&M | L42: 1 | M42: =I42*1.05 -> 0 | N42: =ROUND(L42*M42,2) -> 0 | O42: T&M | P42: 1 | Q42: =M42*1.05 -> 0 | R42: =ROUND(P42*Q42,2) -> 0 | S42: T&M | T42: 1 | U42: =Q42*1.05 -> 0 | V42: =ROUND(T42*U42,2) -> 0 | W42: =SUM(V42,R42,N42,J42,F42) -> 0
A43: X306 | B43: Concrete/Asphalt/Footers/Foundations/Lanes of Traffic | C43: T&M | D43: 1 | F43: =ROUND(D43*E43,2) -> 0 | G43: T&M | H43: 1 | I43: =E43*1.05 -> 0 | J43: =ROUND(H43*I43,2) -> 0 | K43: T&M | L43: 1 | M43: =I43*1.05 -> 0 | N43: =ROUND(L43*M43,2) -> 0 | O43: T&M | P43: 1 | Q43: =M43*1.05 -> 0 | R43: =ROUND(P43*Q43,2) -> 0 | S43: T&M | T43: 1 | U43: =Q43*1.05 -> 0 | V43: =ROUND(T43*U43,2) -> 0 | W43: =SUM(V43,R43,N43,J43,F43) -> 0
A44: X307 | B44: Steel Work | C44: T&M | D44: 1 | F44: =ROUND(D44*E44,2) -> 0 | G44: T&M | H44: 1 | I44: =E44*1.05 -> 0 | J44: =ROUND(H44*I44,2) -> 0 | K44: T&M | L44: 1 | M44: =I44*1.05 -> 0 | N44: =ROUND(L44*M44,2) -> 0 | O44: T&M | P44: 1 | Q44: =M44*1.05 -> 0 | R44: =ROUND(P44*Q44,2) -> 0 | S44: T&M | T44: 1 | U44: =Q44*1.05 -> 0 | V44: =ROUND(T44*U44,2) -> 0 | W44: =SUM(V44,R44,N44,J44,F44) -> 0
A45: X308 | B45: Traffic Control Measures, Jersey Barriers, Speed bumps, striping, signage | C45: T&M | D45: 1 | F45: =ROUND(D45*E45,2) -> 0 | G45: T&M | H45: 1 | I45: =E45*1.05 -> 0 | J45: =ROUND(H45*I45,2) -> 0 | K45: T&M | L45: 1 | M45: =I45*1.05 -> 0 | N45: =ROUND(L45*M45,2) -> 0 | O45: T&M | P45: 1 | Q45: =M45*1.05 -> 0 | R45: =ROUND(P45*Q45,2) -> 0 | S45: T&M | T45: 1 | U45: =Q45*1.05 -> 0 | V45: =ROUND(T45*U45,2) -> 0 | W45: =SUM(V45,R45,N45,J45,F45) -> 0
A46: X309 | B46: IT Trenches, Conduit, Conduit Banks, Junction Boxes, Pull Strings | C46: T&M | D46: 1 | F46: =ROUND(D46*E46,2) -> 0 | G46: T&M | H46: 1 | I46: =E46*1.05 -> 0 | J46: =ROUND(H46*I46,2) -> 0 | K46: T&M | L46: 1 | M46: =I46*1.05 -> 0 | N46: =ROUND(L46*M46,2) -> 0 | O46: T&M | P46: 1 | Q46: =M46*1.05 -> 0 | R46: =ROUND(P46*Q46,2) -> 0 | S46: T&M | T46: 1 | U46: =Q46*1.05 -> 0 | V46: =ROUND(T46*U46,2) -> 0 | W46: =SUM(V46,R46,N46,J46,F46) -> 0
A47: X310 | B47: Site Survey | C47: T&M | D47: 1 | F47: =ROUND(D47*E47,2) -> 0 | G47: T&M | H47: 1 | I47: =E47*1.05 -> 0 | J47: =ROUND(H47*I47,2) -> 0 | K47: T&M | L47: 1 | M47: =I47*1.05 -> 0 | N47: =ROUND(L47*M47,2) -> 0 | O47: T&M | P47: 1 | Q47: =M47*1.05 -> 0 | R47: =ROUND(P47*Q47,2) -> 0 | S47: T&M | T47: 1 | U47: =Q47*1.05 -> 0 | V47: =ROUND(T47*U47,2) -> 0 | W47: =SUM(V47,R47,N47,J47,F47) -> 0
A48: X311 | B48: SWPPP, Permitting | C48: T&M | D48: 1 | F48: =ROUND(D48*E48,2) -> 0 | G48: T&M | H48: 1 | I48: =E48*1.05 -> 0 | J48: =ROUND(H48*I48,2) -> 0 | K48: T&M | L48: 1 | M48: =I48*1.05 -> 0 | N48: =ROUND(L48*M48,2) -> 0 | O48: T&M | P48: 1 | Q48: =M48*1.05 -> 0 | R48: =ROUND(P48*Q48,2) -> 0 | S48: T&M | T48: 1 | U48: =Q48*1.05 -> 0 | V48: =ROUND(T48*U48,2) -> 0 | W48: =SUM(V48,R48,N48,J48,F48) -> 0
E50: Total Civil Works | F50: =SUM(F37:F48) -> 0 | I50: Total Civil Works | J50: =SUM(J37:J48) -> 0 | M50: Total Civil Works | N50: =SUM(N37:N48) -> 0 | Q50: Total Civil Works | R50: =SUM(R37:R48) -> 0 | U50: Total Civil Works | V50: =SUM(V37:V48) -> 0 | W50: =SUM(V50,R50,N50,J50,F50) -> 0
C52: Base Year | G52: Option Year 1 | K52: Option Year 2 | O52: Option Year 3 | S52: Option Year 4
A53: FURNITURE, FIXTURES, AND EQUIPMENT (FFP) | C53: CLIN 004 | G53: CLIN 104 | K53: CLIN 204 | O53: CLIN 304 | S53: CLIN 404
A54: Sub - CLIN | B54: Description | C54: Type | D54: Qty | E54: Rate | F54: Amount | G54: Type | H54: Qty | I54: Rate | J54: Amount | K54: Type | L54: Qty | M54: Rate | N54: Amount | O54: Type | P54: Qty | Q54: Rate | R54: Amount | S54: Type | T54: Qty | U54: Rate | V54: Amount | W54: Total
A55: X400 | B55: Analyst Station | C55: FFUP | D55: 1 | F55: =ROUND(D55*E55,2) -> 0 | G55: FFUP | H55: 1 | I55: =E55*1.05 -> 0 | J55: =ROUND(H55*I55,2) -> 0 | K55: FFUP | L55: 1 | M55: =I55*1.05 -> 0 | N55: =ROUND(L55*M55,2) -> 0 | O55: FFUP | P55: 1 | Q55: =M55*1.05 -> 0 | R55: =ROUND(P55*Q55,2) -> 0 | S55: FFUP | T55: 1 | U55: =Q55*1.05 -> 0 | V55: =ROUND(T55*U55,2) -> 0 | W55: =SUM(V55,R55,N55,J55,F55) -> 0
A56: X401 | B56: Operator Station | C56: FFUP | D56: 1 | F56: =ROUND(D56*E56,2) -> 0 | G56: FFUP | H56: 1 | I56: =E56*1.05 -> 0 | J56: =ROUND(H56*I56,2) -> 0 | K56: FFUP | L56: 1 | M56: =I56*1.05 -> 0 | N56: =ROUND(L56*M56,2) -> 0 | O56: FFUP | P56: 1 | Q56: =M56*1.05 -> 0 | R56: =ROUND(P56*Q56,2) -> 0 | S56: FFUP | T56: 1 | U56: =Q56*1.05 -> 0 | V56: =ROUND(T56*U56,2) -> 0 | W56: =SUM(V56,R56,N56,J56,F56) -> 0
A57: X402 | B57: Situational Wall | C57: FFUP | D57: 1 | F57: =ROUND(D57*E57,2) -> 0 | G57: FFUP | H57: 1 | I57: =E57*1.05 -> 0 | J57: =ROUND(H57*I57,2) -> 0 | K57: FFUP | L57: 1 | M57: =I57*1.05 -> 0 | N57: =ROUND(L57*M57,2) -> 0 | O57: FFUP | P57: 1 | Q57: =M57*1.05 -> 0 | R57: =ROUND(P57*Q57,2) -> 0 | S57: FFUP | T57: 1 | U57: =Q57*1.05 -> 0 | V57: =ROUND(T57*U57,2) -> 0 | W57: =SUM(V57,R57,N57,J57,F57) -> 0
A58: X403 | B58: Furniture and fixtures | C58: FFUP | D58: 1 | F58: =ROUND(D58*E58,2) -> 0 | G58: FFUP | H58: 1 | I58: =E58*1.05 -> 0 | J58: =ROUND(H58*I58,2) -> 0 | K58: FFUP | L58: 1 | M58: =I58*1.05 -> 0 | N58: =ROUND(L58*M58,2) -> 0 | O58: FFUP | P58: 1 | Q58: =M58*1.05 -> 0 | R58: =ROUND(P58*Q58,2) -> 0 | S58: FFUP | T58: 1 | U58: =Q58*1.05 -> 0 | V58: =ROUND(T58*U58,2) -> 0 | W58: =SUM(V58,R58,N58,J58,F58) -> 0
A59: X404 | B59: Generators | C59: FFUP | D59: 1 | F59: =ROUND(D59*E59,2) -> 0 | G59: FFUP | H59: 1 | I59: =E59*1.05 -> 0 | J59: =ROUND(H59*I59,2) -> 0 | K59: FFUP | L59: 1 | M59: =I59*1.05 -> 0 | N59: =ROUND(L59*M59,2) -> 0 | O59: FFUP | P59: 1 | Q59: =M59*1.05 -> 0 | R59: =ROUND(P59*Q59,2) -> 0 | S59: FFUP | T59: 1 | U59: =Q59*1.05 -> 0 | V59: =ROUND(T59*U59,2) -> 0 | W59: =SUM(V59,R59,N59,J59,F59) -> 0
A60: X405 | B60: Uninterrupted Power Supplies | C60: FFUP | D60: 1 | F60: =ROUND(D60*E60,2) -> 0 | G60: FFUP | H60: 1 | I60: =E60*1.05 -> 0 | J60: =ROUND(H60*I60,2) -> 0 | K60: FFUP | L60: 1 | M60: =I60*1.05 -> 0 | N60: =ROUND(L60*M60,2) -> 0 | O60: FFUP | P60: 1 | Q60: =M60*1.05 -> 0 | R60: =ROUND(P60*Q60,2) -> 0 | S60: FFUP | T60: 1 | U60: =Q60*1.05 -> 0 | V60: =ROUND(T60*U60,2) -> 0 | W60: =SUM(V60,R60,N60,J60,F60) -> 0
A61: X406 | B61: Power Conditioners | C61: FFUP | D61: 1 | F61: =ROUND(D61*E61,2) -> 0 | G61: FFUP | H61: 1 | I61: =E61*1.05 -> 0 | J61: =ROUND(H61*I61,2) -> 0 | K61: FFUP | L61: 1 | M61: =I61*1.05 -> 0 | N61: =ROUND(L61*M61,2) -> 0 | O61: FFUP | P61: 1 | Q61: =M61*1.05 -> 0 | R61: =ROUND(P61*Q61,2) -> 0 | S61: FFUP | T61: 1 | U61: =Q61*1.05 -> 0 | V61: =ROUND(T61*U61,2) -> 0 | W61: =SUM(V61,R61,N61,J61,F61) -> 0
A62: X407 | B62: Operator Booth (8'x12') | C62: FFUP | D62: 1 | F62: =ROUND(D62*E62,2) -> 0 | G62: FFUP | H62: 1 | I62: =E62*1.05 -> 0 | J62: =ROUND(H62*I62,2) -> 0 | K62: FFUP | L62: 1 | M62: =I62*1.05 -> 0 | N62: =ROUND(L62*M62,2) -> 0 | O62: FFUP | P62: 1 | Q62: =M62*1.05 -> 0 | R62: =ROUND(P62*Q62,2) -> 0 | S62: FFUP | T62: 1 | U62: =Q62*1.05 -> 0 | V62: =ROUND(T62*U62,2) -> 0 | W62: =SUM(V62,R62,N62,J62,F62) -> 0
A63: X408 | B63: Operator Booth (12'x16') | C63: FFUP | D63: 1 | F63: =ROUND(D63*E63,2) -> 0 | G63: FFUP | H63: 1 | I63: =E63*1.05 -> 0 | J63: =ROUND(H63*I63,2) -> 0 | K63: FFUP | L63: 1 | M63: =I63*1.05 -> 0 | N63: =ROUND(L63*M63,2) -> 0 | O63: FFUP | P63: 1 | Q63: =M63*1.05 -> 0 | R63: =ROUND(P63*Q63,2) -> 0 | S63: FFUP | T63: 1 | U63: =Q63*1.05 -> 0 | V63: =ROUND(T63*U63,2) -> 0 | W63: =SUM(V63,R63,N63,J63,F63) -> 0
A64: X409 | B64: Laptops | C64: FFUP | D64: 1 | F64: =ROUND(D64*E64,2) -> 0 | G64: FFUP | H64: 1 | I64: =E64*1.05 -> 0 | J64: =ROUND(H64*I64,2) -> 0 | K64: FFUP | L64: 1 | M64: =I64*1.05 -> 0 | N64: =ROUND(L64*M64,2) -> 0 | O64: FFUP | P64: 1 | Q64: =M64*1.05 -> 0 | R64: =ROUND(P64*Q64,2) -> 0 | S64: FFUP | T64: 1 | U64: =Q64*1.05 -> 0 | V64: =ROUND(T64*U64,2) -> 0 | W64: =SUM(V64,R64,N64,J64,F64) -> 0
E67: Total Construction | F67: =SUM(F55:F65) -> 0 | I67: Total Construction | J67: =SUM(J55:J65) -> 0 | M67: Total Construction | N67: =SUM(N55:N65) -> 0 | Q67: Total Construction | R67: =SUM(R55:R65) -> 0 | U67: Total Construction | V67: =SUM(V55:V65) -> 0 | W67: =SUM(V67,R67,N67,J67,F67) -> 0
C69: Base Year | G69: Option Year 1 | K69: Option Year 2 | O69: Option Year 3 | S69: Option Year 4
A70: INSTALLATION (T&M) | C70: CLIN 005 | G70: CLIN 105 | K70: CLIN 205 | O70: CLIN 305 | S70: CLIN 405
A71: Sub - CLIN | B71: Description | C71: Type | E71: Rate | F71: Amount | G71: Type | I71: Rate | J71: Amount | K71: Type | M71: Rate | N71: Amount | O71: Type | Q71: Rate | R71: Amount | S71: Type | U71: Rate | V71: Amount | W71: Total
A72: X500 | B72: Installation | C72: T&M | D72: 1 | E72: 0 | F72: =ROUND(D72*E72,2) -> 0 | G72: T&M | H72: 1 | I72: =E72*1.05 -> 0 | J72: =ROUND(H72*I72,2) -> 0 | K72: T&M | L72: 1 | M72: =I72*1.05 -> 0 | N72: =ROUND(L72*M72,2) -> 0 | O72: T&M | P72: 1 | Q72: =M72*1.05 -> 0 | R72: =ROUND(P72*Q72,2) -> 0 | S72: T&M | T72: 1 | U72: =Q72*1.05 -> 0 | V72: =ROUND(T72*U72,2) -> 0 | W72: =SUM(V72,R72,N72,J72,F72) -> 0
A73: X501 | B73: Integration | C73: T&M | D73: 1 | E73: 0 | F73: =ROUND(D73*E73,2) -> 0 | G73: T&M | H73: 1 | I73: =E73*1.05 -> 0 | J73: =ROUND(H73*I73,2) -> 0 | K73: T&M | L73: 1 | M73: =I73*1.05 -> 0 | N73: =ROUND(L73*M73,2) -> 0 | O73: T&M | P73: 1 | Q73: =M73*1.05 -> 0 | R73: =ROUND(P73*Q73,2) -> 0 | S73: T&M | T73: 1 | U73: =Q73*1.05 -> 0 | V73: =ROUND(T73*U73,2) -> 0 | W73: =SUM(V73,R73,N73,J73,F73) -> 0
A74: X502 | B74: Blanking Solution | C74: T&M | D74: 1 | E74: 0 | F74: =ROUND(D74*E74,2) -> 0 | G74: T&M | H74: 1 | I74: =E74*1.05 -> 0 | J74: =ROUND(H74*I74,2) -> 0 | K74: T&M | L74: 1 | M74: =I74*1.05 -> 0 | N74: =ROUND(L74*M74,2) -> 0 | O74: T&M | P74: 1 | Q74: =M74*1.05 -> 0 | R74: =ROUND(P74*Q74,2) -> 0 | S74: T&M | T74: 1 | U74: =Q74*1.05 -> 0 | V74: =ROUND(T74*U74,2) -> 0 | W74: =SUM(V74,R74,N74,J74,F74) -> 0
A75: X503 | B75: System Testing | C75: T&M | D75: 1 | E75: 0 | F75: =ROUND(D75*E75,2) -> 0 | G75: T&M | H75: 1 | I75: =E75*1.05 -> 0 | J75: =ROUND(H75*I75,2) -> 0 | K75: T&M | L75: 1 | M75: =I75*1.05 -> 0 | N75: =ROUND(L75*M75,2) -> 0 | O75: T&M | P75: 1 | Q75: =M75*1.05 -> 0 | R75: =ROUND(P75*Q75,2) -> 0 | S75: T&M | T75: 1 | U75: =Q75*1.05 -> 0 | V75: =ROUND(T75*U75,2) -> 0 | W75: =SUM(V75,R75,N75,J75,F75) -> 0
A76: X504 | B76: Software installation/upgrade | C76: T&M | D76: 1 | E76: 0 | F76: =ROUND(D76*E76,2) -> 0 | G76: T&M | H76: 1 | I76: =E76*1.05 -> 0 | J76: =ROUND(H76*I76,2) -> 0 | K76: T&M | L76: 1 | M76: =I76*1.05 -> 0 | N76: =ROUND(L76*M76,2) -> 0 | O76: T&M | P76: 1 | Q76: =M76*1.05 -> 0 | R76: =ROUND(P76*Q76,2) -> 0 | S76: T&M | T76: 1 | U76: =Q76*1.05 -> 0 | V76: =ROUND(T76*U76,2) -> 0 | W76: =SUM(V76,R76,N76,J76,F76) -> 0
A77: X505 | B77: License Plate Reader (LPR) | C77: FFP | D77: 1 | E77: 0 | F77: =ROUND(D77*E77,2) -> 0 | G77: FFP | H77: 1 | I77: =E77*1.05 -> 0 | J77: =ROUND(H77*I77,2) -> 0 | K77: FFP | L77: 1 | M77: =I77*1.05 -> 0 | N77: =ROUND(L77*M77,2) -> 0 | O77: FFP | P77: 1 | Q77: =M77*1.05 -> 0 | R77: =ROUND(P77*Q77,2) -> 0 | S77: FFP | T77: 1 | U77: =Q77*1.05 -> 0 | V77: =ROUND(T77*U77,2) -> 0 | W77: =SUM(V77,R77,N77,J77,F77) -> 0
A78: X506 | B78: Pan-Tilt-Zoom (PTZ) Camera | C78: FFP | D78: 1 | E78: 0 | F78: =ROUND(D78*E78,2) -> 0 | G78: FFP | H78: 1 | I78: =E78*1.05 -> 0 | J78: =ROUND(H78*I78,2) -> 0 | K78: FFP | L78: 1 | M78: =I78*1.05 -> 0 | N78: =ROUND(L78*M78,2) -> 0 | O78: FFP | P78: 1 | Q78: =M78*1.05 -> 0 | R78: =ROUND(P78*Q78,2) -> 0 | S78: FFP | T78: 1 | U78: =Q78*1.05 -> 0 | V78: =ROUND(T78*U78,2) -> 0 | W78: =SUM(V78,R78,N78,J78,F78) -> 0
A79: X507 | B79: Optical Character Recognition System | C79: FFP | D79: 1 | E79: 0 | F79: =ROUND(D79*E79,2) -> 0 | G79: FFP | H79: 1 | I79: =E79*1.05 -> 0 | J79: =ROUND(H79*I79,2) -> 0 | K79: FFP | L79: 1 | M79: =I79*1.05 -> 0 | N79: =ROUND(L79*M79,2) -> 0 | O79: FFP | P79: 1 | Q79: =M79*1.05 -> 0 | R79: =ROUND(P79*Q79,2) -> 0 | S79: FFP | T79: 1 | U79: =Q79*1.05 -> 0 | V79: =ROUND(T79*U79,2) -> 0 | W79: =SUM(V79,R79,N79,J79,F79) -> 0
A80: X508 | B80: Traffic Control System | C80: FFP | D80: 1 | E80: 0 | F80: =ROUND(D80*E80,2) -> 0 | G80: FFP | H80: 1 | I80: =E80*1.05 -> 0 | J80: =ROUND(H80*I80,2) -> 0 | K80: FFP | L80: 1 | M80: =I80*1.05 -> 0 | N80: =ROUND(L80*M80,2) -> 0 | O80: FFP | P80: 1 | Q80: =M80*1.05 -> 0 | R80: =ROUND(P80*Q80,2) -> 0 | S80: FFP | T80: 1 | U80: =Q80*1.05 -> 0 | V80: =ROUND(T80*U80,2) -> 0 | W80: =SUM(V80,R80,N80,J80,F80) -> 0
E83: Total Installation | F83: =SUM(F72:F81) -> 0 | I83: Total Installation | J83: =SUM(J72:J81) -> 0 | M83: Total Installation | N83: =SUM(N72:N81) -> 0 | Q83: Total Installation | R83: =SUM(R72:R81) -> 0 | U83: Total Installation | V83: =SUM(V72:V81) -> 0 | W83: =SUM(V83,R83,N83,J83,F83) -> 0
C85: Base Year | G85: Option Year 1 | K85: Option Year 2 | O85: Option Year 3 | S85: Option Year 4
A86: TRAINING (FFP) | C86: CLIN 006 | G86: CLIN 106 | K86: CLIN 206 | O86: CLIN 306 | S86: CLIN 406
A87: Sub-CLIN | B87: Description | C87: Type | D87: Qty | E87: Rate | F87: Amount | G87: Type | H87: Qty | I87: Rate | J87: Amount | K87: Type | L87: Qty | M87: Rate | N87: Amount | O87: Type | P87: Qty | Q87: Rate | R87: Amount | S87: Type | T87: Qty | U87: Rate | V87: Amount
A88: X600 | B88: Training Development | C88: FFUP | D88: 1 | F88: =D88*E88 -> 0 | G88: FFP | H88: 0 | I88: =E88*1.05 -> 0 | J88: =H88*I88 -> 0 | K88: FFP | L88: 0 | M88: =I88*1.05 -> 0 | N88: =L88*M88 -> 0 | O88: FFP | P88: 0 | Q88: =M88*1.05 -> 0 | R88: =P88*Q88 -> 0 | S88: FFP | T88: 0 | U88: =Q88*1.05 -> 0 | V88: =T88*U88 -> 0 | W88: =SUM(V88,R88,N88,J88,F88) -> 0
E90: Total Training | F90: =SUM(F88) -> 0 | I90: Total Training | J90: =SUM(J88) -> 0 | M90: Total Training | N90: =SUM(N88) -> 0 | Q90: Total Training | R90: =SUM(R88) -> 0 | U90: Total Training | V90: =SUM(V88) -> 0 | W90: =SUM(V90,R90,N90,J90,F90) -> 0
C92: Base Year | G92: Option Year 1 | K92: Option Year 2 | O92: Option Year 3 | S92: Option Year 4
A93: PREVENTATIVE MAINTENANCE OPTIONS (FFP) | C93: CLIN 007 | G93: CLIN 107 | K93: CLIN 207 | O93: CLIN 307 | S93: CLIN 407
A94: Sub-CLIN | B94: Description | C94: Type | D94: Qty | E94: Rate | F94: Amount | G94: Type | H94: Qty | I94: Rate | J94: Amount | K94: Type | L94: Qty | M94: Rate | N94: Amount | O94: Type | P94: Qty | Q94: Rate | R94: Amount | S94: Type | T94: Qty | U94: Rate | V94: Amount
A95: X700 | B95: MEP Service | C95: FFUP | D95: 0 | F95: =D95*E95 -> 0 | G95: FFUP | H95: 1 | I95: =E95*1.05 -> 0 | J95: =H95*I95 -> 0 | K95: FFUP | L95: 1 | M95: =I95*1.05 -> 0 | N95: =L95*M95 -> 0 | O95: FFUP | P95: 1 | Q95: =M95*1.05 -> 0 | R95: =P95*Q95 -> 0 | S95: FFUP | T95: 1 | U95: =Q95*1.05 -> 0 | V95: =T95*U95 -> 0 | W95: =SUM(V95,R95,N95,J95,F95) -> 0
A96: X701 | B96: UVBx Service | C96: FFUP | D96: 0 | F96: =D96*E96 -> 0 | G96: FFUP | H96: 1 | I96: =E96*1.05 -> 0 | J96: =H96*I96 -> 0 | K96: FFUP | L96: 1 | M96: =I96*1.05 -> 0 | N96: =L96*M96 -> 0 | O96: FFUP | P96: 1 | Q96: =M96*1.05 -> 0 | R96: =P96*Q96 -> 0 | S96: FFUP | T96: 1 | U96: =Q96*1.05 -> 0 | V96: =T96*U96 -> 0 | W96: =SUM(V96,R96,N96,J96,F96) -> 0
E97: Total Preventative Maintenance (UVBx) | F97: =SUM(F95,F96) -> 0 | I97: Total Preventative Maintenance (UVBx) | J97: =SUM(J95,J96) -> 0 | M97: Total Preventative Maintenance (UVBx) | N97: =SUM(N95,N96) -> 0 | Q97: Total Preventative Maintenance (UVBx) | R97: =SUM(R95,R96) -> 0 | U97: Total Preventative Maintenance (UVBx) | V97: =SUM(V95,V96) -> 0 | W97: =SUM(V97,R97,N97,J97,F97) -> 0
C99: Base Year | G99: Option Year 1 | K99: Option Year 2 | O99: Option Year 3 | S99: Option Year 4
A100: CORRECTIVE MAINTENANCE OPTIONS (FFP) (parts, labor, diagnostics, and repair) | C100: CLIN 009 | G100: CLIN 109 | K100: CLIN 209 | O100: CLIN 309 | S100: CLIN 409
A101: Sub-CLIN | B101: Description | C101: Type | D101: Qty | E101: Rate | F101: Amount | G101: Type | H101: Qty | I101: Rate | J101: Amount | K101: Type | L101: Qty | M101: Rate | N101: Amount | O101: Type | P101: Qty | Q101: Rate | R101: Amount | S101: Type | T101: Qty | U101: Rate | V101: Amount
A102: X800 | B102: MEP Service | C102: FFUP | D102: 0 | F102: =D102*E102 -> 0 | G102: FFUP | H102: 1 | I102: =E102*1.05 -> 0 | J102: =H102*I102 -> 0 | K102: FFUP | L102: 1 | M102: =I102*1.05 -> 0 | N102: =L102*M102 -> 0 | O102: FFUP | P102: 1 | Q102: =M102*1.05 -> 0 | R102: =P102*Q102 -> 0 | S102: FFUP | T102: 1 | U102: =Q102*1.05 -> 0 | V102: =T102*U102 -> 0 | W102: =SUM(V102,R102,N102,J102,F102) -> 0
A103: X801 | B103: UVBx Service | C103: FFUP | D103: 0 | F103: =D103*E103 -> 0 | G103: FFUP | H103: 1 | I103: 0 | J103: =H103*I103 -> 0 | K103: FFUP | L103: 1 | M103: =I103*1.05 -> 0 | N103: =L103*M103 -> 0 | O103: FFUP | P103: 1 | Q103: =M103*1.05 -> 0 | R103: =P103*Q103 -> 0 | S103: FFUP | T103: 1 | U103: =Q103*1.05 -> 0 | V103: =T103*U103 -> 0 | W103: =SUM(V103,R103,N103,J103,F103) -> 0
E104: Total Corrective Maintenance (UVBx) | F104: =SUM(F102,F103) -> 0 | I104: Total Corrective Maintenance (UVBx) | J104: =SUM(J102,J103) -> 0 | M104: Total Corrective Maintenance (UVBx) | N104: =SUM(N102,N103) -> 0 | Q104: Total Corrective Maintenance (UVBx) | R104: =SUM(R102,R103) -> 0 | U104: Total Corrective Maintenance (UVBx) | V104: =SUM(V102,V103) -> 0 | W104: =SUM(V104,R104,N104,J104,F104) -> 0
C106: Base Year | G106: Option Year 1 | K106: Option Year 2 | O106: Option Year 3 | S106: Option Year 4
A107: WARRANTY PERIODS (FFP) | C107: CLIN 011 | G107: CLIN 111 | K107: CLIN 211 | O107: CLIN 311 | S107: CLIN 411
A108: Sub-CLIN | B108: Description | C108: Type | D108: Qty | E108: Rate | F108: Amount | G108: Type | H108: Qty | I108: Rate | J108: Amount | K108: Type | L108: Qty | M108: Rate | N108: Amount | O108: Type | P108: Qty | Q108: Rate | R108: Amount | S108: Type | T108: Qty | U108: Rate | V108: Amount | W108: Total
A109: X110 | B109: MEP-Required Comprehensive Base Warranty (1 Year) | C109: FFP | D109: 1 | F109: =D109*E109 -> 0 | G109: FFP | H109: 0 | I109: =E109*1.05 -> 0 | J109: =H109*I109 -> 0 | K109: FFP | L109: 0 | M109: =I109*1.05 -> 0 | N109: =L109*M109 -> 0 | O109: FFP | P109: 0 | Q109: =M109*1.05 -> 0 | R109: =P109*Q109 -> 0 | S109: FFP | T109: 0 | U109: =Q109*1.05 -> 0 | V109: =T109*U109 -> 0 | W109: =SUM(V109,R109,N109,J109,F109) -> 0
A110: X111 | B110: MEP-Two Years of Warranty | C110: FFP | D110: 1 | F110: =D110*E110 -> 0 | G110: FFP | H110: 1 | I110: =E110*1.05 -> 0 | J110: =H110*I110 -> 0 | K110: FFP | L110: 1 | M110: =I110*1.05 -> 0 | N110: =L110*M110 -> 0 | O110: FFP | P110: 1 | Q110: =M110*1.05 -> 0 | R110: =P110*Q110 -> 0 | S110: FFP | T110: 1 | U110: =Q110*1.05 -> 0 | V110: =T110*U110 -> 0 | W110: =SUM(V110,R110,N110,J110,F110) -> 0
A111: X112 | B111: MEP-Three Years of Warranty | C111: FFP | D111: 1 | F111: =D111*E111 -> 0 | G111: FFP | H111: 1 | I111: =E111*1.05 -> 0 | J111: =H111*I111 -> 0 | K111: FFP | L111: 1 | M111: =I111*1.05 -> 0 | N111: =L111*M111 -> 0 | O111: FFP | P111: 1 | Q111: =M111*1.05 -> 0 | R111: =P111*Q111 -> 0 | S111: FFP | T111: 1 | U111: =Q111*1.05 -> 0 | V111: =T111*U111 -> 0 | W111: =SUM(V111,R111,N111,J111,F111) -> 0
A112: X113 | B112: MEP-Four Years of Warranty | C112: FFP | D112: 1 | F112: =D112*E112 -> 0 | G112: FFP | H112: 1 | I112: =E112*1.05 -> 0 | J112: =H112*I112 -> 0 | K112: FFP | L112: 1 | M112: =I112*1.05 -> 0 | N112: =L112*M112 -> 0 | O112: FFP | P112: 1 | Q112: =M112*1.05 -> 0 | R112: =P112*Q112 -> 0 | S112: FFP | T112: 1 | U112: =Q112*1.05 -> 0 | V112: =T112*U112 -> 0 | W112: =SUM(V112,R112,N112,J112,F112) -> 0
A113: X114 | B113: MEP-Five Years of Warranty | C113: FFP | D113: 1 | F113: =D113*E113 -> 0 | G113: FFP | H113: 1 | I113: =E113*1.05 -> 0 | J113: =H113*I113 -> 0 | K113: FFP | L113: 1 | M113: =I113*1.05 -> 0 | N113: =L113*M113 -> 0 | O113: FFP | P113: 1 | Q113: =M113*1.05 -> 0 | R113: =P113*Q113 -> 0 | S113: FFP | T113: 1 | U113: =Q113*1.05 -> 0 | V113: =T113*U113 -> 0 | W113: =SUM(V113,R113,N113,J113,F113) -> 0
A114: X115 | B114: UVBx-Required Comprehensive Base Warranty (1 Year) | C114: FFP | D114: 1 | F114: =D114*E114 -> 0 | G114: FFP | H114: 1 | I114: =E114*1.05 -> 0 | J114: =H114*I114 -> 0 | K114: FFP | L114: 1 | M114: =I114*1.05 -> 0 | N114: =L114*M114 -> 0 | O114: FFP | P114: 1 | Q114: =M114*1.05 -> 0 | R114: =P114*Q114 -> 0 | S114: FFP | T114: 1 | U114: =Q114*1.05 -> 0 | V114: =T114*U114 -> 0 | W114: =SUM(V114,R114,N114,J114,F114) -> 0
A115: X116 | B115: UVBx-Two Years of Warranty | C115: FFP | D115: 1 | F115: =D115*E115 -> 0 | G115: FFP | H115: 1 | I115: =E115*1.05 -> 0 | J115: =H115*I115 -> 0 | K115: FFP | L115: 1 | M115: =I115*1.05 -> 0 | N115: =L115*M115 -> 0 | O115: FFP | P115: 1 | Q115: =M115*1.05 -> 0 | R115: =P115*Q115 -> 0 | S115: FFP | T115: 1 | U115: =Q115*1.05 -> 0 | V115: =T115*U115 -> 0 | W115: =SUM(V115,R115,N115,J115,F115) -> 0
A116: X117 | B116: UVBx-Three Years of Warranty | C116: FFP | D116: 1 | F116: =D116*E116 -> 0 | G116: FFP | H116: 1 | I116: =E116*1.05 -> 0 | J116: =H116*I116 -> 0 | K116: FFP | L116: 1 | M116: =I116*1.05 -> 0 | N116: =L116*M116 -> 0 | O116: FFP | P116: 1 | Q116: =M116*1.05 -> 0 | R116: =P116*Q116 -> 0 | S116: FFP | T116: 1 | U116: =Q116*1.05 -> 0 | V116: =T116*U116 -> 0 | W116: =SUM(V116,R116,N116,J116,F116) -> 0
A117: X118 | B117: UVBx-Four Years of Warranty | C117: FFP | D117: 1 | F117: =D117*E117 -> 0 | G117: FFP | H117: 1 | I117: =E117*1.05 -> 0 | J117: =H117*I117 -> 0 | K117: FFP | L117: 1 | M117: =I117*1.05 -> 0 | N117: =L117*M117 -> 0 | O117: FFP | P117: 1 | Q117: =M117*1.05 -> 0 | R117: =P117*Q117 -> 0 | S117: FFP | T117: 1 | U117: =Q117*1.05 -> 0 | V117: =T117*U117 -> 0 | W117: =SUM(V117,R117,N117,J117,F117) -> 0
A118: X119 | B118: UVBx-Five Years of Warranty | C118: FFP | D118: 1 | F118: =D118*E118 -> 0 | G118: FFP | H118: 1 | I118: =E118*1.05 -> 0 | J118: =H118*I118 -> 0 | K118: FFP | L118: 1 | M118: =I118*1.05 -> 0 | N118: =L118*M118 -> 0 | O118: FFP | P118: 1 | Q118: =M118*1.05 -> 0 | R118: =P118*Q118 -> 0 | S118: FFP | T118: 1 | U118: =Q118*1.05 -> 0 | V118: =T118*U118 -> 0 | W118: =SUM(V118,R118,N118,J118,F118) -> 0
E120: Total General Requirements | F120: =SUM(F109:F119) -> 0 | I120: Total General Requirements | J120: =SUM(J109:J119) -> 0 | M120: Total General Requirements | N120: =SUM(N110:N119) -> 0 | Q120: Total General Requirements | R120: =SUM(R110:R119) -> 0 | U120: Total General Requirements | V120: =SUM(V110:V119) -> 0 | W120: =SUM(V120,R120,N120,J120,F120) -> 0
C122: Base Year | G122: Option Year 1 | K122: Option Year 2 | O122: Option Year 3 | S122: Option Year 4
...

Sheet LEP CLINs
A1: =+'Table 1 Summary'!A1 -> Contractor Name:
A2: =+'Table 1 Summary'!A2 -> Solicitation Number:
A3: =+'Table 1 Summary'!A3 -> Task Order Number:
A4: =+'Table 1 Summary'!A4 -> Task Order Title:
C10: Base Year | G10: Option Year 1 | K10: Option Year 2 | O10: Option Year 3 | S10: Option Year 4
A11: EQUIPMENT - LOW ENERGY PORTAL SYSTEM (FFP) | C11: CLIN 001 | G11: CLIN 101 | K11: CLIN 201 | O11: CLIN 301 | S11: CLIN 401
A12: Sub-CLIN | B12: Description | C12: Type | D12: Qty | E12: Rate | F12: Amount | G12: Type | H12: Qty | I12: Rate | J12: Amount | K12: Type | L12: Qty | M12: Rate | N12: Amount | O12: Type | P12: Qty | Q12: Rate | R12: Amount | S12: Type | T12: Qty | U12: Rate | V12: Amount | W12: Total
A13: X104 | B13: LEP-Type 1 (less than 5 units) | C13: FFUP | D13: 1 | E13: 0 | F13: =D13*E13 -> 0 | G13: =C13 -> FFUP | H13: 1 | I13: =E13*1.05 -> 0 | J13: =H13*I13 -> 0 | K13: =G13 -> FFUP | L13: 1 | M13: =I13*1.05 -> 0 | N13: =L13*M13 -> 0 | O13: =K13 -> FFUP | P13: 1 | Q13: =M13*1.05 -> 0 | R13: =P13*Q13 -> 0 | S13: =O13 -> FFUP | T13: 1 | U13: =Q13*1.05 -> 0 | V13: =T13*U13 -> 0 | W13: =SUM(V13,R13,N13,J13,F13) -> 0
A14: X105 | B14: LEP-Type 1 (units 5-10) | C14: FFUP | D14: 5 | E14: 0 | F14: =D14*E14 -> 0 | G14: =C14 -> FFUP | H14: 5 | I14: =E14*1.05 -> 0 | J14: =H14*I14 -> 0 | K14: =G14 -> FFUP | L14: 5 | M14: =I14*1.05 -> 0 | N14: =L14*M14 -> 0 | O14: =K14 -> FFUP | P14: 5 | Q14: =M14*1.05 -> 0 | R14: =P14*Q14 -> 0 | S14: =O14 -> FFUP | T14: 5 | U14: =Q14*1.05 -> 0 | V14: =T14*U14 -> 0 | W14: =SUM(V14,R14,N14,J14,F14) -> 0
A15: X106 | B15: LEP-Type 1 (units 11-20) | C15: FFUP | D15: 11 | E15: 0 | F15: =D15*E15 -> 0 | G15: =C15 -> FFUP | H15: 11 | I15: =E15*1.05 -> 0 | J15: =H15*I15 -> 0 | K15: =G15 -> FFUP | L15: 11 | M15: =I15*1.05 -> 0 | N15: =L15*M15 -> 0 | O15: =K15 -> FFUP | P15: 11 | Q15: =M15*1.05 -> 0 | R15: =P15*Q15 -> 0 | S15: =O15 -> FFUP | T15: 11 | U15: =Q15*1.05 -> 0 | V15: =T15*U15 -> 0 | W15: =SUM(V15,R15,N15,J15,F15) -> 0
A16: X107 | B16: LEP-Type 1 (more than 20 units) | C16: FFUP | D16: 21 | E16: 0 | F16: =D16*E16 -> 0 | G16: =C16 -> FFUP | H16: 21 | I16: =E16*1.05 -> 0 | J16: =H16*I16 -> 0 | K16: =G16 -> FFUP | L16: 21 | M16: =I16*1.05 -> 0 | N16: =L16*M16 -> 0 | O16: =K16 -> FFUP | P16: 21 | Q16: =M16*1.05 -> 0 | R16: =P16*Q16 -> 0 | S16: =O16 -> FFUP | T16: 21 | U16: =Q16*1.05 -> 0 | V16: =T16*U16 -> 0 | W16: =SUM(V16,R16,N16,J16,F16) -> 0
A17: X108 | B17: LEP-Type 2 (less than 5 units) | C17: FFUP | D17: 1 | E17: 0 | F17: =D17*E17 -> 0 | G17: =C17 -> FFUP | H17: 1 | I17: =E17*1.05 -> 0 | J17: =H17*I17 -> 0 | K17: =G17 -> FFUP | L17: 1 | M17: =I17*1.05 -> 0 | N17: =L17*M17 -> 0 | O17: =K17 -> FFUP | P17: 1 | Q17: =M17*1.05 -> 0 | R17: =P17*Q17 -> 0 | S17: =O17 -> FFUP | T17: 1 | U17: =Q17*1.05 -> 0 | V17: =T17*U17 -> 0 | W17: =SUM(V17,R17,N17,J17,F17) -> 0
A18: X109 | B18: LEP-Type 2 (units 5-10) | C18: FFUP | D18: 5 | E18: 0 | F18: =D18*E18 -> 0 | G18: =C18 -> FFUP | H18: 5 | I18: =E18*1.05 -> 0 | J18: =H18*I18 -> 0 | K18: =G18 -> FFUP | L18: 5 | M18: =I18*1.05 -> 0 | N18: =L18*M18 -> 0 | O18: =K18 -> FFUP | P18: 5 | Q18: =M18*1.05 -> 0 | R18: =P18*Q18 -> 0 | S18: =O18 -> FFUP | T18: 5 | U18: =Q18*1.05 -> 0 | V18: =T18*U18 -> 0 | W18: =SUM(V18,R18,N18,J18,F18) -> 0
A19: X110 | B19: LEP-Type 2 (units 11-20) | C19: FFUP | D19: 11 | E19: 0 | F19: =D19*E19 -> 0 | G19: =C19 -> FFUP | H19: 11 | I19: =E19*1.05 -> 0 | J19: =H19*I19 -> 0 | K19: =G19 -> FFUP | L19: 11 | M19: =I19*1.05 -> 0 | N19: =L19*M19 -> 0 | O19: =K19 -> FFUP | P19: 11 | Q19: =M19*1.05 -> 0 | R19: =P19*Q19 -> 0 | S19: =O19 -> FFUP | T19: 11 | U19: =Q19*1.05 -> 0 | V19: =T19*U19 -> 0 | W19: =SUM(V19,R19,N19,J19,F19) -> 0
A20: X111 | B20: LEP-Type 2 (more than 20 units) | C20: FFUP | D20: 21 | E20: 0 | F20: =D20*E20 -> 0 | G20: =C20 -> FFUP | H20: 21 | I20: =E20*1.05 -> 0 | J20: =H20*I20 -> 0 | K20: =G20 -> FFUP | L20: 21 | M20: =I20*1.05 -> 0 | N20: =L20*M20 -> 0 | O20: =K20 -> FFUP | P20: 21 | Q20: =M20*1.05 -> 0 | R20: =P20*Q20 -> 0 | S20: =O20 -> FFUP | T20: 21 | U20: =Q20*1.05 -> 0 | V20: =T20*U20 -> 0 | W20: =SUM(V20,R20,N20,J20,F20) -> 0
A21: X112 | B21: LEP-Type 3 (less than 5 units) | C21: FFUP | D21: 1 | E21: 0 | F21: =D21*E21 -> 0 | G21: =C21 -> FFUP | H21: 1 | I21: =E21*1.05 -> 0 | J21: =H21*I21 -> 0 | K21: =G21 -> FFUP | L21: 1 | M21: =I21*1.05 -> 0 | N21: =L21*M21 -> 0 | O21: =K21 -> FFUP | P21: 1 | Q21: =M21*1.05 -> 0 | R21: =P21*Q21 -> 0 | S21: =O21 -> FFUP | T21: 1 | U21: =Q21*1.05 -> 0 | V21: =T21*U21 -> 0 | W21: =SUM(V21,R21,N21,J21,F21) -> 0
A22: X113 | B22: LEP-Type 3 (units 5-10) | C22: FFUP | D22: 5 | E22: 0 | F22: =D22*E22 -> 0 | G22: =C22 -> FFUP | H22: 5 | I22: =E22*1.05 -> 0 | J22: =H22*I22 -> 0 | K22: =G22 -> FFUP | L22: 5 | M22: =I22*1.05 -> 0 | N22: =L22*M22 -> 0 | O22: =K22 -> FFUP | P22: 5 | Q22: =M22*1.05 -> 0 | R22: =P22*Q22 -> 0 | S22: =O22 -> FFUP | T22: 5 | U22: =Q22*1.05 -> 0 | V22: =T22*U22 -> 0 | W22: =SUM(V22,R22,N22,J22,F22) -> 0
A23: X114 | B23: LEP-Type 3 (units 11-20) | C23: FFUP | D23: 11 | E23: 0 | F23: =D23*E23 -> 0 | G23: =C23 -> FFUP | H23: 11 | I23: =E23*1.05 -> 0 | J23: =H23*I23 -> 0 | K23: =G23 -> FFUP | L23: 11 | M23: =I23*1.05 -> 0 | N23: =L23*M23 -> 0 | O23: =K23 -> FFUP | P23: 11 | Q23: =M23*1.05 -> 0 | R23: =P23*Q23 -> 0 | S23: =O23 -> FFUP | T23: 11 | U23: =Q23*1.05 -> 0 | V23: =T23*U23 -> 0 | W23: =SUM(V23,R23,N23,J23,F23) -> 0
A24: X115 | B24: LEP-Type 3 (more than 20 units) | C24: FFUP | D24: 21 | E24: 0 | F24: =D24*E24 -> 0 | G24: =C24 -> FFUP | H24: 21 | I24: =E24*1.05 -> 0 | J24: =H24*I24 -> 0 | K24: =G24 -> FFUP | L24: 21 | M24: =I24*1.05 -> 0 | N24: =L24*M24 -> 0 | O24: =K24 -> FFUP | P24: 21 | Q24: =M24*1.05 -> 0 | R24: =P24*Q24 -> 0 | S24: =O24 -> FFUP | T24: 21 | U24: =Q24*1.05 -> 0 | V24: =T24*U24 -> 0 | W24: =SUM(V24,R24,N24,J24,F24) -> 0
A25: X116 | B25: UVBx | C25: FFUP | D25: 1 | E25: 0 | F25: =D25*E25 -> 0 | G25: =C25 -> FFUP | H25: 1 | I25: =E25*1.05 -> 0 | J25: =H25*I25 -> 0 | K25: =G25 -> FFUP | L25: 1 | M25: =I25*1.05 -> 0 | N25: =L25*M25 -> 0 | O25: =K25 -> FFUP | P25: 1 | Q25: =M25*1.05 -> 0 | R25: =P25*Q25 -> 0 | S25: =O25 -> FFUP | T25: 1 | U25: =Q25*1.05 -> 0 | V25: =T25*U25 -> 0 | W25: =SUM(V25,R25,N25,J25,F25) -> 0
E27: Total Equipment Management | F27: =SUM(F13:F26) -> 0 | I27: Total Equipment Management | J27: =SUM(J13:J26) -> 0 | M27: Total Equipment Management | N27: =SUM(N13:N26) -> 0 | Q27: Total Equipment Management | R27: =SUM(R13:R26) -> 0 | U27: Total Equipment Management | V27: =SUM(V13:V26) -> 0 | W27: =SUM(V27,R27,N27,J27,F27) -> 0
C29: Base Year | G29: Option Year 1 | K29: Option Year 2 | O29: Option Year 3 | S29: Option Year 4
A30: SITE DESIGN (FFP) | C30: CLIN 002 | G30: CLIN 102 | K30: CLIN 202 | O30: CLIN 302 | S30: CLIN 402
A31: Sub-CLIN | B31: Description | C31: Type | D31: Qty | E31: Rate | F31: Amount | G31: Type | H31: Qty | I31: Rate | J31: Amount | K31: Type | L31: Qty | M31: Rate | N31: Amount | O31: Type | P31: Qty | Q31: Rate | R31: Amount | S31: Type | T31: Qty | U31: Rate | V31: Amount | W31: Total
A32: X200 | B32: Program Management and Operations Labor- Fully Burdened | C32: T&M | D32: 1 | E32: 0 | F32: =D32*E32 -> 0 | G32: T&M | H32: 1 | I32: =E32*1.05 -> 0 | J32: =H32*I32 -> 0 | K32: T&M | L32: 1 | M32: =I32*1.05 -> 0 | N32: =L32*M32 -> 0 | O32: T&M | P32: 1 | Q32: =M32*1.05 -> 0 | R32: =P32*Q32 -> 0 | S32: T&M | T32: 1 | U32: =Q32*1.05 -> 0 | V32: =T32*U32 -> 0 | W32: =SUM(V32,R32,N32,J32,F32) -> 0
A33: X201 | B33: Travel | C33: Cost reimbursable | D33: 1 | E33: 0 | F33: =D33*E33 -> 0 | G33: Cost reimbursable | H33: 1 | I33: =E33*1.05 -> 0 | J33: =H33*I33 -> 0 | K33: Cost reimbursable | L33: 1 | M33: =I33*1.05 -> 0 | N33: =L33*M33 -> 0 | O33: Cost reimbursable | P33: 1 | Q33: =M33*1.05 -> 0 | R33: =P33*Q33 -> 0 | S33: Cost reimbursable | T33: 1 | U33: =Q33*1.05 -> 0 | V33: =T33*U33 -> 0 | W33: =SUM(V33,R33,N33,J33,F33) -> 0
A34: X202 | B34: Site Design | C34: FFP | D34: 1 | E34: 0 | F34: =D34*E34 -> 0 | G34: FFP | H34: 1 | I34: =E34*1.05 -> 0 | J34: =H34*I34 -> 0 | K34: FFP | L34: 1 | M34: =I34*1.05 -> 0 | N34: =L34*M34 -> 0 | O34: FFP | P34: 1 | Q34: =M34*1.05 -> 0 | R34: =P34*Q34 -> 0 | S34: FFP | T34: 1 | U34: =Q34*1.05 -> 0 | V34: =T34*U34 -> 0 | W34: =SUM(V34,R34,N34,J34,F34) -> 0
A35: X203 | B35: Concept Review | C35: FFP | D35: 1 | E35: 0 | F35: =D35*E35 -> 0 | G35: FFP | H35: 1 | I35: =E35*1.05 -> 0 | J35: =H35*I35 -> 0 | K35: FFP | L35: 1 | M35: =I35*1.05 -> 0 | N35: =L35*M35 -> 0 | O35: FFP | P35: 1 | Q35: =M35*1.05 -> 0 | R35: =P35*Q35 -> 0 | S35: FFP | T35: 1 | U35: =Q35*1.05 -> 0 | V35: =T35*U35 -> 0 | W35: =SUM(V35,R35,N35,J35,F35) -> 0
A36: X204 | B36: 50% Design | C36: FFP | D36: 1 | E36: 0 | F36: =D36*E36 -> 0 | G36: FFP | H36: 1 | I36: =E36*1.05 -> 0 | J36: =H36*I36 -> 0 | K36: FFP | L36: 1 | M36: =I36*1.05 -> 0 | N36: =L36*M36 -> 0 | O36: FFP | P36: 1 | Q36: =M36*1.05 -> 0 | R36: =P36*Q36 -> 0 | S36: FFP | T36: 1 | U36: =Q36*1.05 -> 0 | V36: =T36*U36 -> 0 | W36: =SUM(V36,R36,N36,J36,F36) -> 0
A37: X205 | B37: 95% Design | C37: FFP | D37: 1 | E37: 0 | F37: =D37*E37 -> 0 | G37: FFP | H37: 1 | I37: =E37*1.05 -> 0 | J37: =H37*I37 -> 0 | K37: FFP | L37: 1 | M37: =I37*1.05 -> 0 | N37: =L37*M37 -> 0 | O37: FFP | P37: 1 | Q37: =M37*1.05 -> 0 | R37: =P37*Q37 -> 0 | S37: FFP | T37: 1 | U37: =Q37*1.05 -> 0 | V37: =T37*U37 -> 0 | W37: =SUM(V37,R37,N37,J37,F37) -> 0
A38: X206 | B38: Issued for Construction Drawings | C38: FFP | D38: 1 | E38: 0 | F38: =D38*E38 -> 0 | G38: FFP | H38: 1 | I38: =E38*1.05 -> 0 | J38: =H38*I38 -> 0 | K38: FFP | L38: 1 | M38: =I38*1.05 -> 0 | N38: =L38*M38 -> 0 | O38: FFP | P38: 1 | Q38: =M38*1.05 -> 0 | R38: =P38*Q38 -> 0 | S38: FFP | T38: 1 | U38: =Q38*1.05 -> 0 | V38: =T38*U38 -> 0 | W38: =SUM(V38,R38,N38,J38,F38) -> 0
E39: Total Site Design | F39: =SUM(F34:F38) -> 0 | I39: Total Site Design | J39: =SUM(J28:J38) -> 0 | M39: Total Site Design | N39: =SUM(N28:N38) -> 0 | Q39: Total Site Design | R39: =SUM(R28:R38) -> 0 | U39: Total Site Design | V39: =SUM(V28:V38) -> 0 | W39: =SUM(V39,R39,N39,J39,F39) -> 0
C41: Base Year | G41: Option Year 1 | K41: Option Year 2 | O41: Option Year 3 | S41: Option Year 4
A42: CIVIL WORKS (T&M) | C42: CLIN 003 | G42: CLIN 103 | K42: CLIN 203 | O42: CLIN 303 | S42: CLIN 403
A43: Sub - CLIN | B43: Description | C43: Type | D43: Qty | E43: Rate | F43: Amount | G43: Type | H43: Qty | I43: Rate | J43: Amount | K43: Type | L43: Qty | M43: Rate | N43: Amount | O43: Type | P43: Qty | Q43: Rate | R43: Amount | S43: Type | T43: Qty | U43: Rate | V43: Amount | W43: Total
A44: X300 | B44: Mobilization and Site Preparations, Securing the site, Demobilization | C44: T&M | D44: 1 | E44: 0 | F44: =ROUND(D44*E44,2) -> 0 | G44: T&M | H44: 1 | I44: =E44*1.05 -> 0 | J44: =ROUND(H44*I44,2) -> 0 | K44: T&M | L44: 1 | M44: =I44*1.05 -> 0 | N44: =ROUND(L44*M44,2) -> 0 | O44: T&M | P44: 1 | Q44: =M44*1.05 -> 0 | R44: =ROUND(P44*Q44,2) -> 0 | S44: T&M | T44: 1 | U44: =Q44*1.05 -> 0 | V44: =ROUND(T44*U44,2) -> 0 | W44: =SUM(V44,R44,N44,J44,F44) -> 0
A45: X301 | B45: Command Center-New Construction | C45: T&M | D45: 1 | E45: 0 | F45: =ROUND(D45*E45,2) -> 0 | G45: T&M | H45: 1 | I45: =E45*1.05 -> 0 | J45: =ROUND(H45*I45,2) -> 0 | K45: T&M | L45: 1 | M45: =I45*1.05 -> 0 | N45: =ROUND(L45*M45,2) -> 0 | O45: T&M | P45: 1 | Q45: =M45*1.05 -> 0 | R45: =ROUND(P45*Q45,2) -> 0 | S45: T&M | T45: 1 | U45: =Q45*1.05 -> 0 | V45: =ROUND(T45*U45,2) -> 0 | W45: =SUM(V45,R45,N45,J45,F45) -> 0
A46: X302 | B46: Command Center-Retrofit | C46: T&M | D46: 1 | E46: 0 | F46: =ROUND(D46*E46,2) -> 0 | G46: T&M | H46: 1 | I46: =E46*1.05 -> 0 | J46: =ROUND(H46*I46,2) -> 0 | K46: T&M | L46: 1 | M46: =I46*1.05 -> 0 | N46: =ROUND(L46*M46,2) -> 0 | O46: T&M | P46: 1 | Q46: =M46*1.05 -> 0 | R46: =ROUND(P46*Q46,2) -> 0 | S46: T&M | T46: 1 | U46: =Q46*1.05 -> 0 | V46: =ROUND(T46*U46,2) -> 0 | W46: =SUM(V46,R46,N46,J46,F46) -> 0
A47: X303 | B47: Demolition/Excavation/Removal/Saw Cut | C47: T&M | D47: 1 | E47: 0 | F47: =ROUND(D47*E47,2) -> 0 | G47: T&M | H47: 1 | I47: =E47*1.05 -> 0 | J47: =ROUND(H47*I47,2) -> 0 | K47: T&M | L47: 1 | M47: =I47*1.05 -> 0 | N47: =ROUND(L47*M47,2) -> 0 | O47: T&M | P47: 1 | Q47: =M47*1.05 -> 0 | R47: =ROUND(P47*Q47,2) -> 0 | S47: T&M | T47: 1 | U47: =Q47*1.05 -> 0 | V47: =ROUND(T47*U47,2) -> 0 | W47: =SUM(V47,R47,N47,J47,F47) -> 0
A48: X304 | B48: Clearing/Grubing, Dirt Work (balancing cut/fill), Compaction, Drainage | C48: T&M | D48: 1 | E48: 0 | F48: =ROUND(D48*E48,2) -> 0 | G48: T&M | H48: 1 | I48: =E48*1.05 -> 0 | J48: =ROUND(H48*I48,2) -> 0 | K48: T&M | L48: 1 | M48: =I48*1.05 -> 0 | N48: =ROUND(L48*M48,2) -> 0 | O48: T&M | P48: 1 | Q48: =M48*1.05 -> 0 | R48: =ROUND(P48*Q48,2) -> 0 | S48: T&M | T48: 1 | U48: =Q48*1.05 -> 0 | V48: =ROUND(T48*U48,2) -> 0 | W48: =SUM(V48,R48,N48,J48,F48) -> 0
A49: X305 | B49: Electrical/Plumbing/Mechanical | C49: T&M | D49: 1 | E49: 0 | F49: =ROUND(D49*E49,2) -> 0 | G49: T&M | H49: 1 | I49: =E49*1.05 -> 0 | J49: =ROUND(H49*I49,2) -> 0 | K49: T&M | L49: 1 | M49: =I49*1.05 -> 0 | N49: =ROUND(L49*M49,2) -> 0 | O49: T&M | P49: 1 | Q49: =M49*1.05 -> 0 | R49: =ROUND(P49*Q49,2) -> 0 | S49: T&M | T49: 1 | U49: =Q49*1.05 -> 0 | V49: =ROUND(T49*U49,2) -> 0 | W49: =SUM(V49,R49,N49,J49,F49) -> 0
A50: X306 | B50: Concrete/Asphalt/Footers/Foundations/Lanes of Traffic | C50: T&M | D50: 1 | E50: 0 | F50: =ROUND(D50*E50,2) -> 0 | G50: T&M | H50: 1 | I50: =E50*1.05 -> 0 | J50: =ROUND(H50*I50,2) -> 0 | K50: T&M | L50: 1 | M50: =I50*1.05 -> 0 | N50: =ROUND(L50*M50,2) -> 0 | O50: T&M | P50: 1 | Q50: =M50*1.05 -> 0 | R50: =ROUND(P50*Q50,2) -> 0 | S50: T&M | T50: 1 | U50: =Q50*1.05 -> 0 | V50: =ROUND(T50*U50,2) -> 0 | W50: =SUM(V50,R50,N50,J50,F50) -> 0
A51: X307 | B51: Steel Work | C51: T&M | D51: 1 | E51: 0 | F51: =ROUND(D51*E51,2) -> 0 | G51: T&M | H51: 1 | I51: =E51*1.05 -> 0 | J51: =ROUND(H51*I51,2) -> 0 | K51: T&M | L51: 1 | M51: =I51*1.05 -> 0 | N51: =ROUND(L51*M51,2) -> 0 | O51: T&M | P51: 1 | Q51: =M51*1.05 -> 0 | R51: =ROUND(P51*Q51,2) -> 0 | S51: T&M | T51: 1 | U51: =Q51*1.05 -> 0 | V51: =ROUND(T51*U51,2) -> 0 | W51: =SUM(V51,R51,N51,J51,F51) -> 0
A52: X308 | B52: Traffic Control Measures, Jersey Barriers, Speed bumps, striping, signage | C52: T&M | D52: 1 | E52: 0 | F52: =ROUND(D52*E52,2) -> 0 | G52: T&M | H52: 1 | I52: =E52*1.05 -> 0 | J52: =ROUND(H52*I52,2) -> 0 | K52: T&M | L52: 1 | M52: =I52*1.05 -> 0 | N52: =ROUND(L52*M52,2) -> 0 | O52: T&M | P52: 1 | Q52: =M52*1.05 -> 0 | R52: =ROUND(P52*Q52,2) -> 0 | S52: T&M | T52: 1 | U52: =Q52*1.05 -> 0 | V52: =ROUND(T52*U52,2) -> 0 | W52: =SUM(V52,R52,N52,J52,F52) -> 0
A53: X309 | B53: IT Trenches, Conduit, Conduit Banks, Junction Boxes, Pull Strings | C53: T&M | D53: 1 | E53: 0 | F53: =ROUND(D53*E53,2) -> 0 | G53: T&M | H53: 1 | I53: =E53*1.05 -> 0 | J53: =ROUND(H53*I53,2) -> 0 | K53: T&M | L53: 1 | M53: =I53*1.05 -> 0 | N53: =ROUND(L53*M53,2) -> 0 | O53: T&M | P53: 1 | Q53: =M53*1.05 -> 0 | R53: =ROUND(P53*Q53,2) -> 0 | S53: T&M | T53: 1 | U53: =Q53*1.05 -> 0 | V53: =ROUND(T53*U53,2) -> 0 | W53: =SUM(V53,R53,N53,J53,F53) -> 0
A54: X310 | B54: Site Survey | C54: T&M | D54: 1 | E54: 0 | F54: =ROUND(D54*E54,2) -> 0 | G54: T&M | H54: 1 | I54: =E54*1.05 -> 0 | J54: =ROUND(H54*I54,2) -> 0 | K54: T&M | L54: 1 | M54: =I54*1.05 -> 0 | N54: =ROUND(L54*M54,2) -> 0 | O54: T&M | P54: 1 | Q54: =M54*1.05 -> 0 | R54: =ROUND(P54*Q54,2) -> 0 | S54: T&M | T54: 1 | U54: =Q54*1.05 -> 0 | V54: =ROUND(T54*U54,2) -> 0 | W54: =SUM(V54,R54,N54,J54,F54) -> 0
A55: X311 | B55: SWPPP, Permiting | C55: T&M | D55: 1 | E55: 0 | F55: =ROUND(D55*E55,2) -> 0 | G55: T&M | H55: 1 | I55: =E55*1.05 -> 0 | J55: =ROUND(H55*I55,2) -> 0 | K55: T&M | L55: 1 | M55: =I55*1.05 -> 0 | N55: =ROUND(L55*M55,2) -> 0 | O55: T&M | P55: 1 | Q55: =M55*1.05 -> 0 | R55: =ROUND(P55*Q55,2) -> 0 | S55: T&M | T55: 1 | U55: =Q55*1.05 -> 0 | V55: =ROUND(T55*U55,2) -> 0 | W55: =SUM(V55,R55,N55,J55,F55) -> 0
E57: Total Civil Works | F57: =SUM(F44:F55) -> 0 | I57: Total Civil Works | J57: =SUM(J44:J55) -> 0 | M57: Total Civil Works | N57: =SUM(N44:N55) -> 0 | Q57: Total Civil Works | R57: =SUM(R44:R55) -> 0 | U57: Total Civil Works | V57: =SUM(V44:V55) -> 0 | W57: =SUM(V57,R57,N57,J57,F57) -> 0
C59: Base Year | G59: Option Year 1 | K59: Option Year 2 | O59: Option Year 3 | S59: Option Year 4
A60: FURNITURE, FIXTURES, AND EQUIPMENT (FFP) | C60: CLIN 004 | G60: CLIN 104 | K60: CLIN 204 | O60: CLIN 304 | S60: CLIN 404
A61: Sub - CLIN | B61: Description | C61: Type | D61: Qty | E61: Rate | F61: Amount | G61: Type | H61: Qty | I61: Rate | J61: Amount | K61: Type | L61: Qty | M61: Rate | N61: Amount | O61: Type | P61: Qty | Q61: Rate | R61: Amount | S61: Type | T61: Qty | U61: Rate | V61: Amount | W61: Total
A62: X400 | B62: Analyst Station | C62: FFUP | D62: 1 | E62: 0 | F62: =ROUND(D62*E62,2) -> 0 | G62: FFUP | H62: 1 | I62: =E62*1.05 -> 0 | J62: =ROUND(H62*I62,2) -> 0 | K62: FFUP | L62: 1 | M62: =I62*1.05 -> 0 | N62: =ROUND(L62*M62,2) -> 0 | O62: FFUP | P62: 1 | Q62: =M62*1.05 -> 0 | R62: =ROUND(P62*Q62,2) -> 0 | S62: FFUP | T62: 1 | U62: =Q62*1.05 -> 0 | V62: =ROUND(T62*U62,2) -> 0 | W62: =SUM(V62,R62,N62,J62,F62) -> 0
A63: X401 | B63: Operator Station | C63: FFUP | D63: 1 | E63: 0 | F63: =ROUND(D63*E63,2) -> 0 | G63: FFUP | H63: 1 | I63: =E63*1.05 -> 0 | J63: =ROUND(H63*I63,2) -> 0 | K63: FFUP | L63: 1 | M63: =I63*1.05 -> 0 | N63: =ROUND(L63*M63,2) -> 0 | O63: FFUP | P63: 1 | Q63: =M63*1.05 -> 0 | R63: =ROUND(P63*Q63,2) -> 0 | S63: FFUP | T63: 1 | U63: =Q63*1.05 -> 0 | V63: =ROUND(T63*U63,2) -> 0 | W63: =SUM(V63,R63,N63,J63,F63) -> 0
A64: X402 | B64: Situational Wall | C64: FFUP | D64: 1 | E64: 0 | F64: =ROUND(D64*E64,2) -> 0 | G64: FFUP | H64: 1 | I64: =E64*1.05 -> 0 | J64: =ROUND(H64*I64,2) -> 0 | K64: FFUP | L64: 1 | M64: =I64*1.05 -> 0 | N64: =ROUND(L64*M64,2) -> 0 | O64: FFUP | P64: 1 | Q64: =M64*1.05 -> 0 | R64: =ROUND(P64*Q64,2) -> 0 | S64: FFUP | T64: 1 | U64: =Q64*1.05 -> 0 | V64: =ROUND(T64*U64,2) -> 0 | W64: =SUM(V64,R64,N64,J64,F64) -> 0
A65: X403 | B65: Furniture and fixtures | C65: FFUP | D65: 1 | E65: 0 | F65: =ROUND(D65*E65,2) -> 0 | G65: FFUP | H65: 1 | I65: =E65*1.05 -> 0 | J65: =ROUND(H65*I65,2) -> 0 | K65: FFUP | L65: 1 | M65: =I65*1.05 -> 0 | N65: =ROUND(L65*M65,2) -> 0 | O65: FFUP | P65: 1 | Q65: =M65*1.05 -> 0 | R65: =ROUND(P65*Q65,2) -> 0 | S65: FFUP | T65: 1 | U65: =Q65*1.05 -> 0 | V65: =ROUND(T65*U65,2) -> 0 | W65: =SUM(V65,R65,N65,J65,F65) -> 0
A66: X404 | B66: Generators | C66: FFUP | D66: 1 | E66: 0 | F66: =ROUND(D66*E66,2) -> 0 | G66: FFUP | H66: 1 | I66: =E66*1.05 -> 0 | J66: =ROUND(H66*I66,2) -> 0 | K66: FFUP | L66: 1 | M66: =I66*1.05 -> 0 | N66: =ROUND(L66*M66,2) -> 0 | O66: FFUP | P66: 1 | Q66: =M66*1.05 -> 0 | R66: =ROUND(P66*Q66,2) -> 0 | S66: FFUP | T66: 1 | U66: =Q66*1.05 -> 0 | V66: =ROUND(T66*U66,2) -> 0 | W66: =SUM(V66,R66,N66,J66,F66) -> 0
A67: X405 | B67: Uninterrupted Power Supplies | C67: FFUP | D67: 1 | E67: 0 | F67: =ROUND(D67*E67,2) -> 0 | G67: FFUP | H67: 1 | I67: =E67*1.05 -> 0 | J67: =ROUND(H67*I67,2) -> 0 | K67: FFUP | L67: 1 | M67: =I67*1.05 -> 0 | N67: =ROUND(L67*M67,2) -> 0 | O67: FFUP | P67: 1 | Q67: =M67*1.05 -> 0 | R67: =ROUND(P67*Q67,2) -> 0 | S67: FFUP | T67: 1 | U67: =Q67*1.05 -> 0 | V67: =ROUND(T67*U67,2) -> 0 | W67: =SUM(V67,R67,N67,J67,F67) -> 0
A68: X406 | B68: Power Conditioners | C68: FFUP | D68: 1 | E68: 0 | F68: =ROUND(D68*E68,2) -> 0 | G68: FFUP | H68: 1 | I68: =E68*1.05 -> 0 | J68: =ROUND(H68*I68,2) -> 0 | K68: FFUP | L68: 1 | M68: =I68*1.05 -> 0 | N68: =ROUND(L68*M68,2) -> 0 | O68: FFUP | P68: 1 | Q68: =M68*1.05 -> 0 | R68: =ROUND(P68*Q68,2) -> 0 | S68: FFUP | T68: 1 | U68: =Q68*1.05 -> 0 | V68: =ROUND(T68*U68,2) -> 0 | W68: =SUM(V68,R68,N68,J68,F68) -> 0
A69: X407 | B69: Operator Booth (8'x12') | C69: FFUP | D69: 1 | E69: 0 | F69: =ROUND(D69*E69,2) -> 0 | G69: FFUP | H69: 1 | I69: =E69*1.05 -> 0 | J69: =ROUND(H69*I69,2) -> 0 | K69: FFUP | L69: 1 | M69: =I69*1.05 -> 0 | N69: =ROUND(L69*M69,2) -> 0 | O69: FFUP | P69: 1 | Q69: =M69*1.05 -> 0 | R69: =ROUND(P69*Q69,2) -> 0 | S69: FFUP | T69: 1 | U69: =Q69*1.05 -> 0 | V69: =ROUND(T69*U69,2) -> 0 | W69: =SUM(V69,R69,N69,J69,F69) -> 0
A70: X408 | B70: Operator Booth (12'x16') | C70: FFUP | D70: 1 | E70: 0 | F70: =ROUND(D70*E70,2) -> 0 | G70: FFUP | H70: 1 | I70: =E70*1.05 -> 0 | J70: =ROUND(H70*I70,2) -> 0 | K70: FFUP | L70: 1 | M70: =I70*1.05 -> 0 | N70: =ROUND(L70*M70,2) -> 0 | O70: FFUP | P70: 1 | Q70: =M70*1.05 -> 0 | R70: =ROUND(P70*Q70,2) -> 0 | S70: FFUP | T70: 1 | U70: =Q70*1.05 -> 0 | V70: =ROUND(T70*U70,2) -> 0 | W70: =SUM(V70,R70,N70,J70,F70) -> 0
A71: X409 | B71: Laptops | C71: FFUP | D71: 1 | E71: 0 | F71: =ROUND(D71*E71,2) -> 0 | G71: FFUP | H71: 1 | I71: =E71*1.05 -> 0 | J71: =ROUND(H71*I71,2) -> 0 | K71: FFUP | L71: 1 | M71: =I71*1.05 -> 0 | N71: =ROUND(L71*M71,2) -> 0 | O71: FFUP | P71: 1 | Q71: =M71*1.05 -> 0 | R71: =ROUND(P71*Q71,2) -> 0 | S71: FFUP | T71: 1 | U71: =Q71*1.05 -> 0 | V71: =ROUND(T71*U71,2) -> 0 | W71: =SUM(V71,R71,N71,J71,F71) -> 0
E74: Total Construction | F74: =SUM(F62:F72) -> 0 | I74: Total Construction | J74: =SUM(J62:J72) -> 0 | M74: Total Construction | N74: =SUM(N62:N72) -> 0 | Q74: Total Construction | R74: =SUM(R62:R72) -> 0 | U74: Total Construction | V74: =SUM(V62:V72) -> 0 | W74: =SUM(V74,R74,N74,J74,F74) -> 0
C76: Base Year | G76: Option Year 1 | K76: Option Year 2 | O76: Option Year 3 | S76: Option Year 4
A77: INSTALLATION (T&M) | C77: CLIN 005 | G77: CLIN 105 | K77: CLIN 205 | O77: CLIN 305 | S77: CLIN 405
A78: Sub - CLIN | B78: Description | C78: Type | E78: Rate | F78: Amount | G78: Type | I78: Rate | J78: Amount | K78: Type | M78: Rate | N78: Amount | O78: Type | Q78: Rate | R78: Amount | S78: Type | U78: Rate | V78: Amount | W78: Total
A79: X500 | B79: Installation | C79: T&M | D79: 1 | E79: 0 | F79: =ROUND(D79*E79,2) -> 0 | G79: T&M | H79: 1 | I79: =E79*1.05 -> 0 | J79: =ROUND(H79*I79,2) -> 0 | K79: T&M | L79: 1 | M79: =I79*1.05 -> 0 | N79: =ROUND(L79*M79,2) -> 0 | O79: T&M | P79: 1 | Q79: =M79*1.05 -> 0 | R79: =ROUND(P79*Q79,2) -> 0 | S79: T&M | T79: 1 | U79: =Q79*1.05 -> 0 | V79: =ROUND(T79*U79,2) -> 0 | W79: =SUM(V79,R79,N79,J79,F79) -> 0
A80: X501 | B80: Integration | C80: T&M | D80: 1 | E80: 0 | F80: =ROUND(D80*E80,2) -> 0 | G80: T&M | H80: 1 | I80: =E80*1.05 -> 0 | J80: =ROUND(H80*I80,2) -> 0 | K80: T&M | L80: 1 | M80: =I80*1.05 -> 0 | N80: =ROUND(L80*M80,2) -> 0 | O80: T&M | P80: 1 | Q80: =M80*1.05 -> 0 | R80: =ROUND(P80*Q80,2) -> 0 | S80: T&M | T80: 1 | U80: =Q80*1.05 -> 0 | V80: =ROUND(T80*U80,2) -> 0 | W80: =SUM(V80,R80,N80,J80,F80) -> 0
A81: X502 | B81: Blanking Solution | C81: T&M | D81: 1 | E81: 0 | F81: =ROUND(D81*E81,2) -> 0 | G81: T&M | H81: 1 | I81: =E81*1.05 -> 0 | J81: =ROUND(H81*I81,2) -> 0 | K81: T&M | L81: 1 | M81: =I81*1.05 -> 0 | N81: =ROUND(L81*M81,2) -> 0 | O81: T&M | P81: 1 | Q81: =M81*1.05 -> 0 | R81: =ROUND(P81*Q81,2) -> 0 | S81: T&M | T81: 1 | U81: =Q81*1.05 -> 0 | V81: =ROUND(T81*U81,2) -> 0 | W81: =SUM(V81,R81,N81,J81,F81) -> 0
A82: X503 | B82: System Testing | C82: T&M | D82: 1 | E82: 0 | F82: =ROUND(D82*E82,2) -> 0 | G82: T&M | H82: 1 | I82: =E82*1.05 -> 0 | J82: =ROUND(H82*I82,2) -> 0 | K82: T&M | L82: 1 | M82: =I82*1.05 -> 0 | N82: =ROUND(L82*M82,2) -> 0 | O82: T&M | P82: 1 | Q82: =M82*1.05 -> 0 | R82: =ROUND(P82*Q82,2) -> 0 | S82: T&M | T82: 1 | U82: =Q82*1.05 -> 0 | V82: =ROUND(T82*U82,2) -> 0 | W82: =SUM(V82,R82,N82,J82,F82) -> 0
A83: X504 | B83: Software installation/upgrade | C83: T&M | D83: 1 | E83: 0 | F83: =ROUND(D83*E83,2) -> 0 | G83: T&M | H83: 1 | I83: =E83*1.05 -> 0 | J83: =ROUND(H83*I83,2) -> 0 | K83: T&M | L83: 1 | M83: =I83*1.05 -> 0 | N83: =ROUND(L83*M83,2) -> 0 | O83: T&M | P83: 1 | Q83: =M83*1.05 -> 0 | R83: =ROUND(P83*Q83,2) -> 0 | S83: T&M | T83: 1 | U83: =Q83*1.05 -> 0 | V83: =ROUND(T83*U83,2) -> 0 | W83: =SUM(V83,R83,N83,J83,F83) -> 0
A84: X505 | B84: License Plate Reader (LPR) | C84: FFP | D84: 1 | E84: 0 | F84: =ROUND(D84*E84,2) -> 0 | G84: FFP | H84: 1 | I84: =E84*1.05 -> 0 | J84: =ROUND(H84*I84,2) -> 0 | K84: FFP | L84: 1 | M84: =I84*1.05 -> 0 | N84: =ROUND(L84*M84,2) -> 0 | O84: FFP | P84: 1 | Q84: =M84*1.05 -> 0 | R84: =ROUND(P84*Q84,2) -> 0 | S84: FFP | T84: 1 | U84: =Q84*1.05 -> 0 | V84: =ROUND(T84*U84,2) -> 0 | W84: =SUM(V84,R84,N84,J84,F84) -> 0
A85: X506 | B85: Pan-Tilt-Zoom (PTZ) Camera | C85: FFP | D85: 1 | E85: 0 | F85: =ROUND(D85*E85,2) -> 0 | G85: FFP | H85: 1 | I85: =E85*1.05 -> 0 | J85: =ROUND(H85*I85,2) -> 0 | K85: FFP | L85: 1 | M85: =I85*1.05 -> 0 | N85: =ROUND(L85*M85,2) -> 0 | O85: FFP | P85: 1 | Q85: =M85*1.05 -> 0 | R85: =ROUND(P85*Q85,2) -> 0 | S85: FFP | T85: 1 | U85: =Q85*1.05 -> 0 | V85: =ROUND(T85*U85,2) -> 0 | W85: =SUM(V85,R85,N85,J85,F85) -> 0
A86: X507 | B86: Optical Character Recognition System | C86: FFP | D86: 1 | E86: 0 | F86: =ROUND(D86*E86,2) -> 0 | G86: FFP | H86: 1 | I86: =E86*1.05 -> 0 | J86: =ROUND(H86*I86,2) -> 0 | K86: FFP | L86: 1 | M86: =I86*1.05 -> 0 | N86: =ROUND(L86*M86,2) -> 0 | O86: FFP | P86: 1 | Q86: =M86*1.05 -> 0 | R86: =ROUND(P86*Q86,2) -> 0 | S86: FFP | T86: 1 | U86: =Q86*1.05 -> 0 | V86: =ROUND(T86*U86,2) -> 0 | W86: =SUM(V86,R86,N86,J86,F86) -> 0
A87: X508 | B87: Traffic Control System | C87: FFP | D87: 1 | E87: 0 | F87: =ROUND(D87*E87,2) -> 0 | G87: FFP | H87: 1 | I87: =E87*1.05 -> 0 | J87: =ROUND(H87*I87,2) -> 0 | K87: FFP | L87: 1 | M87: =I87*1.05 -> 0 | N87: =ROUND(L87*M87,2) -> 0 | O87: FFP | P87: 1 | Q87: =M87*1.05 -> 0 | R87: =ROUND(P87*Q87,2) -> 0 | S87: FFP | T87: 1 | U87: =Q87*1.05 -> 0 | V87: =ROUND(T87*U87,2) -> 0 | W87: =SUM(V87,R87,N87,J87,F87) -> 0
E90: Total Installation | F90: =SUM(F79:F88) -> 0 | I90: Total Installation | J90: =SUM(J79:J88) -> 0 | M90: Total Installation | N90: =SUM(N79:N88) -> 0 | Q90: Total Installation | R90: =SUM(R79:R88) -> 0 | U90: Total Installation | V90: =SUM(V79:V88) -> 0 | W90: =SUM(V90,R90,N90,J90,F90) -> 0
C92: Base Year | G92: Option Year 1 | K92: Option Year 2 | O92: Option Year 3 | S92: Option Year 4
A93: TRAINING (FFP) | C93: CLIN 006 | G93: CLIN 106 | K93: CLIN 206 | O93: CLIN 306 | S93: CLIN 406
A94: Sub-CLIN | B94: Description | C94: Type | D94: Qty | E94: Rate | F94: Amount | G94: Type | H94: Qty | I94: Rate | J94: Amount | K94: Type | L94: Qty | M94: Rate | N94: Amount | O94: Type | P94: Qty | Q94: Rate | R94: Amount | S94: Type | T94: Qty | U94: Rate | V94: Amount
A95: X600 | B95: Training Development | C95: FFP | D95: 1 | E95: 0 | F95: =D95*E95 -> 0 | G95: FFP | H95: 0 | J95: =H95*I95 -> 0 | K95: FFP | L95: 0 | N95: =L95*M95 -> 0 | O95: FFP | P95: 0 | R95: =P95*Q95 -> 0 | S95: FFP | T95: 0 | V95: =T95*U95 -> 0 | W95: =SUM(V95,R95,N95,J95,F95) -> 0
E97: Total Training | F97: =SUM(F95) -> 0 | I97: Total Training | J97: =SUM(J95) -> 0 | M97: Total Training | N97: =SUM(N95) -> 0 | Q97: Total Training | R97: =SUM(R95) -> 0 | U97: Total Training | V97: =SUM(V95) -> 0 | W97: =SUM(V97,R97,N97,J97,F97) -> 0
C99: Base Year | G99: Option Year 1 | K99: Option Year 2 | O99: Option Year 3 | S99: Option Year 4
A100: PREVENTATIVE MAINTENANCE OPTIONS (FFP) | C100: CLIN 007 | G100: CLIN 107 | K100: CLIN 207 | O100: CLIN 307 | S100: CLIN 407
A101: Sub-CLIN | B101: Description | C101: Type | D101: Qty | E101: Rate | F101: Amount | G101: Type | H101: Qty | I101: Rate | J101: Amount | K101: Type | L101: Qty | M101: Rate | N101: Amount | O101: Type | P101: Qty | Q101: Rate | R101: Amount | S101: Type | T101: Qty | U101: Rate | V101: Amount
A102: X700 | B102: LEP Service | C102: FFUP | D102: 0 | F102: =D102*E102 -> 0 | G102: FFUP | H102: 1 | I102: 0 | J102: =H102*I102 -> 0 | K102: FFUP | L102: 1 | M102: =I102*1.05 -> 0 | N102: =L102*M102 -> 0 | O102: FFUP | P102: 1 | Q102: =M102*1.05 -> 0 | R102: =P102*Q102 -> 0 | S102: FFUP | T102: 1 | U102: =Q102*1.05 -> 0 | V102: =T102*U102 -> 0 | W102: =SUM(V102,R102,N102,J102,F102) -> 0
A103: X701 | B103: UVBx Service | C103: FFUP | D103: 0 | F103: =D103*E103 -> 0 | G103: FFUP | H103: 1 | I103: 0 | J103: =H103*I103 -> 0 | K103: FFUP | L103: 1 | M103: =I103*1.05 -> 0 | N103: =L103*M103 -> 0 | O103: FFUP | P103: 1 | Q103: =M103*1.05 -> 0 | R103: =P103*Q103 -> 0 | S103: FFUP | T103: 1 | U103: =Q103*1.05 -> 0 | V103: =T103*U103 -> 0 | W103: =SUM(V103,R103,N103,J103,F103) -> 0
E104: Total Preventative Maintenance (UVBx) | F104: =F103+F102 -> 0 | I104: Total Preventative Maintenance (UVBx) | J104: =J103+J102 -> 0 | M104: Total Preventative Maintenance (UVBx) | N104: =N103+N102 -> 0 | Q104: Total Preventative Maintenance (UVBx) | R104: =R103+R102 -> 0 | U104: Total Preventative Maintenance (UVBx) | V104: =V103+V102 -> 0 | W104: =SUM(V104,R104,N104,J104,F104) -> 0
C106: Base Year | G106: Option Year 1 | K106: Option Year 2 | O106: Option Year 3 | S106: Option Year 4
A107: CORRECTIVE MAINTENANCE OPTIONS (FFP) | C107: CLIN 009 | G107: CLIN 109 | K107: CLIN 209 | O107: CLIN 309 | S107: CLIN 409
A108: Sub-CLIN | B108: Description | C108: Type | D108: Qty | E108: Rate | F108: Amount | G108: Type | H108: Qty | I108: Rate | J108: Amount | K108: Type | L108: Qty | M108: Rate | N108: Amount | O108: Type | P108: Qty | Q108: Rate | R108: Amount | S108: Type | T108: Qty | U108: Rate | V108: Amount
A109: X800 | B109: LEP Service | C109: FFUP | D109: 0 | F109: =D109*E109 -> 0 | G109: FFUP | H109: 1 | I109: 0 | J109: =H109*I109 -> 0 | K109: FFUP | L109: 1 | M109: 0 | N109: =L109*M109 -> 0 | O109: FFUP | P109: 1 | Q109: 0 | R109: =P109*Q109 -> 0 | S109: FFUP | T109: 1 | U109: 0 | V109: =T109*U109 -> 0 | W109: =SUM(V109,R109,N109,J109,F109) -> 0
A110: X801 | B110: UVBx Service | C110: FFUP | D110: 0 | F110: =D110*E110 -> 0 | G110: FFUP | H110: 1 | I110: 0 | J110: =H110*I110 -> 0 | K110: FFUP | L110: 1 | M110: 0 | N110: =L110*M110 -> 0 | O110: FFUP | P110: 1 | Q110: 0 | R110: =P110*Q110 -> 0 | S110: FFUP | T110: 1 | U110: 0 | V110: =T110*U110 -> 0 | W110: =SUM(V110,R110,N110,J110,F110) -> 0
E111: Total Corrective Maintenance (UVBx) | F111: =F110+F109 -> 0 | I111: Total Corrective Maintenance (UVBx) | J111: =J110+J109 -> 0 | M111: Total Corrective Maintenance (UVBx) | N111: =N110+N109 -> 0 | Q111: Total Corrective Maintenance (UVBx) | R111: =R110+R109 -> 0 | U111: Total Corrective Maintenance (UVBx) | V111: =V110+V109 -> 0 | W111: =SUM(V111,R111,N111,J111,F111) -> 0
C113: Base Year | G113: Option Year 1 | K113: Option Year 2 | O113: Option Year 3 | S113: Option Year 4
A114: WARRANTY PERIODS (FFP) | C114: CLIN 011 | G114: CLIN 111 | K114: CLIN 211 | O114: CLIN 311 | S114: CLIN 411
A115: Sub-CLIN | B115: Description | C115: Type | D115: Qty | E115: Rate | F115: Amount | G115: Type | H115: Qty | I115: Rate | J115: Amount | K115: Type | L115: Qty | M115: Rate | N115: Amount | O115: Type | P115: Qty | Q115: Rate | R115: Amount | S115: Type | T115: Qty | U115: Rate | V115: Amount | W115: Total
A116: X110 | B116: LEP-Required Comprehensive Base Warranty (1 Year) | C116: FFP | D116: 1 | E116: 0 | F116: =D116*E116 -> 0 | G116: FFP | H116: 0 | I116: =E116*1.05 -> 0 | J116: =H116*I116 -> 0 | K116: FFP | L116: 0 | M116: =I116*1.05 -> 0 | N116: =L116*M116 -> 0 | O116: FFP | P116: 0 | Q116: =M116*1.05 -> 0 | R116: =P116*Q116 -> 0 | S116: FFP | T116: 0 | U116: =Q116*1.05 -> 0 | V116: =T116*U116 -> 0 | W116: =SUM(V116,R116,N116,J116,F116) -> 0
A117: X126 | B117: LEP-Type 1 Two Years of Warranty | C117: FFP | D117: 1 | E117: 0 | F117: =D117*E117 -> 0 | G117: FFP | H117: 1 | I117: =E117*1.05 -> 0 | J117: =H117*I117 -> 0 | K117: FFP | L117: 1 | M117: =I117*1.05 -> 0 | N117: =L117*M117 -> 0 | O117: FFP | P117: 1 | Q117: =M117*1.05 -> 0 | R117: =P117*Q117 -> 0 | S117: FFP | T117: 1 | U117: =Q117*1.05 -> 0 | V117: =T117*U117 -> 0 | W117: =SUM(V117,R117,N117,J117,F117) -> 0
A118: X127 | B118: LEP-Type 1 Three Years of Warranty | C118: FFP | D118: 1 | E118: 0 | F118: =D118*E118 -> 0 | G118: FFP | H118: 1 | I118: =E118*1.05 -> 0 | J118: =H118*I118 -> 0 | K118: FFP | L118: 1 | M118: =I118*1.05 -> 0 | N118: =L118*M118 -> 0 | O118: FFP | P118: 1 | Q118: =M118*1.05 -> 0 | R118: =P118*Q118 -> 0 | S118: FFP | T118: 1 | U118: =Q118*1.05 -> 0 | V118: =T118*U118 -> 0 | W118: =SUM(V118,R118,N118,J118,F118) -> 0
A119: X128 | B119: LEP Type 1 Four Years of Warranty | C119: FFP | D119: 1 | E119: 0 | F119: =D119*E119 -> 0 | G119: FFP | H119: 1 | I119: =E119*1.05 -> 0 | J119: =H119*I119 -> 0 | K119: FFP | L119: 1 | M119: =I119*1.05 -> 0 | N119: =L119*M119 -> 0 | O119: FFP | P119: 1 | Q119: =M119*1.05 -> 0 | R119: =P119*Q119 -> 0 | S119: FFP | T119: 1 | U119: =Q119*1.05 -> 0 | V119: =T119*U119 -> 0 | W119: =SUM(V119,R119,N119,J119,F119) -> 0
A120: X129 | B120: LEP Type 1 Five Years of Warranty | C120: FFP | D120: 1 | E120: 0 | F120: =D120*E120 -> 0 | G120: FFP | H120: 1 | I120: =E120*1.05 -> 0 | J120: =H120*I120 -> 0 | K120: FFP | L120: 1 | M120: =I120*1.05 -> 0 | N120: =L120*M120 -> 0 | O120: FFP | P120: 1 | Q120: =M120*1.05 -> 0 | R120: =P120*Q120 -> 0 | S120: FFP | T120: 1 | U120: =Q120*1.05 -> 0 | V120: =T120*U120 -> 0 | W120: =SUM(V120,R120,N120,J120,F120) -> 0
...

Sheet Price Justification
A1: Price Justification

Sheet Assumptions
A1: Project/Price Assumptions
A3: Allowances, Assumptions, Exclusions and Exceptions:
