Workbook

Sheet Attacnment B Instructions
A1: ATTACHMENT G - HOCL PRICE/COST SCHEDULE (INSTRUCTIONS)
A3: Purpose: Use this attachment to provide property pricing, information details, and capabilities to support the OCC's Hotel Occupancy Conferencing and Lodging for its Uniform Commission Examination (UCE) sessions.
A6: How to Complete:
A7: 3) Complete the 'Property Biz, AV Tech-Equipment' tab first, entering all Unit/Discounted Price amounts, for each property proprosed and all operating periods (i.e., base period (BP) through option period five (OP5). For any items that are waived/conceded, enter $0.00.
A8: 4) Complete the 'Property Food & Beverage' tab second, entering all Unit/Discounted Price amounts, for each property proprosed and all operating periods (i.e., base period (BP) through option period five (OP5). For any items that are waived/conceded, enter $0.00.
A9: 5) Complete the 'Property LCMS Rooms' tab third, entering all Unit/Discounted Price amounts, for each property proprosed and all operating periods (i.e., base period (BP) through option period five (OP5). For any items that are waived/conceded, enter $0.00.
A10: 6) Review the 'Property Summary - Cost' tab fourth, ensuring the formulas and calculations were transferred and recorded correctly for all required items and its pricing.
A11: 7) Enter any assumptions and/or exceptions per property fifth via the 'Property Assumptions-Exceptions' tab. Enter the assumptions and/or exceptions details per property proposed. If there are none, the sheet may be left blank.
A13: Notes: See Attachment E (HOCL Meeting Space and Configuration Requirements) for food and beverage service window (morning, noon, and evening) per specified room type

Sheet Property Biz, AV Teh-Equipment
A1: ATTACHMENT G - HOCL PRICE/COST SCHEDULE (PROPERTY BUSINESS, AV TECHNOLOGY & EQUIPMENT SERVICES)
A2: PROPERTY #1 - BIZ, AV TECH-EQUIP
A3: Base Period - 2026 | G3: Option Period One - 2027 | J3: Option Period Two - 2028 | M3: Option Period Three - 2029 | P3: Option Period Four - 2030 | S3: Option Period Five - 2031
A4: BIZ, AV TECH-EQUIP | B4: Unit | C4: Quantity | D4: Sessions | E4: Unit Price | F4: Extended Total | G4: Sessions | H4: Unit Price | I4: Extended Total | J4: Sessions | K4: Unit Price | L4: Extended Total | M4: Sessions | N4: Unit Price | O4: Extended Total | P4: Sessions | Q4: Unit Price | R4: Extended Total | S4: Sessions | T4: Unit Price | U4: Extended Total
A5: Leased Color Copy Machine with USB-Scan Feature (Unlimited Paper Count) | B5: DAY | C5: 4 | D5: 2 | E5: 0 | F5: =C5*D5*E5 -> 0 | G5: 3 | H5: 0 | I5: =C5*G5*H5 -> 0 | J5: 3 | K5: 0 | L5: =C5*J5*K5 -> 0 | M5: 3 | N5: 0 | O5: =C5*M5*N5 -> 0 | P5: 3 | Q5: 0 | R5: =C5*P5*Q5 -> 0 | S5: 1 | T5: 0 | U5: =C5*S5*T5 -> 0
A6: Leased Paper Shredding Destruction Services (Unlimited Paper Count) | B6: DAY | C6: 4 | D6: 2 | E6: 0 | F6: =C6*D6*E6 -> 0 | G6: 3 | H6: 0 | I6: =C6*G6*H6 -> 0 | J6: 3 | K6: 0 | L6: =C6*J6*K6 -> 0 | M6: 3 | N6: 0 | O6: =C6*M6*N6 -> 0 | P6: 3 | Q6: 0 | R6: =C6*P6*Q6 -> 0 | S6: 1 | T6: 0 | U6: =C6*S6*T6 -> 0
A7: Large Paper Shred Bin (Unlimited Paper Count) | B7: DAY | C7: 4 | D7: 2 | E7: 0 | F7: =C7*D7*E7 -> 0 | G7: 3 | H7: 0 | I7: =C7*G7*H7 -> 0 | J7: 3 | K7: 0 | L7: =C7*J7*K7 -> 0 | M7: 3 | N7: 0 | O7: =C7*M7*N7 -> 0 | P7: 3 | Q7: 0 | R7: =C7*P7*Q7 -> 0 | S7: 1 | T7: 0 | U7: =C7*S7*T7 -> 0
A8: Secure High-Speed and Reliable Internet (Conference/Meeting Rooms) | B8: DAY | C8: 4 | D8: 2 | E8: 0 | F8: =C8*D8*E8 -> 0 | G8: 3 | H8: 0 | I8: =C8*G8*H8 -> 0 | J8: 3 | K8: 0 | L8: =C8*J8*K8 -> 0 | M8: 3 | N8: 0 | O8: =C8*M8*N8 -> 0 | P8: 3 | Q8: 0 | R8: =C8*P8*Q8 -> 0 | S8: 1 | T8: 0 | U8: =C8*S8*T8 -> 0
A9: Ceiling-Noise Cancelling Microphones, High-Definition Wireless Projectors, Large LED Screens, User-Friendly Control Panel (where applicable) for AV and Lighting (Digital Signage, if Available) | B9: DAY | C9: 4 | D9: 2 | E9: 0 | F9: =C9*D9*E9 -> 0 | G9: 3 | H9: 0 | I9: =C9*G9*H9 -> 0 | J9: 3 | K9: 0 | L9: =C9*J9*K9 -> 0 | M9: 3 | N9: 0 | O9: =C9*M9*N9 -> 0 | P9: 3 | Q9: 0 | R9: =C9*P9*Q9 -> 0 | S9: 1 | T9: 0 | U9: =C9*S9*T9 -> 0
A10: Business Center Services (e.g., Conference Rooms and Testing Stations Power Strips and Outlet Drops) | B10: DAY | C10: 4 | D10: 2 | E10: 0 | F10: =C10*D10*E10 -> 0 | G10: 3 | H10: 0 | I10: =C10*G10*H10 -> 0 | J10: 3 | K10: 0 | L10: =C10*J10*K10 -> 0 | M10: 3 | N10: 0 | O10: =C10*M10*N10 -> 0 | P10: 3 | Q10: 0 | R10: =C10*P10*Q10 -> 0 | S10: 1 | T10: 0 | U10: =C10*S10*T10 -> 0
A11: BP TOTAL | F11: =SUM(F5:F10) -> 0 | G11: OP1 TOTAL | I11: =SUM(I5:I10) -> 0 | J11: OP2 TOTAL | L11: =SUM(L5:L10) -> 0 | M11: OP3 TOTAL | O11: =SUM(O5:O10) -> 0 | P11: OP4 TOTAL | R11: =SUM(R5:R10) -> 0 | S11: OP5 TOTAL | U11: =SUM(U5:U10) -> 0
A12: Note1: All items listed above have a minimium-maximum 4-day requirement (per session; triannual where applicable) | S12: PRPTY #1 GRAND TOTAL | U12: =SUM(F11,I11,L11,O11,R11,U11) -> 0
A13: Note2: The OCC has the right to purchase equipment and business center services by unit categories published in the hotel’s price lists
A15: PROPERTY #2 - BIZ, AV TECH-EQUIP
A16: Base Period - 2026 | G16: Option Period One - 2027 | J16: Option Period Two - 2028 | M16: Option Period Three - 2029 | P16: Option Period Four - 2030 | S16: Option Period Five - 2031
A17: BIZ, AV TECH-EQUIP | B17: Unit | C17: Quantity | D17: Sessions | E17: Unit Price | F17: Extended Total | G17: Sessions | H17: Unit Price | I17: Extended Total | J17: Sessions | K17: Unit Price | L17: Extended Total | M17: Sessions | N17: Unit Price | O17: Extended Total | P17: Sessions | Q17: Unit Price | R17: Extended Total | S17: Sessions | T17: Unit Price | U17: Extended Total
A18: Leased Color Copy Machine with USB-Scan Feature (Unlimited Paper Count) | B18: DAY | C18: 4 | D18: 2 | E18: 0 | F18: =C18*D18*E18 -> 0 | G18: 3 | H18: 0 | I18: =C18*G18*H18 -> 0 | J18: 3 | K18: 0 | L18: =C18*J18*K18 -> 0 | M18: 3 | N18: 0 | O18: =C18*M18*N18 -> 0 | P18: 3 | Q18: 0 | R18: =C18*P18*Q18 -> 0 | S18: 1 | T18: 0 | U18: =C18*S18*T18 -> 0
A19: Leased Paper Shredding Destruction Services (Unlimited Paper Count) | B19: DAY | C19: 4 | D19: 2 | E19: 0 | F19: =C19*D19*E19 -> 0 | G19: 3 | H19: 0 | I19: =C19*G19*H19 -> 0 | J19: 3 | K19: 0 | L19: =C19*J19*K19 -> 0 | M19: 3 | N19: 0 | O19: =C19*M19*N19 -> 0 | P19: 3 | Q19: 0 | R19: =C19*P19*Q19 -> 0 | S19: 1 | T19: 0 | U19: =C19*S19*T19 -> 0
A20: Large Paper Shred Bin (Unlimited Paper Count) | B20: DAY | C20: 4 | D20: 2 | E20: 0 | F20: =C20*D20*E20 -> 0 | G20: 3 | H20: 0 | I20: =C20*G20*H20 -> 0 | J20: 3 | K20: 0 | L20: =C20*J20*K20 -> 0 | M20: 3 | N20: 0 | O20: =C20*M20*N20 -> 0 | P20: 3 | Q20: 0 | R20: =C20*P20*Q20 -> 0 | S20: 1 | T20: 0 | U20: =C20*S20*T20 -> 0
A21: Secure High-Speed and Reliable Internet (Conference/Meeting Rooms) | B21: DAY | C21: 4 | D21: 2 | E21: 0 | F21: =C21*D21*E21 -> 0 | G21: 3 | H21: 0 | I21: =C21*G21*H21 -> 0 | J21: 3 | K21: 0 | L21: =C21*J21*K21 -> 0 | M21: 3 | N21: 0 | O21: =C21*M21*N21 -> 0 | P21: 3 | Q21: 0 | R21: =C21*P21*Q21 -> 0 | S21: 1 | T21: 0 | U21: =C21*S21*T21 -> 0
A22: Ceiling-Noise Cancelling Microphones, High-Definition Wireless Projectors, Large LED Screens, User-Friendly Control Panel (where applicable) for AV and Lighting (Digital Signage, if Available) | B22: DAY | C22: 4 | D22: 2 | E22: 0 | F22: =C22*D22*E22 -> 0 | G22: 3 | H22: 0 | I22: =C22*G22*H22 -> 0 | J22: 3 | K22: 0 | L22: =C22*J22*K22 -> 0 | M22: 3 | N22: 0 | O22: =C22*M22*N22 -> 0 | P22: 3 | Q22: 0 | R22: =C22*P22*Q22 -> 0 | S22: 1 | T22: 0 | U22: =C22*S22*T22 -> 0
A23: Business Center Services (e.g., Conference Rooms and Testing Stations Power Strips and Outlet Drops) | B23: DAY | C23: 4 | D23: 2 | E23: 0 | F23: =C23*D23*E23 -> 0 | G23: 3 | H23: 0 | I23: =C23*G23*H23 -> 0 | J23: 3 | K23: 0 | L23: =C23*J23*K23 -> 0 | M23: 3 | N23: 0 | O23: =C23*M23*N23 -> 0 | P23: 3 | Q23: 0 | R23: =C23*P23*Q23 -> 0 | S23: 1 | T23: 0 | U23: =C23*S23*T23 -> 0
A24: BP TOTAL | F24: =SUM(F18:F23) -> 0 | G24: OP1 TOTAL | I24: =SUM(I18:I23) -> 0 | J24: OP2 TOTAL | L24: =SUM(L18:L23) -> 0 | M24: OP3 TOTAL | O24: =SUM(O18:O23) -> 0 | P24: OP4 TOTAL | R24: =SUM(R18:R23) -> 0 | S24: OP5 TOTAL | U24: =SUM(U18:U23) -> 0
A25: Note1: All items listed above have a minimium-maximum 4-day requirement (per session; triannual where applicable) | S25: PRPTY #2 GRAND TOTAL | U25: =SUM(U24,R24,O24,L24,I24,F24) -> 0
A26: Note2: The OCC has the right to purchase equipment and business center services by unit categories published in the hotel’s price lists
A28: PROPERTY #3 - BIZ, AV TECH-EQUIP
A29: Base Period - 2026 | G29: Option Period One - 2027 | J29: Option Period Two - 2028 | M29: Option Period Three - 2029 | P29: Option Period Four - 2030 | S29: Option Period Five - 2031
A30: BIZ, AV TECH-EQUIP | B30: Unit | C30: Quantity | D30: Sessions | E30: Unit Price | F30: Extended Total | G30: Sessions | H30: Unit Price | I30: Extended Total | J30: Sessions | K30: Unit Price | L30: Extended Total | M30: Sessions | N30: Unit Price | O30: Extended Total | P30: Sessions | Q30: Unit Price | R30: Extended Total | S30: Sessions | T30: Unit Price | U30: Extended Total
A31: Leased Color Copy Machine with USB-Scan Feature (Unlimited Paper Count) | B31: DAY | C31: 4 | D31: 2 | E31: 0 | F31: =C31*D31*E31 -> 0 | G31: 3 | H31: 0 | I31: =C31*G31*H31 -> 0 | J31: 3 | K31: 0 | L31: =C31*J31*K31 -> 0 | M31: 3 | N31: 0 | O31: =C31*M31*N31 -> 0 | P31: 3 | Q31: 0 | R31: =C31*P31*Q31 -> 0 | S31: 1 | T31: 0 | U31: =C31*S31*T31 -> 0
A32: Leased Paper Shredding Destruction Services (Unlimited Paper Count) | B32: DAY | C32: 4 | D32: 2 | E32: 0 | F32: =C32*D32*E32 -> 0 | G32: 3 | H32: 0 | I32: =C32*G32*H32 -> 0 | J32: 3 | K32: 0 | L32: =C32*J32*K32 -> 0 | M32: 3 | N32: 0 | O32: =C32*M32*N32 -> 0 | P32: 3 | Q32: 0 | R32: =C32*P32*Q32 -> 0 | S32: 1 | T32: 0 | U32: =C32*S32*T32 -> 0
A33: Large Paper Shred Bin (Unlimited Paper Count) | B33: DAY | C33: 4 | D33: 2 | E33: 0 | F33: =C33*D33*E33 -> 0 | G33: 3 | H33: 0 | I33: =C33*G33*H33 -> 0 | J33: 3 | K33: 0 | L33: =C33*J33*K33 -> 0 | M33: 3 | N33: 0 | O33: =C33*M33*N33 -> 0 | P33: 3 | Q33: 0 | R33: =C33*P33*Q33 -> 0 | S33: 1 | T33: 0 | U33: =C33*S33*T33 -> 0
A34: Secure High-Speed and Reliable Internet (Conference/Meeting Rooms) | B34: DAY | C34: 4 | D34: 2 | E34: 0 | F34: =C34*D34*E34 -> 0 | G34: 3 | H34: 0 | I34: =C34*G34*H34 -> 0 | J34: 3 | K34: 0 | L34: =C34*J34*K34 -> 0 | M34: 3 | N34: 0 | O34: =C34*M34*N34 -> 0 | P34: 3 | Q34: 0 | R34: =C34*P34*Q34 -> 0 | S34: 1 | T34: 0 | U34: =C34*S34*T34 -> 0
A35: Ceiling-Noise Cancelling Microphones, High-Definition Wireless Projectors, Large LED Screens, User-Friendly Control Panel (where applicable) for AV and Lighting (Digital Signage, if Available) | B35: DAY | C35: 4 | D35: 2 | E35: 0 | F35: =C35*D35*E35 -> 0 | G35: 3 | H35: 0 | I35: =C35*G35*H35 -> 0 | J35: 3 | K35: 0 | L35: =C35*J35*K35 -> 0 | M35: 3 | N35: 0 | O35: =C35*M35*N35 -> 0 | P35: 3 | Q35: 0 | R35: =C35*P35*Q35 -> 0 | S35: 1 | T35: 0 | U35: =C35*S35*T35 -> 0
A36: Business Center Services (e.g., Conference Rooms and Testing Stations Power Strips and Outlet Drops) | B36: DAY | C36: 4 | D36: 2 | E36: 0 | F36: =C36*D36*E36 -> 0 | G36: 3 | H36: 0 | I36: =C36*G36*H36 -> 0 | J36: 3 | K36: 0 | L36: =C36*J36*K36 -> 0 | M36: 3 | N36: 0 | O36: =C36*M36*N36 -> 0 | P36: 3 | Q36: 0 | R36: =C36*P36*Q36 -> 0 | S36: 1 | T36: 0 | U36: =R36*S36*T36 -> 0
A37: BP TOTAL | F37: =SUM(F31:F36) -> 0 | G37: OP1 TOTAL | I37: =SUM(I31:I36) -> 0 | J37: OP2 TOTAL | L37: =SUM(L31:L36) -> 0 | M37: OP3 TOTAL | O37: =SUM(O31:O36) -> 0 | P37: OP4 TOTAL | R37: =SUM(R31:R36) -> 0 | S37: OP5 TOTAL | U37: =SUM(U31:U36) -> 0
A38: Note1: All items listed above have a minimium-maximum 4-day requirement (per session; triannual where applicable) | S38: PRPTY #3 GRAND TOTAL | U38: =SUM(U37,R37,O37,L37,I37,F37) -> 0
A39: Note2: The OCC has the right to purchase equipment and business center services by unit categories published in the hotel’s price lists

Sheet Property Food & Beverage
A1: ATTACHMENT G - HOCL PRICE/COST SCHEDULE (FOOD AND BEVERAGE SERVICES)
A2: PROPERTY #1 - F&B
A3: Base Period - 2026 | H3: Option Period One - 2027 | K3: Option Period Two - 2028 | N3: Option Period Three - 2029 | Q3: Option Period Four - 2030 | T3: Option Period Five - 2031
A4: F&B | B4: Unit | C4: Quantity | D4: Items # | E4: Sessions | F4: Unit Price | G4: Extended Total | H4: Sessions | I4: Unit Price | J4: Extended Total | K4: Sessions | L4: Unit Price | M4: Extended Total | N4: Sessions | O4: Unit Price | P4: Extended Total | Q4: Sessions | R4: Unit Price | S4: Extended Total | T4: Sessions | U4: Unit Price | V4: Extended Total
A5: Convenient Beverage Items, e.g., Coffee, Hot Tea, Soft Drinks, Bottled Water (Morning, Noon, Evening Daily) | B5: JOB | C5: 4 | D5: 90 | E5: 2 | F5: 0 | G5: =C5*D5*E5*F5 -> 0 | H5: 3 | I5: 0 | J5: =C5*D5*H5*I5 -> 0 | K5: 3 | L5: 0 | M5: =C5*D5*K5*L5 -> 0 | N5: 3 | O5: 0 | P5: =C5*D5*N5*O5 -> 0 | Q5: 3 | R5: 0 | S5: =C5*D5*Q5*R5 -> 0 | T5: 1 | U5: 0 | V5: =C5*D5*T5*U5 -> 0
A6: Convenient Food Items, e.g., Fruit, Breakfast Bar, Pastry, Donut, Yogurt (Morning Daily); Optional Item-Determined at Award | B6: JOB | C6: 4 | D6: 90 | E6: 2 | F6: 0 | G6: =C6*D6*E6*F6 -> 0 | H6: 3 | I6: 0 | J6: =C6*D6*H6*I6 -> 0 | K6: 3 | L6: 0 | M6: =C6*D6*K6*L6 -> 0 | N6: 3 | O6: 0 | P6: =C6*D6*N6*O6 -> 0 | Q6: 3 | R6: 0 | S6: =C6*D6*Q6*R6 -> 0 | T6: 1 | U6: 0 | V6: =C6*D6*T6*U6 -> 0
A7: Convenient Food Items, e.g., Cookies, Brownies, Chips, Dried Fruit Pack (Noon Daily); Optional Item-Determined at Award | B7: JOB | C7: 4 | D7: 90 | E7: 2 | F7: 0 | G7: =C7*D7*E7*F7 -> 0 | H7: 3 | I7: 0 | J7: =C7*D7*H7*I7 -> 0 | K7: 3 | L7: 0 | M7: =C7*D7*K7*L7 -> 0 | N7: 3 | O7: 0 | P7: =C7*D7*N7*O7 -> 0 | Q7: 3 | R7: 0 | S7: =C7*D7*Q7*R7 -> 0 | T7: 1 | U7: 0 | V7: =C7*D7*T7*U7 -> 0
A8: Convenient Food Items, e.g., Trail Mix Pack, Protein Bar, Popcorn (Evening Daily); Optional Item-Determined at Award | B8: JOB | C8: 4 | D8: 90 | E8: 2 | F8: 0 | G8: =C8*D8*E8*F8 -> 0 | H8: 3 | I8: 0 | J8: =C8*D8*H8*I8 -> 0 | K8: 3 | L8: 0 | M8: =C8*D8*K8*L8 -> 0 | N8: 3 | O8: 0 | P8: =C8*D8*N8*O8 -> 0 | Q8: 3 | R8: 0 | S8: =C8*D8*Q8*R8 -> 0 | T8: 1 | U8: 0 | V8: =C8*D8*T8*U8 -> 0
A9: BP TOTAL | G9: =SUM(G5:G8) -> 0 | H9: OP1 TOTAL | J9: =SUM(J5:J8) -> 0 | K9: OP2 TOTAL | M9: =SUM(M5:M8) -> 0 | N9: OP3 TOTAL | P9: =SUM(P5:P8) -> 0 | Q9: OP4 TOTAL | S9: =SUM(S5:S8) -> 0 | T9: OP5 TOTAL | V9: =SUM(V5:V8) -> 0
A10: Note1: The food and beverage items listed above have a 90-count maximum (per session; triannual where applicable) | T10: PRPTY #1 GRAND TOTAL | V10: =SUM(G9,J9,M9,P9,S9,V9) -> 0
A11: Note2: The OCC has the right to purchase food and beverages by any unit categories published in the hotel’s banquet menus at the prices specified in those menus.
A12: Note3: Any and all convenient FOOD items costs can be discounted or waived per minimum conference/meeting room(s) rentals
A14: PROPERTY #2 - F&B
A15: Base Period - 2026 | H15: Option Period One - 2027 | K15: Option Period Two - 2028 | N15: Option Period Three - 2029 | Q15: Option Period Four - 2030 | T15: Option Period Five - 2031
A16: F&B | B16: Unit | C16: Quantity | D16: Items # | E16: Sessions | F16: Unit Price | G16: Extended Total | H16: Sessions | I16: Unit Price | J16: Extended Total | K16: Sessions | L16: Unit Price | M16: Extended Total | N16: Sessions | O16: Unit Price | P16: Extended Total | Q16: Sessions | R16: Unit Price | S16: Extended Total | T16: Sessions | U16: Unit Price | V16: Extended Total
A17: Convenient Beverage Items, e.g., Coffee, Hot Tea, Soft Drinks, Bottled Water (Morning, Noon, Evening Daily) | B17: JOB | C17: 4 | D17: 90 | E17: 2 | F17: 0 | G17: =C17*D17*E17*F17 -> 0 | H17: 3 | I17: 0 | J17: =C17*D17*H17*I17 -> 0 | K17: 3 | L17: 0 | M17: =C17*D17*K17*L17 -> 0 | N17: 3 | O17: 0 | P17: =C17*D17*N17*O17 -> 0 | Q17: 3 | R17: 0 | S17: =C17*D17*Q17*R17 -> 0 | T17: 1 | U17: 0 | V17: =C17*D17*T17*U17 -> 0
A18: Convenient Food Items, e.g., Fruit, Breakfast Bar, Pastry, Donut, Yogurt (Morning Daily); Optional Item-Determined at Award | B18: JOB | C18: 4 | D18: 90 | E18: 2 | F18: 0 | G18: =C18*D18*E18*F18 -> 0 | H18: 3 | I18: 0 | J18: =C18*D18*H18*I18 -> 0 | K18: 3 | L18: 0 | M18: =C18*D18*K18*L18 -> 0 | N18: 3 | O18: 0 | P18: =C18*D18*N18*O18 -> 0 | Q18: 3 | R18: 0 | S18: =C18*D18*Q18*R18 -> 0 | T18: 1 | U18: 0 | V18: =C18*D18*T18*U18 -> 0
A19: Convenient Food Items, e.g., Cookies, Brownies, Chips, Dried Fruit Pack (Noon Daily); Optional Item-Determined at Award | B19: JOB | C19: 4 | D19: 90 | E19: 2 | F19: 0 | G19: =C19*D19*E19*F19 -> 0 | H19: 3 | I19: 0 | J19: =C19*D19*H19*I19 -> 0 | K19: 3 | L19: 0 | M19: =C19*D19*K19*L19 -> 0 | N19: 3 | O19: 0 | P19: =C19*D19*N19*O19 -> 0 | Q19: 3 | R19: 0 | S19: =C19*D19*Q19*R19 -> 0 | T19: 1 | U19: 0 | V19: =C19*D19*T19*U19 -> 0
A20: Convenient Food Items, e.g., Trail Mix Pack, Protein Bar, Popcorn (Evening Daily); Optional Item-Determined at Award | B20: JOB | C20: 4 | D20: 90 | E20: 2 | F20: 0 | G20: =C20*D20*E20*F20 -> 0 | H20: 3 | I20: 0 | J20: =C20*D20*H20*I20 -> 0 | K20: 3 | L20: 0 | M20: =C20*D20*K20*L20 -> 0 | N20: 3 | O20: 0 | P20: =C20*D20*N20*O20 -> 0 | Q20: 3 | R20: 0 | S20: =C20*D20*Q20*R20 -> 0 | T20: 1 | U20: 0 | V20: =C20*D20*T20*U20 -> 0
A21: BP TOTAL | G21: =SUM(G17:G20) -> 0 | H21: OP1 TOTAL | J21: =SUM(J17:J20) -> 0 | K21: OP2 TOTAL | M21: =SUM(M17:M20) -> 0 | N21: OP3 TOTAL | P21: =SUM(P17:P20) -> 0 | Q21: OP4 TOTAL | S21: =SUM(S17:S20) -> 0 | T21: OP5 TOTAL | V21: =SUM(V17:V20) -> 0
A22: Note1: The food and beverage items listed above have a 90-count maximum (per session; triannual where applicable) | T22: PRPTY #2 GRAND TOTAL | V22: =SUM(G21,J21,M21,P21,S21,V21) -> 0
A23: Note2: The OCC has the right to purchase food and beverages by any unit categories published in the hotel’s banquet menus at the prices specified in those menus.
A24: Note3: Any and all convenient FOOD items costs can be discounted or waived per minimum conference/meeting room(s) rentals
A26: PROPERTY #3 - F&B
A27: Base Period - 2026 | H27: Option Period One - 2027 | K27: Option Period Two - 2028 | N27: Option Period Three - 2029 | Q27: Option Period Four - 2030 | T27: Option Period Five - 2031
A28: F&B | B28: Unit | C28: Quantity | D28: Items # | E28: Sessions | F28: Unit Price | G28: Extended Total | H28: Sessions | I28: Unit Price | J28: Extended Total | K28: Sessions | L28: Unit Price | M28: Extended Total | N28: Sessions | O28: Unit Price | P28: Extended Total | Q28: Sessions | R28: Unit Price | S28: Extended Total | T28: Sessions | U28: Unit Price | V28: Extended Total
A29: Convenient Beverage Items, e.g., Coffee, Hot Tea, Soft Drinks, Bottled Water (Morning, Noon, Evening Daily) | B29: JOB | C29: 4 | D29: 90 | E29: 2 | F29: 0 | G29: =C29*D29*E29*F29 -> 0 | H29: 3 | I29: 0 | J29: =C29*D29*H29*I29 -> 0 | K29: 3 | L29: 0 | M29: =C29*D29*K29*L29 -> 0 | N29: 3 | O29: 0 | P29: =C29*D29*N29*O29 -> 0 | Q29: 3 | R29: 0 | S29: =C29*D29*Q29*R29 -> 0 | T29: 1 | U29: 0 | V29: =C29*D29*T29*U29 -> 0
A30: Convenient Food Items, e.g., Fruit, Breakfast Bar, Pastry, Donut, Yogurt (Morning Daily); Optional Item-Determined at Award | B30: JOB | C30: 4 | D30: 90 | E30: 2 | F30: 0 | G30: =C30*D30*E30*F30 -> 0 | H30: 3 | I30: 0 | J30: =C30*D30*H30*I30 -> 0 | K30: 3 | L30: 0 | M30: =C30*D30*K30*L30 -> 0 | N30: 3 | O30: 0 | P30: =C30*D30*N30*O30 -> 0 | Q30: 3 | R30: 0 | S30: =C30*D30*Q30*R30 -> 0 | T30: 1 | U30: 0 | V30: =C30*D30*T30*U30 -> 0
A31: Convenient Food Items, e.g., Cookies, Brownies, Chips, Dried Fruit Pack (Noon Daily); Optional Item-Determined at Award | B31: JOB | C31: 4 | D31: 90 | E31: 2 | F31: 0 | G31: =C31*D31*E31*F31 -> 0 | H31: 3 | I31: 0 | J31: =C31*D31*H31*I31 -> 0 | K31: 3 | L31: 0 | M31: =C31*D31*K31*L31 -> 0 | N31: 3 | O31: 0 | P31: =C31*D31*N31*O31 -> 0 | Q31: 3 | R31: 0 | S31: =C31*D31*Q31*R31 -> 0 | T31: 1 | U31: 0 | V31: =C31*D31*T31*U31 -> 0
A32: Convenient Food Items, e.g., Trail Mix Pack, Protein Bar, Popcorn (Evening Daily); Optional Item-Determined at Award | B32: JOB | C32: 4 | D32: 90 | E32: 2 | F32: 0 | G32: =C32*D32*E32*F32 -> 0 | H32: 3 | I32: 0 | J32: =C32*D32*H32*I32 -> 0 | K32: 3 | L32: 0 | M32: =C32*D32*K32*L32 -> 0 | N32: 3 | O32: 0 | P32: =C32*D32*N32*O32 -> 0 | Q32: 3 | R32: 0 | S32: =C32*D32*Q32*R32 -> 0 | T32: 1 | U32: 0 | V32: =C32*D32*T32*U32 -> 0
A33: BP TOTAL | G33: =SUM(G29:G32) -> 0 | H33: OP1 TOTAL | J33: =SUM(J29:J32) -> 0 | K33: OP2 TOTAL | M33: =SUM(M29:M32) -> 0 | N33: OP3 TOTAL | P33: =SUM(P29:P32) -> 0 | Q33: OP4 TOTAL | S33: =SUM(S29:S32) -> 0 | T33: OP5 TOTAL | V33: =SUM(V29:V32) -> 0
A34: Note1: The food and beverage items listed above have a 90-count maximum (per session; triannual where applicable) | T34: PRPTY #3 GRAND TOTAL | V34: =SUM(G33,J33,M33,P33,S33,V33) -> 0
A35: Note2: The OCC has the right to purchase food and beverages by any unit categories published in the hotel’s banquet menus at the prices specified in those menus.
A36: Note3: Any and all convenient FOOD items costs can be discounted or waived per minimum conference/meeting room(s) rentals

Sheet Property LCMS Rooms
A1: ATTACHMENT G - HOCL PRICE/COST SCHEDULE (LODGING, CONFERENCING, MEETING, STORAGE ROOMS)
A2: PROPERTY #1 - LCMS
A3: Base Period - 2026 | H3: Option Period One - 2027 | K3: Option Period Two - 2028 | N3: Option Period Three - 2029 | Q3: Option Period Four - 2030 | T3: Option Period Five - 2031
A4: Room Type | B4: Unit | C4: Quantity | D4: Hour/Day # | E4: Sessions | F4: Unit Price | G4: Extended Total | H4: Sessions | I4: Unit Price | J4: Extended Total | K4: Sessions | L4: Unit Price | M4: Extended Total | N4: Sessions | O4: Unit Price | P4: Extended Total | Q4: Sessions | R4: Unit Price | S4: Extended Total | T4: Sessions | U4: Unit Price | V4: Extended Total
A5: Lodging Rooms (Basic Standard Room with 24-Hour Access; 200-400 Square Foot Minimum) | B5: EA | C5: 210 | D5: N/A | E5: 2 | F5: 0 | G5: =C5*E5*F5 -> 0 | H5: 3 | I5: 0 | J5: =C5*H5*I5 -> 0 | K5: 3 | L5: 0 | M5: =C5*K5*L5 -> 0 | N5: 3 | O5: 0 | P5: =C5*N5*O5 -> 0 | Q5: 3 | R5: 0 | S5: =C5*Q5*R5 -> 0 | T5: 1 | U5: 0 | V5: =C5*T5*U5 -> 0
A6: Dedicated Administration Room (24-Hour Access; 400 Square Foot Minimum) | B6: EA | C6: 1 | D6: 4 | E6: 2 | F6: 0 | G6: =C6*D6*E6*F6 -> 0 | H6: 3 | I6: 0 | J6: =C6*D6*H6*I6 -> 0 | K6: 3 | L6: 0 | M6: =C6*G6*K6*L6 -> 0 | N6: 3 | O6: 0 | P6: =C6*J6*N6*O6 -> 0 | Q6: 3 | R6: 0 | S6: =C6*Q6*R6 -> 0 | T6: 1 | U6: 0 | V6: =C6*T6*U6 -> 0
A7: Individual Testing Room (24-Hour Access; 900 Square Foot Minimum) | B7: EA | C7: 3 | D7: 4 | E7: 2 | F7: 0 | G7: =C7*D7*E7*F7 -> 0 | H7: 3 | I7: 0 | J7: =C7*D7*H7*I7 -> 0 | K7: 3 | L7: 0 | M7: =C7*G7*K7*L7 -> 0 | N7: 3 | O7: 0 | P7: =C7*J7*N7*O7 -> 0 | Q7: 3 | R7: 0 | S7: =C7*Q7*R7 -> 0 | T7: 1 | U7: 0 | V7: =C7*T7*U7 -> 0
A8: Panel Meeting Room (24-Hour Access; 300 Square Foot Minimum) | B8: EA | C8: 15 | D8: 4 | E8: 2 | F8: 0 | G8: =C8*D8*E8*F8 -> 0 | H8: 3 | I8: 0 | J8: =C8*D8*H8*I8 -> 0 | K8: 3 | L8: 0 | M8: =C8*G8*K8*L8 -> 0 | N8: 3 | O8: 0 | P8: =C8*J8*N8*O8 -> 0 | Q8: 3 | R8: 0 | S8: =C8*Q8*R8 -> 0 | T8: 1 | U8: 0 | V8: =C8*T8*U8 -> 0
A9: Evaluator Meeting Room (5-Hour Access; 800 Square Foot Minimum) | B9: HR | C9: 1 | D9: 5 | E9: 2 | F9: 0 | G9: =C9*D9*E9*F9 -> 0 | H9: 3 | I9: 0 | J9: =C9*D9*H9*I9 -> 0 | K9: 3 | L9: 0 | M9: =C9*G9*K9*L9 -> 0 | N9: 3 | O9: 0 | P9: =C9*J9*N9*O9 -> 0 | Q9: 3 | R9: 0 | S9: =C9*Q9*R9 -> 0 | T9: 1 | U9: 0 | V9: =C9*T9*U9 -> 0
A10: Dedicated Storage Room (24-Hour Access; 300 Square Foot Minimum) | B10: YR | C10: 1 | D10: 365 | E10: N/A | F10: 0 | G10: =C10*D10*F10 -> 0 | H10: N/A | I10: 0 | J10: =C10*D10*I10 -> 0 | K10: N/A | L10: 0 | M10: =C10*D10*L10 -> 0 | N10: N/A | O10: 0 | P10: =C10*D10*O10 -> 0 | Q10: N/A | R10: 0 | S10: =C10*D10*R10 -> 0 | T10: N/A | U10: 0 | V10: =C10*D10*U10 -> 0
A11: BP TOTAL | G11: =SUM(G5:G10) -> 0 | H11: OP1 TOTAL | J11: =SUM(J5:J10) -> 0 | K11: OP2 TOTAL | M11: =SUM(M5:M10) -> 0 | N11: OP3 TOTAL | P11: =SUM(P5:P10) -> 0 | Q11: OP4 TOTAL | S11: =SUM(S5:S10) -> 0 | T11: OP5 TOTAL | V11: =SUM(V5:V10) -> 0
A12: Note1: All lodging rooms are master-billed (per session; triannual where applicable) | T12: PRPTY #1 GRAND TOTAL | V12: =SUM(G11,J11,M11,P11,S11,V11) -> 0
A13: Note2: The quantity reflects the maximum number of rooms needed per session
A15: PROPERTY #2 - LCMS
A16: Base Period - 2026 | H16: Option Period One - 2027 | K16: Option Period Two - 2028 | N16: Option Period Three - 2029 | Q16: Option Period Four - 2030 | T16: Option Period Five - 2031
A17: Room Type | B17: Unit | C17: Quantity | D17: Hour/Day # | E17: Sessions | F17: Unit Price | G17: Extended Total | H17: Sessions | I17: Unit Price | J17: Extended Total | K17: Sessions | L17: Unit Price | M17: Extended Total | N17: Sessions | O17: Unit Price | P17: Extended Total | Q17: Sessions | R17: Unit Price | S17: Extended Total | T17: Sessions | U17: Unit Price | V17: Extended Total
A18: Lodging Rooms (Basic Standard Room with 24-Hour Access; 200-400 Square Foot Minimum) | B18: EA | C18: 210 | D18: N/A | E18: 2 | F18: 0 | G18: =C18*E18*F18 -> 0 | H18: 3 | I18: 0 | J18: =C18*H18*I18 -> 0 | K18: 3 | L18: 0 | M18: =C18*K18*L18 -> 0 | N18: 3 | O18: 0 | P18: =C18*N18*O18 -> 0 | Q18: 3 | R18: 0 | S18: =C18*Q18*R18 -> 0 | T18: 1 | U18: 0 | V18: =C18*T18*U18 -> 0
A19: Dedicated Administration Room (24-Hour Access; 400 Square Foot Minimum) | B19: EA | C19: 1 | D19: 4 | E19: 2 | F19: 0 | G19: =C19*D19*E19*F19 -> 0 | H19: 3 | I19: 0 | J19: =C19*D19*H19*I19 -> 0 | K19: 3 | L19: 0 | M19: =C19*G19*K19*L19 -> 0 | N19: 3 | O19: 0 | P19: =C19*J19*N19*O19 -> 0 | Q19: 3 | R19: 0 | S19: =C19*Q19*R19 -> 0 | T19: 1 | U19: 0 | V19: =C19*T19*U19 -> 0
A20: Individual Testing Room (24-Hour Access; 900 Square Foot Minimum) | B20: EA | C20: 3 | D20: 4 | E20: 2 | F20: 0 | G20: =C20*D20*E20*F20 -> 0 | H20: 3 | I20: 0 | J20: =C20*D20*H20*I20 -> 0 | K20: 3 | L20: 0 | M20: =C20*G20*K20*L20 -> 0 | N20: 3 | O20: 0 | P20: =C20*J20*N20*O20 -> 0 | Q20: 3 | R20: 0 | S20: =C20*Q20*R20 -> 0 | T20: 1 | U20: 0 | V20: =C20*T20*U20 -> 0
A21: Panel Meeting Room (24-Hour Access; 300 Square Foot Minimum) | B21: EA | C21: 15 | D21: 4 | E21: 2 | F21: 0 | G21: =C21*D21*E21*F21 -> 0 | H21: 3 | I21: 0 | J21: =C21*D21*H21*I21 -> 0 | K21: 3 | L21: 0 | M21: =C21*G21*K21*L21 -> 0 | N21: 3 | O21: 0 | P21: =C21*J21*N21*O21 -> 0 | Q21: 3 | R21: 0 | S21: =C21*Q21*R21 -> 0 | T21: 1 | U21: 0 | V21: =C21*T21*U21 -> 0
A22: Evaluator Meeting Room (5-Hour Access; 800 Square Foot Minimum) | B22: HR | C22: 1 | D22: 5 | E22: 2 | F22: 0 | G22: =C22*D22*E22*F22 -> 0 | H22: 3 | I22: 0 | J22: =C22*D22*H22*I22 -> 0 | K22: 3 | L22: 0 | M22: =C22*G22*K22*L22 -> 0 | N22: 3 | O22: 0 | P22: =C22*J22*N22*O22 -> 0 | Q22: 3 | R22: 0 | S22: =C22*Q22*R22 -> 0 | T22: 1 | U22: 0 | V22: =C22*T22*U22 -> 0
A23: Dedicated Storage Room (24-Hour Access; 300 Square Foot Minimum) | B23: YR | C23: 1 | D23: 365 | E23: N/A | F23: 0 | G23: =C23*D23*F23 -> 0 | H23: N/A | I23: 0 | J23: =C23*D23*I23 -> 0 | K23: N/A | L23: 0 | M23: =C23*D23*L23 -> 0 | N23: N/A | O23: 0 | P23: =C23*D23*O23 -> 0 | Q23: N/A | R23: 0 | S23: =C23*D23*R23 -> 0 | T23: N/A | U23: 0 | V23: =C23*D23*U23 -> 0
A24: BP TOTAL | G24: =SUM(G18:G23) -> 0 | H24: OP1 TOTAL | J24: =SUM(J18:J23) -> 0 | K24: OP2 TOTAL | M24: =SUM(M18:M23) -> 0 | N24: OP3 TOTAL | P24: =SUM(P18:P23) -> 0 | Q24: OP4 TOTAL | S24: =SUM(S18:S23) -> 0 | T24: OP5 TOTAL | V24: =SUM(V18:V23) -> 0
A25: Note1: All lodging rooms are master-billed (per session; triannual where applicable) | T25: PRPTY #2 GRAND TOTAL | V25: =SUM(G24,J24,M24,P24,S24,V24) -> 0
A26: Note2: The quantity reflects the maximum number of rooms needed per session
A28: PROPERTY #3 - LCMS
A29: Base Period - 2026 | H29: Option Period One - 2027 | K29: Option Period Two - 2028 | N29: Option Period Three - 2029 | Q29: Option Period Four - 2030 | T29: Option Period Five - 2031
A30: Room Type | B30: Unit | C30: Quantity | D30: Hour/Day # | E30: Sessions | F30: Unit Price | G30: Extended Total | H30: Sessions | I30: Unit Price | J30: Extended Total | K30: Sessions | L30: Unit Price | M30: Extended Total | N30: Sessions | O30: Unit Price | P30: Extended Total | Q30: Sessions | R30: Unit Price | S30: Extended Total | T30: Sessions | U30: Unit Price | V30: Extended Total
A31: Lodging Rooms (Basic Standard Room with 24-Hour Access; 200-400 Square Foot Minimum) | B31: EA | C31: 210 | D31: N/A | E31: 2 | F31: 0 | G31: =C31*E31*F31 -> 0 | H31: 3 | I31: 0 | J31: =C31*H31*I31 -> 0 | K31: 3 | L31: 0 | M31: =C31*K31*L31 -> 0 | N31: 3 | O31: 0 | P31: =C31*N31*O31 -> 0 | Q31: 3 | R31: 0 | S31: =C31*Q31*R31 -> 0 | T31: 1 | U31: 0 | V31: =C31*T31*U31 -> 0
A32: Dedicated Administration Room (24-Hour Access; 400 Square Foot Minimum) | B32: EA | C32: 1 | D32: 4 | E32: 2 | F32: 0 | G32: =C32*D32*E32*F32 -> 0 | H32: 3 | I32: 0 | J32: =C32*D32*H32*I32 -> 0 | K32: 3 | L32: 0 | M32: =C32*G32*K32*L32 -> 0 | N32: 3 | O32: 0 | P32: =C32*J32*N32*O32 -> 0 | Q32: 3 | R32: 0 | S32: =C32*Q32*R32 -> 0 | T32: 1 | U32: 0 | V32: =C32*T32*U32 -> 0
A33: Individual Testing Room (24-Hour Access; 900 Square Foot Minimum) | B33: EA | C33: 3 | D33: 4 | E33: 2 | F33: 0 | G33: =C33*D33*E33*F33 -> 0 | H33: 3 | I33: 0 | J33: =C33*D33*H33*I33 -> 0 | K33: 3 | L33: 0 | M33: =C33*G33*K33*L33 -> 0 | N33: 3 | O33: 0 | P33: =C33*J33*N33*O33 -> 0 | Q33: 3 | R33: 0 | S33: =C33*Q33*R33 -> 0 | T33: 1 | U33: 0 | V33: =C33*T33*U33 -> 0
A34: Panel Meeting Room (24-Hour Access; 300 Square Foot Minimum) | B34: EA | C34: 15 | D34: 4 | E34: 2 | F34: 0 | G34: =C34*D34*E34*F34 -> 0 | H34: 3 | I34: 0 | J34: =C34*D34*H34*I34 -> 0 | K34: 3 | L34: 0 | M34: =C34*G34*K34*L34 -> 0 | N34: 3 | O34: 0 | P34: =C34*J34*N34*O34 -> 0 | Q34: 3 | R34: 0 | S34: =C34*Q34*R34 -> 0 | T34: 1 | U34: 0 | V34: =C34*T34*U34 -> 0
A35: Evaluator Meeting Room (5-Hour Access; 800 Square Foot Minimum) | B35: HR | C35: 1 | D35: 5 | E35: 2 | F35: 0 | G35: =C35*D35*E35*F35 -> 0 | H35: 3 | I35: 0 | J35: =C35*D35*H35*I35 -> 0 | K35: 3 | L35: 0 | M35: =C35*G35*K35*L35 -> 0 | N35: 3 | O35: 0 | P35: =C35*J35*N35*O35 -> 0 | Q35: 3 | R35: 0 | S35: =C35*Q35*R35 -> 0 | T35: 1 | U35: 0 | V35: =C35*T35*U35 -> 0
A36: Dedicated Storage Room (24-Hour Access; 300 Square Foot Minimum) | B36: YR | C36: 1 | D36: 365 | E36: N/A | F36: 0 | G36: =C36*D36*F36 -> 0 | H36: N/A | I36: 0 | J36: =C36*D36*I36 -> 0 | K36: N/A | L36: 0 | M36: =C36*D36*L36 -> 0 | N36: N/A | O36: 0 | P36: =C36*D36*O36 -> 0 | Q36: N/A | R36: 0 | S36: =C36*D36*R36 -> 0 | T36: N/A | U36: 0 | V36: =C36*D36*U36 -> 0
A37: BP TOTAL | G37: =SUM(G31:G36) -> 0 | H37: OP1 TOTAL | J37: =SUM(J31:J36) -> 0 | K37: OP2 TOTAL | M37: =SUM(M31:M36) -> 0 | N37: OP3 TOTAL | P37: =SUM(P31:P36) -> 0 | Q37: OP4 TOTAL | S37: =SUM(S31:S36) -> 0 | T37: OP5 TOTAL | V37: =SUM(V31:V36) -> 0
A38: Note1: All lodging rooms are master-billed (per session; triannual where applicable) | T38: PRPTY #3 GRAND TOTAL | V38: =SUM(G37,J37,M37,P37,S37,V37) -> 0
A39: Note2: The quantity reflects the maximum number of rooms needed per session

Sheet Property Summary - Cost
A1: ATTACHMENT G - HOCL PRICE/COST SCHEDULE (COST SUMMARY)
A2: PROPERTY #1 - HOCL COST SUMMARY
A3: Base Period - 2026 | F3: Option Period One - 2027 | I3: Option Period Two - 2028 | L3: Option Period Three - 2029 | O3: Option Period Four - 2030 | R3: Option Period Five - 2031
A4: Room Type | B4: Unit | C4: Quantity | D4: Sessions | E4: Extended Total | F4: Quantity | G4: Sessions | H4: Extended Total | I4: Quantity | J4: Sessions | K4: Extended Total | L4: Quantity | M4: Sessions | N4: Extended Total | O4: Quantity | P4: Sessions | Q4: Extended Total | R4: Quantity | S4: Sessions | T4: Extended Total
A5: BIZ, AV TECH-EQUIP | B5: JOB | C5: 1 | D5: 2 | E5: ='Property Biz, AV Teh-Equipment'!F11 -> 0 | F5: 1 | G5: 3 | H5: ='Property Biz, AV Teh-Equipment'!I11 -> 0 | I5: 1 | J5: 3 | K5: ='Property Biz, AV Teh-Equipment'!L11 -> 0 | L5: 1 | M5: 3 | N5: ='Property Biz, AV Teh-Equipment'!O11 -> 0 | O5: 1 | P5: 3 | Q5: ='Property Biz, AV Teh-Equipment'!R11 -> 0 | R5: 1 | S5: 1 | T5: ='Property Biz, AV Teh-Equipment'!U11 -> 0
A6: FOOD & BEVERAGE | B6: JOB | C6: 1 | D6: 2 | E6: ='Property Food & Beverage'!G9 -> 0 | F6: 1 | G6: 3 | H6: ='Property Food & Beverage'!J9 -> 0 | I6: 1 | J6: 3 | K6: ='Property Food & Beverage'!M9 -> 0 | L6: 1 | M6: 3 | N6: ='Property Food & Beverage'!P9 -> 0 | O6: 1 | P6: 3 | Q6: ='Property Food & Beverage'!S9 -> 0 | R6: 1 | S6: 1 | T6: ='Property Food & Beverage'!V9 -> 0
A7: CONFERENCING (MEETING) & LODGING ROOMS | B7: JOB | C7: 1 | D7: 2 | E7: ='Property LCMS Rooms'!G11 -> 0 | F7: 1 | G7: 3 | H7: ='Property LCMS Rooms'!J11 -> 0 | I7: 1 | J7: 3 | K7: ='Property LCMS Rooms'!M11 -> 0 | L7: 1 | M7: 3 | N7: ='Property LCMS Rooms'!P11 -> 0 | O7: 1 | P7: 3 | Q7: ='Property LCMS Rooms'!S11 -> 0 | R7: 1 | S7: 1 | T7: ='Property LCMS Rooms'!V11 -> 0
A8: BP TOTAL | E8: =SUM(E5:E7) -> 0 | F8: OP1 TOTAL | H8: =SUM(H5:H7) -> 0 | I8: OP2 TOTAL | K8: =SUM(K5:K7) -> 0 | L8: OP3 TOTAL | N8: =SUM(N5:N7) -> 0 | O8: OP4 TOTAL | Q8: =SUM(Q5:Q7) -> 0 | R8: OP5 TOTAL | T8: =SUM(T5:T7) -> 0
A9: Note1: All lodging rooms are master-billed (per session; triannual where applicable) | R9: PRPTY #1 GRAND TOTAL | T9: =SUM(E8,H8,K8,N8,Q8,T8) -> 0
A10: Note2: Waived or discounted concessions can be entered into the requirement-specific (BIZ, AV TECH-EQUIP, F&B, or LCMS) tab that transfers to the applicable extended total
A12: PROPERTY #2 - HOCL COST SUMMARY
A13: Base Period - 2026 | F13: Option Period One - 2027 | I13: Option Period Two - 2028 | L13: Option Period Three - 2029 | O13: Option Period Four - 2030 | R13: Option Period Five - 2031
A14: Room Type | B14: Unit | C14: Quantity | D14: Sessions | E14: Extended Total | F14: Sessions | H14: Extended Total | I14: Sessions | K14: Extended Total | L14: Sessions | N14: Extended Total | O14: Sessions | Q14: Extended Total | R14: Sessions | T14: Extended Total
A15: BIZ, AV TECH-EQUIP | B15: JOB | C15: 1 | D15: 2 | E15: ='Property Biz, AV Teh-Equipment'!F24 -> 0 | F15: 1 | G15: 3 | H15: ='Property Biz, AV Teh-Equipment'!I24 -> 0 | I15: 1 | J15: 3 | K15: ='Property Biz, AV Teh-Equipment'!L24 -> 0 | L15: 1 | M15: 3 | N15: ='Property Biz, AV Teh-Equipment'!O24 -> 0 | O15: 1 | P15: 3 | Q15: ='Property Biz, AV Teh-Equipment'!R24 -> 0 | R15: 1 | S15: 1 | T15: ='Property Biz, AV Teh-Equipment'!U24 -> 0
A16: FOOD & BEVERAGE | B16: JOB | C16: 1 | D16: 2 | E16: ='Property Summary - Cost'!G21 -> 0 | F16: 1 | G16: 3 | H16: ='Property Summary - Cost'!J21 -> 0 | I16: 1 | J16: 3 | K16: ='Property Summary - Cost'!M21 -> 0 | L16: 1 | M16: 3 | N16: ='Property Summary - Cost'!P21 -> 0 | O16: 1 | P16: 3 | Q16: ='Property Summary - Cost'!S21 -> 0 | R16: 1 | S16: 1 | T16: ='Property Summary - Cost'!V21 -> 0
A17: CONFERENCING (MEETING) & LODGING ROOMS | B17: JOB | C17: 1 | D17: 2 | E17: ='Property LCMS Rooms'!G24 -> 0 | F17: 1 | G17: 3 | H17: ='Property LCMS Rooms'!J24 -> 0 | I17: 1 | J17: 3 | K17: ='Property LCMS Rooms'!M24 -> 0 | L17: 1 | M17: 3 | N17: ='Property LCMS Rooms'!P24 -> 0 | O17: 1 | P17: 3 | Q17: ='Property LCMS Rooms'!S24 -> 0 | R17: 1 | S17: 1 | T17: ='Property LCMS Rooms'!V24 -> 0
A18: BP TOTAL | E18: =SUM(E15:E17) -> 0 | F18: OP1 TOTAL | H18: =SUM(H15:H17) -> 0 | I18: OP2 TOTAL | K18: =SUM(K15:K17) -> 0 | L18: OP3 TOTAL | N18: =SUM(N15:N17) -> 0 | O18: OP4 TOTAL | Q18: =SUM(Q15:Q17) -> 0 | R18: OP5 TOTAL | T18: =SUM(T15:T17) -> 0
A19: Note1: All lodging rooms are master-billed (per session; triannual where applicable) | R19: PRPTY #2 GRAND TOTAL | T19: =SUM(E18,H18,K18,N18,Q18,T18) -> 0
A20: Note2: Waived or discounted concessions can be entered into the requirement-specific (BIZ, AV TECH-EQUIP, F&B, or LCMS) tab that transfers to the applicable extended total
A22: PROPERTY #3 - HOCL COST SUMMARY
A23: Base Period - 2026 | F23: Option Period One - 2027 | I23: Option Period Two - 2028 | L23: Option Period Three - 2029 | O23: Option Period Four - 2030 | R23: Option Period Five - 2031
A24: Room Type | B24: Unit | C24: Quantity | D24: Sessions | E24: Extended Total | F24: Sessions | H24: Extended Total | I24: Sessions | K24: Extended Total | L24: Sessions | N24: Extended Total | O24: Sessions | Q24: Extended Total | R24: Sessions | T24: Extended Total
A25: BIZ, AV TECH-EQUIP | B25: JOB | C25: 1 | D25: 2 | E25: ='Property Biz, AV Teh-Equipment'!F37 -> 0 | F25: 1 | G25: 3 | H25: ='Property Biz, AV Teh-Equipment'!I37 -> 0 | I25: 1 | J25: 3 | K25: ='Property Biz, AV Teh-Equipment'!L37 -> 0 | L25: 1 | M25: 3 | N25: ='Property Biz, AV Teh-Equipment'!O37 -> 0 | O25: 1 | P25: 3 | Q25: ='Property Biz, AV Teh-Equipment'!R37 -> 0 | R25: 1 | S25: 1 | T25: ='Property Biz, AV Teh-Equipment'!U37 -> 0
A26: FOOD & BEVERAGE | B26: JOB | C26: 1 | D26: 2 | E26: ='Property Food & Beverage'!G33 -> 0 | F26: 1 | G26: 3 | H26: ='Property Food & Beverage'!J33 -> 0 | I26: 1 | J26: 3 | K26: ='Property Food & Beverage'!M33 -> 0 | L26: 1 | M26: 3 | N26: ='Property Food & Beverage'!P33 -> 0 | O26: 1 | P26: 3 | Q26: ='Property Food & Beverage'!S33 -> 0 | R26: 1 | S26: 1 | T26: ='Property Food & Beverage'!V33 -> 0
A27: CONFERENCING (MEETING) & LODGING ROOMS | B27: JOB | C27: 1 | D27: 2 | E27: ='Property LCMS Rooms'!G37 -> 0 | F27: 1 | G27: 3 | H27: ='Property LCMS Rooms'!J37 -> 0 | I27: 1 | J27: 3 | K27: ='Property LCMS Rooms'!M37 -> 0 | L27: 1 | M27: 3 | N27: ='Property LCMS Rooms'!P37 -> 0 | O27: 1 | P27: 3 | Q27: ='Property LCMS Rooms'!S37 -> 0 | R27: 1 | S27: 1 | T27: ='Property LCMS Rooms'!V37 -> 0
A28: BP TOTAL | E28: =SUM(E25:E27) -> 0 | F28: OP1 TOTAL | H28: =SUM(H25:H27) -> 0 | I28: OP2 TOTAL | K28: =SUM(K25:K27) -> 0 | L28: OP3 TOTAL | N28: =SUM(N25:N27) -> 0 | O28: OP4 TOTAL | Q28: =SUM(Q25:Q27) -> 0 | R28: OP5 TOTAL | T28: =SUM(T25:T27) -> 0
A29: Note1: All lodging rooms are master-billed (per session; triannual where applicable) | R29: PRPTY #3 GRAND TOTAL | T29: =SUM(E28,H28,K28,N28,Q28,T28) -> 0
A30: Note2: Waived or discounted concessions can be entered into the requirement-specific (BIZ, AV TECH-EQUIP, F&B, or LCMS) tab that transfers to the applicable extended total

Sheet Narrative-Assumption_Exception
A1: ATTACHMENT G - HOCL PRICE/COST SCHEDULE (PROPERTY ASSUMPTIONS AND/OR EXCEPTIONS)
A2: PROPERTY #1 - HOCL ASSUMPTIONS-EXCEPTIONS
A3: ASSUMPTION | C3: EXCEPTION
A4: Position | B4: Reason | C4: Position | D4: Reason
A14: PROPERTY #2 - HOCL ASSUMPTIONS-EXCEPTIONS
A15: ASSUMPTION | C15: EXCEPTION
A16: Position | B16: Reason | C16: Position | D16: Reason
A26: PROPERTY #3 - HOCL ASSUMPTIONS-EXCEPTIONS
A27: ASSUMPTION | C27: EXCEPTION
A28: Position | B28: Reason | C28: Position | D28: Reason
