Workbook

Sheet 1.0 Production Price
B2: This tab intentionally left blank.

Sheet 1.1 Volume Range 1
B1: Radford Army Ammunition Plant | F1: EU Volume Range: 1-35,000,000
B2: Production Price Matrix | F2: Contractor Fill-In:
I4: Ordering Period 1 | M4: Ordering Period 2 | Q4: Ordering Period 3 | U4: Ordering Period 4 | Y4: Ordering Period 5 | AC4: Ordering Period 6 | AG4: Ordering Period 7 | AK4: Ordering Period 8 | AO4: Ordering Period 9 | AS4: Ordering Period 10
B5: CLIN | C5: Product | D5: Unit of Measure | F5: Minimum Order Size | G5: Maximum Order Size | I5: Offeror Price | J5: Evaluated Quantity | K5: Evaluated Price | M5: Offeror Price | N5: Evaluated Quantity | O5: Evaluated Price | Q5: Offeror Price | R5: Evaluated Quantity | S5: Evaluated Price | U5: Offeror Price | V5: Evaluated Quantity | W5: Evaluated Price | Y5: Offeror Price | Z5: Evaluated Quantity | AA5: Evaluated Price | AC5: Offeror Price | AD5: Evaluated Quantity | AE5: Evaluated Price | AG5: Offeror Price | AH5: Evaluated Quantity | AI5: Evaluated Price | AK5: Offeror Price | AL5: Evaluated Quantity | AM5: Evaluated Price | AO5: Offeror Price | AP5: Evaluated Quantity | AQ5: Evaluated Price | AS5: Offeror Price | AT5: Evaluated Quantity | AU5: Evaluated Price
B6: 0001 | C6: COAI-PROP PAP7993 F/CHRG,PROP,155MM,M231 | D6: Lbs. | F6: 1 | G6: 2500000 | J6: 325000 | K6: =I6*J6 -> 0 | N6: 325000 | O6: =M6*N6 -> 0 | R6: 325000 | S6: =Q6*R6 -> 0 | V6: 325000 | W6: =U6*V6 -> 0 | Z6: 325000 | AA6: =Y6*Z6 -> 0 | AD6: 325000 | AE6: =AC6*AD6 -> 0 | AH6: 325000 | AI6: =AG6*AH6 -> 0 | AL6: 325000 | AM6: =AK6*AL6 -> 0 | AP6: 325000 | AQ6: =AO6*AP6 -> 0 | AT6: 325000 | AU6: =AS6*AT6 -> 0
B7: 0002 | C7: COAI-PRPLT M31A2,CHG,PROP,155MM, M232A1 | D7: Lbs. | F7: 1 | G7: 3500000 | J7: 22500 | K7: =I7*J7 -> 0 | N7: 22500 | O7: =M7*N7 -> 0 | R7: 22500 | S7: =Q7*R7 -> 0 | V7: 22500 | W7: =U7*V7 -> 0 | Z7: 22500 | AA7: =Y7*Z7 -> 0 | AD7: 22500 | AE7: =AC7*AD7 -> 0 | AH7: 22500 | AI7: =AG7*AH7 -> 0 | AL7: 22500 | AM7: =AK7*AL7 -> 0 | AP7: 22500 | AQ7: =AO7*AP7 -> 0 | AT7: 22500 | AU7: =AS7*AT7 -> 0
B8: 0003 | C8: COAI-PRPLLANT M30A1 CHG,PROP,155MM, M232 | D8: Lbs. | F8: 1 | G8: 3500000 | J8: 110000 | K8: =I8*J8 -> 0 | N8: 150000 | O8: =M8*N8 -> 0 | R8: 110000 | S8: =Q8*R8 -> 0 | V8: 150000 | W8: =U8*V8 -> 0 | Z8: 110000 | AA8: =Y8*Z8 -> 0 | AD8: 150000 | AE8: =AC8*AD8 -> 0 | AH8: 110000 | AI8: =AG8*AH8 -> 0 | AL8: 150000 | AM8: =AK8*AL8 -> 0 | AP8: 110000 | AQ8: =AO8*AP8 -> 0 | AT8: 150000 | AU8: =AS8*AT8 -> 0
B9: 0004 | C9: PROPELLANT, M1 SP | D9: Lbs. | F9: 1 | G9: 1000000 | J9: =375000*0.4 -> 150000 | K9: =I9*J9 -> 0 | N9: =375000*0.6 -> 225000 | O9: =M9*N9 -> 0 | R9: =375000*0.4 -> 150000 | S9: =Q9*R9 -> 0 | V9: =375000*0.6 -> 225000 | W9: =U9*V9 -> 0 | Z9: =375000*0.4 -> 150000 | AA9: =Y9*Z9 -> 0 | AD9: =375000*0.6 -> 225000 | AE9: =AC9*AD9 -> 0 | AH9: =375000*0.4 -> 150000 | AI9: =AG9*AH9 -> 0 | AL9: =375000*0.6 -> 225000 | AM9: =AK9*AL9 -> 0 | AP9: =375000*0.4 -> 150000 | AQ9: =AO9*AP9 -> 0 | AT9: =375000*0.6 -> 225000 | AU9: =AS9*AT9 -> 0
B10: 0005 | C10: PROPELLANT, M1 MP | D10: Lbs. | F10: 1 | G10: 2000000 | J10: 202500 | K10: =I10*J10 -> 0 | N10: 262500 | O10: =M10*N10 -> 0 | R10: 202500 | S10: =Q10*R10 -> 0 | V10: 262500 | W10: =U10*V10 -> 0 | Z10: 202500 | AA10: =Y10*Z10 -> 0 | AD10: 262500 | AE10: =AC10*AD10 -> 0 | AH10: 202500 | AI10: =AG10*AH10 -> 0 | AL10: 262500 | AM10: =AK10*AL10 -> 0 | AP10: 202500 | AQ10: =AO10*AP10 -> 0 | AT10: 262500 | AU10: =AS10*AT10 -> 0
B11: 0006 | C11: PROPELLANT M6, CHG,PROP,155MM,M1192A | D11: Lbs. | F11: 1 | G11: 5000000 | J11: 230000 | K11: =I11*J11 -> 0 | N11: 250000 | O11: =M11*N11 -> 0 | R11: 230000 | S11: =Q11*R11 -> 0 | V11: 250000 | W11: =U11*V11 -> 0 | Z11: 230000 | AA11: =Y11*Z11 -> 0 | AD11: 250000 | AE11: =AC11*AD11 -> 0 | AH11: 230000 | AI11: =AG11*AH11 -> 0 | AL11: 250000 | AM11: =AK11*AL11 -> 0 | AP11: 230000 | AQ11: =AO11*AP11 -> 0 | AT11: 250000 | AU11: =AS11*AT11 -> 0
B12: 0007 | C12: PROPELLANT, M10 | D12: Lbs. | F12: 1 | G12: 20000 | J12: 8500 | K12: =I12*J12 -> 0 | N12: 8500 | O12: =M12*N12 -> 0 | R12: 8500 | S12: =Q12*R12 -> 0 | V12: 8500 | W12: =U12*V12 -> 0 | Z12: 8500 | AA12: =Y12*Z12 -> 0 | AD12: 8500 | AE12: =AC12*AD12 -> 0 | AH12: 8500 | AI12: =AG12*AH12 -> 0 | AL12: 8500 | AM12: =AK12*AL12 -> 0 | AP12: 8500 | AQ12: =AO12*AP12 -> 0 | AT12: 8500 | AU12: =AS12*AT12 -> 0
B13: 0008 | C13: COAI - PROPELLANT M64 SINGLE-PERFORATED | D13: Lbs. | F13: 1 | G13: 1000000 | J13: 67500 | K13: =I13*J13 -> 0 | N13: 67500 | O13: =M13*N13 -> 0 | R13: 67500 | S13: =Q13*R13 -> 0 | V13: 67500 | W13: =U13*V13 -> 0 | Z13: 67500 | AA13: =Y13*Z13 -> 0 | AD13: 67500 | AE13: =AC13*AD13 -> 0 | AH13: 67500 | AI13: =AG13*AH13 -> 0 | AL13: 67500 | AM13: =AK13*AL13 -> 0 | AP13: 67500 | AQ13: =AO13*AP13 -> 0 | AT13: 67500 | AU13: =AS13*AT13 -> 0
B14: 0009 | C14: COAI - PROPELLANT M64 MULTI-PERFORATED | D14: Lbs. | F14: 1 | G14: 2000000 | J14: 120000 | K14: =I14*J14 -> 0 | N14: 120000 | O14: =M14*N14 -> 0 | R14: 120000 | S14: =Q14*R14 -> 0 | V14: 120000 | W14: =U14*V14 -> 0 | Z14: 120000 | AA14: =Y14*Z14 -> 0 | AD14: 120000 | AE14: =AC14*AD14 -> 0 | AH14: 120000 | AI14: =AG14*AH14 -> 0 | AL14: 120000 | AM14: =AK14*AL14 -> 0 | AP14: 120000 | AQ14: =AO14*AP14 -> 0 | AT14: 120000 | AU14: =AS14*AT14 -> 0
B15: 0010 | C15: PROPELLANT GRAIN F/MK126 RKT MTR-APOBS | D15: Each | F15: 1 | G15: 5000 | J15: 1600 | K15: =I15*J15 -> 0 | N15: 1600 | O15: =M15*N15 -> 0 | R15: 1600 | S15: =Q15*R15 -> 0 | V15: 1600 | W15: =U15*V15 -> 0 | Z15: 1600 | AA15: =Y15*Z15 -> 0 | AD15: 1600 | AE15: =AC15*AD15 -> 0 | AH15: 1600 | AI15: =AG15*AH15 -> 0 | AL15: 1600 | AM15: =AK15*AL15 -> 0 | AP15: 1600 | AQ15: =AO15*AP15 -> 0 | AT15: 1600 | AU15: =AS15*AT15 -> 0
B16: 0011 | C16: PROPELLANT, DOUBLE-BASE SHEET, TYPE N-5 | D16: Lbs. | F16: 1 | G16: 10000 | J16: 9500 | K16: =I16*J16 -> 0 | N16: 7500 | O16: =M16*N16 -> 0 | R16: 9500 | S16: =Q16*R16 -> 0 | V16: 7500 | W16: =U16*V16 -> 0 | Z16: 9500 | AA16: =Y16*Z16 -> 0 | AD16: 7500 | AE16: =AC16*AD16 -> 0 | AH16: 9500 | AI16: =AG16*AH16 -> 0 | AL16: 7500 | AM16: =AK16*AL16 -> 0 | AP16: 9500 | AQ16: =AO16*AP16 -> 0 | AT16: 7500 | AU16: =AS16*AT16 -> 0
B17: 0012 | C17: PROPELLANT, M9 FLAKE | D17: Lbs. | F17: 1 | G17: 80000 | J17: 10000 | K17: =I17*J17 -> 0 | N17: 10000 | O17: =M17*N17 -> 0 | R17: 10000 | S17: =Q17*R17 -> 0 | V17: 10000 | W17: =U17*V17 -> 0 | Z17: 10000 | AA17: =Y17*Z17 -> 0 | AD17: 10000 | AE17: =AC17*AD17 -> 0 | AH17: 10000 | AI17: =AG17*AH17 -> 0 | AL17: 10000 | AM17: =AK17*AL17 -> 0 | AP17: 10000 | AQ17: =AO17*AP17 -> 0 | AT17: 10000 | AU17: =AS17*AT17 -> 0
B18: 0013 | C18: PROPELLANT, M5 FOR USE IN SPECIAL APPLI | D18: Lbs. | F18: 1 | G18: 30000 | J18: 8000 | K18: =I18*J18 -> 0 | N18: 8000 | O18: =M18*N18 -> 0 | R18: 8000 | S18: =Q18*R18 -> 0 | V18: 8000 | W18: =U18*V18 -> 0 | Z18: 8000 | AA18: =Y18*Z18 -> 0 | AD18: 8000 | AE18: =AC18*AD18 -> 0 | AH18: 8000 | AI18: =AG18*AH18 -> 0 | AL18: 8000 | AM18: =AK18*AL18 -> 0 | AP18: 8000 | AQ18: =AO18*AP18 -> 0 | AT18: 8000 | AU18: =AS18*AT18 -> 0
B19: 0014 | C19: PROPELLANT, JA2 7-PERF GRANULAR, CYLINDR | D19: Lbs. | F19: 1 | G19: 1500000 | J19: 140000 | K19: =I19*J19 -> 0 | N19: 140000 | O19: =M19*N19 -> 0 | R19: 140000 | S19: =Q19*R19 -> 0 | V19: 140000 | W19: =U19*V19 -> 0 | Z19: 140000 | AA19: =Y19*Z19 -> 0 | AD19: 140000 | AE19: =AC19*AD19 -> 0 | AH19: 140000 | AI19: =AG19*AH19 -> 0 | AL19: 140000 | AM19: =AK19*AL19 -> 0 | AP19: 140000 | AQ19: =AO19*AP19 -> 0 | AT19: 140000 | AU19: =AS19*AT19 -> 0
B20: 0015 | C20: PROPELLANT, SCDB | D20: Lbs. | F20: 1 | G20: 1500000 | J20: 70000 | K20: =I20*J20 -> 0 | N20: 70000 | O20: =M20*N20 -> 0 | R20: 70000 | S20: =Q20*R20 -> 0 | V20: 70000 | W20: =U20*V20 -> 0 | Z20: 70000 | AA20: =Y20*Z20 -> 0 | AD20: 70000 | AE20: =AC20*AD20 -> 0 | AH20: 70000 | AI20: =AG20*AH20 -> 0 | AL20: 70000 | AM20: =AK20*AL20 -> 0 | AP20: 70000 | AQ20: =AO20*AP20 -> 0 | AT20: 70000 | AU20: =AS20*AT20 -> 0
B21: 0016 | C21: PROPELLANT, STICK, DEGN | D21: Lbs. | F21: 1 | G21: 30000 | J21: 2000 | K21: =I21*J21 -> 0 | N21: 2000 | O21: =M21*N21 -> 0 | R21: 2000 | S21: =Q21*R21 -> 0 | V21: 2000 | W21: =U21*V21 -> 0 | Z21: 2000 | AA21: =Y21*Z21 -> 0 | AD21: 2000 | AE21: =AC21*AD21 -> 0 | AH21: 2000 | AI21: =AG21*AH21 -> 0 | AL21: 2000 | AM21: =AK21*AL21 -> 0 | AP21: 2000 | AQ21: =AO21*AP21 -> 0 | AT21: 2000 | AU21: =AS21*AT21 -> 0
... B43: 0038 | C43: NITROCELLULOSE, GRD F | D43: Lbs. | F43: 1 | G43: 5000000 | J43: 550000 | K43: =I43*J43 -> 0 | N43: 550000 | O43: =M43*N43 -> 0 | R43: 550000 | S43: =Q43*R43 -> 0 | V43: 550000 | W43: =U43*V43 -> 0 | Z43: 550000 | AA43: =Y43*Z43 -> 0 | AD43: 550000 | AE43: =AC43*AD43 -> 0 | AH43: 550000 | AI43: =AG43*AH43 -> 0 | AL43: 550000 | AM43: =AK43*AL43 -> 0 | AP43: 550000 | AQ43: =AO43*AP43 -> 0 | AT43: 550000 | AU43: =AS43*AT43 -> 0
B45: 0023 | C45: MK90 ROCKET GRAIN NAVY (from tab 1.1.1) | D45: Each | F45: 1 | G45: 350000 | I45: ='1.1.1 MK 90 Range 1'!H15 -> 0 | J45: 190500 | K45: =I45*J45 -> 0 | M45: ='1.1.1 MK 90 Range 1'!K15 -> 0 | N45: 100000 | O45: =M45*N45 -> 0 | Q45: ='1.1.1 MK 90 Range 1'!N15 -> 0 | R45: 170500 | S45: =Q45*R45 -> 0 | U45: ='1.1.1 MK 90 Range 1'!Q15 -> 0 | V45: 80000 | W45: =U45*V45 -> 0 | Y45: ='1.1.1 MK 90 Range 1'!T15 -> 0 | Z45: 160000 | AA45: =Y45*Z45 -> 0 | AC45: ='1.1.1 MK 90 Range 1'!W15 -> 0 | AD45: 80000 | AE45: =AC45*AD45 -> 0 | AG45: ='1.1.1 MK 90 Range 1'!Z15 -> 0 | AH45: 130500 | AI45: =AG45*AH45 -> 0 | AK45: ='1.1.1 MK 90 Range 1'!AC15 -> 0 | AL45: 80000 | AM45: =AK45*AL45 -> 0 | AO45: ='1.1.1 MK 90 Range 1'!AF15 -> 0 | AP45: 130500 | AQ45: =AO45*AP45 -> 0 | AS45: ='1.1.1 MK 90 Range 1'!AI15 -> 0 | AT45: 80000 | AU45: =AS45*AT45 -> 0
J47: OP 1 Evaluated Price | K47: =SUM(K6:K43) -> 0 | N47: OP 2 Evaluated Price | O47: =SUM(O6:O43) -> 0 | R47: OP 3 Evaluated Price | S47: =SUM(S6:S43) -> 0 | V47: OP 4 Evaluated Price | W47: =SUM(W6:W43) -> 0 | Z47: OP 5 Evaluated Price | AA47: =SUM(AA6:AA43) -> 0 | AD47: OP 6 Evaluated Price | AE47: =SUM(AE6:AE43) -> 0 | AH47: OP 7 Evaluated Price | AI47: =SUM(AI6:AI43) -> 0 | AL47: OP 8 Evaluated Price | AM47: =SUM(AM6:AM43) -> 0 | AP47: OP 9 Evaluated Price | AQ47: =SUM(AQ6:AQ43) -> 0 | AT47: OP 10 Evaluated Price | AU47: =SUM(AU6:AU43) -> 0
C49: Contractor will enter each OP Evaluated Price into its corresponding cell in the Summary Production Price tab.

Sheet 1.1.1 MK 90 Range 1
D1: Radford Army Ammunition Plant | M1: Contractor Fill-In:
D2: Production Price Matrix - MK-90 Weighted
D4: EU Volume Range: 1-35,000,000
D7: CLIN 0023 MK90 ROCKET GRAIN NAVY
D9: Quantity Range | G9: Ordering Period 1 | J9: Ordering Period 2 | M9: Ordering Period 3 | P9: Ordering Period 4 | S9: Ordering Period 5 | V9: Ordering Period 6 | Y9: Ordering Period 7 | AB9: Ordering Period 8 | AE9: Ordering Period 9 | AH9: Ordering Period 10
G10: Range Weighting | H10: Unit Price | J10: Range Weighting | K10: Unit Price | M10: Range Weighting | N10: Unit Price | P10: Range Weighting | Q10: Unit Price | S10: Range Weighting | T10: Unit Price | V10: Range Weighting | W10: Unit Price | Y10: Range Weighting | Z10: Unit Price | AB10: Range Weighting | AC10: Unit Price | AE10: Range Weighting | AF10: Unit Price | AH10: Range Weighting | AI10: Unit Price
D11: 1 | E11: =IF(D11>0,"-","") -> - | F11: =D12-1 -> 20000 | G11: 0.1 | J11: 0.1 | M11: 0.1 | P11: 0.1 | S11: 0.1 | V11: 0.1 | Y11: 0.1 | AB11: 0.1 | AE11: 0.1 | AH11: 0.1
D12: 20001 | E12: =IF(D12>0,"-","") -> - | F12: 100000 | G12: 0.6 | J12: 0.6 | M12: 0.6 | P12: 0.3 | S12: 0.6 | V12: 0.3 | Y12: 0.6 | AB12: 0.3 | AE12: 0.6 | AH12: 0.6
D13: 100001 | E13: =IF(D13>0,"-","") -> - | F13: 350000 | G13: 0.3 | J13: 0.3 | M13: 0.3 | P13: 0.6 | S13: 0.3 | V13: 0.6 | Y13: 0.3 | AB13: 0.6 | AE13: 0.3 | AH13: 0.3
D15: Weighted Unit Price…......................................................................................................... | H15: =G11*H11+G12*H12+G13*H13 -> 0 | K15: =J11*K11+J12*K12+J13*K13 -> 0 | N15: =M11*N11+M12*N12+M13*N13 -> 0 | Q15: =P11*Q11+P12*Q12+P13*Q13 -> 0 | T15: =S11*T11+S12*T12+S13*T13 -> 0 | W15: =V11*W11+V12*W12+V13*W13 -> 0 | Z15: =Y11*Z11+Y12*Z12+Y13*Z13 -> 0 | AC15: =AB11*AC11+AB12*AC12+AB13*AC13 -> 0 | AF15: =AE11*AF11+AE12*AF12+AE13*AF13 -> 0 | AI15: =AH11*AI11+AH12*AI12+AH13*AI13 -> 0
D18: Weighted unit prices will populate corresponding cell in the 1.1 Volume Range 1 tab.

Sheet 1.2 Volume Range 2
B1: Radford Army Ammunition Plant | F1: EU Volume Range: 35,000,001 and Above
B2: Production Price Matrix | F2: Contractor Fill-In:
I4: Ordering Period 1 | M4: Ordering Period 2 | Q4: Ordering Period 3 | U4: Ordering Period 4 | Y4: Ordering Period 5 | AC4: Ordering Period 6 | AG4: Ordering Period 7 | AK4: Ordering Period 8 | AO4: Ordering Period 9 | AS4: Ordering Period 10
B5: CLIN | C5: Product | D5: Unit of Measure | F5: Minimum Order Size | G5: Maximum Order Size | I5: Offeror Price | J5: Evaluated Quantity | K5: Evaluated Price | M5: Offeror Price | N5: Evaluated Quantity | O5: Evaluated Price | Q5: Offeror Price | R5: Evaluated Quantity | S5: Evaluated Price | U5: Offeror Price | V5: Evaluated Quantity | W5: Evaluated Price | Y5: Offeror Price | Z5: Evaluated Quantity | AA5: Evaluated Price | AC5: Offeror Price | AD5: Evaluated Quantity | AE5: Evaluated Price | AG5: Offeror Price | AH5: Evaluated Quantity | AI5: Evaluated Price | AK5: Offeror Price | AL5: Evaluated Quantity | AM5: Evaluated Price | AO5: Offeror Price | AP5: Evaluated Quantity | AQ5: Evaluated Price | AS5: Offeror Price | AT5: Evaluated Quantity | AU5: Evaluated Price
B6: 0001 | C6: COAI-PROP PAP7993 F/CHRG,PROP,155MM,M231 | D6: Lbs. | F6: 1 | G6: 2500000 | J6: 325000 | K6: =I6*J6 -> 0 | N6: 325000 | O6: =M6*N6 -> 0 | R6: 325000 | S6: =Q6*R6 -> 0 | V6: 325000 | W6: =U6*V6 -> 0 | Z6: 325000 | AA6: =Y6*Z6 -> 0 | AD6: 325000 | AE6: =AC6*AD6 -> 0 | AH6: 325000 | AI6: =AG6*AH6 -> 0 | AL6: 325000 | AM6: =AK6*AL6 -> 0 | AP6: 325000 | AQ6: =AO6*AP6 -> 0 | AT6: 325000 | AU6: =AS6*AT6 -> 0
B7: 0002 | C7: COAI-PRPLT M31A2,CHG,PROP,155MM, M232A1 | D7: Lbs. | F7: 1 | G7: 3500000 | J7: 22500 | K7: =I7*J7 -> 0 | N7: 22500 | O7: =M7*N7 -> 0 | R7: 22500 | S7: =Q7*R7 -> 0 | V7: 22500 | W7: =U7*V7 -> 0 | Z7: 22500 | AA7: =Y7*Z7 -> 0 | AD7: 22500 | AE7: =AC7*AD7 -> 0 | AH7: 22500 | AI7: =AG7*AH7 -> 0 | AL7: 22500 | AM7: =AK7*AL7 -> 0 | AP7: 22500 | AQ7: =AO7*AP7 -> 0 | AT7: 22500 | AU7: =AS7*AT7 -> 0
B8: 0003 | C8: COAI-PRPLLANT M30A1 CHG,PROP,155MM, M232 | D8: Lbs. | F8: 1 | G8: 3500000 | J8: 110000 | K8: =I8*J8 -> 0 | N8: 150000 | O8: =M8*N8 -> 0 | R8: 110000 | S8: =Q8*R8 -> 0 | V8: 150000 | W8: =U8*V8 -> 0 | Z8: 110000 | AA8: =Y8*Z8 -> 0 | AD8: 150000 | AE8: =AC8*AD8 -> 0 | AH8: 110000 | AI8: =AG8*AH8 -> 0 | AL8: 150000 | AM8: =AK8*AL8 -> 0 | AP8: 110000 | AQ8: =AO8*AP8 -> 0 | AT8: 150000 | AU8: =AS8*AT8 -> 0
B9: 0004 | C9: PROPELLANT, M1 SP | D9: Lbs. | F9: 1 | G9: 1000000 | J9: =375000*0.4 -> 150000 | K9: =I9*J9 -> 0 | N9: =375000*0.6 -> 225000 | O9: =M9*N9 -> 0 | R9: =375000*0.4 -> 150000 | S9: =Q9*R9 -> 0 | V9: =375000*0.6 -> 225000 | W9: =U9*V9 -> 0 | Z9: =375000*0.4 -> 150000 | AA9: =Y9*Z9 -> 0 | AD9: =375000*0.6 -> 225000 | AE9: =AC9*AD9 -> 0 | AH9: =375000*0.4 -> 150000 | AI9: =AG9*AH9 -> 0 | AL9: =375000*0.6 -> 225000 | AM9: =AK9*AL9 -> 0 | AP9: =375000*0.4 -> 150000 | AQ9: =AO9*AP9 -> 0 | AT9: =375000*0.6 -> 225000 | AU9: =AS9*AT9 -> 0
B10: 0005 | C10: PROPELLANT, M1 MP | D10: Lbs. | F10: 1 | G10: 2000000 | J10: 202500 | K10: =I10*J10 -> 0 | N10: 262500 | O10: =M10*N10 -> 0 | R10: 202500 | S10: =Q10*R10 -> 0 | V10: 262500 | W10: =U10*V10 -> 0 | Z10: 202500 | AA10: =Y10*Z10 -> 0 | AD10: 262500 | AE10: =AC10*AD10 -> 0 | AH10: 202500 | AI10: =AG10*AH10 -> 0 | AL10: 262500 | AM10: =AK10*AL10 -> 0 | AP10: 202500 | AQ10: =AO10*AP10 -> 0 | AT10: 262500 | AU10: =AS10*AT10 -> 0
B11: 0006 | C11: PROPELLANT M6, CHG,PROP,155MM,M1192A | D11: Lbs. | F11: 1 | G11: 5000000 | J11: 230000 | K11: =I11*J11 -> 0 | N11: 250000 | O11: =M11*N11 -> 0 | R11: 230000 | S11: =Q11*R11 -> 0 | V11: 250000 | W11: =U11*V11 -> 0 | Z11: 230000 | AA11: =Y11*Z11 -> 0 | AD11: 250000 | AE11: =AC11*AD11 -> 0 | AH11: 230000 | AI11: =AG11*AH11 -> 0 | AL11: 250000 | AM11: =AK11*AL11 -> 0 | AP11: 230000 | AQ11: =AO11*AP11 -> 0 | AT11: 250000 | AU11: =AS11*AT11 -> 0
B12: 0007 | C12: PROPELLANT, M10 | D12: Lbs. | F12: 1 | G12: 20000 | J12: 8500 | K12: =I12*J12 -> 0 | N12: 8500 | O12: =M12*N12 -> 0 | R12: 8500 | S12: =Q12*R12 -> 0 | V12: 8500 | W12: =U12*V12 -> 0 | Z12: 8500 | AA12: =Y12*Z12 -> 0 | AD12: 8500 | AE12: =AC12*AD12 -> 0 | AH12: 8500 | AI12: =AG12*AH12 -> 0 | AL12: 8500 | AM12: =AK12*AL12 -> 0 | AP12: 8500 | AQ12: =AO12*AP12 -> 0 | AT12: 8500 | AU12: =AS12*AT12 -> 0
B13: 0008 | C13: COAI - PROPELLANT M64 SINGLE-PERFORATED | D13: Lbs. | F13: 1 | G13: 1000000 | J13: 67500 | K13: =I13*J13 -> 0 | N13: 67500 | O13: =M13*N13 -> 0 | R13: 67500 | S13: =Q13*R13 -> 0 | V13: 67500 | W13: =U13*V13 -> 0 | Z13: 67500 | AA13: =Y13*Z13 -> 0 | AD13: 67500 | AE13: =AC13*AD13 -> 0 | AH13: 67500 | AI13: =AG13*AH13 -> 0 | AL13: 67500 | AM13: =AK13*AL13 -> 0 | AP13: 67500 | AQ13: =AO13*AP13 -> 0 | AT13: 67500 | AU13: =AS13*AT13 -> 0
B14: 0009 | C14: COAI - PROPELLANT M64 MULTI-PERFORATED | D14: Lbs. | F14: 1 | G14: 2000000 | J14: 120000 | K14: =I14*J14 -> 0 | N14: 120000 | O14: =M14*N14 -> 0 | R14: 120000 | S14: =Q14*R14 -> 0 | V14: 120000 | W14: =U14*V14 -> 0 | Z14: 120000 | AA14: =Y14*Z14 -> 0 | AD14: 120000 | AE14: =AC14*AD14 -> 0 | AH14: 120000 | AI14: =AG14*AH14 -> 0 | AL14: 120000 | AM14: =AK14*AL14 -> 0 | AP14: 120000 | AQ14: =AO14*AP14 -> 0 | AT14: 120000 | AU14: =AS14*AT14 -> 0
B15: 0010 | C15: PROPELLANT GRAIN F/MK126 RKT MTR-APOBS | D15: Each | F15: 1 | G15: 5000 | J15: 1600 | K15: =I15*J15 -> 0 | N15: 1600 | O15: =M15*N15 -> 0 | R15: 1600 | S15: =Q15*R15 -> 0 | V15: 1600 | W15: =U15*V15 -> 0 | Z15: 1600 | AA15: =Y15*Z15 -> 0 | AD15: 1600 | AE15: =AC15*AD15 -> 0 | AH15: 1600 | AI15: =AG15*AH15 -> 0 | AL15: 1600 | AM15: =AK15*AL15 -> 0 | AP15: 1600 | AQ15: =AO15*AP15 -> 0 | AT15: 1600 | AU15: =AS15*AT15 -> 0
B16: 0011 | C16: PROPELLANT, DOUBLE-BASE SHEET, TYPE N-5 | D16: Lbs. | F16: 1 | G16: 10000 | J16: 9500 | K16: =I16*J16 -> 0 | N16: 7500 | O16: =M16*N16 -> 0 | R16: 9500 | S16: =Q16*R16 -> 0 | V16: 7500 | W16: =U16*V16 -> 0 | Z16: 9500 | AA16: =Y16*Z16 -> 0 | AD16: 7500 | AE16: =AC16*AD16 -> 0 | AH16: 9500 | AI16: =AG16*AH16 -> 0 | AL16: 7500 | AM16: =AK16*AL16 -> 0 | AP16: 9500 | AQ16: =AO16*AP16 -> 0 | AT16: 7500 | AU16: =AS16*AT16 -> 0
B17: 0012 | C17: PROPELLANT, M9 FLAKE | D17: Lbs. | F17: 1 | G17: 80000 | J17: 10000 | K17: =I17*J17 -> 0 | N17: 10000 | O17: =M17*N17 -> 0 | R17: 10000 | S17: =Q17*R17 -> 0 | V17: 10000 | W17: =U17*V17 -> 0 | Z17: 10000 | AA17: =Y17*Z17 -> 0 | AD17: 10000 | AE17: =AC17*AD17 -> 0 | AH17: 10000 | AI17: =AG17*AH17 -> 0 | AL17: 10000 | AM17: =AK17*AL17 -> 0 | AP17: 10000 | AQ17: =AO17*AP17 -> 0 | AT17: 10000 | AU17: =AS17*AT17 -> 0
B18: 0013 | C18: PROPELLANT, M5 FOR USE IN SPECIAL APPLI | D18: Lbs. | F18: 1 | G18: 30000 | J18: 8000 | K18: =I18*J18 -> 0 | N18: 8000 | O18: =M18*N18 -> 0 | R18: 8000 | S18: =Q18*R18 -> 0 | V18: 8000 | W18: =U18*V18 -> 0 | Z18: 8000 | AA18: =Y18*Z18 -> 0 | AD18: 8000 | AE18: =AC18*AD18 -> 0 | AH18: 8000 | AI18: =AG18*AH18 -> 0 | AL18: 8000 | AM18: =AK18*AL18 -> 0 | AP18: 8000 | AQ18: =AO18*AP18 -> 0 | AT18: 8000 | AU18: =AS18*AT18 -> 0
B19: 0014 | C19: PROPELLANT, JA2 7-PERF GRANULAR, CYLINDR | D19: Lbs. | F19: 1 | G19: 1500000 | J19: 140000 | K19: =I19*J19 -> 0 | N19: 140000 | O19: =M19*N19 -> 0 | R19: 140000 | S19: =Q19*R19 -> 0 | V19: 140000 | W19: =U19*V19 -> 0 | Z19: 140000 | AA19: =Y19*Z19 -> 0 | AD19: 140000 | AE19: =AC19*AD19 -> 0 | AH19: 140000 | AI19: =AG19*AH19 -> 0 | AL19: 140000 | AM19: =AK19*AL19 -> 0 | AP19: 140000 | AQ19: =AO19*AP19 -> 0 | AT19: 140000 | AU19: =AS19*AT19 -> 0
B20: 0015 | C20: PROPELLANT, SCDB | D20: Lbs. | F20: 1 | G20: 1500000 | J20: 70000 | K20: =I20*J20 -> 0 | N20: 70000 | O20: =M20*N20 -> 0 | R20: 70000 | S20: =Q20*R20 -> 0 | V20: 70000 | W20: =U20*V20 -> 0 | Z20: 70000 | AA20: =Y20*Z20 -> 0 | AD20: 70000 | AE20: =AC20*AD20 -> 0 | AH20: 70000 | AI20: =AG20*AH20 -> 0 | AL20: 70000 | AM20: =AK20*AL20 -> 0 | AP20: 70000 | AQ20: =AO20*AP20 -> 0 | AT20: 70000 | AU20: =AS20*AT20 -> 0
B21: 0016 | C21: PROPELLANT, STICK, DEGN | D21: Lbs. | F21: 1 | G21: 30000 | J21: 2000 | K21: =I21*J21 -> 0 | N21: 2000 | O21: =M21*N21 -> 0 | R21: 2000 | S21: =Q21*R21 -> 0 | V21: 2000 | W21: =U21*V21 -> 0 | Z21: 2000 | AA21: =Y21*Z21 -> 0 | AD21: 2000 | AE21: =AC21*AD21 -> 0 | AH21: 2000 | AI21: =AG21*AH21 -> 0 | AL21: 2000 | AM21: =AK21*AL21 -> 0 | AP21: 2000 | AQ21: =AO21*AP21 -> 0 | AT21: 2000 | AU21: =AS21*AT21 -> 0
... B43: 0038 | C43: NITROCELLULOSE, GRD F | D43: Lbs. | F43: 1 | G43: 5000000 | J43: 550000 | K43: =I43*J43 -> 0 | N43: 550000 | O43: =M43*N43 -> 0 | R43: 550000 | S43: =Q43*R43 -> 0 | V43: 550000 | W43: =U43*V43 -> 0 | Z43: 550000 | AA43: =Y43*Z43 -> 0 | AD43: 550000 | AE43: =AC43*AD43 -> 0 | AH43: 550000 | AI43: =AG43*AH43 -> 0 | AL43: 550000 | AM43: =AK43*AL43 -> 0 | AP43: 550000 | AQ43: =AO43*AP43 -> 0 | AT43: 550000 | AU43: =AS43*AT43 -> 0
B45: 0023 | C45: MK90 ROCKET GRAIN NAVY (from tab 1.2.1) | D45: Each | F45: 1 | G45: 350000 | I45: ='1.2.1 MK 90 Range 2'!H15 -> 0 | J45: 190500 | K45: =I45*J45 -> 0 | M45: ='1.2.1 MK 90 Range 2'!K15 -> 0 | N45: 130500 | O45: =M45*N45 -> 0 | Q45: ='1.2.1 MK 90 Range 2'!N15 -> 0 | R45: 120500 | S45: =Q45*R45 -> 0 | U45: ='1.2.1 MK 90 Range 2'!Q15 -> 0 | V45: 210000 | W45: =U45*V45 -> 0 | Y45: ='1.2.1 MK 90 Range 2'!T15 -> 0 | Z45: 90000 | AA45: =Y45*Z45 -> 0 | AC45: ='1.2.1 MK 90 Range 2'!W15 -> 0 | AD45: 80000 | AE45: =AC45*AD45 -> 0 | AG45: ='1.2.1 MK 90 Range 2'!Z15 -> 0 | AH45: 130500 | AI45: =AG45*AH45 -> 0 | AK45: ='1.2.1 MK 90 Range 2'!AC15 -> 0 | AL45: 80000 | AM45: =AK45*AL45 -> 0 | AO45: ='1.2.1 MK 90 Range 2'!AF15 -> 0 | AP45: 130500 | AQ45: =AO45*AP45 -> 0 | AS45: ='1.2.1 MK 90 Range 2'!AI15 -> 0 | AT45: 80000 | AU45: =AS45*AT45 -> 0
J47: OP 1 Evaluated Price | K47: =SUM(K6:K43) -> 0 | N47: OP 2 Evaluated Price | O47: =SUM(O6:O43) -> 0 | R47: OP 3 Evaluated Price | S47: =SUM(S6:S43) -> 0 | V47: OP 4 Evaluated Price | W47: =SUM(W6:W43) -> 0 | Z47: OP 5 Evaluated Price | AA47: =SUM(AA6:AA43) -> 0 | AD47: OP 6 Evaluated Price | AE47: =SUM(AE6:AE43) -> 0 | AH47: OP 7 Evaluated Price | AI47: =SUM(AI6:AI43) -> 0 | AL47: OP 8 Evaluated Price | AM47: =SUM(AM6:AM43) -> 0 | AP47: OP 9 Evaluated Price | AQ47: =SUM(AQ6:AQ43) -> 0 | AT47: OP 10 Evaluated Price | AU47: =SUM(AU6:AU43) -> 0
C49: Contractor will enter each OP Evaluated Price into its corresponding cell in the Summary Production Price tab.

Sheet 1.2.1 MK 90 Range 2
D1: Radford Army Ammunition Plant | M1: Contractor Fill-In:
D2: Production Price Matrix - MK-90 Weighted
D4: EU Volume Range: 35,000,001 and Above
D7: CLIN 0023 MK90 ROCKET GRAIN NAVY
D9: Quantity Range | G9: Ordering Period 1 | J9: Ordering Period 2 | M9: Ordering Period 3 | P9: Ordering Period 4 | S9: Ordering Period 5 | V9: Ordering Period 6 | Y9: Ordering Period 7 | AB9: Ordering Period 8 | AE9: Ordering Period 9 | AH9: Ordering Period 10
G10: Range Weighting | H10: Unit Price | J10: Range Weighting | K10: Unit Price | M10: Range Weighting | N10: Unit Price | P10: Range Weighting | Q10: Unit Price | S10: Range Weighting | T10: Unit Price | V10: Range Weighting | W10: Unit Price | Y10: Range Weighting | Z10: Unit Price | AB10: Range Weighting | AC10: Unit Price | AE10: Range Weighting | AF10: Unit Price | AH10: Range Weighting | AI10: Unit Price
D11: 1 | E11: =IF(D11>0,"-","") -> - | F11: =D12-1 -> 20000 | G11: 0.1 | J11: 0.1 | M11: 0.1 | P11: 0.1 | S11: 0.1 | V11: 0.1 | Y11: 0.1 | AB11: 0.1 | AE11: 0.1 | AH11: 0.1
D12: 20001 | E12: =IF(D12>0,"-","") -> - | F12: 100000 | G12: 0.6 | J12: 0.6 | M12: 0.6 | P12: 0.3 | S12: 0.6 | V12: 0.3 | Y12: 0.6 | AB12: 0.3 | AE12: 0.6 | AH12: 0.6
D13: 100001 | E13: =IF(D13>0,"-","") -> - | F13: 350000 | G13: 0.3 | J13: 0.3 | M13: 0.3 | P13: 0.6 | S13: 0.3 | V13: 0.6 | Y13: 0.3 | AB13: 0.6 | AE13: 0.3 | AH13: 0.3
D15: Weighted Unit Price…......................................................................................................... | H15: =G11*H11+G12*H12+G13*H13 -> 0 | K15: =J11*K11+J12*K12+J13*K13 -> 0 | N15: =M11*N11+M12*N12+M13*N13 -> 0 | Q15: =P11*Q11+P12*Q12+P13*Q13 -> 0 | T15: =S11*T11+S12*T12+S13*T13 -> 0 | W15: =V11*W11+V12*W12+V13*W13 -> 0 | Z15: =Y11*Z11+Y12*Z12+Y13*Z13 -> 0 | AC15: =AB11*AC11+AB12*AC12+AB13*AC13 -> 0 | AF15: =AE11*AF11+AE12*AF12+AE13*AF13 -> 0 | AI15: =AH11*AI11+AH12*AI12+AH13*AI13 -> 0
D18: Weighted unit prices will populate corresponding cell in the 1.2 Volume Range 2 tab.

Sheet 1.3 First Article
B1: Radford Army Ammunition Plant | F1: First Article Test Pricing
B2: Production Price Matrix - First Article Test | F2: Contractor Fill-In:
B5: CLIN | C5: Product | D5: Ordering Period 1 | E5: Ordering Period 2 | F5: Ordering Period 3 | G5: Ordering Period 4 | H5: Ordering Period 5 | I5: Ordering Period 6 | J5: Ordering Period 7 | K5: Ordering Period 8 | L5: Ordering Period 9 | M5: Ordering Period 10
B6: 0001 | C6: COAI-PROP PAP7993 F/CHRG,PROP,155MM,M231
B7: 0002 | C7: COAI-PRPLT M31A2,CHG,PROP,155MM, M232A1
B8: 0003 | C8: COAI-PRPLLANT M30A1 CHG,PROP,155MM, M232
B9: 0004 | C9: PROPELLANT, M1 SP
B10: 0005 | C10: PROPELLANT, M1 MP
B11: 0006 | C11: PROPELLANT M6, CHG,PROP,155MM,M1192A
B12: 0007 | C12: PROPELLANT, M10
B13: 0008 | C13: COAI - PROPELLANT M64 SINGLE-PERFORATED
B14: 0009 | C14: COAI - PROPELLANT M64 MULTI-PERFORATED
B15: 0010 | C15: PROPELLANT GRAIN F/MK126 RKT MTR-APOBS
B16: 0011 | C16: PROPELLANT, DOUBLE-BASE SHEET, TYPE N-5
B17: 0012 | C17: PROPELLANT, M9 FLAKE
... B43: 0038 | C43: NITROCELLULOSE, GRD F
C45: Ordering Period Evaluated FAT Price* | D45: =SUM(D6:D43) -> 0 | E45: =SUM(E6:E43) -> 0 | F45: =SUM(F6:F43) -> 0 | G45: =SUM(G6:G43) -> 0 | H45: =SUM(H6:H43) -> 0 | I45: =SUM(I6:I43) -> 0 | J45: =SUM(J6:J43) -> 0 | K45: =SUM(K6:K43) -> 0 | ... M45: =SUM(M6:M43) -> 0
D47: *Contractor will enter each OP's Evaluated FAT Price into its corresponding cell in the Summary Production Price tab.

Sheet 1.4 Summary Production Price
B1: Radford Army Ammunition Plant
B2: Summary Production Price | G2: Contractor Fill-In:
B5: Ordering Period | C5: Plant Wide Range 1 | G5: Plant Wide Range 2 | K5: First Article Test (FAT) | O5: Ordering Period | P5: Total Ordering Period Weighted Production Price*
C6: OP Price | D6: Weighting Factor | E6: Evaluated Production Price | G6: OP Price | H6: Weighting Factor | I6: Evaluated Production Price | K6: OP Price | L6: Weighting Factor | M6: Evaluated Production Price
B7: OP 1 | D7: 0.17 | E7: =C7*D7 -> 0 | H7: 0.8 | I7: =G7*H7 -> 0 | L7: 0.03 | M7: =K7*L7 -> 0 | O7: OP 1 | P7: =SUM(I7,E7) -> 0
B8: OP 2 | D8: 0.17 | E8: =C8*D8 -> 0 | H8: 0.8 | I8: =G8*H8 -> 0 | L8: 0.03 | M8: =K8*L8 -> 0 | O8: OP 2 | P8: =SUM(I8,E8) -> 0
B9: OP 3 | D9: 0.17 | E9: =C9*D9 -> 0 | H9: 0.8 | I9: =G9*H9 -> 0 | L9: 0.03 | M9: =K9*L9 -> 0 | O9: OP 3 | P9: =SUM(I9,E9) -> 0
B10: OP 4 | D10: 0.17 | E10: =C10*D10 -> 0 | H10: 0.8 | I10: =G10*H10 -> 0 | L10: 0.03 | M10: =K10*L10 -> 0 | O10: OP 4 | P10: =SUM(I10,E10) -> 0
B11: OP 5 | D11: 0.17 | E11: =C11*D11 -> 0 | H11: 0.8 | I11: =G11*H11 -> 0 | L11: 0.03 | M11: =K11*L11 -> 0 | O11: OP 5 | P11: =SUM(I11,E11) -> 0
B12: OP 6 | D12: 0.17 | E12: =C12*D12 -> 0 | H12: 0.8 | I12: =G12*H12 -> 0 | L12: 0.03 | M12: =K12*L12 -> 0 | O12: OP 6 | P12: =SUM(I12,E12) -> 0
B13: OP 7 | D13: 0.17 | E13: =C13*D13 -> 0 | H13: 0.8 | I13: =G13*H13 -> 0 | L13: 0.03 | M13: =K13*L13 -> 0 | O13: OP 7 | P13: =SUM(I13,E13) -> 0
B14: OP 8 | D14: 0.17 | E14: =C14*D14 -> 0 | H14: 0.8 | I14: =G14*H14 -> 0 | L14: 0.03 | M14: =K14*L14 -> 0 | O14: OP 8 | P14: =SUM(I14,E14) -> 0
B15: OP 9 | D15: 0.17 | E15: =C15*D15 -> 0 | H15: 0.8 | I15: =G15*H15 -> 0 | L15: 0.03 | M15: =K15*L15 -> 0 | O15: OP 9 | P15: =SUM(I15,E15) -> 0
B16: OP 10 | D16: 0.17 | E16: =C16*D16 -> 0 | H16: 0.8 | I16: =G16*H16 -> 0 | L16: 0.03 | M16: =K16*L16 -> 0 | O16: OP 10 | P16: =SUM(I16,E16) -> 0
B18: *Contractor will enter each OP's Total Ordering Period Weighted Production Price into the Summary TEP tab.

Sheet 2.0 PWS Price
B1: Radford Army Ammunition Plant
B2: PWS Price Matrix
B5: PWS Price
B6: PWS | C6: Ordering Period 1 | D6: Ordering Period 2 | E6: Ordering Period 3 | F6: Ordering Period 4 | G6: Ordering Period 5 | H6: Ordering Period 6 | I6: Ordering Period 7 | J6: Ordering Period 8 | K6: Ordering Period 9 | L6: Ordering Period 10
B7: PWS 1 - Environmental
B8: PWS 2 - Facility Planning
B9: PWS 3 - Fire Protection and Emergency Services
B10: PWS 4 - Government Property in Possession of Contractor
B11: PWS 5 - Occupational Health
B12: PWS 6 - Installation Security and Antiterrorism
B13: PWS 7 - Maintenance of Facilities
B14: PWS 8 - Transition In
B15: PWS 9 - Safety Operations Management
B16: PWS 10 - Energy and Utility Service Management
B17: PWS 11 - Facility Operations and Production Reporting
B18: PWS 13 - Cyber Security
... B21: PWS 18 - Ground Watering & Industrial Restoration
B22: OP Evaluated PWS* | C22: =SUM(C7:C21) -> 0 | D22: =SUM(D7:D21) -> 0 | E22: =SUM(E7:E21) -> 0 | F22: =SUM(F7:F21) -> 0 | G22: =SUM(G7:G21) -> 0 | H22: =SUM(H7:H21) -> 0 | I22: =SUM(I7:I21) -> 0 | J22: =SUM(J7:J21) -> 0 | ... L22: =SUM(L7:L21) -> 0
B24: Contractor will enter each OP value into the PWS section of the 4.0 Summary TEP tab for the corresponding ordering period.
B25: \

Sheet 3.0 NC Fines Disposal Price
B1: Radford Army Ammunition Plant | C1: Contractor Fill-In:
B2: NC Fines Price Matrix
B4: NC Fines Disposal Price
B5: Item | C5: Evaluated Quantity | D5: Unit Price | E5: OP1
B7: NC Fines Disposal Base Price (up to 2,000,000 lbs.) | C7: NA | D7: NA
B8: NC Fines Disposal Price per Pound (Amounts Above 2,000,000 lbs.) | C8: 1000000 | E8: =C8*D8 -> 0
D9: OP Evaluated NC Fines Disposal Price | E9: =SUM(E7:E8) -> 0
B11: Contractor will enter value into the PWS section of the 4.0 Summary TEP tab for the corresponding ordering period.

Sheet 4.0 Summary TEP
A1: Radford Army Ammunition Plant | G1: Contractor Fill-In:
A2: Summary TEP
B5: Ordering Period | C5: Evaluated Production Price | G5: Evaluated PWS Price | K5: Evaluated NC Fines Price | P5: Total Evaluated Price
C6: OP Production Price | D6: Weighting Factor | E6: Evaluated Production Price | G6: OP PWS Price | H6: Weighting Factor | I6: Evaluated PWS Price | K6: OP NC Fines Price | L6: Weighting Factor | M6: Evaluated PWS Price | P6: Ordering Period | Q6: Weighted OP
B7: OP 1 | D7: 0.4 | E7: =C7*D7 -> 0 | H7: 0.45 | I7: =G7*H7 -> 0 | L7: 0.15 | M7: =K7*L7 -> 0 | P7: OP 1 | Q7: =SUM(M7,I7,E7) -> 0
B8: OP 2 | D8: 0.5 | E8: =C8*D8 -> 0 | H8: 0.5 | I8: =G8*H8 -> 0 | P8: OP 2 | Q8: =SUM(M8,I8,E8) -> 0
B9: OP 3 | D9: 0.45 | E9: =C9*D9 -> 0 | H9: 0.55 | I9: =G9*H9 -> 0 | P9: OP 3 | Q9: =SUM(M9,I9,E9) -> 0
B10: OP 4 | D10: 0.45 | E10: =C10*D10 -> 0 | H10: 0.55 | I10: =G10*H10 -> 0 | P10: OP 4 | Q10: =SUM(M10,I10,E10) -> 0
B11: OP 5 | D11: 0.45 | E11: =C11*D11 -> 0 | H11: 0.55 | I11: =G11*H11 -> 0 | P11: OP 5 | Q11: =SUM(M11,I11,E11) -> 0
B12: OP 6 | D12: 0.45 | E12: =C12*D12 -> 0 | H12: 0.55 | I12: =G12*H12 -> 0 | P12: OP 6 | Q12: =SUM(M12,I12,E12) -> 0
B13: OP 7 | D13: 0.4 | E13: =C13*D13 -> 0 | H13: 0.6 | I13: =G13*H13 -> 0 | P13: OP 7 | Q13: =SUM(M13,I13,E13) -> 0
B14: OP 8 | D14: 0.4 | E14: =C14*D14 -> 0 | H14: 0.6 | I14: =G14*H14 -> 0 | P14: OP 8 | Q14: =SUM(M14,I14,E14) -> 0
B15: OP 9 | D15: 0.4 | E15: =C15*D15 -> 0 | H15: 0.6 | I15: =G15*H15 -> 0 | P15: OP 9 | Q15: =SUM(M15,I15,E15) -> 0
B16: OP 10 | D16: 0.4 | E16: =C16*D16 -> 0 | H16: 0.6 | I16: =G16*H16 -> 0 | P16: OP 10 | Q16: =SUM(M16,I16,E16) -> 0
P19: Interim Total Evaluated Price | Q19: =SUM(Q7:Q16) -> 0
P21: Total Reset Plan Value | Q21: 660000000
P23: Total Evaluated Price | Q23: =SUM(Q19:Q21) -> 660000000

Sheet EPA's
B1: Economic Price Adjustment - Natural Gas
C3: Natural Gas Base Reference Cost (per MMBTU) | D3: Total Natural Gas Subject to EPA (MMBTU's) | E3: Base of Escalation | F3: Ordering Period Adjusted Natural Gas Cost (per MMBTU) | G3: Adjusted Natural Gas Cost (Total Value) | H3: EPA Adjustment to Total PWS Price
B4: Natural Gas EPA | C4: 3.4 | D4: 2000000 | E4: =C4*D4 -> 6800000 | F4: 6 | G4: =F4*D4 -> 12000000 | H4: =G4-E4 -> 5200000
B11: Economic Price Adjustment - General Inflation
