Workbook
Name Common: #REF!
Name Consum: #REF!
Name EngRate: #REF!
Name GARate: #REF!
Name GrossProfit: #REF!
Name MatHandle: #REF!
Name Risk: #REF!
Name ShopRate: #REF!

Sheet INSTRUCTIONS
B1: Source Selection Information - See FAR 2.101 and 3.104
B2: KC-135 Center Console Refresh (CCR) Source Selection
B3: Attachment 3B, EPW - SUB
B4: Notes:
B5: 1. The worksheet tabs highlighted in yellow within Attachment 3B require Offeror input; the cells within each worksheet requiring input are highlighted in yellow
B6: 2. All proposed dollar amounts and labor rates shall be rounded to two decimal places. All proposed rates in percentages shall be rounded to four decimal places (ex. .0755 = 7.55%)
B7: 3. The total proposed price is calculated in the "SUMMARY" worksheet
B9: Instructions for completing this Cost Model:
B11: Cost Model - CPIF CLINs 0001 - 0003:
B12: 1 | C12: Refer to the "Notes" on each CPIF worksheet for specific information/instructions
B13: 2 | C13: The format of the Cost Model worksheets entitled "SUB CPIF RATES (ALL)", "SUB CPIF RATE DESC (ALL)", "SUB CPIF LABOR by TASK", "SUB CPIF LABOR INPUTS", "SUB CPIF TOTAL MATERIAL", "SUB CPIF TOTAL SUB", "SUB CPIF TOTAL ODC" and "CPIF CLIN 000X-TASK 1.XX INPUTS" may be revised by the Offeror as necessary; if revisions are made, Offerors shall ensure properly linking to corresponding worksheets
B14: 3 | C14: The "CPIF CLIN 000X-TASK 1.XX INPUTS" worksheets are linked to the "SUB CPIF RATES (ALL)", "SUB CPIF LABOR INPUTS", "SUB CPIF TOTAL MATERIAL", "SUB CPIF TOTAL SUB", and "SUB CPIF TOTAL ODC" worksheets. Inputs in the "CPIF CLIN 000X-TASK 1.XX INPUTS" worksheets are not required, but the format of these worksheets may be revised, if necessary
B15: 4 | C15: The "CPIF CLIN 000X TOTAL" worksheets are linked to the "CPIF CLIN 000X-TASK 1.XX INPUTS" worksheets; no inputs are required, but the format of these worksheets should be revised to align with "CPIF 000X-TASK 1.XX INPUTS" worksheets, if necessary
B16: 5 | C16: The "CPIF CLIN 000X SUMMARY" worksheets includes links to the "CPIF CLIN 000X-TASK 1.XX INPUTS" worksheets; no inputs required
B17: 6 | C17: The total proposed amounts for the CPIF CLINs will automatically populate the "SUMMARY" worksheet; no inputs required

Sheet SUMMARY
A1: MAJOR SUBCONTRACTOR | B1: ='SUB CPIF RATES (ALL)'!C1 -> NAME
A2: PRIME OFFEROR | B2: ='SUB CPIF RATES (ALL)'!C2 -> NAME
A4: Notes: Proposed CLIN amounts are linked to the "CPIF CLIN 000X TOTAL" worksheets; no input required
A7: KC-135 Center Console Refresh (CCR) Competitive Pricing Matrix SUMMARY | E7: Basic Period (48 months)
A8: CLIN Description | B8: Contract Type | C8: Unit of Issue | D8: Basic Period CLIN | E8: Qty | F8: Unit Price | G8: Extended Price | I8: TOTAL EVALUATED PRICE
A9: EMD | E9: EMD
A10: Development | B10: Cost Plus Incentive Fee (CPIF) | C10: Lot | D10: 0001 | E10: 1 | F10: ='CPIF CLIN 0001 TOTAL'!Q74 -> 0 | G10: =ROUND(E10*F10,0) -> 0 | I10: =G10 -> 0
A11: Simulator Kit | B11: CPIF | C11: Lot | D11: 0002 | E11: 1 | F11: ='CPIF CLIN 0002 TOTAL'!Q73 -> 0 | G11: =ROUND(E11*F11,0) -> 0 | I11: =G11 -> 0
A12: Systems Integration Laboratory (SIL) | B12: CPIF | C12: Lot | D12: 0003 | E12: 1 | F12: ='CPIF CLIN 0003 TOTAL'!Q74 -> 0 | G12: =ROUND(E12*F12,0) -> 0 | I12: =G12 -> 0
A13: Data - EMD | B13: Not Separately Priced (NSP) | C13: N/A | D13: 0004
A14: Travel - EMD | B14: Cost Reimbursable - No Fee (CR-NF) | C14: N/A | D14: 0005
A15: Intellectual Property | B15: NSP | C15: N/A | D15: 0006
F16: TOTAL | G16: =G10+G11+G12 -> 0 | I16: =I10+I11+I12 -> 0 | J16: TOTAL EVALUATED PRICE

Sheet SUB CPIF RATES (ALL)
B1: MAJOR SUBCONTRACTOR | C1: NAME
B2: PRIME OFFEROR | C2: NAME
B4: KC-135 Center Console Refresh (CCR) Major Subontractor Direct Labor and Indirect Rates
B6: Notes:
B7: 1. The format of this worksheet may be revised as required to be consistent with the Major Subcontractor's approved Accounting System to include, but not limited to, inserting additional labor categories and revising the indirect rate structure
B8: 2. The Major Subcontractor shall propose labor rates and indirect rates in the yellow-highlighted cells below. All proposed labor rates shall be rounded to two (2) decimal places. All rates in percentages shall be rounded to four decimal places (ex. .0755 = 7.55%)
B9: 3. The Major Subcontractor shall input the proposed rates and indirect rates below and ensure these cells are linked correctly to the relevant CPIF rate cells on the "CPIF CLIN 0001 - TASK 1.0X" INPUTS", "CPIF CLIN 0002 - TASK 1.0X INPUTS", and "CPIF CLIN 0003 - TASK 1.0X INPUTS" worksheets
B10: 4. The Major Subcontractor shall provide descriptions of the labor categories and indirect rates in the "SUB CPIF RATE DESC (ALL)" worksheet, in addition to base costs upon which indirect rates apply
B11: 5. The Major Subcontractor shall ensure that all labor and indirect rate categories included in the proposal for EMD CLINs 0001, 0002, and 0003 are included in this worksheet
C13: Proposed Direct Labor Rates
C14: Basic (Year 1) | D14: Basic (Year 2) | E14: Basic (Year 3) | F14: Basic (Year 4)
B15: Labor Category | C15: Hourly Rate | D15: Hourly Rate | E15: Hourly Rate | F15: Hourly Rate
B16: Insert all direct labor categories that apply (add more rows if necessary); make changes to below categories accordingly and ensure cells properly link to the 'CPIF CLIN 000X - TASK 1.XX INPUTS' worksheets for CLINs 0001,0002, and 0003
C33: Proposed Indirect Rates/Factors
B34: Indirect Rate Category (Labor) | C34: Basic (Year 1) | D34: Basic (Year 2) | E34: Basic (Year 3) | F34: Basic (Year 4)
B35: Insert all indirect categories that apply to labor costs; make changes to below categories accordingly and ensure cells properly link to the 'CPIF CLIN 000X - TASK 1.XX INPUTS' worksheets (Columns E, I, and M for CLINs 0001,0002, and 0003) and align with the rates reflected in the 'SUB CPIF RATE DESC (ALL)' work sheet
B36: Indirect Labor Category: [Labor Fringe]
B37: Indirect Labor Category: [Labor Overhead]
B38: Indirect Labor Category: [G&A]
B39: Indirect Labor Category: [FCCOM]
B40: Indirect Labor Category: [Target Fee]
C42: Proposed Subcontractor Rates/Factors (Burdens added by Prime to Subcontractor Costs)
B43: Indirect Rate Category (Subcontractor) | C43: Basic (Year 1) | D43: Basic (Year 2) | E43: Basic (Year 3) | F43: Basic (Year 4)
B44: Insert all indirect categories that the Major Subcontractor will apply to subcontractor costs; make changes to below categories accordingly and ensure cells link properly to the 'CPIF CLIN 000X - TASK 1.XX INPUTS' worksheets (Columns E, I, and M for CLINs 0001, 0002, and 0003) and align with the rates reflected in the 'PRIME CPIF RATE DESC (ALL)' work sheet
B45: Indirect Category: [Overhead] | I45: `
B46: Indirect Category: [G&A]
B47: Indirect Category: [FCCOM]
B48: Indirect Category: [Target Fee]
C50: Proposed Material Rates/Factors
B51: Indirect Rate Category (Material) | C51: Basic (Year 1) | D51: Basic (Year 2) | E51: Basic (Year 3) | F51: Basic (Year 4)
B52: Insert all indirect categories that apply to material costs; make changes to below categories accordingly and ensure cells link properly to the 'CPIF CLIN 000X - TASK 1.XX INPUTS' worksheets (Columns, E, I, and M for CLINs 0001, 0002, and 0003) and align with the rates reflected in the 'PRIME CPIF Rate Desc (All)' work sheet
B53: Indirect Category: [Material Overhead]
B54: Indirect Category: [G&A]
B55: Indirect Category: [FCCOM]
B56: Indirect Category: [Target Fee]
C58: Proposed Other Direct Cost (ODC) Rates/Factors
B59: Indirect ODC Category (Other) | C59: Basic (Year 1) | D59: Basic (Year 2) | E59: Basic (Year 3) | F59: Basic (Year 4)
B60: Insert all indirect categories that apply to ODC; make changes to below categories accordingly and ensure cells link properly to the 'CPIF CLIN 000X - TASK 1.XX INPUTS' worksheets (Columns, E, I, and M for CLINs 0001, 0002, and 0003) and align with the rates reflected in the 'PRIME CPIF Rate Desc (All)' work sheet
B61: Indirect Category: [Overhead]
B62: Indirect Category: [G&A]
B63: Indirect Category: [FCCOM]
B64: Indirect Category: [Target Fee]

Sheet SUB CPIF RATE DESC (ALL)
B1: MAJOR SUBCONTRACTOR | C1: ='SUB CPIF RATES (ALL)'!C1 -> NAME
B2: PRIME OFFEROR | C2: ='SUB CPIF RATES (ALL)'!C2 -> NAME
B4: KC-135 Center Console Refresh (CCR) Major Subcontractor Direct Labor and Indirect Rates
B6: Notes:
B7: 1. The format of this worksheet may be revised as required to be consistent with the Major Subcontractor's approved Accounting System to include, but not limited to, inserting additional labor categories and revising the indirect rate structure
B8: 2. The Major Subcontractor shall list all proposed labor categories and provide a summary description for each labor category
B9: 3. The Major Subcontractor shall list all proposed indirect rate categories, and provide a summary description of each indirect rate category along with the base cost upon which the indirect rate is applied
B10: 4. The Major Subcontractor shall ensure that all labor and indirect rate categories included in the proposal for EMD CLINs 0001, 0002, and 0003 are included in this worksheet
B12: Labor Category and Indirect Rate Descriptions
B14: Labor Category | C14: Description
B15: Example Labor Category: Systems Engineer/Integrator | C15: Conducts comprehensive system-wide review and analysis of all aspects of the development life cycle. Provides expertise in the transition of legacy systems to modernized systems.
B16: ='SUB CPIF RATES (ALL)'!B17 -> 0
B17: ='SUB CPIF RATES (ALL)'!B18 -> 0
B18: ='SUB CPIF RATES (ALL)'!B19 -> 0
B19: ='SUB CPIF RATES (ALL)'!B20 -> 0
B20: ='SUB CPIF RATES (ALL)'!B21 -> 0
B21: ='SUB CPIF RATES (ALL)'!B22 -> 0
B22: ='SUB CPIF RATES (ALL)'!B23 -> 0
B23: ='SUB CPIF RATES (ALL)'!B24 -> 0
B24: ='SUB CPIF RATES (ALL)'!B25 -> 0
B25: ='SUB CPIF RATES (ALL)'!B26 -> 0
B26: ='SUB CPIF RATES (ALL)'!B27 -> 0
B27: ='SUB CPIF RATES (ALL)'!B28 -> 0
... B30: ='SUB CPIF RATES (ALL)'!B31 -> 0
B32: Indirect Rate Category | C32: Description | D32: Allocation Base (Provide the base upon which the Indirect Rate is applied)
B33: Example: Labor Fringe | C33: Includes employee retirement plans, health insurance, and paid time off for sick leave and vacation | D33: The base for Labor Fringe is total direct labor costs
B34: Labor Fringe
B35: Overhead (Labor)
B36: Overhead (Material)
B37: Overhead (Subcontractor)
B38: Overhead (ODC)
B39: General & Administrative (G&A)
B40: Facilities Capital Cost of Money (FCCOM)
B41: Target Fee

Sheet SUB CPIF LABOR by TASK
B1: MAJOR SUBCONTRACTOR | C1: ='SUB CPIF RATES (ALL)'!C1 -> NAME
B2: PRIME OFFEROR | C2: ='SUB CPIF RATES (ALL)'!C2 -> NAME
B4: KC-135 Center Console Refresh (CCR) Major Subcontractor Labor by Task
B6: Notes:
B7: 1. The format of this worksheet shall be revised to include every WBS (at the sub-task level) with proposed labor (if a WBS does not include proposed labor, do not include below)
B8: 2. At the sub-WBS level, the Prime Offeror shall provide the task to be performed, the labor category proposed to perform this task, the number of Full-Time Equivalents (FTEs) and corresponding labor hours to be utilized, and rationale to support the proposed labor
B9: 3. An example input has been provided in the template below (for illustrative purposes only); offerors shall delete the example in their proposal submission
A11: Task Number | B11: Task | C11: Labor Category | D11: # FTEs/Hours | E11: Rationale
A12: Example - For Illustrative Purposes Only
A13: 1.01 | B13: Development Thru PDR
A14: 1.01.01 | B14: ADD TITLE HERE | C14: ENGINEER I | D14: 2 FTEs x 1,784 hours | E14: To develop engineering plans
C15: ENGINEER II | E15: To evaluate engineering plans
C16: QUALITY SPECIALIST | E16: To evaluate quality of the engineering plans

Sheet SUB CPIF LABOR INPUTS
B1: MAJOR SUBCONTRACTOR | C1: ='SUB CPIF RATES (ALL)'!C1 -> NAME
B2: PRIME OFFEROR | C2: ='SUB CPIF RATES (ALL)'!C2 -> NAME
B4: Notes:
B5: 1. The format of this worksheet should be revised as required to include all proposed labor by task
B6: 2. The Major Subcontractor shall input the proposed labor categories and corresponding labor hours by task (at the sub-task level) in the yellow-highlighted cells below; ensure consistency with the "PRIME LABOR by TASK" worksheet
B7: 3. The Major Subcontractor shall ensure that the proposed labor rates properly link to the corresponding labor rates reflected in the "SUB-CPIF RATES (ALL)" worksheet
B8: 4. The Major Subcontractor shall ensure that all labor categories included in the proposal for EMD CLINs 0001, 0002, and 0003 are included in this worksheet
B10: CLIN 0001 DEVELOPMENT, TASK 1.01 DEVELOPMENT THROUGH PDR | D10: PROPOSED COSTS/PRICES - LABOR | H10: PROPOSED COSTS/PRICES - LABOR | L10: PROPOSED COSTS/PRICES - LABOR | P10: PROPOSED COSTS/PRICES - LABOR
D11: Basic Period (Year 1) | H11: Basic Period (Year 2) | L11: Basic Period (Year 3) | P11: Basic Period (Year 4)
B12: Labor Category | C12: Task | D12: Labor Hours | E12: Labor Rates | F12: Direct Labor Cost | H12: Labor Hours | I12: Labor Rates | J12: Direct Labor Cost | L12: Labor Hours | M12: Labor Rates | N12: Direct Labor Cost | P12: Labor Hours | Q12: Labor Rates | R12: Direct Labor Cost
B13: Insert all labor categories that apply; add/delete rows as necessary and ensure cells in Columns E, I, and M are properly linked to the rates in the 'SUB-CPIF RATES (ALL)' worksheet | C13: Insert applicable task by labor category at sub-task level (ex. 1.01.01, 1.01.02, and so forth); ensure consistency with the 'SUB LABOR by TASK' worksheet | D13: Insert proposed labor hours by labor category and sub-task | E13: Link corresponding proposed labor rate; ensure the labor rate aligns with 'SUB CPIF RATES (ALL)' worksheet | H13: Insert proposed labor hours by labor category and sub-task | I13: Link corresponding proposed labor rate; ensure the labor rate aligns with 'SUB CPIF RATES (ALL)' worksheet | L13: Insert proposed labor hours by labor category and sub-task | M13: Link corresponding proposed labor rate; ensure the labor rate aligns with 'SUB CPIF RATES (ALL)' worksheet | P13: Insert proposed labor hours by labor category and sub-task | Q13: Link corresponding proposed labor rate; ensure the labor rate aligns with 'SUB CPIF RATES (ALL)' worksheet
B14: Labor Category : [INSERT LABOR CATEGORY NAME HERE] | C14: 1.01.01 | D14: 0 | E14: 0 | F14: =ROUND(D14*E14,0) -> 0 | H14: 0 | I14: 0 | J14: =ROUND(H14*I14,0) -> 0 | L14: 0 | M14: 0 | N14: =ROUND(L14*M14,0) -> 0 | P14: 0 | Q14: 0 | R14: =ROUND(P14*Q14,0) -> 0
B15: Labor Category : [INSERT LABOR CATEGORY NAME HERE] | D15: 0 | E15: 0 | F15: =ROUND(D15*E15,0) -> 0 | H15: 0 | I15: 0 | J15: =ROUND(H15*I15,0) -> 0 | L15: 0 | M15: 0 | N15: =ROUND(L15*M15,0) -> 0 | P15: 0 | Q15: 0 | R15: =ROUND(P15*Q15,0) -> 0
B16: Labor Category : [INSERT LABOR CATEGORY NAME HERE] | D16: 0 | E16: 0 | F16: =ROUND(D16*E16,0) -> 0 | H16: 0 | I16: 0 | J16: =ROUND(H16*I16,0) -> 0 | L16: 0 | M16: 0 | N16: =ROUND(L16*M16,0) -> 0 | P16: 0 | Q16: 0 | R16: =ROUND(P16*Q16,0) -> 0
B17: Labor Category : [INSERT LABOR CATEGORY NAME HERE] | D17: 0 | E17: 0 | F17: =ROUND(D17*E17,0) -> 0 | H17: 0 | I17: 0 | J17: =ROUND(H17*I17,0) -> 0 | L17: 0 | M17: 0 | N17: =ROUND(L17*M17,0) -> 0 | P17: 0 | Q17: 0 | R17: =ROUND(P17*Q17,0) -> 0
B18: Labor Category : [INSERT LABOR CATEGORY NAME HERE] | D18: 0 | E18: 0 | F18: =ROUND(D18*E18,0) -> 0 | H18: 0 | I18: 0 | J18: =ROUND(H18*I18,0) -> 0 | L18: 0 | M18: 0 | N18: =ROUND(L18*M18,0) -> 0 | P18: 0 | Q18: 0 | R18: =ROUND(P18*Q18,0) -> 0
B19: Labor Category : [INSERT LABOR CATEGORY NAME HERE] | C19: 1.01.02 | D19: 0 | E19: 0 | F19: =ROUND(D19*E19,0) -> 0 | H19: 0 | I19: 0 | J19: =ROUND(H19*I19,0) -> 0 | L19: 0 | M19: 0 | N19: =ROUND(L19*M19,0) -> 0 | P19: 0 | Q19: 0 | R19: =ROUND(P19*Q19,0) -> 0
B20: Labor Category : [INSERT LABOR CATEGORY NAME HERE] | D20: 0 | E20: 0 | F20: =ROUND(D20*E20,0) -> 0 | H20: 0 | I20: 0 | J20: =ROUND(H20*I20,0) -> 0 | L20: 0 | M20: 0 | N20: =ROUND(L20*M20,0) -> 0 | P20: 0 | Q20: 0 | R20: =ROUND(P20*Q20,0) -> 0
B21: Labor Category : [INSERT LABOR CATEGORY NAME HERE] | D21: 0 | E21: 0 | F21: =ROUND(D21*E21,0) -> 0 | H21: 0 | I21: 0 | J21: =ROUND(H21*I21,0) -> 0 | L21: 0 | M21: 0 | N21: =ROUND(L21*M21,0) -> 0 | P21: 0 | Q21: 0 | R21: =ROUND(P21*Q21,0) -> 0
B22: Labor Category : [INSERT LABOR CATEGORY NAME HERE] | D22: 0 | E22: 0 | F22: =ROUND(D22*E22,0) -> 0 | H22: 0 | I22: 0 | J22: =ROUND(H22*I22,0) -> 0 | L22: 0 | M22: 0 | N22: =ROUND(L22*M22,0) -> 0 | P22: 0 | Q22: 0 | R22: =ROUND(P22*Q22,0) -> 0
B23: Labor Category : [INSERT LABOR CATEGORY NAME HERE] | D23: 0 | E23: 0 | F23: =ROUND(D23*E23,0) -> 0 | H23: 0 | I23: 0 | J23: =ROUND(H23*I23,0) -> 0 | L23: 0 | M23: 0 | N23: =ROUND(L23*M23,0) -> 0 | P23: 0 | Q23: 0 | R23: =ROUND(P23*Q23,0) -> 0
B24: Labor Category : [INSERT LABOR CATEGORY NAME HERE] | C24: 1.01.03 | D24: 0 | E24: 0 | F24: =ROUND(D24*E24,0) -> 0 | H24: 0 | I24: 0 | J24: =ROUND(H24*I24,0) -> 0 | L24: 0 | M24: 0 | N24: =ROUND(L24*M24,0) -> 0 | P24: 0 | Q24: 0 | R24: =ROUND(P24*Q24,0) -> 0
B25: Labor Category : [INSERT LABOR CATEGORY NAME HERE] | D25: 0 | E25: 0 | F25: =ROUND(D25*E25,0) -> 0 | H25: 0 | I25: 0 | J25: =ROUND(H25*I25,0) -> 0 | L25: 0 | M25: 0 | N25: =ROUND(L25*M25,0) -> 0 | P25: 0 | Q25: 0 | R25: =ROUND(P25*Q25,0) -> 0
B26: Labor Category : [INSERT LABOR CATEGORY NAME HERE] | D26: 0 | E26: 0 | F26: =ROUND(D26*E26,0) -> 0 | H26: 0 | I26: 0 | J26: =ROUND(H26*I26,0) -> 0 | L26: 0 | M26: 0 | N26: =ROUND(L26*M26,0) -> 0 | P26: 0 | Q26: 0 | R26: =ROUND(P26*Q26,0) -> 0
B27: Labor Category : [INSERT LABOR CATEGORY NAME HERE] | D27: 0 | E27: 0 | F27: =ROUND(D27*E27,0) -> 0 | H27: 0 | I27: 0 | J27: =ROUND(H27*I27,0) -> 0 | L27: 0 | M27: 0 | N27: =ROUND(L27*M27,0) -> 0 | P27: 0 | Q27: 0 | R27: =ROUND(P27*Q27,0) -> 0
B28: Labor Category : [INSERT LABOR CATEGORY NAME HERE] | D28: 0 | E28: 0 | F28: =ROUND(D28*E28,0) -> 0 | H28: 0 | I28: 0 | J28: =ROUND(H28*I28,0) -> 0 | L28: 0 | M28: 0 | N28: =ROUND(L28*M28,0) -> 0 | P28: 0 | Q28: 0 | R28: =ROUND(P28*Q28,0) -> 0
B29: TOTAL DIRECT LABOR HOURS/COST | D29: =SUM(D14:D28) -> 0 | F29: =ROUND(SUM(F14:F28),0) -> 0 | H29: =SUM(H14:H28) -> 0 | J29: =ROUND(SUM(J14:J28),0) -> 0 | L29: =SUM(L14:L28) -> 0 | N29: =ROUND(SUM(N14:N28),0) -> 0 | P29: =SUM(P14:P28) -> 0 | R29: =ROUND(SUM(R14:R28),0) -> 0
B31: CLIN 0001 DEVELOPMENT, TASK 1.02 DEVELOPMENT FROM PDR TO CDR | D31: PROPOSED COSTS/PRICES - LABOR | H31: PROPOSED COSTS/PRICES - LABOR | L31: PROPOSED COSTS/PRICES - LABOR | P31: PROPOSED COSTS/PRICES - LABOR
D32: =D11 -> Basic Period (Year 1) | H32: =H11 -> Basic Period (Year 2) | L32: =L11 -> Basic Period (Year 3) | P32: =P11 -> Basic Period (Year 4)
B33: Labor Category | C33: Task | D33: Labor Hours | E33: Labor Rates | F33: Direct Labor Cost | H33: Labor Hours | I33: Labor Rates | J33: Direct Labor Cost | L33: Labor Hours | M33: Labor Rates | N33: Direct Labor Cost | P33: Labor Hours | Q33: Labor Rates | R33: Direct Labor Cost
B34: Insert all labor categories that apply; add/delete rows as necessary and ensure cells in Columns E, I, and M are properly linked to the rates in the 'SUB-CPIF RATES (ALL)' worksheet | C34: Insert applicable task by labor category at sub-task level (ex. 1.01.01, 1.01.02, and so forth); ensure consistency with the 'SUB LABOR by TASK' worksheet | D34: Insert proposed labor hours by labor category and sub-task | E34: Link corresponding proposed labor rate; ensure the labor rate aligns with 'SUB CPIF RATES (ALL)' worksheet | H34: Insert proposed labor hours by labor category and sub-task | I34: Link corresponding proposed labor rate; ensure the labor rate aligns with 'SUB CPIF RATES (ALL)' worksheet | L34: Insert proposed labor hours by labor category and sub-task | M34: Link corresponding proposed labor rate; ensure the labor rate aligns with 'SUB CPIF RATES (ALL)' worksheet | P34: Insert proposed labor hours by labor category and sub-task | Q34: Link corresponding proposed labor rate; ensure the labor rate aligns with 'SUB CPIF RATES (ALL)' worksheet
B35: Labor Category : [INSERT LABOR CATEGORY NAME HERE] | C35: 1.02.01 | D35: 0 | E35: 0 | F35: =ROUND(D35*E35,0) -> 0 | H35: 0 | I35: 0 | J35: =ROUND(H35*I35,0) -> 0 | L35: 0 | M35: 0 | N35: =ROUND(L35*M35,0) -> 0 | P35: 0 | Q35: 0 | R35: =ROUND(P35*Q35,0) -> 0
B36: Labor Category : [INSERT LABOR CATEGORY NAME HERE] | D36: 0 | E36: 0 | F36: =ROUND(D36*E36,0) -> 0 | H36: 0 | I36: 0 | J36: =ROUND(H36*I36,0) -> 0 | L36: 0 | M36: 0 | N36: =ROUND(L36*M36,0) -> 0 | P36: 0 | Q36: 0 | R36: =ROUND(P36*Q36,0) -> 0
B37: Labor Category : [INSERT LABOR CATEGORY NAME HERE] | D37: 0 | E37: 0 | F37: =ROUND(D37*E37,0) -> 0 | H37: 0 | I37: 0 | J37: =ROUND(H37*I37,0) -> 0 | L37: 0 | M37: 0 | N37: =ROUND(L37*M37,0) -> 0 | P37: 0 | Q37: 0 | R37: =ROUND(P37*Q37,0) -> 0
B38: Labor Category : [INSERT LABOR CATEGORY NAME HERE] | D38: 0 | E38: 0 | F38: =ROUND(D38*E38,0) -> 0 | H38: 0 | I38: 0 | J38: =ROUND(H38*I38,0) -> 0 | L38: 0 | M38: 0 | N38: =ROUND(L38*M38,0) -> 0 | P38: 0 | Q38: 0 | R38: =ROUND(P38*Q38,0) -> 0
B39: Labor Category : [INSERT LABOR CATEGORY NAME HERE] | D39: 0 | E39: 0 | F39: =ROUND(D39*E39,0) -> 0 | H39: 0 | I39: 0 | J39: =ROUND(H39*I39,0) -> 0 | L39: 0 | M39: 0 | N39: =ROUND(L39*M39,0) -> 0 | P39: 0 | Q39: 0 | R39: =ROUND(P39*Q39,0) -> 0
B40: Labor Category : [INSERT LABOR CATEGORY NAME HERE] | C40: 1.02.02 | D40: 0 | E40: 0 | F40: =ROUND(D40*E40,0) -> 0 | H40: 0 | I40: 0 | J40: =ROUND(H40*I40,0) -> 0 | L40: 0 | M40: 0 | N40: =ROUND(L40*M40,0) -> 0 | P40: 0 | Q40: 0 | R40: =ROUND(P40*Q40,0) -> 0
B41: Labor Category : [INSERT LABOR CATEGORY NAME HERE] | D41: 0 | E41: 0 | F41: =ROUND(D41*E41,0) -> 0 | H41: 0 | I41: 0 | J41: =ROUND(H41*I41,0) -> 0 | L41: 0 | M41: 0 | N41: =ROUND(L41*M41,0) -> 0 | P41: 0 | Q41: 0 | R41: =ROUND(P41*Q41,0) -> 0
B42: Labor Category : [INSERT LABOR CATEGORY NAME HERE] | D42: 0 | E42: 0 | F42: =ROUND(D42*E42,0) -> 0 | H42: 0 | I42: 0 | J42: =ROUND(H42*I42,0) -> 0 | L42: 0 | M42: 0 | N42: =ROUND(L42*M42,0) -> 0 | P42: 0 | Q42: 0 | R42: =ROUND(P42*Q42,0) -> 0
B43: Labor Category : [INSERT LABOR CATEGORY NAME HERE] | D43: 0 | E43: 0 | F43: =ROUND(D43*E43,0) -> 0 | H43: 0 | I43: 0 | J43: =ROUND(H43*I43,0) -> 0 | L43: 0 | M43: 0 | N43: =ROUND(L43*M43,0) -> 0 | P43: 0 | Q43: 0 | R43: =ROUND(P43*Q43,0) -> 0
B44: Labor Category : [INSERT LABOR CATEGORY NAME HERE] | D44: 0 | E44: 0 | F44: =ROUND(D44*E44,0) -> 0 | H44: 0 | I44: 0 | J44: =ROUND(H44*I44,0) -> 0 | L44: 0 | M44: 0 | N44: =ROUND(L44*M44,0) -> 0 | P44: 0 | Q44: 0 | R44: =ROUND(P44*Q44,0) -> 0
B45: Labor Category : [INSERT LABOR CATEGORY NAME HERE] | C45: 1.02.03 | D45: 0 | E45: 0 | F45: =ROUND(D45*E45,0) -> 0 | H45: 0 | I45: 0 | J45: =ROUND(H45*I45,0) -> 0 | L45: 0 | M45: 0 | N45: =ROUND(L45*M45,0) -> 0 | P45: 0 | Q45: 0 | R45: =ROUND(P45*Q45,0) -> 0
B46: Labor Category : [INSERT LABOR CATEGORY NAME HERE] | D46: 0 | E46: 0 | F46: =ROUND(D46*E46,0) -> 0 | H46: 0 | I46: 0 | J46: =ROUND(H46*I46,0) -> 0 | L46: 0 | M46: 0 | N46: =ROUND(L46*M46,0) -> 0 | P46: 0 | Q46: 0 | R46: =ROUND(P46*Q46,0) -> 0
B47: Labor Category : [INSERT LABOR CATEGORY NAME HERE] | D47: 0 | E47: 0 | F47: =ROUND(D47*E47,0) -> 0 | H47: 0 | I47: 0 | J47: =ROUND(H47*I47,0) -> 0 | L47: 0 | M47: 0 | N47: =ROUND(L47*M47,0) -> 0 | P47: 0 | Q47: 0 | R47: =ROUND(P47*Q47,0) -> 0
B48: Labor Category : [INSERT LABOR CATEGORY NAME HERE] | D48: 0 | E48: 0 | F48: =ROUND(D48*E48,0) -> 0 | H48: 0 | I48: 0 | J48: =ROUND(H48*I48,0) -> 0 | L48: 0 | M48: 0 | N48: =ROUND(L48*M48,0) -> 0 | P48: 0 | Q48: 0 | R48: =ROUND(P48*Q48,0) -> 0
B49: Labor Category : [INSERT LABOR CATEGORY NAME HERE] | D49: 0 | E49: 0 | F49: =ROUND(D49*E49,0) -> 0 | H49: 0 | I49: 0 | J49: =ROUND(H49*I49,0) -> 0 | L49: 0 | M49: 0 | N49: =ROUND(L49*M49,0) -> 0 | P49: 0 | Q49: 0 | R49: =ROUND(P49*Q49,0) -> 0
B50: TOTAL DIRECT LABOR HOURS/COST | D50: =SUM(D35:D49) -> 0 | F50: =ROUND(SUM(F35:F49),0) -> 0 | H50: =SUM(H35:H49) -> 0 | J50: =ROUND(SUM(J35:J49),0) -> 0 | L50: =SUM(L35:L49) -> 0 | N50: =ROUND(SUM(N35:N49),0) -> 0 | P50: =SUM(P35:P49) -> 0 | R50: =ROUND(SUM(R35:R49),0) -> 0
B52: CLIN 0001 DEVELOPMENT, TASK 1.03 SYSTEM TEST AND EVALUATION | D52: PROPOSED COSTS/PRICES - LABOR | H52: PROPOSED COSTS/PRICES - LABOR | L52: PROPOSED COSTS/PRICES - LABOR | P52: PROPOSED COSTS/PRICES - LABOR
D53: =D11 -> Basic Period (Year 1) | H53: =H11 -> Basic Period (Year 2) | L53: =L11 -> Basic Period (Year 3) | P53: =P11 -> Basic Period (Year 4)
B54: Labor Category | C54: Task | D54: Labor Hours | E54: Labor Rates | F54: Direct Labor Cost | H54: Labor Hours | I54: Labor Rates | J54: Direct Labor Cost | L54: Labor Hours | M54: Labor Rates | N54: Direct Labor Cost | P54: Labor Hours | Q54: Labor Rates | R54: Direct Labor Cost
B55: Insert all labor categories that apply; add/delete rows as necessary and ensure cells in Columns E, I, and M are properly linked to the rates in the 'SUB-CPIF RATES (ALL)' worksheet | C55: Insert applicable task by labor category at sub-task level (ex. 1.01.01, 1.01.02, and so forth); ensure consistency with the 'SUB LABOR by TASK' worksheet | D55: Insert proposed labor hours by labor category and sub-task | E55: Link corresponding proposed labor rate; ensure the labor rate aligns with 'SUB CPIF RATES (ALL)' worksheet | H55: Insert proposed labor hours by labor category and sub-task | I55: Link corresponding proposed labor rate; ensure the labor rate aligns with 'SUB CPIF RATES (ALL)' worksheet | L55: Insert proposed labor hours by labor category and sub-task | M55: Link corresponding proposed labor rate; ensure the labor rate aligns with 'SUB CPIF RATES (ALL)' worksheet | P55: Insert proposed labor hours by labor category and sub-task | Q55: Link corresponding proposed labor rate; ensure the labor rate aligns with 'SUB CPIF RATES (ALL)' worksheet
B56: ='SUB CPIF RATES (ALL)'!B20 -> 0 | C56: 1.03.01 | D56: 0 | E56: 0 | F56: =ROUND(D56*E56,0) -> 0 | H56: 0 | I56: 0 | J56: =ROUND(H56*I56,0) -> 0 | L56: 0 | M56: 0 | N56: =ROUND(L56*M56,0) -> 0 | P56: 0 | Q56: 0 | R56: =ROUND(P56*Q56,0) -> 0
B57: Labor Category : [INSERT LABOR CATEGORY NAME HERE] | D57: 0 | E57: 0 | F57: =ROUND(D57*E57,0) -> 0 | H57: 0 | I57: 0 | J57: =ROUND(H57*I57,0) -> 0 | L57: 0 | M57: 0 | N57: =ROUND(L57*M57,0) -> 0 | P57: 0 | Q57: 0 | R57: =ROUND(P57*Q57,0) -> 0
B58: Labor Category : [INSERT LABOR CATEGORY NAME HERE] | D58: 0 | E58: 0 | F58: =ROUND(D58*E58,0) -> 0 | H58: 0 | I58: 0 | J58: =ROUND(H58*I58,0) -> 0 | L58: 0 | M58: 0 | N58: =ROUND(L58*M58,0) -> 0 | P58: 0 | Q58: 0 | R58: =ROUND(P58*Q58,0) -> 0
B59: Labor Category : [INSERT LABOR CATEGORY NAME HERE] | D59: 0 | E59: 0 | F59: =ROUND(D59*E59,0) -> 0 | H59: 0 | I59: 0 | J59: =ROUND(H59*I59,0) -> 0 | L59: 0 | M59: 0 | N59: =ROUND(L59*M59,0) -> 0 | P59: 0 | Q59: 0 | R59: =ROUND(P59*Q59,0) -> 0
B60: Labor Category : [INSERT LABOR CATEGORY NAME HERE] | D60: 0 | E60: 0 | F60: =ROUND(D60*E60,0) -> 0 | H60: 0 | I60: 0 | J60: =ROUND(H60*I60,0) -> 0 | L60: 0 | M60: 0 | N60: =ROUND(L60*M60,0) -> 0 | P60: 0 | Q60: 0 | R60: =ROUND(P60*Q60,0) -> 0
B61: Labor Category : [INSERT LABOR CATEGORY NAME HERE] | C61: 1.03.02 | D61: 0 | E61: 0 | F61: =ROUND(D61*E61,0) -> 0 | H61: 0 | I61: 0 | J61: =ROUND(H61*I61,0) -> 0 | L61: 0 | M61: 0 | N61: =ROUND(L61*M61,0) -> 0 | P61: 0 | Q61: 0 | R61: =ROUND(P61*Q61,0) -> 0
B62: Labor Category : [INSERT LABOR CATEGORY NAME HERE] | D62: 0 | E62: 0 | F62: =ROUND(D62*E62,0) -> 0 | H62: 0 | I62: 0 | J62: =ROUND(H62*I62,0) -> 0 | L62: 0 | M62: 0 | N62: =ROUND(L62*M62,0) -> 0 | P62: 0 | Q62: 0 | R62: =ROUND(P62*Q62,0) -> 0
B63: Labor Category : [INSERT LABOR CATEGORY NAME HERE] | D63: 0 | E63: 0 | F63: =ROUND(D63*E63,0) -> 0 | H63: 0 | I63: 0 | J63: =ROUND(H63*I63,0) -> 0 | L63: 0 | M63: 0 | N63: =ROUND(L63*M63,0) -> 0 | P63: 0 | Q63: 0 | R63: =ROUND(P63*Q63,0) -> 0
B64: Labor Category : [INSERT LABOR CATEGORY NAME HERE] | D64: 0 | E64: 0 | F64: =ROUND(D64*E64,0) -> 0 | H64: 0 | I64: 0 | J64: =ROUND(H64*I64,0) -> 0 | L64: 0 | M64: 0 | N64: =ROUND(L64*M64,0) -> 0 | P64: 0 | Q64: 0 | R64: =ROUND(P64*Q64,0) -> 0
B65: Labor Category : [INSERT LABOR CATEGORY NAME HERE] | D65: 0 | E65: 0 | F65: =ROUND(D65*E65,0) -> 0 | H65: 0 | I65: 0 | J65: =ROUND(H65*I65,0) -> 0 | L65: 0 | M65: 0 | N65: =ROUND(L65*M65,0) -> 0 | P65: 0 | Q65: 0 | R65: =ROUND(P65*Q65,0) -> 0
B66: Labor Category : [INSERT LABOR CATEGORY NAME HERE] | C66: 1.03.03 | D66: 0 | E66: 0 | F66: =ROUND(D66*E66,0) -> 0 | H66: 0 | I66: 0 | J66: =ROUND(H66*I66,0) -> 0 | L66: 0 | M66: 0 | N66: =ROUND(L66*M66,0) -> 0 | P66: 0 | Q66: 0 | R66: =ROUND(P66*Q66,0) -> 0
B67: Labor Category : [INSERT LABOR CATEGORY NAME HERE] | D67: 0 | E67: 0 | F67: =ROUND(D67*E67,0) -> 0 | H67: 0 | I67: 0 | J67: =ROUND(H67*I67,0) -> 0 | L67: 0 | M67: 0 | N67: =ROUND(L67*M67,0) -> 0 | P67: 0 | Q67: 0 | R67: =ROUND(P67*Q67,0) -> 0
B68: Labor Category : [INSERT LABOR CATEGORY NAME HERE] | D68: 0 | E68: 0 | F68: =ROUND(D68*E68,0) -> 0 | H68: 0 | I68: 0 | J68: =ROUND(H68*I68,0) -> 0 | L68: 0 | M68: 0 | N68: =ROUND(L68*M68,0) -> 0 | P68: 0 | Q68: 0 | R68: =ROUND(P68*Q68,0) -> 0
B69: Labor Category : [INSERT LABOR CATEGORY NAME HERE] | D69: 0 | E69: 0 | F69: =ROUND(D69*E69,0) -> 0 | H69: 0 | I69: 0 | J69: =ROUND(H69*I69,0) -> 0 | L69: 0 | M69: 0 | N69: =ROUND(L69*M69,0) -> 0 | P69: 0 | Q69: 0 | R69: =ROUND(P69*Q69,0) -> 0
B70: Labor Category : [INSERT LABOR CATEGORY NAME HERE] | D70: 0 | E70: 0 | F70: =ROUND(D70*E70,0) -> 0 | H70: 0 | I70: 0 | J70: =ROUND(H70*I70,0) -> 0 | L70: 0 | M70: 0 | N70: =ROUND(L70*M70,0) -> 0 | P70: 0 | Q70: 0 | R70: =ROUND(P70*Q70,0) -> 0
B71: TOTAL DIRECT LABOR HOURS/COST | D71: =SUM(D56:D70) -> 0 | F71: =ROUND(SUM(F56:F70),0) -> 0 | H71: =SUM(H56:H70) -> 0 | J71: =ROUND(SUM(J56:J70),0) -> 0 | L71: =SUM(L56:L70) -> 0 | N71: =ROUND(SUM(N56:N70),0) -> 0 | P71: =SUM(P56:P70) -> 0 | R71: =ROUND(SUM(R56:R70),0) -> 0
B73: CLIN 0001 DEVELOPMENT, TASK 1.04 DEVELOPMENT KITS (COTS AND DEVELOPMENTAL) | D73: PROPOSED COSTS/PRICES - LABOR | H73: PROPOSED COSTS/PRICES - LABOR | L73: PROPOSED COSTS/PRICES - LABOR | P73: PROPOSED COSTS/PRICES - LABOR
D74: =D11 -> Basic Period (Year 1) | H74: =H11 -> Basic Period (Year 2) | L74: =L11 -> Basic Period (Year 3) | P74: =P11 -> Basic Period (Year 4)
B75: Labor Category | C75: Task | D75: Labor Hours | E75: Labor Rates | F75: Direct Labor Cost | H75: Labor Hours | I75: Labor Rates | J75: Direct Labor Cost | L75: Labor Hours | M75: Labor Rates | N75: Direct Labor Cost | P75: Labor Hours | Q75: Labor Rates | R75: Direct Labor Cost
B76: Insert all labor categories that apply; add/delete rows as necessary and ensure cells in Columns E, I, and M are properly linked to the rates in the 'SUB-CPIF RATES (ALL)' worksheet | C76: Insert applicable task by labor category at sub-task level (ex. 1.01.01, 1.01.02, and so forth); ensure consistency with the 'SUB LABOR by TASK' worksheet | D76: Insert proposed labor hours by labor category and sub-task | E76: Link corresponding proposed labor rate; ensure the labor rate aligns with 'SUB CPIF RATES (ALL)' worksheet | H76: Insert proposed labor hours by labor category and sub-task | I76: Link corresponding proposed labor rate; ensure the labor rate aligns with 'SUB CPIF RATES (ALL)' worksheet | L76: Insert proposed labor hours by labor category and sub-task | M76: Link corresponding proposed labor rate; ensure the labor rate aligns with 'SUB CPIF RATES (ALL)' worksheet | P76: Insert proposed labor hours by labor category and sub-task | Q76: Link corresponding proposed labor rate; ensure the labor rate aligns with 'SUB CPIF RATES (ALL)' worksheet
B77: ='SUB CPIF RATES (ALL)'!B21 -> 0 | C77: 1.04.01 | D77: 0 | E77: 0 | F77: =ROUND(D77*E77,0) -> 0 | H77: 0 | I77: 0 | J77: =ROUND(H77*I77,0) -> 0 | L77: 0 | M77: 0 | N77: =ROUND(L77*M77,0) -> 0 | P77: 0 | Q77: 0 | R77: =ROUND(P77*Q77,0) -> 0
B78: Labor Category : [INSERT LABOR CATEGORY NAME HERE] | D78: 0 | E78: 0 | F78: =ROUND(D78*E78,0) -> 0 | H78: 0 | I78: 0 | J78: =ROUND(H78*I78,0) -> 0 | L78: 0 | M78: 0 | N78: =ROUND(L78*M78,0) -> 0 | P78: 0 | Q78: 0 | R78: =ROUND(P78*Q78,0) -> 0
B79: Labor Category : [INSERT LABOR CATEGORY NAME HERE] | D79: 0 | E79: 0 | F79: =ROUND(D79*E79,0) -> 0 | H79: 0 | I79: 0 | J79: =ROUND(H79*I79,0) -> 0 | L79: 0 | M79: 0 | N79: =ROUND(L79*M79,0) -> 0 | P79: 0 | Q79: 0 | R79: =ROUND(P79*Q79,0) -> 0
B80: Labor Category : [INSERT LABOR CATEGORY NAME HERE] | D80: 0 | E80: 0 | F80: =ROUND(D80*E80,0) -> 0 | H80: 0 | I80: 0 | J80: =ROUND(H80*I80,0) -> 0 | L80: 0 | M80: 0 | N80: =ROUND(L80*M80,0) -> 0 | P80: 0 | Q80: 0 | R80: =ROUND(P80*Q80,0) -> 0
B81: Labor Category : [INSERT LABOR CATEGORY NAME HERE] | D81: 0 | E81: 0 | F81: =ROUND(D81*E81,0) -> 0 | H81: 0 | I81: 0 | J81: =ROUND(H81*I81,0) -> 0 | L81: 0 | M81: 0 | N81: =ROUND(L81*M81,0) -> 0 | P81: 0 | Q81: 0 | R81: =ROUND(P81*Q81,0) -> 0
B82: Labor Category : [INSERT LABOR CATEGORY NAME HERE] | C82: 1.04.02 | D82: 0 | E82: 0 | F82: =ROUND(D82*E82,0) -> 0 | H82: 0 | I82: 0 | J82: =ROUND(H82*I82,0) -> 0 | L82: 0 | M82: 0 | N82: =ROUND(L82*M82,0) -> 0 | P82: 0 | Q82: 0 | R82: =ROUND(P82*Q82,0) -> 0
B83: Labor Category : [INSERT LABOR CATEGORY NAME HERE] | D83: 0 | E83: 0 | F83: =ROUND(D83*E83,0) -> 0 | H83: 0 | I83: 0 | J83: =ROUND(H83*I83,0) -> 0 | L83: 0 | M83: 0 | N83: =ROUND(L83*M83,0) -> 0 | P83: 0 | Q83: 0 | R83: =ROUND(P83*Q83,0) -> 0
B84: Labor Category : [INSERT LABOR CATEGORY NAME HERE] | D84: 0 | E84: 0 | F84: =ROUND(D84*E84,0) -> 0 | H84: 0 | I84: 0 | J84: =ROUND(H84*I84,0) -> 0 | L84: 0 | M84: 0 | N84: =ROUND(L84*M84,0) -> 0 | P84: 0 | Q84: 0 | R84: =ROUND(P84*Q84,0) -> 0
B85: Labor Category : [INSERT LABOR CATEGORY NAME HERE] | D85: 0 | E85: 0 | F85: =ROUND(D85*E85,0) -> 0 | H85: 0 | I85: 0 | J85: =ROUND(H85*I85,0) -> 0 | L85: 0 | M85: 0 | N85: =ROUND(L85*M85,0) -> 0 | P85: 0 | Q85: 0 | R85: =ROUND(P85*Q85,0) -> 0
B86: Labor Category : [INSERT LABOR CATEGORY NAME HERE] | D86: 0 | E86: 0 | F86: =ROUND(D86*E86,0) -> 0 | H86: 0 | I86: 0 | J86: =ROUND(H86*I86,0) -> 0 | L86: 0 | M86: 0 | N86: =ROUND(L86*M86,0) -> 0 | P86: 0 | Q86: 0 | R86: =ROUND(P86*Q86,0) -> 0
B87: Labor Category : [INSERT LABOR CATEGORY NAME HERE] | C87: 1.04.03 | D87: 0 | E87: 0 | F87: =ROUND(D87*E87,0) -> 0 | H87: 0 | I87: 0 | J87: =ROUND(H87*I87,0) -> 0 | L87: 0 | M87: 0 | N87: =ROUND(L87*M87,0) -> 0 | P87: 0 | Q87: 0 | R87: =ROUND(P87*Q87,0) -> 0
B88: Labor Category : [INSERT LABOR CATEGORY NAME HERE] | D88: 0 | E88: 0 | F88: =ROUND(D88*E88,0) -> 0 | H88: 0 | I88: 0 | J88: =ROUND(H88*I88,0) -> 0 | L88: 0 | M88: 0 | N88: =ROUND(L88*M88,0) -> 0 | P88: 0 | Q88: 0 | R88: =ROUND(P88*Q88,0) -> 0
B89: Labor Category : [INSERT LABOR CATEGORY NAME HERE] | D89: 0 | E89: 0 | F89: =ROUND(D89*E89,0) -> 0 | H89: 0 | I89: 0 | J89: =ROUND(H89*I89,0) -> 0 | L89: 0 | M89: 0 | N89: =ROUND(L89*M89,0) -> 0 | P89: 0 | Q89: 0 | R89: =ROUND(P89*Q89,0) -> 0
B90: Labor Category : [INSERT LABOR CATEGORY NAME HERE] | D90: 0 | E90: 0 | F90: =ROUND(D90*E90,0) -> 0 | H90: 0 | I90: 0 | J90: =ROUND(H90*I90,0) -> 0 | L90: 0 | M90: 0 | N90: =ROUND(L90*M90,0) -> 0 | P90: 0 | Q90: 0 | R90: =ROUND(P90*Q90,0) -> 0
B91: Labor Category : [INSERT LABOR CATEGORY NAME HERE] | D91: 0 | E91: 0 | F91: =ROUND(D91*E91,0) -> 0 | H91: 0 | I91: 0 | J91: =ROUND(H91*I91,0) -> 0 | L91: 0 | M91: 0 | N91: =ROUND(L91*M91,0) -> 0 | P91: 0 | Q91: 0 | R91: =ROUND(P91*Q91,0) -> 0
B92: TOTAL DIRECT LABOR HOURS/COST | D92: =SUM(D77:D91) -> 0 | F92: =ROUND(SUM(F77:F91),0) -> 0 | H92: =SUM(H77:H91) -> 0 | J92: =ROUND(SUM(J77:J91),0) -> 0 | L92: =SUM(L77:L91) -> 0 | N92: =ROUND(SUM(N77:N91),0) -> 0 | P92: =SUM(P77:P91) -> 0 | R92: =ROUND(SUM(R77:R91),0) -> 0
B94: CLIN 0001 DEVELOPMENT, TASK 1.05 PROTOTYPE SUPPORT, INSTALLATION, AND CHECKOUT | D94: PROPOSED COSTS/PRICES - LABOR | H94: PROPOSED COSTS/PRICES - LABOR | L94: PROPOSED COSTS/PRICES - LABOR | P94: PROPOSED COSTS/PRICES - LABOR
D95: =D11 -> Basic Period (Year 1) | H95: =H11 -> Basic Period (Year 2) | L95: =L11 -> Basic Period (Year 3) | P95: =P11 -> Basic Period (Year 4)
B96: Labor Category | C96: Task | D96: Labor Hours | E96: Labor Rates | F96: Direct Labor Cost | H96: Labor Hours | I96: Labor Rates | J96: Direct Labor Cost | L96: Labor Hours | M96: Labor Rates | N96: Direct Labor Cost | P96: Labor Hours | Q96: Labor Rates | R96: Direct Labor Cost
B97: Insert all labor categories that apply; add/delete rows as necessary and ensure cells in Columns E, I, and M are properly linked to the rates in the 'SUB-CPIF RATES (ALL)' worksheet | C97: Insert applicable task by labor category at sub-task level (ex. 1.01.01, 1.01.02, and so forth); ensure consistency with the 'SUB LABOR by TASK' worksheet | D97: Insert proposed labor hours by labor category and sub-task | E97: Link corresponding proposed labor rate; ensure the labor rate aligns with 'SUB CPIF RATES (ALL)' worksheet | H97: Insert proposed labor hours by labor category and sub-task | I97: Link corresponding proposed labor rate; ensure the labor rate aligns with 'SUB CPIF RATES (ALL)' worksheet | L97: Insert proposed labor hours by labor category and sub-task | M97: Link corresponding proposed labor rate; ensure the labor rate aligns with 'SUB CPIF RATES (ALL)' worksheet | P97: Insert proposed labor hours by labor category and sub-task | Q97: Link corresponding proposed labor rate; ensure the labor rate aligns with 'SUB CPIF RATES (ALL)' worksheet
B98: Labor Category : [INSERT LABOR CATEGORY NAME HERE] | C98: 1.05.01 | D98: 0 | E98: 0 | F98: =ROUND(D98*E98,0) -> 0 | H98: 0 | I98: 0 | J98: =ROUND(H98*I98,0) -> 0 | L98: 0 | M98: 0 | N98: =ROUND(L98*M98,0) -> 0 | P98: 0 | Q98: 0 | R98: =ROUND(P98*Q98,0) -> 0
B99: Labor Category : [INSERT LABOR CATEGORY NAME HERE] | D99: 0 | E99: 0 | F99: =ROUND(D99*E99,0) -> 0 | H99: 0 | I99: 0 | J99: =ROUND(H99*I99,0) -> 0 | L99: 0 | M99: 0 | N99: =ROUND(L99*M99,0) -> 0 | P99: 0 | Q99: 0 | R99: =ROUND(P99*Q99,0) -> 0
B100: Labor Category : [INSERT LABOR CATEGORY NAME HERE] | D100: 0 | E100: 0 | F100: =ROUND(D100*E100,0) -> 0 | H100: 0 | I100: 0 | J100: =ROUND(H100*I100,0) -> 0 | L100: 0 | M100: 0 | N100: =ROUND(L100*M100,0) -> 0 | P100: 0 | Q100: 0 | R100: =ROUND(P100*Q100,0) -> 0
B101: Labor Category : [INSERT LABOR CATEGORY NAME HERE] | D101: 0 | E101: 0 | F101: =ROUND(D101*E101,0) -> 0 | H101: 0 | I101: 0 | J101: =ROUND(H101*I101,0) -> 0 | L101: 0 | M101: 0 | N101: =ROUND(L101*M101,0) -> 0 | P101: 0 | Q101: 0 | R101: =ROUND(P101*Q101,0) -> 0
B102: Labor Category : [INSERT LABOR CATEGORY NAME HERE] | D102: 0 | E102: 0 | F102: =ROUND(D102*E102,0) -> 0 | H102: 0 | I102: 0 | J102: =ROUND(H102*I102,0) -> 0 | L102: 0 | M102: 0 | N102: =ROUND(L102*M102,0) -> 0 | P102: 0 | Q102: 0 | R102: =ROUND(P102*Q102,0) -> 0
B103: Labor Category : [INSERT LABOR CATEGORY NAME HERE] | C103: 1.05.02 | D103: 0 | E103: 0 | F103: =ROUND(D103*E103,0) -> 0 | H103: 0 | I103: 0 | J103: =ROUND(H103*I103,0) -> 0 | L103: 0 | M103: 0 | N103: =ROUND(L103*M103,0) -> 0 | P103: 0 | Q103: 0 | R103: =ROUND(P103*Q103,0) -> 0
B104: Labor Category : [INSERT LABOR CATEGORY NAME HERE] | D104: 0 | E104: 0 | F104: =ROUND(D104*E104,0) -> 0 | H104: 0 | I104: 0 | J104: =ROUND(H104*I104,0) -> 0 | L104: 0 | M104: 0 | N104: =ROUND(L104*M104,0) -> 0 | P104: 0 | Q104: 0 | R104: =ROUND(P104*Q104,0) -> 0
B105: Labor Category : [INSERT LABOR CATEGORY NAME HERE] | D105: 0 | E105: 0 | F105: =ROUND(D105*E105,0) -> 0 | H105: 0 | I105: 0 | J105: =ROUND(H105*I105,0) -> 0 | L105: 0 | M105: 0 | N105: =ROUND(L105*M105,0) -> 0 | P105: 0 | Q105: 0 | R105: =ROUND(P105*Q105,0) -> 0
B106: Labor Category : [INSERT LABOR CATEGORY NAME HERE] | D106: 0 | E106: 0 | F106: =ROUND(D106*E106,0) -> 0 | H106: 0 | I106: 0 | J106: =ROUND(H106*I106,0) -> 0 | L106: 0 | M106: 0 | N106: =ROUND(L106*M106,0) -> 0 | P106: 0 | Q106: 0 | R106: =ROUND(P106*Q106,0) -> 0
...

Sheet SUB CPIF TOTAL MATERIAL
B1: MAJOR SUBCONTRACTOR | C1: ='SUB CPIF RATES (ALL)'!C1 -> NAME
B2: PRIME OFFEROR | C2: ='SUB CPIF RATES (ALL)'!C2 -> NAME
B4: Notes:
B5: 1. In Contractor format, the Major Subcontractor shall provide data other than cost or pricing data in a Consolidated Bill of Material (CBOM) for all Material costs associated with EMD CLINs 0001, 0002, and 0003 (at the subtask level), in accordance with RFP Section L, Paragraph 7.3.2.
B6: 2. Populate the yellow-highlighted cells below to summarize the proposed material costs by CLIN/Task (the totals by CLIN/Task shall match the other than cost and pricing data provided in the CBOM)
B7: 3. Total Material costs by Task provided below are linked to each applicable worksheet (ex. "CPIF CLIN 0001 - TASK 1.01 INPUTS", "CPIF CLIN 0001 - TASK 1.02 INPUTS" and so forth); the Offeror shall ensure the cells are properly linked.
A9: KC-135 Center Console Refresh (CCR) - Proposed Material Summary CLINs 0001, 0002, and 0003 (CPIF) | E9: Basic Period - Year 1 | G9: Basic Period - Year 2 | I9: Basic Period - Year 3 | K9: Basic Period - Year 4
A10: Task | E10: Total Proposed Material Costs (CPIF) | G10: Total Proposed Material Costs (CPIF) | I10: Total Proposed Material Costs (CPIF) | K10: Total Proposed Material Costs (CPIF) | M10: Total Material Costs (CPIF)
A11: 1.0 | B11: Development
A12: 1.01 | C12: Development through PDR | D12: 0001 | M12: =E12+G12+I12+K12 -> 0
A13: 1.02 | C13: Development from PDR to CDR | D13: 0001 | M13: =E13+G13+I13+K13 -> 0
A14: 1.03 | C14: System Test and Evaluation | D14: 0001 | M14: =E14+G14+I14+K14 -> 0
A15: 1.04 | C15: Material - Development Kits (COTS and Developmental) | D15: 0001 | M15: =E15+G15+I15+K15 -> 0
A16: 1.05 | C16: Prototype Support, Installation, and Checkout | D16: 0001 | M16: =E16+G16+I16+K16 -> 0
A17: 1.06 | C17: Qualification, Developmental, and Operational Testing | D17: 0001 | M17: =E17+G17+I17+K17 -> 0
A18: 1.07 | C18: Material - Development Spares | D18: 0001 | M18: =E18+G18+I18+K18 -> 0
A19: 1.08 | C19: Black Label HW & SW Certification | D19: 0001 | M19: =E19+G19+I19+K19 -> 0
A20: 1.09 | C20: Systems Engineering and Program Management | D20: 0001 | M20: =E20+G20+I20+K20 -> 0
A21: 1.1 | C21: Aircrew and maintenance training | D21: 0001 | M21: =E21+G21+I21+K21 -> 0
A22: 1.11 | C22: Support Equipment | D22: 0001 | M22: =E22+G22+I22+K22 -> 0
C23: Total CPIF CLIN 0001 | E23: =SUM(E12:E22) -> 0 | G23: =SUM(G12:G22) -> 0 | I23: =SUM(I12:I22) -> 0 | K23: =SUM(K12:K22) -> 0 | M23: =E23+G23+I23+K23 -> 0
A24: 1.0 | B24: Simulator Kit
A25: 1.01 | C25: Support required to determine elements of Simulator Kit | D25: 0002 | M25: =E25+G25+I25+K25 -> 0
A26: 1.02 | C26: Material - 1 Simulator kit (Ref Section L) | D26: 0002 | M26: =E26+G26+I26+K26 -> 0
A27: 1.03 | C27: Delivery of material to Simulator SPO | D27: 0002 | M27: =E27+G27+I27+K27 -> 0
C28: Total CPIF CLIN 0002 | E28: =E25+E26+E27 -> 0 | G28: =G25+G26+G27 -> 0 | I28: =I25+I26+I27 -> 0 | K28: =K25+K26+K27 -> 0 | M28: =E28+G28+I28+K28 -> 0
A29: 1.0 | B29: Systems Integration Laboratory
A30: 1.01 | C30: Development Labor to Have an Operational SIL | D30: 0003 | M30: =E30+G30+I30+K30 -> 0
A31: 1.02 | C31: Material - Contractor Procured Material for SIL | D31: 0003 | M31: =E31+G31+I31+K31 -> 0
A32: 1.03 | C32: Material - Anticipated Required GFE | D32: 0003 | M32: =E32+G32+I32+K32 -> 0
A33: 1.04 | C33: Delivery of SIL to Government | D33: 0003 | M33: =E33+G33+I33+K33 -> 0
C34: Total CPIF CLIN 0003 | E34: =E30+E31+E32+E33 -> 0 | G34: =G30+G31+G32+G33 -> 0 | I34: =I30+I31+I32+I33 -> 0 | K34: =K30+K31+K32+K33 -> 0 | M34: =E34+G34+I34+K34 -> 0
E36: =E23+E28+E34 -> 0 | G36: =G23+G28+G34 -> 0 | I36: =I23+I28+I34 -> 0 | K36: =K23+K28+K34 -> 0 | M36: =M23+M28+M34 -> 0 | N36: Total Material Costs (CPIF)
M38: =E36+G36+I36+K36 -> 0 | N38: Double Check
M39: =M36-M38 -> 0 | N39: Difference should be $0

Sheet SUB CPIF TOTAL SUB
B1: MAJOR SUBCONTRACTOR | C1: ='SUB CPIF RATES (ALL)'!C1 -> NAME
B2: PRIME OFFEROR | C2: ='SUB CPIF RATES (ALL)'!C2 -> NAME
B4: Notes:
B5: 1. The Major Subcontractor Offeror shall provide data other than cost and pricing data for all proposed subcontractor costs associated with EMD CLINs 0001, 0002, and 0003; for each Major Subcontractor (valued at $2.5M+), a separate cost model (Attachment 3B) shall be submitted
B6: 2. Populate the yellow-highlighted cells below to summarize the proposed subcontractor costs by CLIN/Task
B7: 3. Total subcontractor costs by Task provided below are linked to each applicable worksheet (ex. "CPIF CLIN 0001 - TASK 1.01 INPUTS", "CPIF CLIN 0001 - TASK 1.02 INPUTS" and so forth); the Offeror shall ensure the cells are properly linked.
A9: KC-135 Center Console Refresh (CCR) - Proposed Subcontractor Summary CLINs 0001, 0002, and 0003 (CPIF) | E9: Basic Period - Year 1 | G9: Basic Period - Year 2 | I9: Basic Period - Year 3 | K9: Basic Period - Year 4
A10: TASK | E10: Total Proposed Subcontractor Costs (CPIF) | G10: Total Proposed Subcontractor Costs (CPIF) | I10: Total Proposed Subcontractor Costs (CPIF) | K10: Total Proposed Subcontractor Costs (CPIF) | M10: Total Subcontractor Costs (CPIF)
A11: 1.0 | B11: Development
A12: 1.01 | C12: Development through PDR | D12: 0001 | M12: =E12+G12+I12+K12 -> 0
A13: 1.02 | C13: Development from PDR to CDR | D13: 0001 | M13: =E13+G13+I13+K13 -> 0
A14: 1.03 | C14: System Test and Evaluation | D14: 0001 | M14: =E14+G14+I14+K14 -> 0
A15: 1.04 | C15: Material - Development Kits (COTS and Developmental) | D15: 0001 | M15: =E15+G15+I15+K15 -> 0
A16: 1.05 | C16: Prototype Support, Installation, and Checkout | D16: 0001 | M16: =E16+G16+I16+K16 -> 0
A17: 1.06 | C17: Qualification, Developmental, and Operational Testing | D17: 0001 | M17: =E17+G17+I17+K17 -> 0
A18: 1.07 | C18: Material - Development Spares | D18: 0001 | M18: =E18+G18+I18+K18 -> 0
A19: 1.08 | C19: Black Label HW & SW Certification | D19: 0001 | M19: =E19+G19+I19+K19 -> 0
A20: 1.09 | C20: Systems Engineering and Program Management | D20: 0001 | M20: =E20+G20+I20+K20 -> 0
A21: 1.1 | C21: Aircrew and maintenance training | D21: 0001 | M21: =E21+G21+I21+K21 -> 0
A22: 1.11 | C22: Support Equipment | D22: 0001 | M22: =E22+G22+I22+K22 -> 0
C23: Total CPIF CLIN 0001 | E23: =SUM(E12:E22) -> 0 | G23: =SUM(G12:G22) -> 0 | I23: =SUM(I12:I22) -> 0 | K23: =SUM(K12:K22) -> 0 | M23: =E23+G23+I23+K23 -> 0
A24: 1.0 | B24: Simulator Kit
A25: 1.01 | C25: Support required to determine elements of Simulator Kit | D25: 0002 | M25: =E25+G25+I25+K25 -> 0
A26: 1.02 | C26: Material - 1 Simulator kit (Ref Section L) | D26: 0002 | M26: =E26+G26+I26+K26 -> 0
A27: 1.03 | C27: Delivery of material to Simulator SPO | D27: 0002 | M27: =E27+G27+I27+K27 -> 0
C28: Total CPIF CLIN 0002 | E28: =E25+E26+E27 -> 0 | G28: =G25+G26+G27 -> 0 | I28: =I25+I26+I27 -> 0 | K28: =K25+K26+K27 -> 0 | M28: =E28+G28+I28+K28 -> 0
A29: 1.0 | B29: Systems Integration Laboratory
A30: 1.01 | C30: Development Labor to Have an Operational SIL | D30: 0003 | M30: =E30+G30+I30+K30 -> 0
A31: 1.02 | C31: Material - Contractor Procured Material for SIL | D31: 0003 | M31: =E31+G31+I31+K31 -> 0
A32: 1.03 | C32: Material - Anticipated Required GFE | D32: 0003 | M32: =E32+G32+I32+K32 -> 0
A33: 1.04 | C33: Delivery of SIL to Government | D33: 0003 | M33: =E33+G33+I33+K33 -> 0
C34: Total CPIF CLIN 0003 | E34: =E30+E31+E32+E33 -> 0 | G34: =G30+G31+G32+G33 -> 0 | I34: =I30+I31+I32+I33 -> 0 | K34: =K30+K31+K32+K33 -> 0 | M34: =E34+G34+I34+K34 -> 0
E36: =E23+E28+E34 -> 0 | G36: =G23+G28+G34 -> 0 | I36: =I23+I28+I34 -> 0 | K36: =K23+K28+K34 -> 0 | M36: =M23+M28+M34 -> 0 | N36: Total Subcontractor Costs (CPIF)
M38: =E36+G36+I36+K36 -> 0 | N38: Double Check
M39: =M36-M38 -> 0 | N39: Difference should be $0

Sheet SUB CPIF TOTAL ODC
B1: MAJOR SUBCONTRACTOR | C1: ='SUB CPIF RATES (ALL)'!C1 -> NAME
B2: PRIME OFFEROR | C2: ='SUB CPIF RATES (ALL)'!C2 -> NAME
B4: Notes:
B5: 1. In Contractor format, the Major Subcontractor shall provide data other than cost or pricing data (at the sub-Task level) for all Other Direct Costs associated with EMD CLINs 0001, 0002, and 0003, if applicable. Data may be provided as an additional worksheet in this EPW or as an attachment
B6: 2. Populate the yellow-highlighted cells below to summarize the proposed ODC by CLIN/Task (the totals by CLIN/Task shall match the other than cost and pricing data provided in Contractor format)
B7: 3. Total ODC by Task provided below are linked to each applicable worksheet (ex. "CPIF CLIN 0001 - TASK 1.01 INPUTS", "CPIF CLIN 0001 - TASK 1.02 INPUTS" and so forth); the Offeror shall ensure the cells are properly linked.
A10: KC-135 Center Console Refresh (CCR) - Proposed Subcontractor Summary CLINs 0001, 0002, and 0003 (CPIF) | E10: Basic Period - Year 1 | G10: Basic Period - Year 2 | I10: Basic Period - Year 3 | K10: Basic Period - Year 4
A11: TASK | E11: Total Proposed Other Direct Costs (CPIF) | G11: Total Proposed Other Direct Costs (CPIF) | I11: Total Proposed Other Direct Costs (CPIF) | K11: Total Proposed Other Direct Costs (CPIF) | M11: Total Other Direct Costs (CPIF)
A12: 1.0 | B12: Development
A13: 1.01 | C13: Development through PDR | D13: 0001 | M13: =E13+G13+I13+K13 -> 0
A14: 1.02 | C14: Development from PDR to CDR | D14: 0001 | M14: =E14+G14+I14+K14 -> 0
A15: 1.03 | C15: System Test and Evaluation | D15: 0001 | M15: =E15+G15+I15+K15 -> 0
A16: 1.04 | C16: Material - Development Kits (COTS and Developmental) | D16: 0001 | M16: =E16+G16+I16+K16 -> 0
A17: 1.05 | C17: Prototype Support, Installation, and Checkout | D17: 0001 | M17: =E17+G17+I17+K17 -> 0
A18: 1.06 | C18: Qualification, Developmental, and Operational Testing | D18: 0001 | M18: =E18+G18+I18+K18 -> 0
A19: 1.07 | C19: Material - Development Spares | D19: 0001 | M19: =E19+G19+I19+K19 -> 0
A20: 1.08 | C20: Black Label HW & SW Certification | D20: 0001 | M20: =E20+G20+I20+K20 -> 0
A21: 1.09 | C21: Systems Engineering and Program Management | D21: 0001 | M21: =E21+G21+I21+K21 -> 0
A22: 1.1 | C22: Aircrew and maintenance training | D22: 0001 | M22: =E22+G22+I22+K22 -> 0
A23: 1.11 | C23: Support Equipment | D23: 0001 | M23: =E23+G23+I23+K23 -> 0
C24: Total CPIF CLIN 0001 | E24: =E13+E14+E15+E16+E17+E18+E19+E20+E21+E22+E23 -> 0 | G24: =G13+G14+G15+G16+G17+G18+G19+G20+G21+G22+G23 -> 0 | I24: =I13+I14+I15+I16+I17+I18+I19+I20+I21+I22+I23 -> 0 | K24: =K13+K14+K15+K16+K17+K18+K19+K20+K21+K22+K23 -> 0 | M24: =E24+G24+I24+K24 -> 0
A25: 1.0 | B25: Simulator Kit
A26: 1.01 | C26: Support required to determine elements of Simulator Kit | D26: 0002 | M26: =E26+G26+I26+K26 -> 0
A27: 1.02 | C27: Material - 1 Simulator kit (Ref Section L) | D27: 0002 | M27: =E27+G27+I27+K27 -> 0
A28: 1.03 | C28: Delivery of material to Simulator SPO | D28: 0002 | M28: =E28+G28+I28+K28 -> 0
C29: Total CPIF CLIN 0002 | E29: =E26+E27+E28 -> 0 | G29: =G26+G27+G28 -> 0 | I29: =I26+I27+I28 -> 0 | K29: =K26+K27+K28 -> 0 | M29: =E29+G29+I29+K29 -> 0
A30: 1.0 | B30: Systems Integration Laboratory
A31: 1.01 | C31: Development Labor to Have an Operational SIL | D31: 0003 | M31: =E31+G31+I31+K31 -> 0
A32: 1.02 | C32: Material - Contractor Procured Material for SIL | D32: 0003 | M32: =E32+G32+I32+K32 -> 0
A33: 1.03 | C33: Material - Anticipated Required GFE | D33: 0003 | M33: =E33+G33+I33+K33 -> 0
A34: 1.04 | C34: Delivery of SIL to Government | D34: 0003 | M34: =E34+G34+I34+K34 -> 0
C35: Total CPIF CLIN 0003 | E35: =E32+E33+E34 -> 0 | G35: =G32+G33+G34 -> 0 | I35: =I32+I33+I34 -> 0 | K35: =K32+K33+K34 -> 0 | M35: =E35+G35+I35+K35 -> 0
E37: =E24+E29+E35 -> 0 | G37: =G24+G29+G35 -> 0 | I37: =I24+I29+I35 -> 0 | K37: =K24+K29+K35 -> 0 | M37: =M24+M29+M35 -> 0 | N37: Total Other Direct Costs (CPIF)
M39: =E37+G37+I37+K37 -> 0 | N39: Double Check
M40: =M37-M39 -> 0 | N40: Difference should be $0

Sheet CPIF CLIN 0001 SUMMARY
B1: MAJOR SUBCONTRACTOR | C1: ='SUB CPIF RATES (ALL)'!C1 -> NAME
B2: PRIME OFFEROR | C2: ='SUB CPIF RATES (ALL)'!C2 -> NAME
A4: Note: Offerors shall ensure the proposed unit prices are properly linked to the corresponding "CPIF CLIN 0001-TASK 1.XX INPUTS" worksheets
A6: KC-135 Center Console Refresh (CCR) Competitive Pricing Matrix CLIN 0001: Development (CPIF) | E6: Basic Period (Year 1) | I6: Basic Period (Year 2) | M6: Basic Period (Year 3) | Q6: Basic Period (Year 4)
A7: Development Tasks | D7: Basic Period CLIN | E7: By Event | F7: Unit Price | G7: Extended Target Price | I7: By Event | J7: Unit Price | K7: Extended Target Price | M7: By Event | N7: Unit Price | O7: Extended Target Price | Q7: By Event | R7: Unit Price | S7: Extended Target Price | U7: TOTAL CPIF CLIN 0001
A8: 1.0 | B8: Development | C8: Task
A9: 1.01 | C9: Development through PDR | D9: 0001 | E9: 1 | F9: ='CPIF CLIN 0001-TASK 1.01 INPUTS'!E80 -> 0 | G9: =ROUND(E9*F9,2) -> 0 | I9: 1 | J9: ='CPIF CLIN 0001-TASK 1.01 INPUTS'!I80 -> 0 | K9: =ROUND(I9*J9,2) -> 0 | M9: 1 | N9: ='CPIF CLIN 0001-TASK 1.01 INPUTS'!M80 -> 0 | O9: =ROUND(M9*N9,2) -> 0 | Q9: 1 | R9: ='CPIF CLIN 0001-TASK 1.01 INPUTS'!Q80 -> 0 | S9: =ROUND(Q9*R9,2) -> 0 | U9: =G9+K9+O9+S9 -> 0
A10: 1.02 | C10: Development from PDR to CDR | D10: 0001 | E10: 1 | F10: ='CPIF CLIN 0001-TASK 1.02 INPUTS'!E78 -> 0 | G10: =ROUND(E10*F10,2) -> 0 | I10: 1 | J10: ='CPIF CLIN 0001-TASK 1.02 INPUTS'!I78 -> 0 | K10: =ROUND(I10*J10,2) -> 0 | M10: 1 | N10: ='CPIF CLIN 0001-TASK 1.02 INPUTS'!M78 -> 0 | O10: =ROUND(M10*N10,2) -> 0 | Q10: 1 | R10: ='CPIF CLIN 0001-TASK 1.02 INPUTS'!Q78 -> 0 | S10: =ROUND(Q10*R10,2) -> 0 | U10: =G10+K10+O10+S10 -> 0
A11: 1.03 | C11: System Test and Evaluation | D11: 0001 | E11: 1 | F11: ='CPIF CLIN 0001-TASK 1.03 INPUTS'!E78 -> 0 | G11: =ROUND(E11*F11,2) -> 0 | I11: 1 | J11: ='CPIF CLIN 0001-TASK 1.03 INPUTS'!I78 -> 0 | K11: =ROUND(I11*J11,2) -> 0 | M11: 1 | N11: ='CPIF CLIN 0001-TASK 1.03 INPUTS'!M78 -> 0 | O11: =ROUND(M11*N11,2) -> 0 | Q11: 1 | R11: ='CPIF CLIN 0001-TASK 1.03 INPUTS'!Q78 -> 0 | S11: =ROUND(Q11*R11,2) -> 0 | U11: =G11+K11+O11+S11 -> 0
A12: 1.04 | C12: Material - Development Kits (COTS and Developmental) | D12: 0001 | E12: 1 | F12: ='CPIF CLIN 0001 TASK 1.04 INPUTS'!E78 -> 0 | G12: =ROUND(E12*F12,2) -> 0 | I12: 1 | J12: ='CPIF CLIN 0001 TASK 1.04 INPUTS'!I78 -> 0 | K12: =ROUND(I12*J12,2) -> 0 | M12: 1 | N12: ='CPIF CLIN 0001 TASK 1.04 INPUTS'!M78 -> 0 | O12: =ROUND(M12*N12,2) -> 0 | Q12: 1 | R12: ='CPIF CLIN 0001 TASK 1.04 INPUTS'!Q78 -> 0 | S12: =ROUND(Q12*R12,2) -> 0 | U12: =G12+K12+O12+S12 -> 0
A13: 1.05 | C13: Prototype Support, Installation, and Checkout | D13: 0001 | E13: 1 | F13: ='CPIF CLIN 0001-TASK 1.05 INPUTS'!E78 -> 0 | G13: =ROUND(E13*F13,2) -> 0 | I13: 1 | J13: ='CPIF CLIN 0001-TASK 1.05 INPUTS'!I78 -> 0 | K13: =ROUND(I13*J13,2) -> 0 | M13: 1 | N13: ='CPIF CLIN 0001-TASK 1.05 INPUTS'!M78 -> 0 | O13: =ROUND(M13*N13,2) -> 0 | Q13: 1 | R13: ='CPIF CLIN 0001-TASK 1.05 INPUTS'!Q78 -> 0 | S13: =ROUND(Q13*R13,2) -> 0 | U13: =G13+K13+O13+S13 -> 0
A14: 1.06 | C14: Qualification, Developmental, and Operational Testing | D14: 0001 | E14: 1 | F14: ='CPIF CLIN 0001-TASK 1.06 INPUTS'!E78 -> 0 | G14: =ROUND(E14*F14,2) -> 0 | I14: 1 | J14: ='CPIF CLIN 0001-TASK 1.06 INPUTS'!I78 -> 0 | K14: =ROUND(I14*J14,2) -> 0 | M14: 1 | N14: ='CPIF CLIN 0001-TASK 1.06 INPUTS'!M78 -> 0 | O14: =ROUND(M14*N14,2) -> 0 | Q14: 1 | R14: ='CPIF CLIN 0001-TASK 1.06 INPUTS'!Q78 -> 0 | S14: =ROUND(Q14*R14,2) -> 0 | U14: =G14+K14+O14+S14 -> 0
A15: 1.07 | C15: Material - Development Spares | D15: 0001 | E15: 1 | F15: ='CPIF CLIN 0001-TASK 1.07 INPUTS'!E78 -> 0 | G15: =ROUND(E15*F15,2) -> 0 | I15: 1 | J15: ='CPIF CLIN 0001-TASK 1.07 INPUTS'!I78 -> 0 | K15: =ROUND(I15*J15,2) -> 0 | M15: 1 | N15: ='CPIF CLIN 0001-TASK 1.07 INPUTS'!M78 -> 0 | O15: =ROUND(M15*N15,2) -> 0 | Q15: 1 | R15: ='CPIF CLIN 0001-TASK 1.07 INPUTS'!Q78 -> 0 | S15: =ROUND(Q15*R15,2) -> 0 | U15: =G15+K15+O15+S15 -> 0
A16: 1.08 | C16: Black Label HW & SW Certification | D16: 0001 | E16: 1 | F16: ='CPIF CLIN 0001-TASK 1.08 INPUTS'!E78 -> 0 | G16: =ROUND(E16*F16,2) -> 0 | I16: 1 | J16: ='CPIF CLIN 0001-TASK 1.08 INPUTS'!I78 -> 0 | K16: =ROUND(I16*J16,2) -> 0 | M16: 1 | N16: ='CPIF CLIN 0001-TASK 1.08 INPUTS'!M78 -> 0 | O16: =ROUND(M16*N16,2) -> 0 | Q16: 1 | R16: ='CPIF CLIN 0001-TASK 1.08 INPUTS'!Q78 -> 0 | S16: =ROUND(Q16*R16,2) -> 0 | U16: =G16+K16+O16+S16 -> 0
A17: 1.09 | C17: Systems Engineering and Program Management | D17: 0001 | E17: 1 | F17: ='CPIF CLIN 0001-TASK 1.09 INPUTS'!E78 -> 0 | G17: =ROUND(E17*F17,2) -> 0 | I17: 1 | J17: ='CPIF CLIN 0001-TASK 1.09 INPUTS'!I78 -> 0 | K17: =ROUND(I17*J17,2) -> 0 | M17: 1 | N17: ='CPIF CLIN 0001-TASK 1.09 INPUTS'!M78 -> 0 | O17: =ROUND(M17*N17,2) -> 0 | Q17: 1 | R17: ='CPIF CLIN 0001-TASK 1.09 INPUTS'!Q78 -> 0 | S17: =ROUND(Q17*R17,2) -> 0 | U17: =G17+K17+O17+S17 -> 0
A18: 1.1 | C18: Aircrew and Maintenance Training | D18: 0001 | E18: 1 | F18: ='CPIF CLIN 0001-TASK 1.10 INPUTS'!E78 -> 0 | G18: =ROUND(E18*F18,2) -> 0 | I18: 1 | J18: ='CPIF CLIN 0001-TASK 1.10 INPUTS'!I78 -> 0 | K18: =ROUND(I18*J18,2) -> 0 | M18: 1 | N18: ='CPIF CLIN 0001-TASK 1.10 INPUTS'!M78 -> 0 | O18: =ROUND(M18*N18,2) -> 0 | Q18: 1 | R18: ='CPIF CLIN 0001-TASK 1.10 INPUTS'!Q78 -> 0 | S18: =ROUND(Q18*R18,2) -> 0 | U18: =G18+K18+O18+S18 -> 0
A19: 1.11 | C19: Support Equipment | D19: 0001 | E19: 1 | F19: ='CPIF CLIN 0001-TASK 1.11 INPUTS'!E78 -> 0 | G19: =ROUND(E19*F19,2) -> 0 | I19: 1 | J19: ='CPIF CLIN 0001-TASK 1.11 INPUTS'!I78 -> 0 | K19: =ROUND(I19*J19,2) -> 0 | M19: 1 | N19: ='CPIF CLIN 0001-TASK 1.11 INPUTS'!M78 -> 0 | O19: =ROUND(M19*N19,2) -> 0 | Q19: 1 | R19: ='CPIF CLIN 0001-TASK 1.11 INPUTS'!Q78 -> 0 | S19: =ROUND(Q19*R19,2) -> 0 | U19: =G19+K19+O19+S19 -> 0
F20: TOTAL CPIF CLIN 0001 (Year 1) | G20: =SUM(G9:G19) -> 0 | J20: TOTAL CPIF CLIN 0001 (Year 2) | K20: =SUM(K9:K19) -> 0 | N20: TOTAL CPIF CLIN 0001 (Year 3) | O20: =SUM(O9:O19) -> 0 | R20: TOTAL CPIF CLIN 0001 (Year 4) | S20: =SUM(S9:S19) -> 0 | U20: =SUM(U9:U19) -> 0 | V20: TOTAL CPIF CLIN 0001
U22: =G20+K20+O20+S20 -> 0 | V22: Double Check
U23: =U20-U22 -> 0 | V23: Difference should be $0

Sheet CPIF CLIN 0001-TASK 1.01 INPUTS
B1: Offeror: | C1: =#REF! -> #REF!
B3: MAJOR SUBCONTRACTOR | C3: ='SUB CPIF RATES (ALL)'!C1 -> NAME
B4: PRIME OFFEROR | C4: ='SUB CPIF RATES (ALL)'!C2 -> NAME
A6: KC-135 Center Console Refresh (CCR) Competitive Pricing Matrix CLIN 0001: Development (CPIF)
B8: Notes:
B9: 1. The format of this worksheet may be revised as required to be consistent with the Major Subcontractor's approved accounting system; amend base costs and direct/indirect rates as necessary
B10: 2. Proposed costs for Labor, Material, Subcontractor, and Other Direct Costs (ODCs) are linked to corresponding worksheets as specified below - no input required
B11: 3. The proposed indirect rates are linked to the "SUB CPIF RATES (ALL)" worksheet and will automatically be applied to the proposed amounts for labor, material, ODC, and subcontractor costs (CPIF Target Cost, Target FCCOM, Target Fee, and Total Price will automatically calculate)
B12: 4. The Major Subcontractor shall amend the indirect categories as needed, and ensure the proposed indirect rates are properly linked to the "SUB CPIF RATES (ALL)" worksheet
B13: 5. Definitions of the labor categories and indirect rates are included in the "SUB CPIF RATE (ALL)" worksheet; the Offeror shall amend as necessary
B14: 6. The total target price for CLIN 0001, TASK 1.01 will automatically calculate for the Basic Period
B16: CLIN 0001 (CPIF) TASK 1.01 DEVELOPMENT THROUGH PDR | C16: PROPOSED COSTS/PRICES - LABOR | G16: PROPOSED COSTS/PRICES - LABOR | K16: PROPOSED COSTS/PRICES - LABOR | O16: PROPOSED COSTS/PRICES - LABOR
C17: CLIN 0001 - Basic Period (Year 1) | G17: CLIN 0001 - Basic Period (Year 2) | K17: CLIN 0001 - Basic Period (Year 3) | O17: CLIN 0001 - Basic Period (Year 4)
B18: Labor Category | C18: Labor Hours | E18: Direct Labor Cost | G18: Labor Hours | I18: Direct Labor Cost | K18: Labor Hours | M18: Direct Labor Cost | O18: Labor Hours | Q18: Direct Labor Cost
B19: No input - total labor (labor hours and total labor costs) linked to the 'SUB CPIF LABOR INPUTS' worksheet
B20: TOTAL DIRECT LABOR HOURS/COST | C20: ='SUB CPIF LABOR INPUTS'!D29 -> 0 | E20: ='SUB CPIF LABOR INPUTS'!F29 -> 0 | G20: ='SUB CPIF LABOR INPUTS'!H29 -> 0 | I20: ='SUB CPIF LABOR INPUTS'!J29 -> 0 | K20: ='SUB CPIF LABOR INPUTS'!L29 -> 0 | M20: ='SUB CPIF LABOR INPUTS'!N29 -> 0 | O20: ='SUB CPIF LABOR INPUTS'!P29 -> 0 | Q20: ='SUB CPIF LABOR INPUTS'!R29 -> 0
C21: Base Cost | D21: Rate | E21: Labor Cost | G21: Base Cost | H21: Rate | I21: Labor Cost | K21: Base Cost | L21: Rate | M21: Labor Cost | O21: Base Cost | P21: Rate | Q21: Labor Cost
B22: Insert all indirect categories that apply to labor; make changes to indirect categories in Column B accordingly and amend links in Columns C, G, K, and O as needed. Also ensure rates in Columns D, H, L and P are properly linked to 'PRIME-CPIF Rates (All)' worksheet
B23: ='SUB CPIF RATES (ALL)'!B36 -> Indirect Labor Category: [Labor Fringe] | C23: =E20 -> 0 | D23: ='SUB CPIF RATES (ALL)'!C36 -> 0 | E23: =ROUND(C23*D23,2) -> 0 | G23: =I20 -> 0 | H23: ='SUB CPIF RATES (ALL)'!D36 -> 0 | I23: =ROUND(G23*H23,2) -> 0 | K23: =+M20 -> 0 | L23: ='SUB CPIF RATES (ALL)'!E36 -> 0 | M23: =ROUND(K23*L23,2) -> 0 | O23: =+Q20 -> 0 | P23: ='SUB CPIF RATES (ALL)'!F36 -> 0 | Q23: =ROUND(O23*P23,2) -> 0
B24: ='SUB CPIF RATES (ALL)'!B37 -> Indirect Labor Category: [Labor Overhead] | C24: =C23+E23 -> 0 | D24: ='SUB CPIF RATES (ALL)'!C37 -> 0 | E24: =ROUND(C24*D24,2) -> 0 | G24: =G23+I23 -> 0 | H24: ='SUB CPIF RATES (ALL)'!D37 -> 0 | I24: =ROUND(G24*H24,2) -> 0 | K24: =+K23+M23 -> 0 | L24: ='SUB CPIF RATES (ALL)'!E37 -> 0 | M24: =ROUND(K24*L24,2) -> 0 | O24: =+O23+Q23 -> 0 | P24: ='SUB CPIF RATES (ALL)'!F37 -> 0 | Q24: =ROUND(O24*P24,2) -> 0
B25: ='SUB CPIF RATES (ALL)'!B38 -> Indirect Labor Category: [G&A] | C25: =C24+E24 -> 0 | D25: ='SUB CPIF RATES (ALL)'!C38 -> 0 | E25: =ROUND(C25*D25,2) -> 0 | G25: =G24+I24 -> 0 | H25: ='SUB CPIF RATES (ALL)'!D38 -> 0 | I25: =ROUND(G25*H25,2) -> 0 | K25: =+K24+M24 -> 0 | L25: ='SUB CPIF RATES (ALL)'!E38 -> 0 | M25: =ROUND(K25*L25,2) -> 0 | O25: =+O24+Q24 -> 0 | P25: ='SUB CPIF RATES (ALL)'!F38 -> 0 | Q25: =ROUND(O25*P25,2) -> 0
B26: ='SUB CPIF RATES (ALL)'!B39 -> Indirect Labor Category: [FCCOM] | C26: =C25+E25 -> 0 | D26: ='SUB CPIF RATES (ALL)'!C39 -> 0 | E26: =ROUND(C26*D26,2) -> 0 | G26: =I20 -> 0 | H26: ='SUB CPIF RATES (ALL)'!D39 -> 0 | I26: =ROUND(G26*H26,2) -> 0 | K26: =K25+M25 -> 0 | L26: ='SUB CPIF RATES (ALL)'!E39 -> 0 | M26: =ROUND(K26*L26,2) -> 0 | O26: =O25+Q25 -> 0 | P26: ='SUB CPIF RATES (ALL)'!F39 -> 0 | Q26: =ROUND(O26*P26,2) -> 0
B27: ='SUB CPIF RATES (ALL)'!B40 -> Indirect Labor Category: [Target Fee] | C27: =C25+E25 -> 0 | D27: ='SUB CPIF RATES (ALL)'!C40 -> 0 | E27: =ROUND(C27*D27,2) -> 0 | G27: =G25+I25 -> 0 | H27: ='SUB CPIF RATES (ALL)'!D40 -> 0 | I27: =ROUND(G27*H27,2) -> 0 | K27: =+K25+M25 -> 0 | L27: ='SUB CPIF RATES (ALL)'!E40 -> 0 | M27: =ROUND(K27*L27,2) -> 0 | O27: =+O25+Q25 -> 0 | P27: ='SUB CPIF RATES (ALL)'!F40 -> 0 | Q27: =ROUND(O27*P27,2) -> 0
B28: Total Proposed Target Labor Cost | E28: =ROUND(SUM(E20,E23,E24,E25),2) -> 0 | I28: =ROUND(SUM(I20,I23,I24,I25),2) -> 0 | M28: =ROUND(SUM(M20,M23,M24,M25),2) -> 0 | Q28: =ROUND(SUM(Q20,Q23,Q24,Q25),2) -> 0
B29: Total Proposed Target FCCOM | E29: =ROUND(E26,2) -> 0 | I29: =ROUND(I26,2) -> 0 | M29: =ROUND(M26,2) -> 0 | Q29: =ROUND(Q26,2) -> 0
B30: Total Proposed Target Fee | E30: =ROUND(E27,2) -> 0 | I30: =ROUND(I27,2) -> 0 | M30: =ROUND(M27,2) -> 0 | Q30: =ROUND(Q27,2) -> 0
B31: Total Proposed Labor Price (Target) | E31: =ROUND(SUM(E28:E30),2) -> 0 | I31: =ROUND(SUM(I28:I30),2) -> 0 | M31: =ROUND(SUM(M28:M30),2) -> 0 | Q31: =ROUND(SUM(Q28:Q30),2) -> 0
B33: CLIN 0001 (CPIF) TASK 1.01 DEVELOPMENT THROUGH PDR | C33: PROPOSED COSTS/PRICES - MATERIAL | G33: PROPOSED COSTS/PRICES - MATERIAL | K33: PROPOSED COSTS/PRICES - MATERIAL | O33: PROPOSED COSTS/PRICES - MATERIAL
C34: =C17 -> CLIN 0001 - Basic Period (Year 1) | G34: =G17 -> CLIN 0001 - Basic Period (Year 2) | K34: =K17 -> CLIN 0001 - Basic Period (Year 3) | O34: =O17 -> CLIN 0001 - Basic Period (Year 4)
C35: =C21 -> Base Cost | D35: =D21 -> Rate | E35: Material Cost | G35: =G21 -> Base Cost | H35: =H21 -> Rate | I35: Material Cost | K35: =K21 -> Base Cost | L35: =L21 -> Rate | M35: Material Cost | O35: =O21 -> Base Cost | P35: =P21 -> Rate | Q35: Material Cost
B36: No input - material costs linked to the 'SUB CPIF TOTAL MATERIAL' worksheet (amounts shall also match total material in Consolidated Bill of Materials (CBOM) in RFP Section L, Paragraph 7.3.2 | E36: ='SUB CPIF TOTAL MATERIAL'!E12 -> 0 | I36: ='SUB CPIF TOTAL MATERIAL'!G12 -> 0 | M36: ='SUB CPIF TOTAL MATERIAL'!I12 -> 0 | Q36: ='SUB CPIF TOTAL MATERIAL'!K12 -> 0
B37: Insert all indirect categories that apply to material; make changes to indirect categories in Column B accordingly and amend links in Columns C, G, K, and O as needed. Also ensure rates in Columns D, H, L and P are properly linked to 'SUB-CPIF RATES (ALL)' worksheet
B38: ='SUB CPIF RATES (ALL)'!B53 -> Indirect Category: [Material Overhead] | C38: =E36 -> 0 | D38: ='SUB CPIF RATES (ALL)'!C53 -> 0 | E38: =ROUND(C38*D38,2) -> 0 | G38: =I36 -> 0 | H38: ='SUB CPIF RATES (ALL)'!D53 -> 0 | I38: =ROUND(G38*H38,2) -> 0 | K38: =M36 -> 0 | L38: ='SUB CPIF RATES (ALL)'!E53 -> 0 | M38: =ROUND(K38*L38,2) -> 0 | O38: =Q36 -> 0 | P38: ='SUB CPIF RATES (ALL)'!F53 -> 0 | Q38: =ROUND(O38*P38,2) -> 0
B39: ='SUB CPIF RATES (ALL)'!B54 -> Indirect Category: [G&A] | C39: =E36+E38 -> 0 | D39: ='SUB CPIF RATES (ALL)'!C54 -> 0 | E39: =ROUND(C39*D39,2) -> 0 | G39: =I36+I38 -> 0 | H39: ='SUB CPIF RATES (ALL)'!D54 -> 0 | I39: =ROUND(G39*H39,2) -> 0 | K39: =M36+M38 -> 0 | L39: ='SUB CPIF RATES (ALL)'!E54 -> 0 | M39: =ROUND(K39*L39,2) -> 0 | O39: =Q36+Q38 -> 0 | P39: ='SUB CPIF RATES (ALL)'!F54 -> 0 | Q39: =ROUND(O39*P39,2) -> 0
B40: ='SUB CPIF RATES (ALL)'!B55 -> Indirect Category: [FCCOM] | C40: =C39+E39 -> 0 | D40: ='SUB CPIF RATES (ALL)'!C55 -> 0 | E40: =ROUND(C40*D40,2) -> 0 | G40: =G39+I39 -> 0 | H40: ='SUB CPIF RATES (ALL)'!D55 -> 0 | I40: =ROUND(G40*H40,2) -> 0 | K40: =K39+M39 -> 0 | L40: ='SUB CPIF RATES (ALL)'!E55 -> 0 | M40: =ROUND(K40*L40,2) -> 0 | O40: =O39+Q39 -> 0 | P40: ='SUB CPIF RATES (ALL)'!F55 -> 0 | Q40: =ROUND(O40*P40,2) -> 0
B41: ='SUB CPIF RATES (ALL)'!B56 -> Indirect Category: [Target Fee] | C41: =C39+E39 -> 0 | D41: ='SUB CPIF RATES (ALL)'!C56 -> 0 | E41: =ROUND(C41*D41,2) -> 0 | G41: =G39+I39 -> 0 | H41: ='SUB CPIF RATES (ALL)'!D56 -> 0 | I41: =ROUND(G41*H41,2) -> 0 | K41: =K39+M39 -> 0 | L41: ='SUB CPIF RATES (ALL)'!E56 -> 0 | M41: =ROUND(K41*L41,2) -> 0 | O41: =O39+Q39 -> 0 | P41: ='SUB CPIF RATES (ALL)'!F56 -> 0 | Q41: =ROUND(O41*P41,2) -> 0
B42: Total Proposed Target Material Cost | E42: =ROUND(SUM(E36:E39),2) -> 0 | I42: =ROUND(SUM(I36:I39),2) -> 0 | M42: =ROUND(SUM(M36:M39),2) -> 0 | Q42: =ROUND(SUM(Q36:Q39),2) -> 0
B43: Total Proposed Target FCCOM | E43: =ROUND(E40,2) -> 0 | I43: =ROUND(I40,2) -> 0 | M43: =ROUND(M40,2) -> 0 | Q43: =ROUND(Q40,2) -> 0
B44: Total Proposed Target Fee | E44: =ROUND(E41,2) -> 0 | I44: =ROUND(I41,2) -> 0 | M44: =ROUND(M41,2) -> 0 | Q44: =ROUND(Q41,2) -> 0
B45: Total Proposed Material Price (Target) | E45: =SUM(E42:E44) -> 0 | I45: =SUM(I42:I44) -> 0 | M45: =SUM(M42:M44) -> 0 | Q45: =SUM(Q42:Q44) -> 0
B47: =B16 -> CLIN 0001 (CPIF) TASK 1.01 DEVELOPMENT THROUGH PDR | C47: PROPOSED COSTS/PRICES - SUBCONTRACTOR | G47: PROPOSED COSTS/PRICES - SUBCONTRACTOR | K47: PROPOSED COSTS/PRICES - SUBCONTRACTOR | O47: PROPOSED COSTS/PRICES - SUBCONTRACTOR
C48: =C34 -> CLIN 0001 - Basic Period (Year 1) | G48: =G34 -> CLIN 0001 - Basic Period (Year 2) | K48: =K34 -> CLIN 0001 - Basic Period (Year 3) | O48: =O34 -> CLIN 0001 - Basic Period (Year 4)
C49: =C35 -> Base Cost | D49: =D35 -> Rate | E49: Subcontractor Cost | G49: =G35 -> Base Cost | H49: =H35 -> Rate | I49: Subcontractor Cost | K49: =K35 -> Base Cost | L49: =L35 -> Rate | M49: Subcontractor Cost | O49: =O35 -> Base Cost | P49: =P35 -> Rate | Q49: Subcontractor Cost
B50: No input - subcontractor costs linked to the 'SUB CPIF TOTAL SUB' worksheet | E50: ='SUB CPIF TOTAL SUB'!E12 -> 0 | I50: ='SUB CPIF TOTAL SUB'!G12 -> 0 | M50: ='SUB CPIF TOTAL SUB'!I12 -> 0 | Q50: ='SUB CPIF TOTAL SUB'!K12 -> 0
B51: Insert all indirect categories that the prime contractor will apply to subcontractor costs; make changes to indirect categories in Column B accordingly and amend links in Columns C, G, K, and O as needed. Also ensure rates in Columns D, H, L and P are properly linked to 'SUB-CPIF RATES (ALL)' worksheet
B52: ='SUB CPIF RATES (ALL)'!B45 -> Indirect Category: [Overhead] | C52: =E50 -> 0 | D52: ='SUB CPIF RATES (ALL)'!C45 -> 0 | E52: =ROUND(C52*D52,2) -> 0 | G52: =I50 -> 0 | H52: ='SUB CPIF RATES (ALL)'!D45 -> 0 | I52: =ROUND(G52*H52,2) -> 0 | K52: =M50 -> 0 | L52: ='SUB CPIF RATES (ALL)'!E45 -> 0 | M52: =ROUND(K52*L52,2) -> 0 | O52: =Q50 -> 0 | P52: ='SUB CPIF RATES (ALL)'!F45 -> 0 | Q52: =ROUND(O52*P52,2) -> 0
B53: ='SUB CPIF RATES (ALL)'!B46 -> Indirect Category: [G&A] | C53: =C52+E52 -> 0 | D53: ='SUB CPIF RATES (ALL)'!C46 -> 0 | E53: =ROUND(C53*D53,2) -> 0 | G53: =G52+I52 -> 0 | H53: ='SUB CPIF RATES (ALL)'!D46 -> 0 | I53: =ROUND(G53*H53,2) -> 0 | K53: =K52+M52 -> 0 | L53: ='SUB CPIF RATES (ALL)'!E46 -> 0 | M53: =ROUND(K53*L53,2) -> 0 | O53: =O52+Q52 -> 0 | P53: ='SUB CPIF RATES (ALL)'!F46 -> 0 | Q53: =ROUND(O53*P53,2) -> 0
B54: ='SUB CPIF RATES (ALL)'!B47 -> Indirect Category: [FCCOM] | C54: =C53+E53 -> 0 | D54: ='SUB CPIF RATES (ALL)'!C47 -> 0 | E54: =ROUND(C54*D54,2) -> 0 | G54: =G53+I53 -> 0 | H54: ='SUB CPIF RATES (ALL)'!D47 -> 0 | I54: =ROUND(G54*H54,2) -> 0 | K54: =K53+M53 -> 0 | L54: ='SUB CPIF RATES (ALL)'!E47 -> 0 | M54: =ROUND(K54*L54,2) -> 0 | O54: =O53+Q53 -> 0 | P54: ='SUB CPIF RATES (ALL)'!F47 -> 0 | Q54: =ROUND(O54*P54,2) -> 0
B55: ='SUB CPIF RATES (ALL)'!B48 -> Indirect Category: [Target Fee] | C55: =C53+E53 -> 0 | D55: ='SUB CPIF RATES (ALL)'!C48 -> 0 | E55: =ROUND(C55*D55,2) -> 0 | G55: =G53+I53 -> 0 | H55: ='SUB CPIF RATES (ALL)'!D48 -> 0 | I55: =ROUND(G55*H55,2) -> 0 | K55: =K53+M53 -> 0 | L55: ='SUB CPIF RATES (ALL)'!E48 -> 0 | M55: =ROUND(K55*L55,2) -> 0 | O55: =O53+Q53 -> 0 | P55: ='SUB CPIF RATES (ALL)'!F48 -> 0 | Q55: =ROUND(O55*P55,2) -> 0
B56: Total Proposed Target Subcontractor Costs | E56: =ROUND(E50+E52+E53,2) -> 0 | I56: =ROUND(I50+I52+I53,2) -> 0 | M56: =ROUND(M50+M52+M53,2) -> 0 | Q56: =ROUND(Q50+Q52+Q53,2) -> 0
B57: Total Proposed Target FCCOM | E57: =ROUND(E54,2) -> 0 | I57: =ROUND(I54,2) -> 0 | M57: =ROUND(M54,2) -> 0 | Q57: =ROUND(Q54,2) -> 0
B58: Total Proposed Target Fee | E58: =ROUND(E55,2) -> 0 | I58: =ROUND(I55,2) -> 0 | M58: =ROUND(M55,2) -> 0 | Q58: =ROUND(Q55,2) -> 0
B59: Total Proposed Subcontractor Price (Target) | E59: =ROUND(SUM(E56:E58),2) -> 0 | I59: =ROUND(SUM(I56:I58),2) -> 0 | M59: =ROUND(SUM(M56:M58),2) -> 0 | Q59: =ROUND(SUM(Q56:Q58),2) -> 0
B61: =B33 -> CLIN 0001 (CPIF) TASK 1.01 DEVELOPMENT THROUGH PDR | C61: PROPOSED COSTS/PRICES - OTHER DIRECT COSTS (ODC) | G61: PROPOSED COSTS/PRICES - ODC | K61: PROPOSED COSTS/PRICES - ODC | O61: PROPOSED COSTS/PRICES - ODC
C62: =C17 -> CLIN 0001 - Basic Period (Year 1) | G62: =G34 -> CLIN 0001 - Basic Period (Year 2) | K62: =K34 -> CLIN 0001 - Basic Period (Year 3) | O62: =O34 -> CLIN 0001 - Basic Period (Year 4)
C63: =C49 -> Base Cost | D63: =D49 -> Rate | E63: Other Direct Costs | G63: =G49 -> Base Cost | H63: =H49 -> Rate | I63: Other Direct Costs | K63: =K49 -> Base Cost | L63: =L49 -> Rate | M63: Other Direct Costs | O63: =O49 -> Base Cost | P63: =P49 -> Rate | Q63: Other Direct Costs
B64: No input - total costs associated with ODC linked to the 'SUB CPIF ODC' worksheet | E64: ='SUB CPIF TOTAL ODC'!E13 -> 0 | I64: ='SUB CPIF TOTAL ODC'!G13 -> 0 | M64: ='SUB CPIF TOTAL ODC'!I13 -> 0 | Q64: ='SUB CPIF TOTAL ODC'!K13 -> 0
B65: Insert all indirect categories that the prime contractor will apply to ODC; make changes to indirect categories in Column B accordingly and amend links in Columns C, G, K, and O as needed. Also ensure rates in Columns D, H, L and P are properly linked to 'SUB-CPIF RATES (ALL)' worksheet
B66: ='SUB CPIF RATES (ALL)'!B61 -> Indirect Category: [Overhead] | C66: =+E64 -> 0 | D66: ='SUB CPIF RATES (ALL)'!C61 -> 0 | E66: =ROUND(C66*D66,2) -> 0 | G66: =+I64 -> 0 | H66: ='SUB CPIF RATES (ALL)'!D61 -> 0 | I66: =ROUND(G66*H66,2) -> 0 | K66: =+M64 -> 0 | L66: ='SUB CPIF RATES (ALL)'!E61 -> 0 | M66: =ROUND(K66*L66,2) -> 0 | O66: =+Q64 -> 0 | P66: ='SUB CPIF RATES (ALL)'!F61 -> 0 | Q66: =ROUND(O66*P66,2) -> 0
B67: ='SUB CPIF RATES (ALL)'!B62 -> Indirect Category: [G&A] | C67: =+C66+E66 -> 0 | D67: ='SUB CPIF RATES (ALL)'!C62 -> 0 | E67: =ROUND(C67*D67,2) -> 0 | G67: =+G66+I66 -> 0 | H67: ='SUB CPIF RATES (ALL)'!D62 -> 0 | I67: =ROUND(G67*H67,2) -> 0 | K67: =+K66+M66 -> 0 | L67: ='SUB CPIF RATES (ALL)'!E62 -> 0 | M67: =ROUND(K67*L67,2) -> 0 | O67: =+O66+Q66 -> 0 | P67: ='SUB CPIF RATES (ALL)'!F62 -> 0 | Q67: =ROUND(O67*P67,2) -> 0
B68: ='SUB CPIF RATES (ALL)'!B63 -> Indirect Category: [FCCOM] | C68: =C67+E67 -> 0 | D68: ='SUB CPIF RATES (ALL)'!C63 -> 0 | E68: =ROUND(C68*D68,2) -> 0 | G68: =G67+I67 -> 0 | H68: ='SUB CPIF RATES (ALL)'!D63 -> 0 | I68: =ROUND(G68*H68,2) -> 0 | K68: =K67+M67 -> 0 | L68: ='SUB CPIF RATES (ALL)'!E63 -> 0 | M68: =ROUND(K68*L68,2) -> 0 | O68: =O67+Q67 -> 0 | P68: ='SUB CPIF RATES (ALL)'!F63 -> 0 | Q68: =ROUND(O68*P68,2) -> 0
B69: ='SUB CPIF RATES (ALL)'!B64 -> Indirect Category: [Target Fee] | C69: =+C67+E67 -> 0 | D69: ='SUB CPIF RATES (ALL)'!C64 -> 0 | E69: =ROUND(C69*D69,2) -> 0 | G69: =+G67+I67 -> 0 | H69: ='SUB CPIF RATES (ALL)'!D64 -> 0 | I69: =ROUND(G69*H69,2) -> 0 | K69: =+K67+M67 -> 0 | L69: ='SUB CPIF RATES (ALL)'!E64 -> 0 | M69: =ROUND(K69*L69,2) -> 0 | O69: =+O67+Q67 -> 0 | P69: ='SUB CPIF RATES (ALL)'!F64 -> 0 | Q69: =ROUND(O69*P69,2) -> 0
B70: Total Proposed Target Other Direct Costs | E70: =ROUND(SUM(E64:E67),2) -> 0 | I70: =ROUND(SUM(I64:I67),2) -> 0 | M70: =ROUND(SUM(M64:M67),2) -> 0 | Q70: =ROUND(SUM(Q64:Q67),2) -> 0
B71: Total Proposed Target FCCOM | E71: =ROUND(E68,2) -> 0 | I71: =ROUND(I68,2) -> 0 | M71: =ROUND(M68,2) -> 0 | Q71: =ROUND(Q68,2) -> 0
B72: Total Proposed Target Fee | E72: =ROUND(E69,2) -> 0 | I72: =ROUND(I69,2) -> 0 | M72: =ROUND(M69,2) -> 0 | Q72: =ROUND(Q69,2) -> 0
B73: Total Proposed ODC Price (Target) | E73: =ROUND(SUM(E70:E72),2) -> 0 | I73: =ROUND(SUM(I70:I72),2) -> 0 | M73: =ROUND(SUM(M70:M72),2) -> 0 | Q73: =ROUND(SUM(Q70:Q72),2) -> 0
B75: =B61 -> CLIN 0001 (CPIF) TASK 1.01 DEVELOPMENT THROUGH PDR | C75: Proposed Prices (Labor, Material, Subcontractor, and ODC) | G75: Proposed Prices (Labor, Material, Subcontractor, and ODC) | K75: Proposed Prices (Labor, Material, Subcontractor, and ODC) | O75: Proposed Prices (Labor, Material, Subcontractor, and ODC)
E76: CLIN 0001: Basic Period (Year 1) | I76: CLIN 0001: Basic Period (Year 2) | M76: CLIN 0001: Basic Period (Year 3) | Q76: CLIN 0001: Basic Period (Year 4)
B77: Total Proposed Target Cost (Direct and Indirect) | E77: =ROUND(E28+E42+E56+E70,2) -> 0 | I77: =ROUND(I28+I42+I56+I70,2) -> 0 | M77: =ROUND(M28+M42+M56+M70,2) -> 0 | Q77: =ROUND(Q28+Q42+Q56+Q70,2) -> 0
B78: Total Proposed Target FCCOM | E78: =ROUND(E29+E43+E57+E71,2) -> 0 | I78: =ROUND(I29+I43+I57+I71,2) -> 0 | M78: =ROUND(M29+M43+M57+M71,2) -> 0 | Q78: =ROUND(Q29+Q43+Q57+Q71,2) -> 0
B79: Total Proposed Target Fee | E79: =ROUND(E30+E44++E58+E72,2) -> 0 | I79: =ROUND(I30+I44++I58+I72,2) -> 0 | M79: =ROUND(M30+M44++M58+M72,2) -> 0 | Q79: =ROUND(Q30+Q44++Q58+Q72,2) -> 0
B80: Total Proposed Target Price (CLIN 0001, TASK 1.01) | E80: =E77+E78+E79 -> 0 | I80: =I77+I78+I79 -> 0 | M80: =M77+M78+M79 -> 0 | Q80: =Q77+Q78+Q79 -> 0
Q82: TOTAL TARGET PRICE - CLIN 0001, TASK 1.01
Q83: =E80+I80+M80+Q80 -> 0

Sheet CPIF CLIN 0001-TASK 1.02 INPUTS
B1: MAJOR SUBCONTRACTOR | C1: ='SUB CPIF RATES (ALL)'!C1 -> NAME
B2: PRIME OFFEROR | C2: ='SUB CPIF RATES (ALL)'!C2 -> NAME
A4: KC-135 Center Console Refresh (CCR) Competitive Pricing Matrix CLIN 0001: Development (CPIF)
B6: Notes:
B7: 1. The format of this worksheet may be revised as required to be consistent with the Major Subcontractor's approved accounting system; amend base costs and direct/indirect rates as necessary
B8: 2. Proposed costs for Labor, Material, Subcontractor, and Other Direct Costs (ODCs) are linked to corresponding worksheets as specified below - no input required
B9: 3. The proposed indirect rates are linked to the "SUB CPIF RATES (ALL)" worksheet and will automatically be applied to the proposed amounts for labor, material, ODC, and subcontractor costs (CPIF Target Cost, Target FCCOM, Target Fee, and Total Price will automatically calculate)
B10: 4. The Major Subcontractor shall amend the indirect categories as needed, and ensure the proposed indirect rates are properly linked to the "SUB CPIF RATES (ALL)" worksheet
B11: 5. Definitions of the labor categories and indirect rates are included in the "SUB CPIF RATE (ALL)" worksheet; the Offeror shall amend as necessary
B12: 6. The total target price for CLIN 0001, TASK 1.02 will automatically calculate for the Basic Period
B14: CLIN 0001 (CPIF) TASK 1.02 DEVELOPMENT FROM PDR TO CDR | C14: PROPOSED COSTS/PRICES - LABOR | G14: PROPOSED COSTS/PRICES - LABOR | K14: PROPOSED COSTS/PRICES - LABOR | O14: PROPOSED COSTS/PRICES - LABOR
C15: CLIN 0001 - Basic Period (Year 1) | G15: CLIN 0001 - Basic Period (Year 2) | K15: CLIN 0001 - Basic Period (Year 3) | O15: CLIN 0001 - Basic Period (Year 4)
B16: Labor Category | C16: Labor Hours | E16: Direct Labor Cost | G16: Labor Hours | I16: Direct Labor Cost | K16: Labor Hours | M16: Direct Labor Cost | O16: Labor Hours | Q16: Direct Labor Cost
B17: No input - total labor (labor hours and total labor costs) linked to the 'SUB CPIF LABOR INPUTS' worksheet
B18: TOTAL DIRECT LABOR HOURS/COST | C18: ='SUB CPIF LABOR INPUTS'!D50 -> 0 | E18: ='SUB CPIF LABOR INPUTS'!F50 -> 0 | G18: ='SUB CPIF LABOR INPUTS'!H50 -> 0 | I18: ='SUB CPIF LABOR INPUTS'!J50 -> 0 | K18: ='SUB CPIF LABOR INPUTS'!L50 -> 0 | M18: ='SUB CPIF LABOR INPUTS'!N50 -> 0 | O18: ='SUB CPIF LABOR INPUTS'!P50 -> 0 | Q18: ='SUB CPIF LABOR INPUTS'!R50 -> 0
C19: Base Cost | D19: Rate | E19: Labor Cost | G19: Base Cost | H19: Rate | I19: Labor Cost | K19: Base Cost | L19: Rate | M19: Labor Cost | O19: Base Cost | P19: Rate | Q19: Labor Cost
B20: Insert all indirect categories that apply to labor; make changes to indirect categories in Column B accordingly and amend links in Columns C, G, K, and O as needed. Also ensure rates in Columns D, H, L and P are properly linked to 'PRIME-CPIF Rates (All)' worksheet
B21: ='SUB CPIF RATES (ALL)'!B36 -> Indirect Labor Category: [Labor Fringe] | C21: =+E18 -> 0 | D21: ='SUB CPIF RATES (ALL)'!C36 -> 0 | E21: =ROUND(C21*D21,2) -> 0 | G21: =+I18 -> 0 | H21: ='SUB CPIF RATES (ALL)'!D36 -> 0 | I21: =ROUND(G21*H21,2) -> 0 | K21: =+M18 -> 0 | L21: ='SUB CPIF RATES (ALL)'!E36 -> 0 | M21: =ROUND(K21*L21,2) -> 0 | O21: =+Q18 -> 0 | P21: ='SUB CPIF RATES (ALL)'!F36 -> 0 | Q21: =ROUND(O21*P21,2) -> 0
B22: ='SUB CPIF RATES (ALL)'!B37 -> Indirect Labor Category: [Labor Overhead] | C22: =+C21+E21 -> 0 | D22: ='SUB CPIF RATES (ALL)'!C37 -> 0 | E22: =ROUND(C22*D22,2) -> 0 | G22: =+G21+I21 -> 0 | H22: ='SUB CPIF RATES (ALL)'!D37 -> 0 | I22: =ROUND(G22*H22,2) -> 0 | K22: =+K21+M21 -> 0 | L22: ='SUB CPIF RATES (ALL)'!E37 -> 0 | M22: =ROUND(K22*L22,2) -> 0 | O22: =+O21+Q21 -> 0 | P22: ='SUB CPIF RATES (ALL)'!F37 -> 0 | Q22: =ROUND(O22*P22,2) -> 0
B23: ='SUB CPIF RATES (ALL)'!B38 -> Indirect Labor Category: [G&A] | C23: =+C22+E22 -> 0 | D23: ='SUB CPIF RATES (ALL)'!C38 -> 0 | E23: =ROUND(C23*D23,2) -> 0 | G23: =+G22+I22 -> 0 | H23: ='SUB CPIF RATES (ALL)'!D38 -> 0 | I23: =ROUND(G23*H23,2) -> 0 | K23: =+K22+M22 -> 0 | L23: ='SUB CPIF RATES (ALL)'!E38 -> 0 | M23: =ROUND(K23*L23,2) -> 0 | O23: =+O22+Q22 -> 0 | P23: ='SUB CPIF RATES (ALL)'!F38 -> 0 | Q23: =ROUND(O23*P23,2) -> 0
B24: ='SUB CPIF RATES (ALL)'!B39 -> Indirect Labor Category: [FCCOM] | C24: =C23+E23 -> 0 | D24: ='SUB CPIF RATES (ALL)'!C39 -> 0 | E24: =ROUND(C24*D24,2) -> 0 | G24: =G23+I23 -> 0 | H24: ='SUB CPIF RATES (ALL)'!D39 -> 0 | I24: =ROUND(G24*H24,2) -> 0 | K24: =K23+M23 -> 0 | L24: ='SUB CPIF RATES (ALL)'!E39 -> 0 | M24: =ROUND(K24*L24,2) -> 0 | O24: =O23+Q23 -> 0 | P24: ='SUB CPIF RATES (ALL)'!F39 -> 0 | Q24: =ROUND(O24*P24,2) -> 0
B25: ='SUB CPIF RATES (ALL)'!B40 -> Indirect Labor Category: [Target Fee] | C25: =+C23+E23 -> 0 | D25: ='SUB CPIF RATES (ALL)'!C40 -> 0 | E25: =ROUND(C25*D25,2) -> 0 | G25: =+G23+I23 -> 0 | H25: ='SUB CPIF RATES (ALL)'!D40 -> 0 | I25: =ROUND(G25*H25,2) -> 0 | K25: =+K23+M23 -> 0 | L25: ='SUB CPIF RATES (ALL)'!E40 -> 0 | M25: =ROUND(K25*L25,2) -> 0 | O25: =+O23+Q23 -> 0 | P25: ='SUB CPIF RATES (ALL)'!F40 -> 0 | Q25: =ROUND(O25*P25,2) -> 0
B26: Total Proposed Target Labor Cost | E26: =ROUND(SUM(E18,E21,E22,E23),2) -> 0 | I26: =ROUND(SUM(I18,I21,I22,I23),2) -> 0 | M26: =ROUND(SUM(M18,M21,M22,M23),2) -> 0 | Q26: =ROUND(SUM(Q18,Q21,Q22,Q23),2) -> 0
B27: Total Proposed FCCOM | E27: =ROUND(E24,2) -> 0 | I27: =ROUND(I24,2) -> 0 | M27: =ROUND(M24,2) -> 0 | Q27: =ROUND(Q24,2) -> 0
B28: Total Proposed Target Fee | E28: =ROUND(E25,2) -> 0 | I28: =ROUND(I25,2) -> 0 | M28: =ROUND(M25,2) -> 0 | Q28: =ROUND(Q25,2) -> 0
B29: Total Proposed Labor Price (Target) | E29: =ROUND(SUM(E26:E28),2) -> 0 | I29: =ROUND(SUM(I26:I28),2) -> 0 | M29: =ROUND(SUM(M26:M28),2) -> 0 | Q29: =ROUND(SUM(Q26:Q28),2) -> 0
B31: =B14 -> CLIN 0001 (CPIF) TASK 1.02 DEVELOPMENT FROM PDR TO CDR | C31: PROPOSED COSTS/PRICES - MATERIAL | G31: PROPOSED COSTS/PRICES - MATERIAL | K31: PROPOSED COSTS/PRICES - MATERIAL | O31: PROPOSED COSTS/PRICES - MATERIAL
C32: =C15 -> CLIN 0001 - Basic Period (Year 1) | G32: =G15 -> CLIN 0001 - Basic Period (Year 2) | K32: =K15 -> CLIN 0001 - Basic Period (Year 3) | O32: =O15 -> CLIN 0001 - Basic Period (Year 4)
C33: =C19 -> Base Cost | D33: =D19 -> Rate | E33: Material Cost | G33: =G19 -> Base Cost | H33: =H19 -> Rate | I33: Material Cost | K33: =K19 -> Base Cost | L33: =L19 -> Rate | M33: Material Cost | O33: =O19 -> Base Cost | P33: =P19 -> Rate | Q33: Material Cost
B34: No input - material costs linked to the 'SUB CPIF TOTAL MATERIAL' worksheet (amounts shall also match total material in Consolidated Bill of Materials (CBOM) in RFP Section L, Paragraph 7.3.2 | E34: ='SUB CPIF TOTAL MATERIAL'!E13 -> 0 | I34: ='SUB CPIF TOTAL MATERIAL'!G13 -> 0 | M34: ='SUB CPIF TOTAL MATERIAL'!I13 -> 0 | Q34: ='SUB CPIF TOTAL MATERIAL'!K13 -> 0
B35: Insert all indirect categories that apply to material; make changes to indirect categories in Column B accordingly and amend links in Columns C, G, K, and O as needed. Also ensure rates in Columns D, H, L and P are properly linked to 'SUB-CPIF RATES (ALL)' worksheet
B36: ='SUB CPIF RATES (ALL)'!B53 -> Indirect Category: [Material Overhead] | C36: =+E34 -> 0 | D36: ='SUB CPIF RATES (ALL)'!C53 -> 0 | E36: =ROUND(C36*D36,2) -> 0 | G36: =+I34 -> 0 | H36: ='SUB CPIF RATES (ALL)'!D53 -> 0 | I36: =ROUND(G36*H36,2) -> 0 | K36: =+M34 -> 0 | L36: ='SUB CPIF RATES (ALL)'!E53 -> 0 | M36: =ROUND(K36*L36,2) -> 0 | O36: =+Q34 -> 0 | P36: ='SUB CPIF RATES (ALL)'!F53 -> 0 | Q36: =ROUND(O36*P36,2) -> 0
B37: ='SUB CPIF RATES (ALL)'!B54 -> Indirect Category: [G&A] | C37: =+C36+E36 -> 0 | D37: ='SUB CPIF RATES (ALL)'!C54 -> 0 | E37: =ROUND(C37*D37,2) -> 0 | G37: =+G36+I36 -> 0 | H37: ='SUB CPIF RATES (ALL)'!D54 -> 0 | I37: =ROUND(G37*H37,2) -> 0 | K37: =+K36+M36 -> 0 | L37: ='SUB CPIF RATES (ALL)'!E54 -> 0 | M37: =ROUND(K37*L37,2) -> 0 | O37: =+O36+Q36 -> 0 | P37: ='SUB CPIF RATES (ALL)'!F54 -> 0 | Q37: =ROUND(O37*P37,2) -> 0
B38: ='SUB CPIF RATES (ALL)'!B55 -> Indirect Category: [FCCOM] | C38: =C37+E37 -> 0 | D38: ='SUB CPIF RATES (ALL)'!C55 -> 0 | E38: =ROUND(C38*D38,2) -> 0 | G38: =G37+I37 -> 0 | H38: ='SUB CPIF RATES (ALL)'!D55 -> 0 | I38: =ROUND(G38*H38,2) -> 0 | K38: =K37+M37 -> 0 | L38: ='SUB CPIF RATES (ALL)'!E55 -> 0 | M38: =ROUND(K38*L38,2) -> 0 | O38: =O37+Q37 -> 0 | P38: ='SUB CPIF RATES (ALL)'!F55 -> 0 | Q38: =ROUND(O38*P38,2) -> 0
B39: ='SUB CPIF RATES (ALL)'!B56 -> Indirect Category: [Target Fee] | C39: =+C37+E37 -> 0 | D39: ='SUB CPIF RATES (ALL)'!C56 -> 0 | E39: =ROUND(C39*D39,2) -> 0 | G39: =+G37+I37 -> 0 | H39: ='SUB CPIF RATES (ALL)'!D56 -> 0 | I39: =ROUND(G39*H39,2) -> 0 | K39: =+K37+M37 -> 0 | L39: ='SUB CPIF RATES (ALL)'!E56 -> 0 | M39: =ROUND(K39*L39,2) -> 0 | O39: =+O37+Q37 -> 0 | P39: ='SUB CPIF RATES (ALL)'!F56 -> 0 | Q39: =ROUND(O39*P39,2) -> 0
B40: Total Proposed Target Material Cost | E40: =ROUND(SUM(E34:E37),2) -> 0 | I40: =ROUND(SUM(I34:I37),2) -> 0 | M40: =ROUND(SUM(M34:M37),2) -> 0 | Q40: =ROUND(SUM(Q34:Q37),2) -> 0
B41: Total Proposed FCCOM | E41: =ROUND(E38,2) -> 0 | I41: =ROUND(I38,2) -> 0 | M41: =ROUND(M38,2) -> 0 | Q41: =ROUND(Q38,2) -> 0
B42: Total Proposed Target Fee | E42: =ROUND(E39,2) -> 0 | I42: =ROUND(I39,2) -> 0 | M42: =ROUND(M39,2) -> 0 | Q42: =ROUND(Q39,2) -> 0
B43: Total Proposed Material Price (Target) | E43: =SUM(E40:E42) -> 0 | I43: =SUM(I40:I42) -> 0 | M43: =SUM(M40:M42) -> 0 | Q43: =SUM(Q40:Q42) -> 0
B45: =B14 -> CLIN 0001 (CPIF) TASK 1.02 DEVELOPMENT FROM PDR TO CDR | C45: PROPOSED COSTS/PRICES - SUBCONTRACTOR | G45: PROPOSED COSTS/PRICES - SUBCONTRACTOR | K45: PROPOSED COSTS/PRICES - SUBCONTRACTOR | O45: PROPOSED COSTS/PRICES - SUBCONTRACTOR
C46: =C32 -> CLIN 0001 - Basic Period (Year 1) | G46: =G32 -> CLIN 0001 - Basic Period (Year 2) | K46: =K32 -> CLIN 0001 - Basic Period (Year 3) | O46: =O32 -> CLIN 0001 - Basic Period (Year 4)
C47: =C33 -> Base Cost | D47: =D33 -> Rate | E47: Subcontractor Cost | G47: =G33 -> Base Cost | H47: =H33 -> Rate | I47: Subcontractor Cost | K47: =K33 -> Base Cost | L47: =L33 -> Rate | M47: Subcontractor Cost | O47: =O33 -> Base Cost | P47: =P33 -> Rate | Q47: Subcontractor Cost
B48: No input - subcontractor costs linked to the 'SUB CPIF TOTAL SUB' worksheet | E48: ='SUB CPIF TOTAL SUB'!E13 -> 0 | I48: ='SUB CPIF TOTAL SUB'!G13 -> 0 | M48: ='SUB CPIF TOTAL SUB'!I13 -> 0 | Q48: ='SUB CPIF TOTAL SUB'!K13 -> 0
B49: Insert all indirect categories that the prime contractor will apply to subcontractor costs; make changes to indirect categories in Column B accordingly and amend links in Columns C, G, K, and O as needed. Also ensure rates in Columns D, H, L and P are properly linked to 'SUB-CPIF RATES (ALL)' worksheet
B50: ='SUB CPIF RATES (ALL)'!B45 -> Indirect Category: [Overhead] | C50: =E48 -> 0 | D50: ='SUB CPIF RATES (ALL)'!C45 -> 0 | E50: =ROUND(C50*D50,2) -> 0 | G50: =I48 -> 0 | H50: ='SUB CPIF RATES (ALL)'!D45 -> 0 | I50: =ROUND(G50*H50,2) -> 0 | K50: =M48 -> 0 | L50: ='SUB CPIF RATES (ALL)'!E45 -> 0 | M50: =ROUND(K50*L50,2) -> 0 | O50: =Q48 -> 0 | P50: ='SUB CPIF RATES (ALL)'!F45 -> 0 | Q50: =ROUND(O50*P50,2) -> 0
B51: ='SUB CPIF RATES (ALL)'!B46 -> Indirect Category: [G&A] | C51: =C50+E50 -> 0 | D51: ='SUB CPIF RATES (ALL)'!C46 -> 0 | E51: =ROUND(C51*D51,2) -> 0 | G51: =G50+I50 -> 0 | H51: ='SUB CPIF RATES (ALL)'!D46 -> 0 | I51: =ROUND(G51*H51,2) -> 0 | K51: =K50+M50 -> 0 | L51: ='SUB CPIF RATES (ALL)'!E46 -> 0 | M51: =ROUND(K51*L51,2) -> 0 | O51: =O50+Q50 -> 0 | P51: ='SUB CPIF RATES (ALL)'!F46 -> 0 | Q51: =ROUND(O51*P51,2) -> 0
B52: ='SUB CPIF RATES (ALL)'!B47 -> Indirect Category: [FCCOM] | C52: =C51+E51 -> 0 | D52: ='SUB CPIF RATES (ALL)'!C47 -> 0 | E52: =ROUND(C52*D52,2) -> 0 | G52: =G51+I51 -> 0 | H52: ='SUB CPIF RATES (ALL)'!D47 -> 0 | I52: =ROUND(G52*H52,2) -> 0 | K52: =K51+M51 -> 0 | L52: ='SUB CPIF RATES (ALL)'!E47 -> 0 | M52: =ROUND(K52*L52,2) -> 0 | O52: =O51+Q51 -> 0 | P52: ='SUB CPIF RATES (ALL)'!F47 -> 0 | Q52: =ROUND(O52*P52,2) -> 0
B53: ='SUB CPIF RATES (ALL)'!B48 -> Indirect Category: [Target Fee] | C53: =C51+E51 -> 0 | D53: ='SUB CPIF RATES (ALL)'!C48 -> 0 | E53: =ROUND(C53*D53,2) -> 0 | G53: =G51+I51 -> 0 | H53: ='SUB CPIF RATES (ALL)'!D48 -> 0 | I53: =ROUND(G53*H53,2) -> 0 | K53: =K51+M51 -> 0 | L53: ='SUB CPIF RATES (ALL)'!E48 -> 0 | M53: =ROUND(K53*L53,2) -> 0 | O53: =O51+Q51 -> 0 | P53: ='SUB CPIF RATES (ALL)'!F48 -> 0 | Q53: =ROUND(O53*P53,2) -> 0
B54: Total Proposed Target Subcontractor Costs | E54: =ROUND(E48+E50+E51,2) -> 0 | I54: =ROUND(I48+I50+I51,2) -> 0 | M54: =ROUND(M48+M50+M51,2) -> 0 | Q54: =ROUND(Q48+Q50+Q51,2) -> 0
B55: Total Proposed Target FCCOM | E55: =ROUND(E52,2) -> 0 | I55: =ROUND(I52,2) -> 0 | M55: =ROUND(M52,2) -> 0 | Q55: =ROUND(Q52,2) -> 0
B56: Total Proposed Target Fee | E56: =ROUND(E53,2) -> 0 | I56: =ROUND(I53,2) -> 0 | M56: =ROUND(M53,2) -> 0 | Q56: =ROUND(Q53,2) -> 0
B57: Total Proposed Subcontractor Price (Target) | E57: =ROUND(SUM(E54:E56),2) -> 0 | I57: =ROUND(SUM(I54:I56),2) -> 0 | M57: =ROUND(SUM(M54:M56),2) -> 0 | Q57: =ROUND(SUM(Q54:Q56),2) -> 0
B59: =B31 -> CLIN 0001 (CPIF) TASK 1.02 DEVELOPMENT FROM PDR TO CDR | C59: PROPOSED COSTS/PRICES - OTHER DIRECT COSTS (ODC) | G59: PROPOSED COSTS/PRICES - ODC | K59: PROPOSED COSTS/PRICES - ODC | O59: PROPOSED COSTS/PRICES - ODC
C60: =C32 -> CLIN 0001 - Basic Period (Year 1) | G60: =G32 -> CLIN 0001 - Basic Period (Year 2) | K60: =K32 -> CLIN 0001 - Basic Period (Year 3) | O60: =O32 -> CLIN 0001 - Basic Period (Year 4)
C61: =C47 -> Base Cost | D61: =D47 -> Rate | E61: Other Direct Costs | G61: Base Cost | H61: Rate | I61: Other Direct Costs | K61: =K47 -> Base Cost | L61: Rate | M61: Other Direct Costs | O61: =O47 -> Base Cost | P61: Rate | Q61: Other Direct Costs
B62: No input - total costs associated with ODC linked to the 'SUB CPIF ODC' worksheet | E62: ='SUB CPIF TOTAL ODC'!E14 -> 0 | I62: ='SUB CPIF TOTAL ODC'!G14 -> 0 | M62: ='SUB CPIF TOTAL ODC'!I14 -> 0 | Q62: ='SUB CPIF TOTAL ODC'!K14 -> 0
A63: ` | B63: Insert all indirect categories that the prime contractor will apply to ODC; make changes to indirect categories in Column B accordingly and amend links in Columns C, G, K, and O as needed. Also ensure rates in Columns D, H, L and P are properly linked to 'SUB-CPIF RATES (ALL)' worksheet
B64: ='SUB CPIF RATES (ALL)'!B61 -> Indirect Category: [Overhead] | C64: =+E62 -> 0 | D64: ='SUB CPIF RATES (ALL)'!C61 -> 0 | E64: =ROUND(C64*D64,2) -> 0 | G64: =+I62 -> 0 | H64: ='SUB CPIF RATES (ALL)'!D61 -> 0 | I64: =ROUND(G64*H64,2) -> 0 | K64: =+M62 -> 0 | L64: ='SUB CPIF RATES (ALL)'!E61 -> 0 | M64: =ROUND(K64*L64,2) -> 0 | O64: =+Q62 -> 0 | P64: ='SUB CPIF RATES (ALL)'!F61 -> 0 | Q64: =ROUND(O64*P64,2) -> 0
B65: ='SUB CPIF RATES (ALL)'!B62 -> Indirect Category: [G&A] | C65: =+C64+E64 -> 0 | D65: ='SUB CPIF RATES (ALL)'!C62 -> 0 | E65: =ROUND(C65*D65,2) -> 0 | G65: =+G64+I64 -> 0 | H65: ='SUB CPIF RATES (ALL)'!D62 -> 0 | I65: =ROUND(G65*H65,2) -> 0 | K65: =+K64+M64 -> 0 | L65: ='SUB CPIF RATES (ALL)'!E62 -> 0 | M65: =ROUND(K65*L65,2) -> 0 | O65: =+O64+Q64 -> 0 | P65: ='SUB CPIF RATES (ALL)'!F62 -> 0 | Q65: =ROUND(O65*P65,2) -> 0
B66: ='SUB CPIF RATES (ALL)'!B63 -> Indirect Category: [FCCOM] | C66: =C65+E65 -> 0 | D66: ='SUB CPIF RATES (ALL)'!C63 -> 0 | E66: =ROUND(C66*D66,2) -> 0 | G66: =G65+I65 -> 0 | H66: ='SUB CPIF RATES (ALL)'!D63 -> 0 | I66: =ROUND(G66*H66,2) -> 0 | K66: =K65+M65 -> 0 | L66: ='SUB CPIF RATES (ALL)'!E63 -> 0 | M66: =ROUND(K66*L66,2) -> 0 | O66: =O65+Q65 -> 0 | P66: ='SUB CPIF RATES (ALL)'!F63 -> 0 | Q66: =ROUND(O66*P66,2) -> 0
B67: ='SUB CPIF RATES (ALL)'!B64 -> Indirect Category: [Target Fee] | C67: =+C65+E65 -> 0 | D67: ='SUB CPIF RATES (ALL)'!C64 -> 0 | E67: =ROUND(C67*D67,2) -> 0 | G67: =+G65+I65 -> 0 | H67: ='SUB CPIF RATES (ALL)'!D64 -> 0 | I67: =ROUND(G67*H67,2) -> 0 | K67: =+K65+M65 -> 0 | L67: ='SUB CPIF RATES (ALL)'!E64 -> 0 | M67: =ROUND(K67*L67,2) -> 0 | O67: =+O65+Q65 -> 0 | P67: ='SUB CPIF RATES (ALL)'!F64 -> 0 | Q67: =ROUND(O67*P67,2) -> 0
B68: Total Proposed Target Other Direct Costs | E68: =ROUND(SUM(E62:E65),2) -> 0 | I68: =ROUND(SUM(I62:I65),2) -> 0 | M68: =ROUND(SUM(M62:M65),2) -> 0 | Q68: =ROUND(SUM(Q62:Q65),2) -> 0
B69: Total Proposed FCCOM | E69: =ROUND(E66,2) -> 0 | I69: =ROUND(I66,2) -> 0 | M69: =ROUND(M66,2) -> 0 | Q69: =ROUND(Q66,2) -> 0
B70: Total Proposed Target Fee | E70: =ROUND(E67,2) -> 0 | I70: =ROUND(I67,2) -> 0 | M70: =ROUND(M67,2) -> 0 | Q70: =ROUND(Q67,2) -> 0
B71: Total Proposed ODC Price (Target) | E71: =ROUND(SUM(E68:E70),2) -> 0 | I71: =ROUND(SUM(I68:I70),2) -> 0 | M71: =ROUND(SUM(M68:M70),2) -> 0 | Q71: =ROUND(SUM(Q68:Q70),2) -> 0
B73: =B59 -> CLIN 0001 (CPIF) TASK 1.02 DEVELOPMENT FROM PDR TO CDR | C73: Proposed Prices (Labor, Material, Subcontractor, and ODC) | G73: Proposed Prices (Labor, Material, Subcontractor, and ODC) | K73: Proposed Prices (Labor, Material, Subcontractor, and ODC) | O73: Proposed Prices (Labor, Material, Subcontractor, and ODC)
E74: CLIN 0001: Basic Period (Year 1) | I74: CLIN 0001: Basic Period (Year 2) | M74: CLIN 0001: Basic Period (Year 3) | Q74: CLIN 0001: Basic Period (Year 4)
B75: Total Proposed Target Cost (Direct and Indirect) | E75: =+ROUND(E26+E40+E54+E68,2) -> 0 | I75: =+ROUND(I26+I40+I54+I68,2) -> 0 | M75: =+ROUND(M26+M40+M54+M68,2) -> 0 | Q75: =+ROUND(Q26+Q40+Q54+Q68,2) -> 0
B76: Total Proposed FCCOM | E76: =+ROUND(E27+E41+E55+E69,2) -> 0 | I76: =+ROUND(I27+I41+I55+I69,2) -> 0 | M76: =+ROUND(M27+M41+M55+M69,2) -> 0 | Q76: =+ROUND(Q27+Q41+Q55+Q69,2) -> 0
B77: Total Proposed Target Fee | E77: =+ROUND(E28+E42+E56+E70,2) -> 0 | I77: =+ROUND(I28+I42+I56+I70,2) -> 0 | M77: =+ROUND(M28+M42+M56+M70,2) -> 0 | Q77: =+ROUND(Q28+Q42+Q56+Q70,2) -> 0
B78: Total Proposed Target Price (CLIN 0001, TASK 1.02) | E78: =SUM(E75:E77) -> 0 | I78: =SUM(I75:I77) -> 0 | M78: =SUM(M75:M77) -> 0 | Q78: =SUM(Q75:Q77) -> 0
Q80: TOTAL TARGET PRICE - CLIN 0001, TASK 1.02
Q81: =E78+I78+M78+Q78 -> 0

Sheet CPIF CLIN 0001-TASK 1.03 INPUTS
B1: MAJOR SUBCONTRACTOR | C1: ='SUB CPIF RATES (ALL)'!C1 -> NAME
B2: PRIME OFFEROR | C2: ='SUB CPIF RATES (ALL)'!C2 -> NAME
A4: KC-135 Center Console Refresh (CCR) Competitive Pricing Matrix CLIN 0001: Development (CPIF)
B6: Notes:
B7: 1. The format of this worksheet may be revised as required to be consistent with the Major Subcontractor's approved accounting system; amend base costs and direct/indirect rates as necessary
B8: 2. Proposed costs for Labor, Material, Subcontractor, and Other Direct Costs (ODCs) are linked to corresponding worksheets as specified below - no input required
B9: 3. The proposed indirect rates are linked to the "SUB CPIF RATES (ALL)" worksheet and will automatically be applied to the proposed amounts for labor, material, ODC, and subcontractor costs (CPIF Target Cost, Target FCCOM, Target Fee, and Total Price will automatically calculate)
B10: 4. The Major Subcontractor shall amend the indirect categories as needed, and ensure the proposed indirect rates are properly linked to the "SUB CPIF RATES (ALL)" worksheet
B11: 5. Definitions of the labor categories and indirect rates are included in the "SUB CPIF RATE (ALL)" worksheet; the Offeror shall amend as necessary
B12: 6. The total target price for CLIN 0001, TASK 1.03 will automatically calculate for the Basic Period
B14: CLIN 0001 (CPIF) TASK 1.03 SYSTEM TEST AND EVALUATION | C14: PROPOSED COSTS/PRICES - LABOR | G14: PROPOSED COSTS/PRICES - LABOR | K14: PROPOSED COSTS/PRICES - LABOR | O14: PROPOSED COSTS/PRICES - LABOR
C15: CLIN 0001 - Basic Period (Year 1) | G15: CLIN 0001 - Basic Period (Year 2) | K15: CLIN 0001 - Basic Period (Year 3) | O15: CLIN 0001 - Basic Period (Year 4)
B16: Labor Category | C16: Labor Hours | D16: Labor Rates | E16: Direct Labor Cost | G16: Labor Hours | H16: Labor Rates | I16: Direct Labor Cost | K16: Labor Hours | L16: Labor Rates | M16: Direct Labor Cost | O16: Labor Hours | P16: Labor Rates | Q16: Direct Labor Cost
B17: No input - total labor (labor hours and total labor costs) linked to the 'SUB CPIF LABOR INPUTS' worksheet
B18: TOTAL DIRECT LABOR HOURS/COST | C18: ='SUB CPIF LABOR INPUTS'!D71 -> 0 | E18: ='SUB CPIF LABOR INPUTS'!F71 -> 0 | G18: ='SUB CPIF LABOR INPUTS'!H71 -> 0 | I18: ='SUB CPIF LABOR INPUTS'!J71 -> 0 | K18: ='SUB CPIF LABOR INPUTS'!L71 -> 0 | M18: ='SUB CPIF LABOR INPUTS'!N71 -> 0 | O18: ='SUB CPIF LABOR INPUTS'!P71 -> 0 | Q18: ='SUB CPIF LABOR INPUTS'!R71 -> 0
C19: Base Cost | D19: Rate | E19: Labor Cost | G19: Base Cost | H19: Rate | I19: Labor Cost | K19: Base Cost | L19: Rate | M19: Labor Cost | O19: Base Cost | P19: Rate | Q19: Labor Cost
B20: Insert all indirect categories that apply to labor; make changes to indirect categories in Column B accordingly and amend links in Columns C, G, K, and O as needed. Also ensure rates in Columns D, H, L and P are properly linked to 'PRIME-CPIF Rates (All)' worksheet
B21: ='SUB CPIF RATES (ALL)'!B36 -> Indirect Labor Category: [Labor Fringe] | C21: =+E18 -> 0 | D21: ='SUB CPIF RATES (ALL)'!C36 -> 0 | E21: =ROUND(C21*D21,2) -> 0 | G21: =+I18 -> 0 | H21: ='SUB CPIF RATES (ALL)'!D36 -> 0 | I21: =ROUND(G21*H21,2) -> 0 | K21: =+M18 -> 0 | L21: ='SUB CPIF RATES (ALL)'!E36 -> 0 | M21: =ROUND(K21*L21,2) -> 0 | O21: =+Q18 -> 0 | P21: ='SUB CPIF RATES (ALL)'!F36 -> 0 | Q21: =ROUND(O21*P21,2) -> 0
B22: ='SUB CPIF RATES (ALL)'!B37 -> Indirect Labor Category: [Labor Overhead] | C22: =+C21+E21 -> 0 | D22: ='SUB CPIF RATES (ALL)'!C37 -> 0 | E22: =ROUND(C22*D22,2) -> 0 | G22: =+G21+I21 -> 0 | H22: ='SUB CPIF RATES (ALL)'!D37 -> 0 | I22: =ROUND(G22*H22,2) -> 0 | K22: =+K21+M21 -> 0 | L22: ='SUB CPIF RATES (ALL)'!E37 -> 0 | M22: =ROUND(K22*L22,2) -> 0 | O22: =+O21+Q21 -> 0 | P22: ='SUB CPIF RATES (ALL)'!F37 -> 0 | Q22: =ROUND(O22*P22,2) -> 0
B23: ='SUB CPIF RATES (ALL)'!B38 -> Indirect Labor Category: [G&A] | C23: =+C22+E22 -> 0 | D23: ='SUB CPIF RATES (ALL)'!C38 -> 0 | E23: =ROUND(C23*D23,2) -> 0 | G23: =+G22+I22 -> 0 | H23: ='SUB CPIF RATES (ALL)'!D38 -> 0 | I23: =ROUND(G23*H23,2) -> 0 | K23: =+K22+M22 -> 0 | L23: ='SUB CPIF RATES (ALL)'!E38 -> 0 | M23: =ROUND(K23*L23,2) -> 0 | O23: =+O22+Q22 -> 0 | P23: ='SUB CPIF RATES (ALL)'!F38 -> 0 | Q23: =ROUND(O23*P23,2) -> 0
B24: ='SUB CPIF RATES (ALL)'!B39 -> Indirect Labor Category: [FCCOM] | C24: =C23+E23 -> 0 | D24: ='SUB CPIF RATES (ALL)'!C39 -> 0 | E24: =ROUND(C24*D24,2) -> 0 | G24: =G23+I23 -> 0 | H24: ='SUB CPIF RATES (ALL)'!D39 -> 0 | I24: =ROUND(G24*H24,2) -> 0 | K24: =K23+M23 -> 0 | L24: ='SUB CPIF RATES (ALL)'!E39 -> 0 | M24: =ROUND(K24*L24,2) -> 0 | O24: =O23+Q23 -> 0 | P24: ='SUB CPIF RATES (ALL)'!F39 -> 0 | Q24: =ROUND(O24*P24,2) -> 0
B25: ='SUB CPIF RATES (ALL)'!B40 -> Indirect Labor Category: [Target Fee] | C25: =+C23+E23 -> 0 | D25: ='SUB CPIF RATES (ALL)'!C40 -> 0 | E25: =ROUND(C25*D25,2) -> 0 | G25: =+G23+I23 -> 0 | H25: ='SUB CPIF RATES (ALL)'!D40 -> 0 | I25: =ROUND(G25*H25,2) -> 0 | K25: =+K23+M23 -> 0 | L25: ='SUB CPIF RATES (ALL)'!E40 -> 0 | M25: =ROUND(K25*L25,2) -> 0 | O25: =+O23+Q23 -> 0 | P25: ='SUB CPIF RATES (ALL)'!F40 -> 0 | Q25: =ROUND(O25*P25,2) -> 0
B26: Total Proposed Target Labor Cost | E26: =ROUND(SUM(E18,E21,E22,E23),2) -> 0 | I26: =ROUND(SUM(I18,I21,I22,I23),2) -> 0 | M26: =ROUND(SUM(M18,M21,M22,M23),2) -> 0 | Q26: =ROUND(SUM(Q18,Q21,Q22,Q23),2) -> 0
B27: Total Proposed FCCOM | E27: =ROUND(E24,2) -> 0 | I27: =ROUND(I24,2) -> 0 | M27: =ROUND(M24,2) -> 0 | Q27: =ROUND(Q24,2) -> 0
B28: Total Proposed Target Fee | E28: =ROUND(E25,2) -> 0 | I28: =ROUND(I25,2) -> 0 | M28: =ROUND(M25,2) -> 0 | Q28: =ROUND(Q25,2) -> 0
B29: Total Proposed Labor Price (Target) | E29: =ROUND(SUM(E26:E28),2) -> 0 | I29: =ROUND(SUM(I26:I28),2) -> 0 | M29: =ROUND(SUM(M26:M28),2) -> 0 | Q29: =ROUND(SUM(Q26:Q28),2) -> 0
B31: =B14 -> CLIN 0001 (CPIF) TASK 1.03 SYSTEM TEST AND EVALUATION | C31: PROPOSED COSTS/PRICES - MATERIAL | G31: PROPOSED COSTS/PRICES - MATERIAL | K31: PROPOSED COSTS/PRICES - MATERIAL | O31: PROPOSED COSTS/PRICES - MATERIAL
C32: =C15 -> CLIN 0001 - Basic Period (Year 1) | G32: =G15 -> CLIN 0001 - Basic Period (Year 2) | K32: =K15 -> CLIN 0001 - Basic Period (Year 3) | O32: =O15 -> CLIN 0001 - Basic Period (Year 4)
C33: Base Cost | D33: Rate | E33: Material Cost | G33: Base Cost | H33: Rate | I33: Material Cost | K33: =K19 -> Base Cost | L33: Rate | M33: Material Cost | O33: Base Cost | P33: Rate | Q33: Material Cost
B34: No input - material costs linked to the 'SUB CPIF TOTAL MATERIAL' worksheet (amounts shall also match total material in Consolidated Bill of Materials (CBOM) in RFP Section L, Paragraph 7.3.2 | E34: ='SUB CPIF TOTAL MATERIAL'!E14 -> 0 | I34: ='SUB CPIF TOTAL MATERIAL'!G14 -> 0 | M34: ='SUB CPIF TOTAL MATERIAL'!I14 -> 0 | Q34: ='SUB CPIF TOTAL MATERIAL'!K14 -> 0
B35: Insert all indirect categories that apply to material; make changes to indirect categories in Column B accordingly and amend links in Columns C, G, K, and O as needed. Also ensure rates in Columns D, H, L and P are properly linked to 'SUB-CPIF RATES (ALL)' worksheet
B36: ='SUB CPIF RATES (ALL)'!B53 -> Indirect Category: [Material Overhead] | C36: =+E34 -> 0 | D36: ='SUB CPIF RATES (ALL)'!C53 -> 0 | E36: =ROUND(C36*D36,2) -> 0 | G36: =+I34 -> 0 | H36: ='SUB CPIF RATES (ALL)'!D53 -> 0 | I36: =ROUND(G36*H36,2) -> 0 | K36: =+M34 -> 0 | L36: ='SUB CPIF RATES (ALL)'!E53 -> 0 | M36: =ROUND(K36*L36,2) -> 0 | O36: =+Q34 -> 0 | P36: ='SUB CPIF RATES (ALL)'!F53 -> 0 | Q36: =ROUND(O36*P36,2) -> 0
B37: ='SUB CPIF RATES (ALL)'!B54 -> Indirect Category: [G&A] | C37: =+C36+E36 -> 0 | D37: ='SUB CPIF RATES (ALL)'!C54 -> 0 | E37: =ROUND(C37*D37,2) -> 0 | G37: =+G36+I36 -> 0 | H37: ='SUB CPIF RATES (ALL)'!D54 -> 0 | I37: =ROUND(G37*H37,2) -> 0 | K37: =+K36+M36 -> 0 | L37: ='SUB CPIF RATES (ALL)'!E54 -> 0 | M37: =ROUND(K37*L37,2) -> 0 | O37: =+O36+Q36 -> 0 | P37: ='SUB CPIF RATES (ALL)'!F54 -> 0 | Q37: =ROUND(O37*P37,2) -> 0
B38: ='SUB CPIF RATES (ALL)'!B55 -> Indirect Category: [FCCOM] | C38: =C37+E37 -> 0 | D38: ='SUB CPIF RATES (ALL)'!C55 -> 0 | E38: =ROUND(C38*D38,2) -> 0 | G38: =G37+I37 -> 0 | H38: ='SUB CPIF RATES (ALL)'!D55 -> 0 | I38: =ROUND(G38*H38,2) -> 0 | K38: =K37+M37 -> 0 | L38: ='SUB CPIF RATES (ALL)'!E55 -> 0 | M38: =ROUND(K38*L38,2) -> 0 | O38: =O37+Q37 -> 0 | P38: ='SUB CPIF RATES (ALL)'!F55 -> 0 | Q38: =ROUND(O38*P38,2) -> 0
B39: ='SUB CPIF RATES (ALL)'!B56 -> Indirect Category: [Target Fee] | C39: =+C37+E37 -> 0 | D39: ='SUB CPIF RATES (ALL)'!C56 -> 0 | E39: =ROUND(C39*D39,2) -> 0 | G39: =+G37+I37 -> 0 | H39: ='SUB CPIF RATES (ALL)'!D56 -> 0 | I39: =ROUND(G39*H39,2) -> 0 | K39: =+K37+M37 -> 0 | L39: ='SUB CPIF RATES (ALL)'!E56 -> 0 | M39: =ROUND(K39*L39,2) -> 0 | O39: =+O37+Q37 -> 0 | P39: ='SUB CPIF RATES (ALL)'!F56 -> 0 | Q39: =ROUND(O39*P39,2) -> 0
B40: Total Proposed Target Material Cost | E40: =ROUND(SUM(E34:E37),2) -> 0 | I40: =ROUND(SUM(I34:I37),2) -> 0 | M40: =ROUND(SUM(M34:M37),2) -> 0 | Q40: =ROUND(SUM(Q34:Q37),2) -> 0
B41: Total Proposed FCCOM | E41: =ROUND(E38,2) -> 0 | I41: =ROUND(I38,2) -> 0 | M41: =ROUND(M38,2) -> 0 | Q41: =ROUND(Q38,2) -> 0
B42: Total Proposed Target Fee | E42: =ROUND(E39,2) -> 0 | I42: =ROUND(I39,2) -> 0 | M42: =ROUND(M39,2) -> 0 | Q42: =ROUND(Q39,2) -> 0
B43: Total Proposed Material Price (Target) | E43: =SUM(E40:E42) -> 0 | I43: =SUM(I40:I42) -> 0 | M43: =SUM(M40:M42) -> 0 | Q43: =SUM(Q40:Q42) -> 0
B45: =B14 -> CLIN 0001 (CPIF) TASK 1.03 SYSTEM TEST AND EVALUATION | C45: PROPOSED COSTS/PRICES - SUBCONTRACTOR | G45: PROPOSED COSTS/PRICES - SUBCONTRACTOR | K45: PROPOSED COSTS/PRICES - SUBCONTRACTOR | O45: PROPOSED COSTS/PRICES - SUBCONTRACTOR
C46: =C32 -> CLIN 0001 - Basic Period (Year 1) | G46: =G32 -> CLIN 0001 - Basic Period (Year 2) | K46: =K32 -> CLIN 0001 - Basic Period (Year 3) | O46: =O32 -> CLIN 0001 - Basic Period (Year 4)
C47: =C33 -> Base Cost | D47: Rate | E47: Subcontractor Cost | G47: =G33 -> Base Cost | H47: Rate | I47: Subcontractor Cost | K47: =K33 -> Base Cost | L47: Rate | M47: Subcontractor Cost | O47: =O33 -> Base Cost | P47: Rate | Q47: Subcontractor Cost
B48: No input - subcontractor costs linked to the 'SUB CPIF TOTAL SUB' worksheet | E48: ='SUB CPIF TOTAL SUB'!E14 -> 0 | I48: ='SUB CPIF TOTAL SUB'!G14 -> 0 | M48: ='SUB CPIF TOTAL SUB'!I14 -> 0 | Q48: ='SUB CPIF TOTAL SUB'!K14 -> 0
B49: Insert all indirect categories that the prime contractor will apply to subcontractor costs; make changes to indirect categories in Column B accordingly and amend links in Columns C, G, K, and O as needed. Also ensure rates in Columns D, H, L and P are properly linked to 'SUB-CPIF RATES (ALL)' worksheet
B50: ='SUB CPIF RATES (ALL)'!B45 -> Indirect Category: [Overhead] | C50: =E48 -> 0 | D50: ='SUB CPIF RATES (ALL)'!C45 -> 0 | E50: =ROUND(C50*D50,2) -> 0 | G50: =I48 -> 0 | H50: ='SUB CPIF RATES (ALL)'!D45 -> 0 | I50: =ROUND(G50*H50,2) -> 0 | K50: =M48 -> 0 | L50: ='SUB CPIF RATES (ALL)'!E45 -> 0 | M50: =ROUND(K50*L50,2) -> 0 | O50: =Q48 -> 0 | P50: ='SUB CPIF RATES (ALL)'!F45 -> 0 | Q50: =ROUND(O50*P50,2) -> 0
B51: ='SUB CPIF RATES (ALL)'!B46 -> Indirect Category: [G&A] | C51: =C50+E50 -> 0 | D51: ='SUB CPIF RATES (ALL)'!C46 -> 0 | E51: =ROUND(C51*D51,2) -> 0 | G51: =G50+I50 -> 0 | H51: ='SUB CPIF RATES (ALL)'!D46 -> 0 | I51: =ROUND(G51*H51,2) -> 0 | K51: =K50+M50 -> 0 | L51: ='SUB CPIF RATES (ALL)'!E46 -> 0 | M51: =ROUND(K51*L51,2) -> 0 | O51: =O50+Q50 -> 0 | P51: ='SUB CPIF RATES (ALL)'!F46 -> 0 | Q51: =ROUND(O51*P51,2) -> 0
B52: ='SUB CPIF RATES (ALL)'!B47 -> Indirect Category: [FCCOM] | C52: =C51+E51 -> 0 | D52: ='SUB CPIF RATES (ALL)'!C47 -> 0 | E52: =ROUND(C52*D52,2) -> 0 | G52: =G51+I51 -> 0 | H52: ='SUB CPIF RATES (ALL)'!D47 -> 0 | I52: =ROUND(G52*H52,2) -> 0 | K52: =K51+M51 -> 0 | L52: ='SUB CPIF RATES (ALL)'!E47 -> 0 | M52: =ROUND(K52*L52,2) -> 0 | O52: =O51+Q51 -> 0 | P52: ='SUB CPIF RATES (ALL)'!F47 -> 0 | Q52: =ROUND(O52*P52,2) -> 0
B53: ='SUB CPIF RATES (ALL)'!B48 -> Indirect Category: [Target Fee] | C53: =C51+E51 -> 0 | D53: ='SUB CPIF RATES (ALL)'!C48 -> 0 | E53: =ROUND(C53*D53,2) -> 0 | G53: =G51+I51 -> 0 | H53: ='SUB CPIF RATES (ALL)'!D48 -> 0 | I53: =ROUND(G53*H53,2) -> 0 | K53: =K51+M51 -> 0 | L53: ='SUB CPIF RATES (ALL)'!E48 -> 0 | M53: =ROUND(K53*L53,2) -> 0 | O53: =O51+Q51 -> 0 | P53: ='SUB CPIF RATES (ALL)'!F48 -> 0 | Q53: =ROUND(O53*P53,2) -> 0
B54: Total Proposed Target Subcontractor Costs | E54: =ROUND(E48+E50+E51,2) -> 0 | I54: =ROUND(I48+I50+I51,2) -> 0 | M54: =ROUND(M48+M50+M51,2) -> 0 | Q54: =ROUND(Q48+Q50+Q51,2) -> 0
B55: Total Proposed Target FCCOM | E55: =ROUND(E52,2) -> 0 | I55: =ROUND(I52,2) -> 0 | M55: =ROUND(M52,2) -> 0 | Q55: =ROUND(Q52,2) -> 0
B56: Total Proposed Target Fee | E56: =ROUND(E53,2) -> 0 | I56: =ROUND(I53,2) -> 0 | M56: =ROUND(M53,2) -> 0 | Q56: =ROUND(Q53,2) -> 0
B57: Total Proposed Subcontractor Price (Target) | E57: =ROUND(SUM(E54:E56),2) -> 0 | I57: =ROUND(SUM(I54:I56),2) -> 0 | M57: =ROUND(SUM(M54:M56),2) -> 0 | Q57: =ROUND(SUM(Q54:Q56),2) -> 0
B59: =B31 -> CLIN 0001 (CPIF) TASK 1.03 SYSTEM TEST AND EVALUATION | C59: PROPOSED COSTS/PRICES - OTHER DIRECT COSTS (ODC) | G59: PROPOSED COSTS/PRICES - ODC | K59: PROPOSED COSTS/PRICES - ODC | O59: PROPOSED COSTS/PRICES - ODC
C60: =C32 -> CLIN 0001 - Basic Period (Year 1) | G60: =G32 -> CLIN 0001 - Basic Period (Year 2) | K60: =K32 -> CLIN 0001 - Basic Period (Year 3) | O60: =O32 -> CLIN 0001 - Basic Period (Year 4)
C61: =C47 -> Base Cost | D61: Rate | E61: Other Direct Cost | G61: =G47 -> Base Cost | H61: Rate | I61: Other Direct Cost | K61: =K47 -> Base Cost | L61: Rate | M61: Other Direct Cost | O61: =O47 -> Base Cost | P61: Rate | Q61: Other Direct Cost
B62: No input - total costs associated with ODC linked to the 'SUB CPIF ODC' worksheet | E62: ='SUB CPIF TOTAL ODC'!E15 -> 0 | I62: ='SUB CPIF TOTAL ODC'!G15 -> 0 | M62: ='SUB CPIF TOTAL ODC'!I15 -> 0 | Q62: ='SUB CPIF TOTAL ODC'!K15 -> 0
B63: Insert all indirect categories that the prime contractor will apply to ODC; make changes to indirect categories in Column B accordingly and amend links in Columns C, G, K, and O as needed. Also ensure rates in Columns D, H, L and P are properly linked to 'SUB-CPIF RATES (ALL)' worksheet
B64: Proposed Add-on Factor (Overhead) | C64: =+E62 -> 0 | D64: ='SUB CPIF RATES (ALL)'!C61 -> 0 | E64: =ROUND(C64*D64,2) -> 0 | G64: =+I62 -> 0 | H64: ='SUB CPIF RATES (ALL)'!D61 -> 0 | I64: =ROUND(G64*H64,2) -> 0 | K64: =+M62 -> 0 | L64: ='SUB CPIF RATES (ALL)'!E61 -> 0 | M64: =ROUND(K64*L64,2) -> 0 | O64: =+Q62 -> 0 | P64: ='SUB CPIF RATES (ALL)'!F61 -> 0 | Q64: =ROUND(O64*P64,2) -> 0
B65: Proposed Add-on Factor (G&A) | C65: =+C64+E64 -> 0 | D65: ='SUB CPIF RATES (ALL)'!C62 -> 0 | E65: =ROUND(C65*D65,2) -> 0 | G65: =+G64+I64 -> 0 | H65: ='SUB CPIF RATES (ALL)'!D62 -> 0 | I65: =ROUND(G65*H65,2) -> 0 | K65: =+K64+M64 -> 0 | L65: ='SUB CPIF RATES (ALL)'!E62 -> 0 | M65: =ROUND(K65*L65,2) -> 0 | O65: =+O64+Q64 -> 0 | P65: ='SUB CPIF RATES (ALL)'!F62 -> 0 | Q65: =ROUND(O65*P65,2) -> 0
B66: Proposed Add-on Factor (FCCOM) | C66: =C65+E65 -> 0 | D66: ='SUB CPIF RATES (ALL)'!C63 -> 0 | E66: =ROUND(C66*D66,2) -> 0 | G66: =G65+I65 -> 0 | H66: ='SUB CPIF RATES (ALL)'!D63 -> 0 | I66: =ROUND(G66*H66,2) -> 0 | K66: =K65+M65 -> 0 | L66: ='SUB CPIF RATES (ALL)'!E63 -> 0 | M66: =ROUND(K66*L66,2) -> 0 | O66: =O65+Q65 -> 0 | P66: ='SUB CPIF RATES (ALL)'!F63 -> 0 | Q66: =ROUND(O66*P66,2) -> 0
B67: Proposed Add-on Factor (Fee) | C67: =+C65+E65 -> 0 | D67: ='SUB CPIF RATES (ALL)'!C64 -> 0 | E67: =ROUND(C67*D67,2) -> 0 | G67: =+G65+I65 -> 0 | H67: ='SUB CPIF RATES (ALL)'!D64 -> 0 | I67: =ROUND(G67*H67,2) -> 0 | K67: =+K65+M65 -> 0 | L67: ='SUB CPIF RATES (ALL)'!E64 -> 0 | M67: =ROUND(K67*L67,2) -> 0 | O67: =+O65+Q65 -> 0 | P67: ='SUB CPIF RATES (ALL)'!F64 -> 0 | Q67: =ROUND(O67*P67,2) -> 0
B68: Total Proposed Target Other Direct Costs | E68: =ROUND(SUM(E62:E65),2) -> 0 | I68: =ROUND(SUM(I62:I65),2) -> 0 | M68: =ROUND(SUM(M62:M65),2) -> 0 | Q68: =ROUND(SUM(Q62:Q65),2) -> 0
B69: Total Proposed FCCOM | E69: =ROUND(E66,2) -> 0 | I69: =ROUND(I66,2) -> 0 | M69: =ROUND(M66,2) -> 0 | Q69: =ROUND(Q66,2) -> 0
B70: Total Proposed Target Fee | E70: =ROUND(E67,2) -> 0 | I70: =ROUND(I67,2) -> 0 | M70: =ROUND(M67,2) -> 0 | Q70: =ROUND(Q67,2) -> 0
B71: Total Proposed ODC Price (Target) | E71: =ROUND(SUM(E68:E70),2) -> 0 | I71: =ROUND(SUM(I68:I70),2) -> 0 | M71: =ROUND(SUM(M68:M70),2) -> 0 | Q71: =ROUND(SUM(Q68:Q70),2) -> 0
B73: =B59 -> CLIN 0001 (CPIF) TASK 1.03 SYSTEM TEST AND EVALUATION | C73: Proposed Prices (Labor, Material, Subcontractor, and ODC) | G73: Proposed Prices (Labor, Material, Subcontractor, and ODC) | K73: Proposed Prices (Labor, Material, Subcontractor, and ODC) | O73: Proposed Prices (Labor, Material, Subcontractor, and ODC)
E74: CLIN 0001: Basic Period (Year 1) | I74: CLIN 0001: Basic Period (Year 2) | M74: CLIN 0001: Basic Period (Year 3) | Q74: CLIN 0001: Basic Period (Year 4)
B75: Total Proposed Target Cost (Direct and Indirect) | E75: =+ROUND(E26+E40+E54+E68,2) -> 0 | I75: =+ROUND(I26+I40+I54+I68,2) -> 0 | M75: =+ROUND(M26+M40+M54+M68,2) -> 0 | Q75: =+ROUND(Q26+Q40+Q54+Q68,2) -> 0
B76: Total Proposed FCCOM | E76: =+ROUND(E27+E41+E55+E69,2) -> 0 | I76: =+ROUND(I27+I41+I55+I69,2) -> 0 | M76: =+ROUND(M27+M41+M55+M69,2) -> 0 | Q76: =+ROUND(Q27+Q41+Q55+Q69,2) -> 0
B77: Total Proposed Target Fee | E77: =+ROUND(E28+E42+E56+E70,2) -> 0 | I77: =+ROUND(I28+I42+I56+I70,2) -> 0 | M77: =+ROUND(M28+M42+M56+M70,2) -> 0 | Q77: =+ROUND(Q28+Q42+Q56+Q70,2) -> 0
B78: Total Proposed Target Price (CLIN 0001, TASK 1.03) | E78: =SUM(E75:E77) -> 0 | I78: =SUM(I75:I77) -> 0 | M78: =SUM(M75:M77) -> 0 | Q78: =SUM(Q75:Q77) -> 0
Q80: TOTAL TARGET PRICE - CLIN 0001, TASK 1.03
Q81: =E78+I78+M78+Q78 -> 0

Sheet CPIF CLIN 0001 TASK 1.04 INPUTS
B1: MAJOR SUBCONTRACTOR | C1: ='SUB CPIF RATES (ALL)'!C1 -> NAME
B2: PRIME OFFEROR | C2: ='SUB CPIF RATES (ALL)'!C2 -> NAME
A4: KC-135 Center Console Refresh (CCR) Competitive Pricing Matrix CLIN 0001: Development (CPIF)
B6: Notes:
B7: 1. The format of this worksheet may be revised as required to be consistent with the Major Subcontractor's approved accounting system; amend base costs and direct/indirect rates as necessary
B8: 2. Proposed costs for Labor, Material, Subcontractor, and Other Direct Costs (ODCs) are linked to corresponding worksheets as specified below - no input required
B9: 3. The proposed indirect rates are linked to the "SUB CPIF RATES (ALL)" worksheet and will automatically be applied to the proposed amounts for labor, material, ODC, and subcontractor costs (CPIF Target Cost, Target FCCOM, Target Fee, and Total Price will automatically calculate)
B10: 4. The Major Subcontractor shall amend the indirect categories as needed, and ensure the proposed indirect rates are properly linked to the "SUB CPIF RATES (ALL)" worksheet
B11: 5. Definitions of the labor categories and indirect rates are included in the "SUB CPIF RATE (ALL)" worksheet; the Offeror shall amend as necessary
B12: 6. The total target price for CLIN 0001, TASK 1.04 will automatically calculate for the Basic Period
B14: CLIN 0001 (CPIF) TASK 1.04 MATERIAL - DEVELOPMENT KITS (COTS AND DEVELOPMENTAL) | C14: PROPOSED COSTS/PRICES - LABOR | G14: PROPOSED COSTS/PRICES - LABOR | K14: PROPOSED COSTS/PRICES - LABOR | O14: PROPOSED COSTS/PRICES - LABOR
C15: CLIN 0001 - Basic Period (Year 1) | G15: CLIN 0001 - Basic Period (Year 2) | K15: CLIN 0001 - Basic Period (Year 3) | O15: CLIN 0001 - Basic Period (Year 4)
B16: Labor Category | C16: Labor Hours | D16: Labor Rates | E16: Direct Labor Cost | G16: Labor Hours | H16: Labor Rates | I16: Direct Labor Cost | K16: Labor Hours | L16: Labor Rates | M16: Direct Labor Cost | O16: Labor Hours | P16: Labor Rates | Q16: Direct Labor Cost
B17: No input - total labor (labor hours and total labor costs) linked to the 'SUB CPIF LABOR INPUTS' worksheet
B18: TOTAL DIRECT LABOR HOURS/COST | C18: ='SUB CPIF LABOR INPUTS'!D92 -> 0 | E18: ='SUB CPIF LABOR INPUTS'!F92 -> 0 | G18: ='SUB CPIF LABOR INPUTS'!H92 -> 0 | I18: ='SUB CPIF LABOR INPUTS'!J92 -> 0 | K18: ='SUB CPIF LABOR INPUTS'!L92 -> 0 | M18: ='SUB CPIF LABOR INPUTS'!N92 -> 0 | O18: ='SUB CPIF LABOR INPUTS'!AP92 -> 0 | Q18: ='SUB CPIF LABOR INPUTS'!R92 -> 0
C19: Base Cost | D19: Rate | E19: Labor Cost | G19: Base Cost | H19: Rate | I19: Labor Cost | K19: Base Cost | L19: Rate | M19: Labor Cost | O19: Base Cost | P19: Rate | Q19: Labor Cost
B20: Insert all indirect categories that apply to labor; make changes to indirect categories in Column B accordingly and amend links in Columns C, G, K, and O as needed. Also ensure rates in Columns D, H, L and P are properly linked to 'PRIME-CPIF Rates (All)' worksheet
B21: ='SUB CPIF RATES (ALL)'!B36 -> Indirect Labor Category: [Labor Fringe] | C21: =+E18 -> 0 | D21: ='SUB CPIF RATES (ALL)'!C36 -> 0 | E21: =ROUND(C21*D21,2) -> 0 | G21: =+I18 -> 0 | H21: ='SUB CPIF RATES (ALL)'!D36 -> 0 | I21: =ROUND(G21*H21,2) -> 0 | K21: =+M18 -> 0 | L21: ='SUB CPIF RATES (ALL)'!E36 -> 0 | M21: =ROUND(K21*L21,2) -> 0 | O21: =+Q18 -> 0 | P21: ='SUB CPIF RATES (ALL)'!F36 -> 0 | Q21: =ROUND(O21*P21,2) -> 0
B22: ='SUB CPIF RATES (ALL)'!B37 -> Indirect Labor Category: [Labor Overhead] | C22: =+C21+E21 -> 0 | D22: ='SUB CPIF RATES (ALL)'!C37 -> 0 | E22: =ROUND(C22*D22,2) -> 0 | G22: =+G21+I21 -> 0 | H22: ='SUB CPIF RATES (ALL)'!D37 -> 0 | I22: =ROUND(G22*H22,2) -> 0 | K22: =+K21+M21 -> 0 | L22: ='SUB CPIF RATES (ALL)'!E37 -> 0 | M22: =ROUND(K22*L22,2) -> 0 | O22: =+O21+Q21 -> 0 | P22: ='SUB CPIF RATES (ALL)'!F37 -> 0 | Q22: =ROUND(O22*P22,2) -> 0
B23: ='SUB CPIF RATES (ALL)'!B38 -> Indirect Labor Category: [G&A] | C23: =+C22+E22 -> 0 | D23: ='SUB CPIF RATES (ALL)'!C38 -> 0 | E23: =ROUND(C23*D23,2) -> 0 | G23: =+G22+I22 -> 0 | H23: ='SUB CPIF RATES (ALL)'!D38 -> 0 | I23: =ROUND(G23*H23,2) -> 0 | K23: =+K22+M22 -> 0 | L23: ='SUB CPIF RATES (ALL)'!E38 -> 0 | M23: =ROUND(K23*L23,2) -> 0 | O23: =+O22+Q22 -> 0 | P23: ='SUB CPIF RATES (ALL)'!F38 -> 0 | Q23: =ROUND(O23*P23,2) -> 0
B24: ='SUB CPIF RATES (ALL)'!B39 -> Indirect Labor Category: [FCCOM] | C24: =C23+E23 -> 0 | D24: ='SUB CPIF RATES (ALL)'!C39 -> 0 | E24: =ROUND(C24*D24,2) -> 0 | G24: =G23+I23 -> 0 | H24: ='SUB CPIF RATES (ALL)'!D39 -> 0 | I24: =ROUND(G24*H24,2) -> 0 | K24: =K23+M23 -> 0 | L24: ='SUB CPIF RATES (ALL)'!E39 -> 0 | M24: =ROUND(K24*L24,2) -> 0 | O24: =O23+Q23 -> 0 | P24: ='SUB CPIF RATES (ALL)'!F39 -> 0 | Q24: =ROUND(O24*P24,2) -> 0
B25: ='SUB CPIF RATES (ALL)'!B40 -> Indirect Labor Category: [Target Fee] | C25: =+C23+E23 -> 0 | D25: ='SUB CPIF RATES (ALL)'!C40 -> 0 | E25: =ROUND(C25*D25,2) -> 0 | G25: =+G23+I23 -> 0 | H25: ='SUB CPIF RATES (ALL)'!D40 -> 0 | I25: =ROUND(G25*H25,2) -> 0 | K25: =+K23+M23 -> 0 | L25: ='SUB CPIF RATES (ALL)'!E40 -> 0 | M25: =ROUND(K25*L25,2) -> 0 | O25: =+O23+Q23 -> 0 | P25: ='SUB CPIF RATES (ALL)'!F40 -> 0 | Q25: =ROUND(O25*P25,2) -> 0
B26: Total Proposed Target Labor Cost | E26: =ROUND(SUM(E18,E21,E22,E23),2) -> 0 | I26: =ROUND(SUM(I18,I21,I22,I23),2) -> 0 | M26: =ROUND(SUM(M18,M21,M22,M23),2) -> 0 | Q26: =ROUND(SUM(Q18,Q21,Q22,Q23),2) -> 0
B27: Total Proposed FCCOM | E27: =ROUND(E24,2) -> 0 | I27: =ROUND(I24,2) -> 0 | M27: =ROUND(M24,2) -> 0 | Q27: =ROUND(Q24,2) -> 0
B28: Total Proposed Target Fee | E28: =ROUND(E25,2) -> 0 | I28: =ROUND(I25,2) -> 0 | M28: =ROUND(M25,2) -> 0 | Q28: =ROUND(Q25,2) -> 0
B29: Total Proposed Labor Price (Target) | E29: =ROUND(SUM(E26:E28),2) -> 0 | I29: =ROUND(SUM(I26:I28),2) -> 0 | M29: =ROUND(SUM(M26:M28),2) -> 0 | Q29: =ROUND(SUM(Q26:Q28),2) -> 0
B31: =B14 -> CLIN 0001 (CPIF) TASK 1.04 MATERIAL - DEVELOPMENT KITS (COTS AND DEVELOPMENTAL) | C31: PROPOSED COSTS/PRICES - MATERIAL | G31: PROPOSED COSTS/PRICES - MATERIAL | K31: PROPOSED COSTS/PRICES - MATERIAL | O31: PROPOSED COSTS/PRICES - MATERIAL
C32: =C15 -> CLIN 0001 - Basic Period (Year 1) | G32: =G15 -> CLIN 0001 - Basic Period (Year 2) | K32: =K15 -> CLIN 0001 - Basic Period (Year 3) | O32: =O15 -> CLIN 0001 - Basic Period (Year 4)
C33: =C19 -> Base Cost | D33: =D19 -> Rate | E33: Material Cost | G33: =G19 -> Base Cost | H33: =H19 -> Rate | I33: Material Cost | K33: =K19 -> Base Cost | L33: =L19 -> Rate | M33: Material Cost | O33: =O19 -> Base Cost | P33: =P19 -> Rate | Q33: Material Cost
B34: No input - material costs linked to the 'SUB CPIF TOTAL MATERIAL' worksheet (amounts shall also match total material in Consolidated Bill of Materials (CBOM) in RFP Section L, Paragraph 7.3.2 | E34: ='SUB CPIF TOTAL MATERIAL'!E15 -> 0 | I34: ='SUB CPIF TOTAL MATERIAL'!G15 -> 0 | M34: ='SUB CPIF TOTAL MATERIAL'!I15 -> 0 | Q34: ='SUB CPIF TOTAL MATERIAL'!K15 -> 0
B35: Insert all indirect categories that apply to material; make changes to indirect categories in Column B accordingly and amend links in Columns C, G, K, and O as needed. Also ensure rates in Columns D, H, L and P are properly linked to 'SUB-CPIF RATES (ALL)' worksheet
B36: ='SUB CPIF RATES (ALL)'!B53 -> Indirect Category: [Material Overhead] | C36: =+E34 -> 0 | D36: ='SUB CPIF RATES (ALL)'!C53 -> 0 | E36: =ROUND(C36*D36,2) -> 0 | G36: =+I34 -> 0 | H36: ='SUB CPIF RATES (ALL)'!D53 -> 0 | I36: =ROUND(G36*H36,2) -> 0 | K36: =+M34 -> 0 | L36: ='SUB CPIF RATES (ALL)'!E53 -> 0 | M36: =ROUND(K36*L36,2) -> 0 | O36: =+Q34 -> 0 | P36: ='SUB CPIF RATES (ALL)'!F53 -> 0 | Q36: =ROUND(O36*P36,2) -> 0
B37: ='SUB CPIF RATES (ALL)'!B54 -> Indirect Category: [G&A] | C37: =+C36+E36 -> 0 | D37: ='SUB CPIF RATES (ALL)'!C54 -> 0 | E37: =ROUND(C37*D37,2) -> 0 | G37: =+G36+I36 -> 0 | H37: ='SUB CPIF RATES (ALL)'!D54 -> 0 | I37: =ROUND(G37*H37,2) -> 0 | K37: =+K36+M36 -> 0 | L37: ='SUB CPIF RATES (ALL)'!E54 -> 0 | M37: =ROUND(K37*L37,2) -> 0 | O37: =+O36+Q36 -> 0 | P37: ='SUB CPIF RATES (ALL)'!F54 -> 0 | Q37: =ROUND(O37*P37,2) -> 0
B38: ='SUB CPIF RATES (ALL)'!B55 -> Indirect Category: [FCCOM] | C38: =C37+E37 -> 0 | D38: ='SUB CPIF RATES (ALL)'!C55 -> 0 | E38: =ROUND(C38*D38,2) -> 0 | G38: =G37+I37 -> 0 | H38: ='SUB CPIF RATES (ALL)'!D55 -> 0 | I38: =ROUND(G38*H38,2) -> 0 | K38: =K37+M37 -> 0 | L38: ='SUB CPIF RATES (ALL)'!E55 -> 0 | M38: =ROUND(K38*L38,2) -> 0 | O38: =O37+Q37 -> 0 | P38: ='SUB CPIF RATES (ALL)'!F55 -> 0 | Q38: =ROUND(O38*P38,2) -> 0
B39: ='SUB CPIF RATES (ALL)'!B56 -> Indirect Category: [Target Fee] | C39: =+C37+E37 -> 0 | D39: ='SUB CPIF RATES (ALL)'!C56 -> 0 | E39: =ROUND(C39*D39,2) -> 0 | G39: =+G37+I37 -> 0 | H39: ='SUB CPIF RATES (ALL)'!D56 -> 0 | I39: =ROUND(G39*H39,2) -> 0 | K39: =+K37+M37 -> 0 | L39: ='SUB CPIF RATES (ALL)'!E56 -> 0 | M39: =ROUND(K39*L39,2) -> 0 | O39: =+O37+Q37 -> 0 | P39: ='SUB CPIF RATES (ALL)'!F56 -> 0 | Q39: =ROUND(O39*P39,2) -> 0
B40: Total Proposed Target Material Cost | E40: =ROUND(SUM(E34:E37),2) -> 0 | I40: =ROUND(SUM(I34:I37),2) -> 0 | M40: =ROUND(SUM(M34:M37),2) -> 0 | Q40: =ROUND(SUM(Q34:Q37),2) -> 0
B41: Total Proposed FCCOM | E41: =ROUND(E38,2) -> 0 | I41: =ROUND(I38,2) -> 0 | M41: =ROUND(M38,2) -> 0 | Q41: =ROUND(Q38,2) -> 0
B42: Total Proposed Target Fee | E42: =ROUND(E39,2) -> 0 | I42: =ROUND(I39,2) -> 0 | M42: =ROUND(M39,2) -> 0 | Q42: =ROUND(Q39,2) -> 0
B43: Total Proposed Material Price (Target) | E43: =SUM(E40:E42) -> 0 | I43: =SUM(I40:I42) -> 0 | M43: =SUM(M40:M42) -> 0 | Q43: =SUM(Q40:Q42) -> 0
B45: =B14 -> CLIN 0001 (CPIF) TASK 1.04 MATERIAL - DEVELOPMENT KITS (COTS AND DEVELOPMENTAL) | C45: PROPOSED COSTS/PRICES - SUBCONTRACTOR | G45: PROPOSED COSTS/PRICES - SUBCONTRACTOR | K45: PROPOSED COSTS/PRICES - SUBCONTRACTOR | O45: PROPOSED COSTS/PRICES - SUBCONTRACTOR
C46: =C32 -> CLIN 0001 - Basic Period (Year 1) | G46: =G32 -> CLIN 0001 - Basic Period (Year 2) | K46: =K32 -> CLIN 0001 - Basic Period (Year 3) | O46: =O32 -> CLIN 0001 - Basic Period (Year 4)
C47: =C33 -> Base Cost | D47: =D33 -> Rate | E47: Subcontractor Cost | G47: =G33 -> Base Cost | H47: =H33 -> Rate | I47: Subcontractor Cost | K47: =K33 -> Base Cost | L47: =L33 -> Rate | M47: Subcontractor Cost | O47: =O33 -> Base Cost | P47: =P33 -> Rate | Q47: Subcontractor Cost
B48: No input - subcontractor costs linked to the 'SUB CPIF TOTAL SUB' worksheet | E48: ='SUB CPIF TOTAL SUB'!E15 -> 0 | I48: ='SUB CPIF TOTAL SUB'!G15 -> 0 | M48: ='SUB CPIF TOTAL SUB'!I15 -> 0 | Q48: ='SUB CPIF TOTAL SUB'!K15 -> 0
B49: Insert all indirect categories that the prime contractor will apply to subcontractor costs; make changes to indirect categories in Column B accordingly and amend links in Columns C, G, K, and O as needed. Also ensure rates in Columns D, H, L and P are properly linked to 'SUB-CPIF RATES (ALL)' worksheet
B50: ='SUB CPIF RATES (ALL)'!B45 -> Indirect Category: [Overhead] | C50: =E48 -> 0 | D50: ='SUB CPIF RATES (ALL)'!C45 -> 0 | E50: =ROUND(C50*D50,2) -> 0 | G50: =I48 -> 0 | H50: ='SUB CPIF RATES (ALL)'!D45 -> 0 | I50: =ROUND(G50*H50,2) -> 0 | K50: =M48 -> 0 | L50: ='SUB CPIF RATES (ALL)'!E45 -> 0 | M50: =ROUND(K50*L50,2) -> 0 | O50: =Q48 -> 0 | P50: ='SUB CPIF RATES (ALL)'!F45 -> 0 | Q50: =ROUND(O50*P50,2) -> 0
B51: ='SUB CPIF RATES (ALL)'!B46 -> Indirect Category: [G&A] | C51: =C50+E50 -> 0 | D51: ='SUB CPIF RATES (ALL)'!C46 -> 0 | E51: =ROUND(C51*D51,2) -> 0 | G51: =G50+I50 -> 0 | H51: ='SUB CPIF RATES (ALL)'!D46 -> 0 | I51: =ROUND(G51*H51,2) -> 0 | K51: =K50+M50 -> 0 | L51: ='SUB CPIF RATES (ALL)'!E46 -> 0 | M51: =ROUND(K51*L51,2) -> 0 | O51: =O50+Q50 -> 0 | P51: ='SUB CPIF RATES (ALL)'!F46 -> 0 | Q51: =ROUND(O51*P51,2) -> 0
B52: ='SUB CPIF RATES (ALL)'!B47 -> Indirect Category: [FCCOM] | C52: =C51+E51 -> 0 | D52: ='SUB CPIF RATES (ALL)'!C47 -> 0 | E52: =ROUND(C52*D52,2) -> 0 | G52: =G51+I51 -> 0 | H52: ='SUB CPIF RATES (ALL)'!D47 -> 0 | I52: =ROUND(G52*H52,2) -> 0 | K52: =K51+M51 -> 0 | L52: ='SUB CPIF RATES (ALL)'!E47 -> 0 | M52: =ROUND(K52*L52,2) -> 0 | O52: =O51+Q51 -> 0 | P52: ='SUB CPIF RATES (ALL)'!F47 -> 0 | Q52: =ROUND(O52*P52,2) -> 0
B53: ='SUB CPIF RATES (ALL)'!B48 -> Indirect Category: [Target Fee] | C53: =C51+E51 -> 0 | D53: ='SUB CPIF RATES (ALL)'!C48 -> 0 | E53: =ROUND(C53*D53,2) -> 0 | G53: =G51+I51 -> 0 | H53: ='SUB CPIF RATES (ALL)'!D48 -> 0 | I53: =ROUND(G53*H53,2) -> 0 | K53: =K51+M51 -> 0 | L53: ='SUB CPIF RATES (ALL)'!E48 -> 0 | M53: =ROUND(K53*L53,2) -> 0 | O53: =O51+Q51 -> 0 | P53: ='SUB CPIF RATES (ALL)'!F48 -> 0 | Q53: =ROUND(O53*P53,2) -> 0
B54: Total Proposed Target Subcontractor Costs | E54: =ROUND(E48+E50+E51,2) -> 0 | I54: =ROUND(I48+I50+I51,2) -> 0 | M54: =ROUND(M48+M50+M51,2) -> 0 | Q54: =ROUND(Q48+Q50+Q51,2) -> 0
B55: Total Proposed Target FCCOM | E55: =ROUND(E52,2) -> 0 | I55: =ROUND(I52,2) -> 0 | M55: =ROUND(M52,2) -> 0 | Q55: =ROUND(Q52,2) -> 0
B56: Total Proposed Target Fee | E56: =ROUND(E53,2) -> 0 | I56: =ROUND(I53,2) -> 0 | M56: =ROUND(M53,2) -> 0 | Q56: =ROUND(Q53,2) -> 0
B57: Total Proposed Subcontractor Price (Target) | E57: =ROUND(SUM(E54:E56),2) -> 0 | I57: =ROUND(SUM(I54:I56),2) -> 0 | M57: =ROUND(SUM(M54:M56),2) -> 0 | Q57: =ROUND(SUM(Q54:Q56),2) -> 0
B59: =B31 -> CLIN 0001 (CPIF) TASK 1.04 MATERIAL - DEVELOPMENT KITS (COTS AND DEVELOPMENTAL) | C59: PROPOSED COSTS/PRICES - OTHER DIRECT COSTS (ODC) | G59: PROPOSED COSTS/PRICES - ODC | K59: PROPOSED COSTS/PRICES - ODC | O59: PROPOSED COSTS/PRICES - ODC
C60: =C32 -> CLIN 0001 - Basic Period (Year 1) | G60: =G32 -> CLIN 0001 - Basic Period (Year 2) | K60: =K32 -> CLIN 0001 - Basic Period (Year 3) | O60: =O32 -> CLIN 0001 - Basic Period (Year 4)
C61: Base | D61: Rates | E61: Other Direct Cost | G61: =G47 -> Base Cost | H61: =H47 -> Rate | I61: Other Direct Cost | K61: =K47 -> Base Cost | L61: =L47 -> Rate | M61: Other Direct Cost | O61: =O47 -> Base Cost | P61: =P47 -> Rate | Q61: Other Direct Cost
B62: No input - total costs associated with ODC linked to the 'SUB CPIF ODC' worksheet | E62: ='SUB CPIF TOTAL ODC'!E16 -> 0 | I62: ='SUB CPIF TOTAL ODC'!G16 -> 0 | M62: ='SUB CPIF TOTAL ODC'!I16 -> 0 | Q62: ='SUB CPIF TOTAL ODC'!K16 -> 0
B63: Insert all indirect categories that the prime contractor will apply to ODC; make changes to indirect categories in Column B accordingly and amend links in Columns C, G, K, and O as needed. Also ensure rates in Columns D, H, L and P are properly linked to 'SUB-CPIF RATES (ALL)' worksheet
B64: Proposed Add-on Factor (Overhead) | C64: =+E62 -> 0 | D64: ='SUB CPIF RATES (ALL)'!C61 -> 0 | E64: =ROUND(C64*D64,2) -> 0 | G64: =+I62 -> 0 | H64: ='SUB CPIF RATES (ALL)'!D61 -> 0 | I64: =ROUND(G64*H64,2) -> 0 | K64: =+M62 -> 0 | L64: ='SUB CPIF RATES (ALL)'!E61 -> 0 | M64: =ROUND(K64*L64,2) -> 0 | O64: =+Q62 -> 0 | P64: ='SUB CPIF RATES (ALL)'!F61 -> 0 | Q64: =ROUND(O64*P64,2) -> 0
B65: Proposed Add-on Factor (G&A) | C65: =+C64+E64 -> 0 | D65: ='SUB CPIF RATES (ALL)'!C62 -> 0 | E65: =ROUND(C65*D65,2) -> 0 | G65: =+G64+I64 -> 0 | H65: ='SUB CPIF RATES (ALL)'!D62 -> 0 | I65: =ROUND(G65*H65,2) -> 0 | K65: =+K64+M64 -> 0 | L65: ='SUB CPIF RATES (ALL)'!E62 -> 0 | M65: =ROUND(K65*L65,2) -> 0 | O65: =+O64+Q64 -> 0 | P65: ='SUB CPIF RATES (ALL)'!F62 -> 0 | Q65: =ROUND(O65*P65,2) -> 0
B66: Proposed Add-on Factor (FCCOM) | C66: =C65+E65 -> 0 | D66: ='SUB CPIF RATES (ALL)'!C63 -> 0 | E66: =ROUND(C66*D66,2) -> 0 | G66: =G65+I65 -> 0 | H66: ='SUB CPIF RATES (ALL)'!D63 -> 0 | I66: =ROUND(G66*H66,2) -> 0 | K66: =K65+M65 -> 0 | L66: ='SUB CPIF RATES (ALL)'!E63 -> 0 | M66: =ROUND(K66*L66,2) -> 0 | O66: =O65+Q65 -> 0 | P66: ='SUB CPIF RATES (ALL)'!F63 -> 0 | Q66: =ROUND(O66*P66,2) -> 0
B67: Proposed Add-on Factor (Fee) | C67: =+C65+E65 -> 0 | D67: ='SUB CPIF RATES (ALL)'!C64 -> 0 | E67: =ROUND(C67*D67,2) -> 0 | G67: =+G65+I65 -> 0 | H67: ='SUB CPIF RATES (ALL)'!D64 -> 0 | I67: =ROUND(G67*H67,2) -> 0 | K67: =+K65+M65 -> 0 | L67: ='SUB CPIF RATES (ALL)'!E64 -> 0 | M67: =ROUND(K67*L67,2) -> 0 | O67: =+O65+Q65 -> 0 | P67: ='SUB CPIF RATES (ALL)'!F64 -> 0 | Q67: =ROUND(O67*P67,2) -> 0
B68: Total Proposed Target Other Direct Costs | E68: =ROUND(SUM(E62:E65),2) -> 0 | I68: =ROUND(SUM(I62:I65),2) -> 0 | M68: =ROUND(SUM(M62:M65),2) -> 0 | Q68: =ROUND(SUM(Q62:Q65),2) -> 0
B69: Total Proposed FCCOM | E69: =ROUND(E66,2) -> 0 | I69: =ROUND(I66,2) -> 0 | M69: =ROUND(M66,2) -> 0 | Q69: =ROUND(Q66,2) -> 0
B70: Total Proposed Target Fee | E70: =ROUND(E67,2) -> 0 | I70: =ROUND(I67,2) -> 0 | M70: =ROUND(M67,2) -> 0 | Q70: =ROUND(Q67,2) -> 0
B71: Total Proposed ODC Price (Target) | E71: =ROUND(SUM(E68:E70),2) -> 0 | I71: =ROUND(SUM(I68:I70),2) -> 0 | M71: =ROUND(SUM(M68:M70),2) -> 0 | Q71: =ROUND(SUM(Q68:Q70),2) -> 0
B73: =B59 -> CLIN 0001 (CPIF) TASK 1.04 MATERIAL - DEVELOPMENT KITS (COTS AND DEVELOPMENTAL) | C73: Proposed Prices (Labor, Material, Subcontractor, and ODC) | G73: Proposed Prices (Labor, Material, Subcontractor, and ODC) | K73: Proposed Prices (Labor, Material, Subcontractor, and ODC) | O73: Proposed Prices (Labor, Material, Subcontractor, and ODC)
E74: CLIN 0001: Basic Period (Year 1) | I74: CLIN 0001: Basic Period (Year 2) | M74: CLIN 0001: Basic Period (Year 3) | Q74: CLIN 0001: Basic Period (Year 4)
B75: Total Proposed Target Cost (Direct and Indirect) | E75: =+ROUND(E26+E40+E54+E68,2) -> 0 | I75: =+ROUND(I26+I40+I54+I68,2) -> 0 | M75: =+ROUND(M26+M40+M54+M68,2) -> 0 | Q75: =+ROUND(Q26+Q40+Q54+Q68,2) -> 0
B76: Total Proposed FCCOM | E76: =+ROUND(E27+E41+E55+E69,2) -> 0 | I76: =+ROUND(I27+I41+I55+I69,2) -> 0 | M76: =+ROUND(M27+M41+M55+M69,2) -> 0 | Q76: =+ROUND(Q27+Q41+Q55+Q69,2) -> 0
B77: Total Proposed Target Fee | E77: =+ROUND(E28+E42+E56+E70,2) -> 0 | I77: =+ROUND(I28+I42+I56+I70,2) -> 0 | M77: =+ROUND(M28+M42+M56+M70,2) -> 0 | Q77: =+ROUND(Q28+Q42+Q56+Q70,2) -> 0
B78: Total Proposed Target Price (CLIN 0001, TASK 1.04) | E78: =SUM(E75:E77) -> 0 | I78: =SUM(I75:I77) -> 0 | M78: =SUM(M75:M77) -> 0 | Q78: =SUM(Q75:Q77) -> 0
Q80: TOTAL TARGET PRICE - CLIN 0001, TASK 1.04
Q81: =E78+I78+M78+Q78 -> 0

Sheet CPIF CLIN 0001-TASK 1.05 INPUTS
B1: MAJOR SUBCONTRACTOR | C1: ='SUB CPIF RATES (ALL)'!C1 -> NAME
B2: PRIME OFFEROR | C2: ='SUB CPIF RATES (ALL)'!C2 -> NAME
A4: KC-135 Center Console Refresh (CCR) Competitive Pricing Matrix CLIN 0001: Development (CPIF)
B6: Notes:
B7: 1. The format of this worksheet may be revised as required to be consistent with the Major Subcontractor's approved accounting system; amend base costs and direct/indirect rates as necessary
B8: 2. Proposed costs for Labor, Material, Subcontractor, and Other Direct Costs (ODCs) are linked to corresponding worksheets as specified below - no input required
B9: 3. The proposed indirect rates are linked to the "SUB CPIF RATES (ALL)" worksheet and will automatically be applied to the proposed amounts for labor, material, ODC, and subcontractor costs (CPIF Target Cost, Target FCCOM, Target Fee, and Total Price will automatically calculate)
B10: 4. The Major Subcontractor shall amend the indirect categories as needed, and ensure the proposed indirect rates are properly linked to the "SUB CPIF RATES (ALL)" worksheet
B11: 5. Definitions of the labor categories and indirect rates are included in the "SUB CPIF RATE (ALL)" worksheet; the Offeror shall amend as necessary
B12: 6. The total target price for CLIN 0001, TASK 1.05 will automatically calculate for the Basic Period
B14: CLIN 0001 (CPIF) TASK 1.05 PROTOTYPE SUPPORT, INSTALLATION, AND CHECKOUT | C14: PROPOSED COSTS/PRICES - LABOR | G14: PROPOSED COSTS/PRICES - LABOR | K14: PROPOSED COSTS/PRICES - LABOR | O14: PROPOSED COSTS/PRICES - LABOR
C15: CLIN 0001 - Basic Period (Year 1) | G15: CLIN 0001 - Basic Period (Year 2) | K15: CLIN 0001 - Basic Period (Year 3) | O15: CLIN 0001 - Basic Period (Year 4)
B16: Labor Category | C16: Labor Hours | D16: Labor Rates | E16: Direct Labor Cost | G16: Labor Hours | H16: Labor Rates | I16: Direct Labor Cost | K16: Labor Hours | L16: Labor Rates | M16: Direct Labor Cost | O16: Labor Hours | P16: Labor Rates | Q16: Direct Labor Cost
B17: No input - total labor (labor hours and total labor costs) linked to the 'SUB CPIF LABOR INPUTS' worksheet
B18: TOTAL DIRECT LABOR HOURS/COST | C18: ='SUB CPIF LABOR INPUTS'!D113 -> 0 | E18: ='SUB CPIF LABOR INPUTS'!F113 -> 0 | G18: ='SUB CPIF LABOR INPUTS'!H113 -> 0 | I18: ='SUB CPIF LABOR INPUTS'!J113 -> 0 | K18: ='SUB CPIF LABOR INPUTS'!L113 -> 0 | M18: ='SUB CPIF LABOR INPUTS'!N113 -> 0 | O18: ='SUB CPIF LABOR INPUTS'!P113 -> 0 | Q18: ='SUB CPIF LABOR INPUTS'!R113 -> 0
C19: Base Cost | D19: Rate | E19: Labor Cost | G19: Base Cost | H19: Rate | I19: Labor Cost | K19: Base Cost | L19: Rate | M19: Labor Cost | O19: Base Cost | P19: Rate | Q19: Labor Cost
B20: Insert all indirect categories that apply to labor; make changes to indirect categories in Column B accordingly and amend links in Columns C, G, K, and O as needed. Also ensure rates in Columns D, H, L and P are properly linked to 'PRIME-CPIF Rates (All)' worksheet
B21: ='SUB CPIF RATES (ALL)'!B36 -> Indirect Labor Category: [Labor Fringe] | C21: =+E18 -> 0 | D21: ='SUB CPIF RATES (ALL)'!C36 -> 0 | E21: =ROUND(C21*D21,2) -> 0 | G21: =+I18 -> 0 | H21: ='SUB CPIF RATES (ALL)'!D36 -> 0 | I21: =ROUND(G21*H21,2) -> 0 | K21: =+M18 -> 0 | L21: ='SUB CPIF RATES (ALL)'!E36 -> 0 | M21: =ROUND(K21*L21,2) -> 0 | O21: =+Q18 -> 0 | P21: ='SUB CPIF RATES (ALL)'!F36 -> 0 | Q21: =ROUND(O21*P21,2) -> 0
B22: ='SUB CPIF RATES (ALL)'!B37 -> Indirect Labor Category: [Labor Overhead] | C22: =+C21+E21 -> 0 | D22: ='SUB CPIF RATES (ALL)'!C37 -> 0 | E22: =ROUND(C22*D22,2) -> 0 | G22: =+G21+I21 -> 0 | H22: ='SUB CPIF RATES (ALL)'!D37 -> 0 | I22: =ROUND(G22*H22,2) -> 0 | K22: =+K21+M21 -> 0 | L22: ='SUB CPIF RATES (ALL)'!E37 -> 0 | M22: =ROUND(K22*L22,2) -> 0 | O22: =+O21+Q21 -> 0 | P22: ='SUB CPIF RATES (ALL)'!F37 -> 0 | Q22: =ROUND(O22*P22,2) -> 0
B23: ='SUB CPIF RATES (ALL)'!B38 -> Indirect Labor Category: [G&A] | C23: =+C22+E22 -> 0 | D23: ='SUB CPIF RATES (ALL)'!C38 -> 0 | E23: =ROUND(C23*D23,2) -> 0 | G23: =+G22+I22 -> 0 | H23: ='SUB CPIF RATES (ALL)'!D38 -> 0 | I23: =ROUND(G23*H23,2) -> 0 | K23: =+K22+M22 -> 0 | L23: ='SUB CPIF RATES (ALL)'!E38 -> 0 | M23: =ROUND(K23*L23,2) -> 0 | O23: =+O22+Q22 -> 0 | P23: ='SUB CPIF RATES (ALL)'!F38 -> 0 | Q23: =ROUND(O23*P23,2) -> 0
B24: ='SUB CPIF RATES (ALL)'!B39 -> Indirect Labor Category: [FCCOM] | C24: =C23+E23 -> 0 | D24: ='SUB CPIF RATES (ALL)'!C39 -> 0 | E24: =ROUND(C24*D24,2) -> 0 | G24: =G23+I23 -> 0 | H24: ='SUB CPIF RATES (ALL)'!D39 -> 0 | I24: =ROUND(G24*H24,2) -> 0 | K24: =K23+M23 -> 0 | L24: ='SUB CPIF RATES (ALL)'!E39 -> 0 | M24: =ROUND(K24*L24,2) -> 0 | O24: =O23+Q23 -> 0 | P24: ='SUB CPIF RATES (ALL)'!F39 -> 0 | Q24: =ROUND(O24*P24,2) -> 0
B25: ='SUB CPIF RATES (ALL)'!B40 -> Indirect Labor Category: [Target Fee] | C25: =+C23+E23 -> 0 | D25: ='SUB CPIF RATES (ALL)'!C40 -> 0 | E25: =ROUND(C25*D25,2) -> 0 | G25: =+G23+I23 -> 0 | H25: ='SUB CPIF RATES (ALL)'!D40 -> 0 | I25: =ROUND(G25*H25,2) -> 0 | K25: =+K23+M23 -> 0 | L25: ='SUB CPIF RATES (ALL)'!E40 -> 0 | M25: =ROUND(K25*L25,2) -> 0 | O25: =+O23+Q23 -> 0 | P25: ='SUB CPIF RATES (ALL)'!F40 -> 0 | Q25: =ROUND(O25*P25,2) -> 0
B26: Total Proposed Target Labor Cost | E26: =ROUND(SUM(E18,E21,E22,E23),2) -> 0 | I26: =ROUND(SUM(I18,I21,I22,I23),2) -> 0 | M26: =ROUND(SUM(M18,M21,M22,M23),2) -> 0 | Q26: =ROUND(SUM(Q18,Q21,Q22,Q23),2) -> 0
B27: Total Proposed FCCOM | E27: =ROUND(E24,2) -> 0 | I27: =ROUND(I24,2) -> 0 | M27: =ROUND(M24,2) -> 0 | Q27: =ROUND(Q24,2) -> 0
B28: Total Proposed Target Fee | E28: =ROUND(E25,2) -> 0 | I28: =ROUND(I25,2) -> 0 | M28: =ROUND(M25,2) -> 0 | Q28: =ROUND(Q25,2) -> 0
B29: Total Proposed Labor Price (Target) | E29: =ROUND(SUM(E26:E28),2) -> 0 | I29: =ROUND(SUM(I26:I28),2) -> 0 | M29: =ROUND(SUM(M26:M28),2) -> 0 | Q29: =ROUND(SUM(Q26:Q28),2) -> 0
B31: =B14 -> CLIN 0001 (CPIF) TASK 1.05 PROTOTYPE SUPPORT, INSTALLATION, AND CHECKOUT | C31: PROPOSED COSTS/PRICES - MATERIAL | G31: PROPOSED COSTS/PRICES - MATERIAL | K31: PROPOSED COSTS/PRICES - MATERIAL | O31: PROPOSED COSTS/PRICES - MATERIAL
C32: =C15 -> CLIN 0001 - Basic Period (Year 1) | G32: =G15 -> CLIN 0001 - Basic Period (Year 2) | K32: =K15 -> CLIN 0001 - Basic Period (Year 3) | O32: =O15 -> CLIN 0001 - Basic Period (Year 4)
C33: Base Cost | D33: Rate | E33: Material Cost | G33: Base Cost | H33: Rate | I33: Material Cost | K33: Base Cost | L33: Rate | M33: Material Cost | O33: Base Cost | P33: Rate | Q33: Material Cost
B34: No input - material costs linked to the 'SUB CPIF TOTAL MATERIAL' worksheet (amounts shall also match total material in Consolidated Bill of Materials (CBOM) in RFP Section L, Paragraph 7.3.2 | E34: ='SUB CPIF TOTAL MATERIAL'!E16 -> 0 | I34: ='SUB CPIF TOTAL MATERIAL'!G16 -> 0 | M34: ='SUB CPIF TOTAL MATERIAL'!I16 -> 0 | Q34: ='SUB CPIF TOTAL MATERIAL'!K16 -> 0
B35: Insert all indirect categories that apply to material; make changes to indirect categories in Column B accordingly and amend links in Columns C, G, K, and O as needed. Also ensure rates in Columns D, H, L and P are properly linked to 'SUB-CPIF RATES (ALL)' worksheet
B36: ='SUB CPIF RATES (ALL)'!B53 -> Indirect Category: [Material Overhead] | C36: =+E34 -> 0 | D36: ='SUB CPIF RATES (ALL)'!C53 -> 0 | E36: =ROUND(C36*D36,2) -> 0 | G36: =+I34 -> 0 | H36: ='SUB CPIF RATES (ALL)'!D53 -> 0 | I36: =ROUND(G36*H36,2) -> 0 | K36: =+M34 -> 0 | L36: ='SUB CPIF RATES (ALL)'!E53 -> 0 | M36: =ROUND(K36*L36,2) -> 0 | O36: =+Q34 -> 0 | P36: ='SUB CPIF RATES (ALL)'!F53 -> 0 | Q36: =ROUND(O36*P36,2) -> 0
B37: ='SUB CPIF RATES (ALL)'!B54 -> Indirect Category: [G&A] | C37: =+C36+E36 -> 0 | D37: ='SUB CPIF RATES (ALL)'!C54 -> 0 | E37: =ROUND(C37*D37,2) -> 0 | G37: =+G36+I36 -> 0 | H37: ='SUB CPIF RATES (ALL)'!D54 -> 0 | I37: =ROUND(G37*H37,2) -> 0 | K37: =+K36+M36 -> 0 | L37: ='SUB CPIF RATES (ALL)'!E54 -> 0 | M37: =ROUND(K37*L37,2) -> 0 | O37: =+O36+Q36 -> 0 | P37: ='SUB CPIF RATES (ALL)'!F54 -> 0 | Q37: =ROUND(O37*P37,2) -> 0
B38: ='SUB CPIF RATES (ALL)'!B55 -> Indirect Category: [FCCOM] | C38: =C37+E37 -> 0 | D38: ='SUB CPIF RATES (ALL)'!C55 -> 0 | E38: =ROUND(C38*D38,2) -> 0 | G38: =G37+I37 -> 0 | H38: ='SUB CPIF RATES (ALL)'!D55 -> 0 | I38: =ROUND(G38*H38,2) -> 0 | K38: =K37+M37 -> 0 | L38: ='SUB CPIF RATES (ALL)'!E55 -> 0 | M38: =ROUND(K38*L38,2) -> 0 | O38: =O37+Q37 -> 0 | P38: ='SUB CPIF RATES (ALL)'!F55 -> 0 | Q38: =ROUND(O38*P38,2) -> 0
B39: ='SUB CPIF RATES (ALL)'!B56 -> Indirect Category: [Target Fee] | C39: =+C37+E37 -> 0 | D39: ='SUB CPIF RATES (ALL)'!C56 -> 0 | E39: =ROUND(C39*D39,2) -> 0 | G39: =+G37+I37 -> 0 | H39: ='SUB CPIF RATES (ALL)'!D56 -> 0 | I39: =ROUND(G39*H39,2) -> 0 | K39: =+K37+M37 -> 0 | L39: ='SUB CPIF RATES (ALL)'!E56 -> 0 | M39: =ROUND(K39*L39,2) -> 0 | O39: =+O37+Q37 -> 0 | P39: ='SUB CPIF RATES (ALL)'!F56 -> 0 | Q39: =ROUND(O39*P39,2) -> 0
B40: Total Proposed Target Material Cost | E40: =ROUND(SUM(E34:E37),2) -> 0 | I40: =ROUND(SUM(I34:I37),2) -> 0 | M40: =ROUND(SUM(M34:M37),2) -> 0 | Q40: =ROUND(SUM(Q34:Q37),2) -> 0
B41: Total Proposed FCCOM | E41: =ROUND(E38,2) -> 0 | I41: =ROUND(I38,2) -> 0 | M41: =ROUND(M38,2) -> 0 | Q41: =ROUND(Q38,2) -> 0
B42: Total Proposed Target Fee | E42: =ROUND(E39,2) -> 0 | I42: =ROUND(I39,2) -> 0 | M42: =ROUND(M39,2) -> 0 | Q42: =ROUND(Q39,2) -> 0
B43: Total Proposed Material Price (Target) | E43: =SUM(E40:E42) -> 0 | I43: =SUM(I40:I42) -> 0 | M43: =SUM(M40:M42) -> 0 | Q43: =SUM(Q40:Q42) -> 0
B45: =B14 -> CLIN 0001 (CPIF) TASK 1.05 PROTOTYPE SUPPORT, INSTALLATION, AND CHECKOUT | C45: PROPOSED COSTS/PRICES - SUBCONTRACTOR | G45: PROPOSED COSTS/PRICES - SUBCONTRACTOR | K45: PROPOSED COSTS/PRICES - SUBCONTRACTOR | O45: PROPOSED COSTS/PRICES - SUBCONTRACTOR
C46: =C32 -> CLIN 0001 - Basic Period (Year 1) | G46: =G32 -> CLIN 0001 - Basic Period (Year 2) | K46: =K32 -> CLIN 0001 - Basic Period (Year 3) | O46: =O32 -> CLIN 0001 - Basic Period (Year 4)
C47: Base Cost | D47: Rate | E47: Subcontractor Cost | G47: Base Cost | H47: Rate | I47: Subcontractor Cost | K47: Base Cost | L47: Rate | M47: Subcontractor Cost | O47: Base Cost | P47: Rate | Q47: Subcontractor Cost
B48: No input - subcontractor costs linked to the 'SUB CPIF TOTAL SUB' worksheet | E48: ='SUB CPIF TOTAL SUB'!E16 -> 0 | I48: ='SUB CPIF TOTAL SUB'!G16 -> 0 | M48: ='SUB CPIF TOTAL SUB'!I16 -> 0 | Q48: ='SUB CPIF TOTAL SUB'!K16 -> 0
B49: Insert all indirect categories that the prime contractor will apply to subcontractor costs; make changes to indirect categories in Column B accordingly and amend links in Columns C, G, K, and O as needed. Also ensure rates in Columns D, H, L and P are properly linked to 'SUB-CPIF RATES (ALL)' worksheet
B50: ='SUB CPIF RATES (ALL)'!B45 -> Indirect Category: [Overhead] | C50: =E48 -> 0 | D50: ='SUB CPIF RATES (ALL)'!C45 -> 0 | E50: =ROUND(C50*D50,2) -> 0 | G50: =I48 -> 0 | H50: ='SUB CPIF RATES (ALL)'!D45 -> 0 | I50: =ROUND(G50*H50,2) -> 0 | K50: =M48 -> 0 | L50: ='SUB CPIF RATES (ALL)'!E45 -> 0 | M50: =ROUND(K50*L50,2) -> 0 | O50: =Q48 -> 0 | P50: ='SUB CPIF RATES (ALL)'!F45 -> 0 | Q50: =ROUND(O50*P50,2) -> 0
B51: ='SUB CPIF RATES (ALL)'!B46 -> Indirect Category: [G&A] | C51: =C50+E50 -> 0 | D51: ='SUB CPIF RATES (ALL)'!C46 -> 0 | E51: =ROUND(C51*D51,2) -> 0 | G51: =G50+I50 -> 0 | H51: ='SUB CPIF RATES (ALL)'!D46 -> 0 | I51: =ROUND(G51*H51,2) -> 0 | K51: =K50+M50 -> 0 | L51: ='SUB CPIF RATES (ALL)'!E46 -> 0 | M51: =ROUND(K51*L51,2) -> 0 | O51: =O50+Q50 -> 0 | P51: ='SUB CPIF RATES (ALL)'!F46 -> 0 | Q51: =ROUND(O51*P51,2) -> 0
B52: ='SUB CPIF RATES (ALL)'!B47 -> Indirect Category: [FCCOM] | C52: =C51+E51 -> 0 | D52: ='SUB CPIF RATES (ALL)'!C47 -> 0 | E52: =ROUND(C52*D52,2) -> 0 | G52: =G51+I51 -> 0 | H52: ='SUB CPIF RATES (ALL)'!D47 -> 0 | I52: =ROUND(G52*H52,2) -> 0 | K52: =K51+M51 -> 0 | L52: ='SUB CPIF RATES (ALL)'!E47 -> 0 | M52: =ROUND(K52*L52,2) -> 0 | O52: =O51+Q51 -> 0 | P52: ='SUB CPIF RATES (ALL)'!F47 -> 0 | Q52: =ROUND(O52*P52,2) -> 0
B53: ='SUB CPIF RATES (ALL)'!B48 -> Indirect Category: [Target Fee] | C53: =C51+E51 -> 0 | D53: ='SUB CPIF RATES (ALL)'!C48 -> 0 | E53: =ROUND(C53*D53,2) -> 0 | G53: =G51+I51 -> 0 | H53: ='SUB CPIF RATES (ALL)'!D48 -> 0 | I53: =ROUND(G53*H53,2) -> 0 | K53: =K51+M51 -> 0 | L53: ='SUB CPIF RATES (ALL)'!E48 -> 0 | M53: =ROUND(K53*L53,2) -> 0 | O53: =O51+Q51 -> 0 | P53: ='SUB CPIF RATES (ALL)'!F48 -> 0 | Q53: =ROUND(O53*P53,2) -> 0
B54: Total Proposed Target Subcontractor Costs | E54: =ROUND(E48+E50+E51,2) -> 0 | I54: =ROUND(I48+I50+I51,2) -> 0 | M54: =ROUND(M48+M50+M51,2) -> 0 | Q54: =ROUND(Q48+Q50+Q51,2) -> 0
B55: Total Proposed Target FCCOM | E55: =ROUND(E52,2) -> 0 | I55: =ROUND(I52,2) -> 0 | M55: =ROUND(M52,2) -> 0 | Q55: =ROUND(Q52,2) -> 0
B56: Total Proposed Target Fee | E56: =ROUND(E53,2) -> 0 | I56: =ROUND(I53,2) -> 0 | M56: =ROUND(M53,2) -> 0 | Q56: =ROUND(Q53,2) -> 0
B57: Total Proposed Subcontractor Price (Target) | E57: =ROUND(SUM(E54:E56),2) -> 0 | I57: =ROUND(SUM(I54:I56),2) -> 0 | M57: =ROUND(SUM(M54:M56),2) -> 0 | Q57: =ROUND(SUM(Q54:Q56),2) -> 0
B59: =B31 -> CLIN 0001 (CPIF) TASK 1.05 PROTOTYPE SUPPORT, INSTALLATION, AND CHECKOUT | C59: PROPOSED COSTS/PRICES - OTHER DIRECT COSTS (ODC) | G59: PROPOSED COSTS/PRICES - ODC | K59: PROPOSED COSTS/PRICES - ODC | O59: PROPOSED COSTS/PRICES - ODC
C60: =C32 -> CLIN 0001 - Basic Period (Year 1) | G60: =G32 -> CLIN 0001 - Basic Period (Year 2) | K60: =K32 -> CLIN 0001 - Basic Period (Year 3) | O60: =O32 -> CLIN 0001 - Basic Period (Year 4)
C61: Base Cost | D61: Rate | E61: Other Direct Cost | G61: Base Cost | H61: Rate | I61: Other Direct Cost | K61: Base Cost | L61: Rate | M61: Other Direct Cost | O61: Base | P61: Rates | Q61: Other Direct Cost
B62: No input - total costs associated with ODC linked to the 'SUB CPIF ODC' worksheet | E62: ='SUB CPIF TOTAL ODC'!E17 -> 0 | I62: ='SUB CPIF TOTAL ODC'!G17 -> 0 | M62: ='SUB CPIF TOTAL ODC'!I17 -> 0 | Q62: ='SUB CPIF TOTAL ODC'!K17 -> 0
B63: Insert all indirect categories that the prime contractor will apply to ODC; make changes to indirect categories in Column B accordingly and amend links in Columns C, G, K, and O as needed. Also ensure rates in Columns D, H, L and P are properly linked to 'SUB-CPIF RATES (ALL)' worksheet
B64: Proposed Add-on Factor (Overhead) | C64: =+E62 -> 0 | D64: ='SUB CPIF RATES (ALL)'!C61 -> 0 | E64: =ROUND(C64*D64,2) -> 0 | G64: =+I62 -> 0 | H64: ='SUB CPIF RATES (ALL)'!D61 -> 0 | I64: =ROUND(G64*H64,2) -> 0 | K64: =+M62 -> 0 | L64: ='SUB CPIF RATES (ALL)'!E61 -> 0 | M64: =ROUND(K64*L64,2) -> 0 | O64: =+Q62 -> 0 | P64: ='SUB CPIF RATES (ALL)'!F61 -> 0 | Q64: =ROUND(O64*P64,2) -> 0
B65: Proposed Add-on Factor (G&A) | C65: =+C64+E64 -> 0 | D65: ='SUB CPIF RATES (ALL)'!C62 -> 0 | E65: =ROUND(C65*D65,2) -> 0 | G65: =+G64+I64 -> 0 | H65: ='SUB CPIF RATES (ALL)'!D62 -> 0 | I65: =ROUND(G65*H65,2) -> 0 | K65: =+K64+M64 -> 0 | L65: ='SUB CPIF RATES (ALL)'!E62 -> 0 | M65: =ROUND(K65*L65,2) -> 0 | O65: =+O64+Q64 -> 0 | P65: ='SUB CPIF RATES (ALL)'!F62 -> 0 | Q65: =ROUND(O65*P65,2) -> 0
B66: Proposed Add-on Factor (FCCOM) | C66: =C65+E65 -> 0 | D66: ='SUB CPIF RATES (ALL)'!C63 -> 0 | E66: =ROUND(C66*D66,2) -> 0 | G66: =G65+I65 -> 0 | H66: ='SUB CPIF RATES (ALL)'!D63 -> 0 | I66: =ROUND(G66*H66,2) -> 0 | K66: =K65+M65 -> 0 | L66: ='SUB CPIF RATES (ALL)'!E63 -> 0 | M66: =ROUND(K66*L66,2) -> 0 | O66: =O65+Q65 -> 0 | P66: ='SUB CPIF RATES (ALL)'!F63 -> 0 | Q66: =ROUND(O66*P66,2) -> 0
B67: Proposed Add-on Factor (Fee) | C67: =+C65+E65 -> 0 | D67: ='SUB CPIF RATES (ALL)'!C64 -> 0 | E67: =ROUND(C67*D67,2) -> 0 | G67: =+G65+I65 -> 0 | H67: ='SUB CPIF RATES (ALL)'!D64 -> 0 | I67: =ROUND(G67*H67,2) -> 0 | K67: =+K65+M65 -> 0 | L67: ='SUB CPIF RATES (ALL)'!E64 -> 0 | M67: =ROUND(K67*L67,2) -> 0 | O67: =+O65+Q65 -> 0 | P67: ='SUB CPIF RATES (ALL)'!F64 -> 0 | Q67: =ROUND(O67*P67,2) -> 0
B68: Total Proposed Target Other Direct Costs | E68: =ROUND(SUM(E62:E65),2) -> 0 | I68: =ROUND(SUM(I62:I65),2) -> 0 | M68: =ROUND(SUM(M62:M65),2) -> 0 | Q68: =ROUND(SUM(Q62:Q65),2) -> 0
B69: Total Proposed FCCOM | E69: =ROUND(E66,2) -> 0 | I69: =ROUND(I66,2) -> 0 | M69: =ROUND(M66,2) -> 0 | Q69: =ROUND(Q66,2) -> 0
B70: Total Proposed Target Fee | E70: =ROUND(E67,2) -> 0 | I70: =ROUND(I67,2) -> 0 | M70: =ROUND(M67,2) -> 0 | Q70: =ROUND(Q67,2) -> 0
B71: Total Proposed ODC Price (Target) | E71: =ROUND(SUM(E68:E70),2) -> 0 | I71: =ROUND(SUM(I68:I70),2) -> 0 | M71: =ROUND(SUM(M68:M70),2) -> 0 | Q71: =ROUND(SUM(Q68:Q70),2) -> 0
B73: =B59 -> CLIN 0001 (CPIF) TASK 1.05 PROTOTYPE SUPPORT, INSTALLATION, AND CHECKOUT | C73: Proposed Prices (Labor, Material, Subcontractor, and ODC) | G73: Proposed Prices (Labor, Material, and ODC) | K73: Proposed Prices (Labor, Material, and ODC) | O73: Proposed Prices (Labor, Material, and ODC)
E74: CLIN 0001: Basic Period (Year 1) | I74: CLIN 0001: Basic Period (Year 2) | M74: CLIN 0001: Basic Period (Year 3) | Q74: CLIN 0001: Basic Period (Year 4)
B75: Total Proposed Target Cost (Direct and Indirect) | E75: =+ROUND(E26+E40+E54+E68,2) -> 0 | I75: =+ROUND(I26+I40+I54+I68,2) -> 0 | M75: =+ROUND(M26+M40+M54+M68,2) -> 0 | Q75: =+ROUND(Q26+Q40+Q54+Q68,2) -> 0
B76: Total Proposed FCCOM | E76: =+ROUND(E27+E41+E55+E69,2) -> 0 | I76: =+ROUND(I27+I41+I55+I69,2) -> 0 | M76: =+ROUND(M27+M41+M55+M69,2) -> 0 | Q76: =+ROUND(Q27+Q41+Q55+Q69,2) -> 0
B77: Total Proposed Target Fee | E77: =+ROUND(E28+E42+E56+E70,2) -> 0 | I77: =+ROUND(I28+I42+I56+I70,2) -> 0 | M77: =+ROUND(M28+M42+M56+M70,2) -> 0 | Q77: =+ROUND(Q28+Q42+Q56+Q70,2) -> 0
B78: Total Proposed Target Price (CLIN 0001, TASK 1.05) | E78: =SUM(E75:E77) -> 0 | I78: =SUM(I75:I77) -> 0 | M78: =SUM(M75:M77) -> 0 | Q78: =SUM(Q75:Q77) -> 0
Q80: TOTAL TARGET PRICE - CLIN 0001, TASK 1.05
Q81: =E78+I78+M78+Q78 -> 0

Sheet CPIF CLIN 0001-TASK 1.06 INPUTS
B1: MAJOR SUBCONTRACTOR | C1: ='SUB CPIF RATES (ALL)'!C1 -> NAME
B2: PRIME OFFEROR | C2: ='SUB CPIF RATES (ALL)'!C2 -> NAME
A4: KC-135 Center Console Refresh (CCR) Competitive Pricing Matrix CLIN 0001: Development (CPIF)
B6: Notes:
B7: 1. The format of this worksheet may be revised as required to be consistent with the Major Subcontractor's approved accounting system; amend base costs and direct/indirect rates as necessary
B8: 2. Proposed costs for Labor, Material, Subcontractor, and Other Direct Costs (ODCs) are linked to corresponding worksheets as specified below - no input required
B9: 3. The proposed indirect rates are linked to the "SUB CPIF RATES (ALL)" worksheet and will automatically be applied to the proposed amounts for labor, material, ODC, and subcontractor costs (CPIF Target Cost, Target FCCOM, Target Fee, and Total Price will automatically calculate)
B10: 4. The Major Subcontractor shall amend the indirect categories as needed, and ensure the proposed indirect rates are properly linked to the "SUB CPIF RATES (ALL)" worksheet
B11: 5. Definitions of the labor categories and indirect rates are included in the "SUB CPIF RATE (ALL)" worksheet; the Offeror shall amend as necessary
B12: 6. The total target price for CLIN 0001, TASK 1.06 will automatically calculate for the Basic Period
B14: CLIN 0001 (CPIF) TASK 1.06 QUALIFICATION, DEVELOPMENTAL, AND OPERATIONAL TESTING | C14: PROPOSED COSTS/PRICES - LABOR | G14: PROPOSED COSTS/PRICES - LABOR | K14: PROPOSED COSTS/PRICES - LABOR | O14: PROPOSED COSTS/PRICES - LABOR
C15: CLIN 0001 - Basic Period (Year 1) | G15: CLIN 0001 - Basic Period (Year 2) | K15: CLIN 0001 - Basic Period (Year 3) | O15: CLIN 0001 - Basic Period (Year 4)
B16: Labor Category | C16: Labor Hours | D16: Labor Rates | E16: Direct Labor Cost | G16: Labor Hours | H16: Labor Rates | I16: Direct Labor Cost | K16: Labor Hours | L16: Labor Rates | M16: Direct Labor Cost | O16: Labor Hours | P16: Labor Rates | Q16: Direct Labor Cost
B17: No input - total labor (labor hours and total labor costs) linked to the 'SUB CPIF LABOR INPUTS' worksheet
B18: TOTAL DIRECT LABOR HOURS/COST | C18: ='SUB CPIF LABOR INPUTS'!D134 -> 0 | E18: ='SUB CPIF LABOR INPUTS'!F134 -> 0 | G18: ='SUB CPIF LABOR INPUTS'!H134 -> 0 | I18: ='SUB CPIF LABOR INPUTS'!J134 -> 0 | K18: ='SUB CPIF LABOR INPUTS'!L134 -> 0 | M18: ='SUB CPIF LABOR INPUTS'!N134 -> 0 | O18: ='SUB CPIF LABOR INPUTS'!P134 -> 0 | Q18: ='SUB CPIF LABOR INPUTS'!R134 -> 0
C19: Base Cost | D19: Rate | E19: Labor Cost | G19: Base Cost | H19: Rate | I19: Labor Cost | K19: Base Cost | L19: Rate | M19: Labor Cost | O19: Base Cost | P19: Rate | Q19: Labor Cost
B20: Insert all indirect categories that apply to labor; make changes to indirect categories in Column B accordingly and amend links in Columns C, G, K, and O as needed. Also ensure rates in Columns D, H, L and P are properly linked to 'PRIME-CPIF Rates (All)' worksheet
B21: ='SUB CPIF RATES (ALL)'!B36 -> Indirect Labor Category: [Labor Fringe] | C21: =+E18 -> 0 | D21: ='SUB CPIF RATES (ALL)'!C36 -> 0 | E21: =ROUND(C21*D21,2) -> 0 | G21: =+I18 -> 0 | H21: ='SUB CPIF RATES (ALL)'!D36 -> 0 | I21: =ROUND(G21*H21,2) -> 0 | K21: =+M18 -> 0 | L21: ='SUB CPIF RATES (ALL)'!E36 -> 0 | M21: =ROUND(K21*L21,2) -> 0 | O21: =+Q18 -> 0 | P21: ='SUB CPIF RATES (ALL)'!F36 -> 0 | Q21: =ROUND(O21*P21,2) -> 0
B22: ='SUB CPIF RATES (ALL)'!B37 -> Indirect Labor Category: [Labor Overhead] | C22: =+C21+E21 -> 0 | D22: ='SUB CPIF RATES (ALL)'!C37 -> 0 | E22: =ROUND(C22*D22,2) -> 0 | G22: =+G21+I21 -> 0 | H22: ='SUB CPIF RATES (ALL)'!D37 -> 0 | I22: =ROUND(G22*H22,2) -> 0 | K22: =+K21+M21 -> 0 | L22: ='SUB CPIF RATES (ALL)'!E37 -> 0 | M22: =ROUND(K22*L22,2) -> 0 | O22: =+O21+Q21 -> 0 | P22: ='SUB CPIF RATES (ALL)'!F37 -> 0 | Q22: =ROUND(O22*P22,2) -> 0
B23: ='SUB CPIF RATES (ALL)'!B38 -> Indirect Labor Category: [G&A] | C23: =+C22+E22 -> 0 | D23: ='SUB CPIF RATES (ALL)'!C38 -> 0 | E23: =ROUND(C23*D23,2) -> 0 | G23: =+G22+I22 -> 0 | H23: ='SUB CPIF RATES (ALL)'!D38 -> 0 | I23: =ROUND(G23*H23,2) -> 0 | K23: =+K22+M22 -> 0 | L23: ='SUB CPIF RATES (ALL)'!E38 -> 0 | M23: =ROUND(K23*L23,2) -> 0 | O23: =+O22+Q22 -> 0 | P23: ='SUB CPIF RATES (ALL)'!F38 -> 0 | Q23: =ROUND(O23*P23,2) -> 0
B24: ='SUB CPIF RATES (ALL)'!B39 -> Indirect Labor Category: [FCCOM] | C24: =C23+E23 -> 0 | D24: ='SUB CPIF RATES (ALL)'!C39 -> 0 | E24: =ROUND(C24*D24,2) -> 0 | G24: =G23+I23 -> 0 | H24: ='SUB CPIF RATES (ALL)'!D39 -> 0 | I24: =ROUND(G24*H24,2) -> 0 | K24: =K23+M23 -> 0 | L24: ='SUB CPIF RATES (ALL)'!E39 -> 0 | M24: =ROUND(K24*L24,2) -> 0 | O24: =O23+Q23 -> 0 | P24: ='SUB CPIF RATES (ALL)'!F39 -> 0 | Q24: =ROUND(O24*P24,2) -> 0
B25: ='SUB CPIF RATES (ALL)'!B40 -> Indirect Labor Category: [Target Fee] | C25: =+C23+E23 -> 0 | D25: ='SUB CPIF RATES (ALL)'!C40 -> 0 | E25: =ROUND(C25*D25,2) -> 0 | G25: =+G23+I23 -> 0 | H25: ='SUB CPIF RATES (ALL)'!D40 -> 0 | I25: =ROUND(G25*H25,2) -> 0 | K25: =+K23+M23 -> 0 | L25: ='SUB CPIF RATES (ALL)'!E40 -> 0 | M25: =ROUND(K25*L25,2) -> 0 | O25: =+O23+Q23 -> 0 | P25: ='SUB CPIF RATES (ALL)'!F40 -> 0 | Q25: =ROUND(O25*P25,2) -> 0
B26: Total Proposed Target Labor Cost | E26: =ROUND(SUM(E18,E21,E22,E23),2) -> 0 | I26: =ROUND(SUM(I18,I21,I22,I23),2) -> 0 | M26: =ROUND(SUM(M18,M21,M22,M23),2) -> 0 | Q26: =ROUND(SUM(Q18,Q21,Q22,Q23),2) -> 0
B27: Total Proposed FCCOM | E27: =ROUND(E24,2) -> 0 | I27: =ROUND(I24,2) -> 0 | M27: =ROUND(M24,2) -> 0 | Q27: =ROUND(Q24,2) -> 0
B28: Total Proposed Target Fee | E28: =ROUND(E25,2) -> 0 | I28: =ROUND(I25,2) -> 0 | M28: =ROUND(M25,2) -> 0 | Q28: =ROUND(Q25,2) -> 0
B29: Total Proposed Labor Price (Target) | E29: =ROUND(SUM(E26:E28),2) -> 0 | I29: =ROUND(SUM(I26:I28),2) -> 0 | M29: =ROUND(SUM(M26:M28),2) -> 0 | Q29: =ROUND(SUM(Q26:Q28),2) -> 0
B31: =B14 -> CLIN 0001 (CPIF) TASK 1.06 QUALIFICATION, DEVELOPMENTAL, AND OPERATIONAL TESTING | C31: PROPOSED COSTS/PRICES - MATERIAL | G31: PROPOSED COSTS/PRICES - MATERIAL | K31: PROPOSED COSTS/PRICES - MATERIAL | O31: PROPOSED COSTS/PRICES - MATERIAL
C32: =C15 -> CLIN 0001 - Basic Period (Year 1) | G32: =G15 -> CLIN 0001 - Basic Period (Year 2) | K32: =K15 -> CLIN 0001 - Basic Period (Year 3) | O32: =O15 -> CLIN 0001 - Basic Period (Year 4)
C33: Base Cost | D33: Rate | E33: Material Cost | G33: Base Cost | H33: Rate | I33: Material Cost | K33: Base Cost | L33: Rate | M33: Material Cost | O33: Base Cost | P33: Rate | Q33: Material Cost
B34: No input - material costs linked to the 'SUB CPIF TOTAL MATERIAL' worksheet (amounts shall also match total material in Consolidated Bill of Materials (CBOM) in RFP Section L, Paragraph 7.3.2 | E34: ='SUB CPIF TOTAL MATERIAL'!E17 -> 0 | I34: ='SUB CPIF TOTAL MATERIAL'!G17 -> 0 | M34: ='SUB CPIF TOTAL MATERIAL'!I17 -> 0 | Q34: ='SUB CPIF TOTAL MATERIAL'!K17 -> 0
B35: Insert all indirect categories that apply to material; make changes to indirect categories in Column B accordingly and amend links in Columns C, G, K, and O as needed. Also ensure rates in Columns D, H, L and P are properly linked to 'SUB-CPIF RATES (ALL)' worksheet
B36: ='SUB CPIF RATES (ALL)'!B53 -> Indirect Category: [Material Overhead] | C36: =+E34 -> 0 | D36: ='SUB CPIF RATES (ALL)'!C53 -> 0 | E36: =ROUND(C36*D36,2) -> 0 | G36: =+I34 -> 0 | H36: ='SUB CPIF RATES (ALL)'!D53 -> 0 | I36: =ROUND(G36*H36,2) -> 0 | K36: =+M34 -> 0 | L36: ='SUB CPIF RATES (ALL)'!E53 -> 0 | M36: =ROUND(K36*L36,2) -> 0 | O36: =+Q34 -> 0 | P36: ='SUB CPIF RATES (ALL)'!F53 -> 0 | Q36: =ROUND(O36*P36,2) -> 0
B37: ='SUB CPIF RATES (ALL)'!B54 -> Indirect Category: [G&A] | C37: =+C36+E36 -> 0 | D37: ='SUB CPIF RATES (ALL)'!C54 -> 0 | E37: =ROUND(C37*D37,2) -> 0 | G37: =+G36+I36 -> 0 | H37: ='SUB CPIF RATES (ALL)'!D54 -> 0 | I37: =ROUND(G37*H37,2) -> 0 | K37: =+K36+M36 -> 0 | L37: ='SUB CPIF RATES (ALL)'!E54 -> 0 | M37: =ROUND(K37*L37,2) -> 0 | O37: =+O36+Q36 -> 0 | P37: ='SUB CPIF RATES (ALL)'!F54 -> 0 | Q37: =ROUND(O37*P37,2) -> 0
B38: ='SUB CPIF RATES (ALL)'!B55 -> Indirect Category: [FCCOM] | C38: =C37+E37 -> 0 | D38: ='SUB CPIF RATES (ALL)'!C55 -> 0 | E38: =ROUND(C38*D38,2) -> 0 | G38: =G37+I37 -> 0 | H38: ='SUB CPIF RATES (ALL)'!D55 -> 0 | I38: =ROUND(G38*H38,2) -> 0 | K38: =K37+M37 -> 0 | L38: ='SUB CPIF RATES (ALL)'!E55 -> 0 | M38: =ROUND(K38*L38,2) -> 0 | O38: =O37+Q37 -> 0 | P38: ='SUB CPIF RATES (ALL)'!F55 -> 0 | Q38: =ROUND(O38*P38,2) -> 0
B39: ='SUB CPIF RATES (ALL)'!B56 -> Indirect Category: [Target Fee] | C39: =+C37+E37 -> 0 | D39: ='SUB CPIF RATES (ALL)'!C56 -> 0 | E39: =ROUND(C39*D39,2) -> 0 | G39: =+G37+I37 -> 0 | H39: ='SUB CPIF RATES (ALL)'!D56 -> 0 | I39: =ROUND(G39*H39,2) -> 0 | K39: =+K37+M37 -> 0 | L39: ='SUB CPIF RATES (ALL)'!E56 -> 0 | M39: =ROUND(K39*L39,2) -> 0 | O39: =+O37+Q37 -> 0 | P39: ='SUB CPIF RATES (ALL)'!F56 -> 0 | Q39: =ROUND(O39*P39,2) -> 0
B40: Total Proposed Target Material Cost | E40: =ROUND(SUM(E34:E37),2) -> 0 | I40: =ROUND(SUM(I34:I37),2) -> 0 | M40: =ROUND(SUM(M34:M37),2) -> 0 | Q40: =ROUND(SUM(Q34:Q37),2) -> 0
B41: Total Proposed FCCOM | E41: =ROUND(E38,2) -> 0 | I41: =ROUND(I38,2) -> 0 | M41: =ROUND(M38,2) -> 0 | Q41: =ROUND(Q38,2) -> 0
B42: Total Proposed Target Fee | E42: =ROUND(E39,2) -> 0 | I42: =ROUND(I39,2) -> 0 | M42: =ROUND(M39,2) -> 0 | Q42: =ROUND(Q39,2) -> 0
B43: Total Proposed Material Price (Target) | E43: =SUM(E40:E42) -> 0 | I43: =SUM(I40:I42) -> 0 | M43: =SUM(M40:M42) -> 0 | Q43: =SUM(Q40:Q42) -> 0
B45: =B14 -> CLIN 0001 (CPIF) TASK 1.06 QUALIFICATION, DEVELOPMENTAL, AND OPERATIONAL TESTING | C45: PROPOSED COSTS/PRICES - SUBCONTRACTOR | G45: PROPOSED COSTS/PRICES - SUBCONTRACTOR | K45: PROPOSED COSTS/PRICES - SUBCONTRACTOR | O45: PROPOSED COSTS/PRICES - SUBCONTRACTOR
C46: =C32 -> CLIN 0001 - Basic Period (Year 1) | G46: =G32 -> CLIN 0001 - Basic Period (Year 2) | K46: =K32 -> CLIN 0001 - Basic Period (Year 3) | O46: =O32 -> CLIN 0001 - Basic Period (Year 4)
C47: Base Cost | D47: Rate | E47: Subcontractor Cost | G47: Base Cost | H47: Rate | I47: Subcontractor Cost | K47: Base Cost | L47: Rate | M47: Subcontractor Cost | O47: Base Cost | P47: Rate | Q47: Subcontractor Cost
B48: No input - subcontractor costs linked to the 'SUB CPIF TOTAL SUB' worksheet | E48: ='SUB CPIF TOTAL SUB'!E17 -> 0 | I48: ='SUB CPIF TOTAL SUB'!G17 -> 0 | M48: ='SUB CPIF TOTAL SUB'!I17 -> 0 | Q48: ='SUB CPIF TOTAL SUB'!K17 -> 0
B49: Insert all indirect categories that the prime contractor will apply to subcontractor costs; make changes to indirect categories in Column B accordingly and amend links in Columns C, G, K, and O as needed. Also ensure rates in Columns D, H, L and P are properly linked to 'SUB-CPIF RATES (ALL)' worksheet
B50: ='SUB CPIF RATES (ALL)'!B45 -> Indirect Category: [Overhead] | C50: =E48 -> 0 | D50: ='SUB CPIF RATES (ALL)'!C45 -> 0 | E50: =ROUND(C50*D50,2) -> 0 | G50: =I48 -> 0 | H50: ='SUB CPIF RATES (ALL)'!D45 -> 0 | I50: =ROUND(G50*H50,2) -> 0 | K50: =M48 -> 0 | L50: ='SUB CPIF RATES (ALL)'!E45 -> 0 | M50: =ROUND(K50*L50,2) -> 0 | O50: =Q48 -> 0 | P50: ='SUB CPIF RATES (ALL)'!F45 -> 0 | Q50: =ROUND(O50*P50,2) -> 0
B51: ='SUB CPIF RATES (ALL)'!B46 -> Indirect Category: [G&A] | C51: =C50+E50 -> 0 | D51: ='SUB CPIF RATES (ALL)'!C46 -> 0 | E51: =ROUND(C51*D51,2) -> 0 | G51: =G50+I50 -> 0 | H51: ='SUB CPIF RATES (ALL)'!D46 -> 0 | I51: =ROUND(G51*H51,2) -> 0 | K51: =K50+M50 -> 0 | L51: ='SUB CPIF RATES (ALL)'!E46 -> 0 | M51: =ROUND(K51*L51,2) -> 0 | O51: =O50+Q50 -> 0 | P51: ='SUB CPIF RATES (ALL)'!F46 -> 0 | Q51: =ROUND(O51*P51,2) -> 0
B52: ='SUB CPIF RATES (ALL)'!B47 -> Indirect Category: [FCCOM] | C52: =C51+E51 -> 0 | D52: ='SUB CPIF RATES (ALL)'!C47 -> 0 | E52: =ROUND(C52*D52,2) -> 0 | G52: =G51+I51 -> 0 | H52: ='SUB CPIF RATES (ALL)'!D47 -> 0 | I52: =ROUND(G52*H52,2) -> 0 | K52: =K51+M51 -> 0 | L52: ='SUB CPIF RATES (ALL)'!E47 -> 0 | M52: =ROUND(K52*L52,2) -> 0 | O52: =O51+Q51 -> 0 | P52: ='SUB CPIF RATES (ALL)'!F47 -> 0 | Q52: =ROUND(O52*P52,2) -> 0
B53: ='SUB CPIF RATES (ALL)'!B48 -> Indirect Category: [Target Fee] | C53: =C51+E51 -> 0 | D53: ='SUB CPIF RATES (ALL)'!C48 -> 0 | E53: =ROUND(C53*D53,2) -> 0 | G53: =G51+I51 -> 0 | H53: ='SUB CPIF RATES (ALL)'!D48 -> 0 | I53: =ROUND(G53*H53,2) -> 0 | K53: =K51+M51 -> 0 | L53: ='SUB CPIF RATES (ALL)'!E48 -> 0 | M53: =ROUND(K53*L53,2) -> 0 | O53: =O51+Q51 -> 0 | P53: ='SUB CPIF RATES (ALL)'!F48 -> 0 | Q53: =ROUND(O53*P53,2) -> 0
B54: Total Proposed Target Subcontractor Costs | E54: =ROUND(E48+E50+E51,2) -> 0 | I54: =ROUND(I48+I50+I51,2) -> 0 | M54: =ROUND(M48+M50+M51,2) -> 0 | Q54: =ROUND(Q48+Q50+Q51,2) -> 0
B55: Total Proposed Target FCCOM | E55: =ROUND(E52,2) -> 0 | I55: =ROUND(I52,2) -> 0 | M55: =ROUND(M52,2) -> 0 | Q55: =ROUND(Q52,2) -> 0
B56: Total Proposed Target Fee | E56: =ROUND(E53,2) -> 0 | I56: =ROUND(I53,2) -> 0 | M56: =ROUND(M53,2) -> 0 | Q56: =ROUND(Q53,2) -> 0
B57: Total Proposed Subcontractor Price (Target) | E57: =ROUND(SUM(E54:E56),2) -> 0 | I57: =ROUND(SUM(I54:I56),2) -> 0 | M57: =ROUND(SUM(M54:M56),2) -> 0 | Q57: =ROUND(SUM(Q54:Q56),2) -> 0
B59: =B31 -> CLIN 0001 (CPIF) TASK 1.06 QUALIFICATION, DEVELOPMENTAL, AND OPERATIONAL TESTING | C59: PROPOSED COSTS/PRICES - OTHER DIRECT COSTS (ODC) | G59: PROPOSED COSTS/PRICES - ODC | K59: PROPOSED COSTS/PRICES - ODC | O59: PROPOSED COSTS/PRICES - ODC
C60: =C32 -> CLIN 0001 - Basic Period (Year 1) | G60: =G32 -> CLIN 0001 - Basic Period (Year 2) | K60: =K32 -> CLIN 0001 - Basic Period (Year 3) | O60: =O32 -> CLIN 0001 - Basic Period (Year 4)
C61: Base Cost | D61: Rate | E61: Other Direct Cost | G61: Base Cost | H61: Rate | I61: Other Direct Cost | K61: Base Cost | L61: Rate | M61: Other Direct Cost | O61: Base Cost | P61: Rate | Q61: Other Direct Cost
B62: No input - total costs associated with ODC linked to the 'SUB CPIF ODC' worksheet | E62: ='SUB CPIF TOTAL ODC'!E18 -> 0 | I62: ='SUB CPIF TOTAL ODC'!G18 -> 0 | M62: ='SUB CPIF TOTAL ODC'!I18 -> 0 | Q62: ='SUB CPIF TOTAL ODC'!K18 -> 0
B63: Insert all indirect categories that the prime contractor will apply to ODC; make changes to indirect categories in Column B accordingly and amend links in Columns C, G, K, and O as needed. Also ensure rates in Columns D, H, L and P are properly linked to 'SUB-CPIF RATES (ALL)' worksheet
B64: Proposed Add-on Factor (Overhead) | C64: =+E62 -> 0 | D64: ='SUB CPIF RATES (ALL)'!C61 -> 0 | E64: =ROUND(C64*D64,2) -> 0 | G64: =+I62 -> 0 | H64: ='SUB CPIF RATES (ALL)'!D61 -> 0 | I64: =ROUND(G64*H64,2) -> 0 | K64: =+M62 -> 0 | L64: ='SUB CPIF RATES (ALL)'!E61 -> 0 | M64: =ROUND(K64*L64,2) -> 0 | O64: =+Q62 -> 0 | P64: ='SUB CPIF RATES (ALL)'!F61 -> 0 | Q64: =ROUND(O64*P64,2) -> 0
B65: Proposed Add-on Factor (G&A) | C65: =+C64+E64 -> 0 | D65: ='SUB CPIF RATES (ALL)'!C62 -> 0 | E65: =ROUND(C65*D65,2) -> 0 | G65: =+G64+I64 -> 0 | H65: ='SUB CPIF RATES (ALL)'!D62 -> 0 | I65: =ROUND(G65*H65,2) -> 0 | K65: =+K64+M64 -> 0 | L65: ='SUB CPIF RATES (ALL)'!E62 -> 0 | M65: =ROUND(K65*L65,2) -> 0 | O65: =+O64+Q64 -> 0 | P65: ='SUB CPIF RATES (ALL)'!F62 -> 0 | Q65: =ROUND(O65*P65,2) -> 0
B66: Proposed Add-on Factor (FCCOM) | C66: =C65+E65 -> 0 | D66: ='SUB CPIF RATES (ALL)'!C63 -> 0 | E66: =ROUND(C66*D66,2) -> 0 | G66: =G65+I65 -> 0 | H66: ='SUB CPIF RATES (ALL)'!D63 -> 0 | I66: =ROUND(G66*H66,2) -> 0 | K66: =K65+M65 -> 0 | L66: ='SUB CPIF RATES (ALL)'!E63 -> 0 | M66: =ROUND(K66*L66,2) -> 0 | O66: =O65+Q65 -> 0 | P66: ='SUB CPIF RATES (ALL)'!F63 -> 0 | Q66: =ROUND(O66*P66,2) -> 0
B67: Proposed Add-on Factor (Fee) | C67: =+C65+E65 -> 0 | D67: ='SUB CPIF RATES (ALL)'!C64 -> 0 | E67: =ROUND(C67*D67,2) -> 0 | G67: =+G65+I65 -> 0 | H67: ='SUB CPIF RATES (ALL)'!D64 -> 0 | I67: =ROUND(G67*H67,2) -> 0 | K67: =+K65+M65 -> 0 | L67: ='SUB CPIF RATES (ALL)'!E64 -> 0 | M67: =ROUND(K67*L67,2) -> 0 | O67: =+O65+Q65 -> 0 | P67: ='SUB CPIF RATES (ALL)'!F64 -> 0 | Q67: =ROUND(O67*P67,2) -> 0
B68: Total Proposed Target Other Direct Costs | E68: =ROUND(SUM(E62:E65),2) -> 0 | I68: =ROUND(SUM(I62:I65),2) -> 0 | M68: =ROUND(SUM(M62:M65),2) -> 0 | Q68: =ROUND(SUM(Q62:Q65),2) -> 0
B69: Total Proposed FCCOM | E69: =ROUND(E66,2) -> 0 | I69: =ROUND(I66,2) -> 0 | M69: =ROUND(M66,2) -> 0 | Q69: =ROUND(Q66,2) -> 0
B70: Total Proposed Target Fee | E70: =ROUND(E67,2) -> 0 | I70: =ROUND(I67,2) -> 0 | M70: =ROUND(M67,2) -> 0 | Q70: =ROUND(Q67,2) -> 0
B71: Total Proposed ODC Price (Target) | E71: =ROUND(SUM(E68:E70),2) -> 0 | I71: =ROUND(SUM(I68:I70),2) -> 0 | M71: =ROUND(SUM(M68:M70),2) -> 0 | Q71: =ROUND(SUM(Q68:Q70),2) -> 0
B73: =B59 -> CLIN 0001 (CPIF) TASK 1.06 QUALIFICATION, DEVELOPMENTAL, AND OPERATIONAL TESTING | C73: Proposed Prices (Labor, Material, and ODC) | G73: Proposed Prices (Labor, Material, Subcontractor, and ODC) | K73: Proposed Prices (Labor, Material, Subcontractor, and ODC) | O73: Proposed Prices (Labor, Material, Subcontractor, and ODC)
E74: CLIN 0001: Basic Period (Year 1) | I74: CLIN 0001: Basic Period (Year 2) | M74: CLIN 0001: Basic Period (Year 3) | Q74: CLIN 0001: Basic Period (Year 4)
B75: Total Proposed Target Cost (Direct and Indirect) | E75: =+ROUND(E26+E40+E54+E68,2) -> 0 | I75: =+ROUND(I26+I40+I54+I68,2) -> 0 | M75: =+ROUND(M26+M40+M54+M68,2) -> 0 | Q75: =+ROUND(Q26+Q40+Q54+Q68,2) -> 0
B76: Total Proposed FCCOM | E76: =+ROUND(E27+E41+E55+E69,2) -> 0 | I76: =+ROUND(I27+I41+I55+I69,2) -> 0 | M76: =+ROUND(M27+M41+M55+M69,2) -> 0 | Q76: =+ROUND(Q27+Q41+Q55+Q69,2) -> 0
B77: Total Proposed Target Fee | E77: =+ROUND(E28+E42+E56+E70,2) -> 0 | I77: =+ROUND(I28+I42+I56+I70,2) -> 0 | M77: =+ROUND(M28+M42+M56+M70,2) -> 0 | Q77: =+ROUND(Q28+Q42+Q56+Q70,2) -> 0
B78: Total Proposed Target Price (CLIN 0001, TASK 1.06) | E78: =SUM(E75:E77) -> 0 | I78: =SUM(I75:I77) -> 0 | M78: =SUM(M75:M77) -> 0 | Q78: =SUM(Q75:Q77) -> 0
Q80: TOTAL TARGET PRICE - CLIN 0001, TASK 1.06
Q81: =E78+I78+M78+Q78 -> 0

Sheet CPIF CLIN 0001-TASK 1.07 INPUTS
B1: MAJOR SUBCONTRACTOR | C1: ='SUB CPIF RATES (ALL)'!C1 -> NAME
B2: PRIME OFFEROR | C2: ='SUB CPIF RATES (ALL)'!C2 -> NAME
A4: KC-135 Center Console Refresh (CCR) Competitive Pricing Matrix CLIN 0001: Development (CPIF)
B6: Notes:
B7: 1. The format of this worksheet may be revised as required to be consistent with the Major Subcontractor's approved accounting system; amend base costs and direct/indirect rates as necessary
B8: 2. Proposed costs for Labor, Material, Subcontractor, and Other Direct Costs (ODCs) are linked to corresponding worksheets as specified below - no input required
B9: 3. The proposed indirect rates are linked to the "SUB CPIF RATES (ALL)" worksheet and will automatically be applied to the proposed amounts for labor, material, ODC, and subcontractor costs (CPIF Target Cost, Target FCCOM, Target Fee, and Total Price will automatically calculate)
B10: 4. The Major Subcontractor shall amend the indirect categories as needed, and ensure the proposed indirect rates are properly linked to the "SUB CPIF RATES (ALL)" worksheet
B11: 5. Definitions of the labor categories and indirect rates are included in the "SUB CPIF RATE (ALL)" worksheet; the Offeror shall amend as necessary
B12: 6. The total target price for CLIN 0001, TASK 1.07 will automatically calculate for the Basic Period
B14: CLIN 0001 (CPIF) TASK 1.07 MATERIAL - DEVELOPMENTAL SPARES | C14: PROPOSED COSTS/PRICES - LABOR | G14: PROPOSED COSTS/PRICES - LABOR | K14: PROPOSED COSTS/PRICES - LABOR | O14: PROPOSED COSTS/PRICES - LABOR
C15: CLIN 0001 - Basic Period (Year 1) | G15: CLIN 0001 - Basic Period (Year 2) | K15: CLIN 0001 - Basic Period (Year 3) | O15: CLIN 0001 - Basic Period (Year 4)
B16: Labor Category | C16: Labor Hours | D16: Labor Rates | E16: Direct Labor Cost | G16: Labor Hours | H16: Labor Rates | I16: Direct Labor Cost | K16: Labor Hours | L16: Labor Rates | M16: Direct Labor Cost | O16: Labor Hours | P16: Labor Rates | Q16: Direct Labor Cost
B17: No input - total labor (labor hours and total labor costs) linked to the 'SUB CPIF LABOR INPUTS' worksheet
B18: TOTAL DIRECT LABOR HOURS/COST | C18: ='SUB CPIF LABOR INPUTS'!D155 -> 0 | E18: ='SUB CPIF LABOR INPUTS'!F155 -> 0 | G18: ='SUB CPIF LABOR INPUTS'!H155 -> 0 | I18: ='SUB CPIF LABOR INPUTS'!J155 -> 0 | K18: ='SUB CPIF LABOR INPUTS'!L155 -> 0 | M18: ='SUB CPIF LABOR INPUTS'!N155 -> 0 | O18: ='SUB CPIF LABOR INPUTS'!P155 -> 0 | Q18: ='SUB CPIF LABOR INPUTS'!R155 -> 0
C19: Base Cost | D19: Rate | E19: Labor Cost | G19: Base Cost | H19: Rate | I19: Labor Cost | K19: Base Cost | L19: Rate | M19: Labor Cost | O19: Base Cost | P19: Rate | Q19: Labor Cost
B20: Insert all indirect categories that apply to labor; make changes to indirect categories in Column B accordingly and amend links in Columns C, G, K, and O as needed. Also ensure rates in Columns D, H, L and P are properly linked to 'PRIME-CPIF Rates (All)' worksheet
B21: ='SUB CPIF RATES (ALL)'!B36 -> Indirect Labor Category: [Labor Fringe] | C21: =+E18 -> 0 | D21: ='SUB CPIF RATES (ALL)'!C36 -> 0 | E21: =ROUND(C21*D21,2) -> 0 | G21: =+I18 -> 0 | H21: ='SUB CPIF RATES (ALL)'!D36 -> 0 | I21: =ROUND(G21*H21,2) -> 0 | K21: =+M18 -> 0 | L21: ='SUB CPIF RATES (ALL)'!E36 -> 0 | M21: =ROUND(K21*L21,2) -> 0 | O21: =+Q18 -> 0 | P21: ='SUB CPIF RATES (ALL)'!F36 -> 0 | Q21: =ROUND(O21*P21,2) -> 0
B22: ='SUB CPIF RATES (ALL)'!B37 -> Indirect Labor Category: [Labor Overhead] | C22: =+C21+E21 -> 0 | D22: ='SUB CPIF RATES (ALL)'!C37 -> 0 | E22: =ROUND(C22*D22,2) -> 0 | G22: =+G21+I21 -> 0 | H22: ='SUB CPIF RATES (ALL)'!D37 -> 0 | I22: =ROUND(G22*H22,2) -> 0 | K22: =+K21+M21 -> 0 | L22: ='SUB CPIF RATES (ALL)'!E37 -> 0 | M22: =ROUND(K22*L22,2) -> 0 | O22: =+O21+Q21 -> 0 | P22: ='SUB CPIF RATES (ALL)'!F37 -> 0 | Q22: =ROUND(O22*P22,2) -> 0
B23: ='SUB CPIF RATES (ALL)'!B38 -> Indirect Labor Category: [G&A] | C23: =+C22+E22 -> 0 | D23: ='SUB CPIF RATES (ALL)'!C38 -> 0 | E23: =ROUND(C23*D23,2) -> 0 | G23: =+G22+I22 -> 0 | H23: ='SUB CPIF RATES (ALL)'!D38 -> 0 | I23: =ROUND(G23*H23,2) -> 0 | K23: =+K22+M22 -> 0 | L23: ='SUB CPIF RATES (ALL)'!E38 -> 0 | M23: =ROUND(K23*L23,2) -> 0 | O23: =+O22+Q22 -> 0 | P23: ='SUB CPIF RATES (ALL)'!F38 -> 0 | Q23: =ROUND(O23*P23,2) -> 0
B24: ='SUB CPIF RATES (ALL)'!B39 -> Indirect Labor Category: [FCCOM] | C24: =C23+E23 -> 0 | D24: ='SUB CPIF RATES (ALL)'!C39 -> 0 | E24: =ROUND(C24*D24,2) -> 0 | G24: =G23+I23 -> 0 | H24: ='SUB CPIF RATES (ALL)'!D39 -> 0 | I24: =ROUND(G24*H24,2) -> 0 | K24: =K23+M23 -> 0 | L24: ='SUB CPIF RATES (ALL)'!E39 -> 0 | M24: =ROUND(K24*L24,2) -> 0 | O24: =O23+Q23 -> 0 | P24: ='SUB CPIF RATES (ALL)'!F39 -> 0 | Q24: =ROUND(O24*P24,2) -> 0
B25: ='SUB CPIF RATES (ALL)'!B40 -> Indirect Labor Category: [Target Fee] | C25: =+C23+E23 -> 0 | D25: ='SUB CPIF RATES (ALL)'!C40 -> 0 | E25: =ROUND(C25*D25,2) -> 0 | G25: =+G23+I23 -> 0 | H25: ='SUB CPIF RATES (ALL)'!D40 -> 0 | I25: =ROUND(G25*H25,2) -> 0 | K25: =+K23+M23 -> 0 | L25: ='SUB CPIF RATES (ALL)'!E40 -> 0 | M25: =ROUND(K25*L25,2) -> 0 | O25: =+O23+Q23 -> 0 | P25: ='SUB CPIF RATES (ALL)'!F40 -> 0 | Q25: =ROUND(O25*P25,2) -> 0
B26: Total Proposed Target Labor Cost | E26: =ROUND(SUM(E18,E21,E22,E23),2) -> 0 | I26: =ROUND(SUM(I18,I21,I22,I23),2) -> 0 | M26: =ROUND(SUM(M18,M21,M22,M23),2) -> 0 | Q26: =ROUND(SUM(Q18,Q21,Q22,Q23),2) -> 0
B27: Total Proposed FCCOM | E27: =ROUND(E24,2) -> 0 | I27: =ROUND(I24,2) -> 0 | M27: =ROUND(M24,2) -> 0 | Q27: =ROUND(Q24,2) -> 0
B28: Total Proposed Target Fee | E28: =ROUND(E25,2) -> 0 | I28: =ROUND(I25,2) -> 0 | M28: =ROUND(M25,2) -> 0 | Q28: =ROUND(Q25,2) -> 0
B29: Total Proposed Labor Price (Target) | E29: =ROUND(SUM(E26:E28),2) -> 0 | I29: =ROUND(SUM(I26:I28),2) -> 0 | M29: =ROUND(SUM(M26:M28),2) -> 0 | Q29: =ROUND(SUM(Q26:Q28),2) -> 0
B31: =B14 -> CLIN 0001 (CPIF) TASK 1.07 MATERIAL - DEVELOPMENTAL SPARES | C31: PROPOSED COSTS/PRICES - MATERIAL | G31: PROPOSED COSTS/PRICES - MATERIAL | K31: PROPOSED COSTS/PRICES - MATERIAL | O31: PROPOSED COSTS/PRICES - MATERIAL
C32: =C15 -> CLIN 0001 - Basic Period (Year 1) | G32: =G15 -> CLIN 0001 - Basic Period (Year 2) | K32: =K15 -> CLIN 0001 - Basic Period (Year 3) | O32: =O15 -> CLIN 0001 - Basic Period (Year 4)
C33: Base Cost | D33: Rate | E33: Material Cost | G33: Base Cost | H33: Rate | I33: Material Cost | K33: Base Cost | L33: Rate | M33: Material Cost | O33: Base Cost | P33: Rate | Q33: Material Cost
B34: No input - material costs linked to the 'SUB CPIF TOTAL MATERIAL' worksheet (amounts shall also match total material in Consolidated Bill of Materials (CBOM) in RFP Section L, Paragraph 7.3.2 | E34: ='SUB CPIF TOTAL MATERIAL'!E18 -> 0 | I34: ='SUB CPIF TOTAL MATERIAL'!G18 -> 0 | M34: ='SUB CPIF TOTAL MATERIAL'!I18 -> 0 | Q34: ='SUB CPIF TOTAL MATERIAL'!K18 -> 0
B35: Insert all indirect categories that apply to material; make changes to indirect categories in Column B accordingly and amend links in Columns C, G, K, and O as needed. Also ensure rates in Columns D, H, L and P are properly linked to 'SUB-CPIF RATES (ALL)' worksheet
B36: ='SUB CPIF RATES (ALL)'!B53 -> Indirect Category: [Material Overhead] | C36: =+E34 -> 0 | D36: ='SUB CPIF RATES (ALL)'!C53 -> 0 | E36: =ROUND(C36*D36,2) -> 0 | G36: =+I34 -> 0 | H36: ='SUB CPIF RATES (ALL)'!D53 -> 0 | I36: =ROUND(G36*H36,2) -> 0 | K36: =+M34 -> 0 | L36: ='SUB CPIF RATES (ALL)'!E53 -> 0 | M36: =ROUND(K36*L36,2) -> 0 | O36: =+Q34 -> 0 | P36: ='SUB CPIF RATES (ALL)'!F53 -> 0 | Q36: =ROUND(O36*P36,2) -> 0
B37: ='SUB CPIF RATES (ALL)'!B54 -> Indirect Category: [G&A] | C37: =+C36+E36 -> 0 | D37: ='SUB CPIF RATES (ALL)'!C54 -> 0 | E37: =ROUND(C37*D37,2) -> 0 | G37: =+G36+I36 -> 0 | H37: ='SUB CPIF RATES (ALL)'!D54 -> 0 | I37: =ROUND(G37*H37,2) -> 0 | K37: =+K36+M36 -> 0 | L37: ='SUB CPIF RATES (ALL)'!E54 -> 0 | M37: =ROUND(K37*L37,2) -> 0 | O37: =+O36+Q36 -> 0 | P37: ='SUB CPIF RATES (ALL)'!F54 -> 0 | Q37: =ROUND(O37*P37,2) -> 0
B38: ='SUB CPIF RATES (ALL)'!B55 -> Indirect Category: [FCCOM] | C38: =C37+E37 -> 0 | D38: ='SUB CPIF RATES (ALL)'!C55 -> 0 | E38: =ROUND(C38*D38,2) -> 0 | G38: =G37+I37 -> 0 | H38: ='SUB CPIF RATES (ALL)'!D55 -> 0 | I38: =ROUND(G38*H38,2) -> 0 | K38: =K37+M37 -> 0 | L38: ='SUB CPIF RATES (ALL)'!E55 -> 0 | M38: =ROUND(K38*L38,2) -> 0 | O38: =O37+Q37 -> 0 | P38: ='SUB CPIF RATES (ALL)'!F55 -> 0 | Q38: =ROUND(O38*P38,2) -> 0
B39: ='SUB CPIF RATES (ALL)'!B56 -> Indirect Category: [Target Fee] | C39: =+C37+E37 -> 0 | D39: ='SUB CPIF RATES (ALL)'!C56 -> 0 | E39: =ROUND(C39*D39,2) -> 0 | G39: =+G37+I37 -> 0 | H39: ='SUB CPIF RATES (ALL)'!D56 -> 0 | I39: =ROUND(G39*H39,2) -> 0 | K39: =+K37+M37 -> 0 | L39: ='SUB CPIF RATES (ALL)'!E56 -> 0 | M39: =ROUND(K39*L39,2) -> 0 | O39: =+O37+Q37 -> 0 | P39: ='SUB CPIF RATES (ALL)'!F56 -> 0 | Q39: =ROUND(O39*P39,2) -> 0
B40: Total Proposed Target Material Cost | E40: =ROUND(SUM(E34:E37),2) -> 0 | I40: =ROUND(SUM(I34:I37),2) -> 0 | M40: =ROUND(SUM(M34:M37),2) -> 0 | Q40: =ROUND(SUM(Q34:Q37),2) -> 0
B41: Total Proposed FCCOM | E41: =ROUND(E38,2) -> 0 | I41: =ROUND(I38,2) -> 0 | M41: =ROUND(M38,2) -> 0 | Q41: =ROUND(Q38,2) -> 0
B42: Total Proposed Target Fee | E42: =ROUND(E39,2) -> 0 | I42: =ROUND(I39,2) -> 0 | M42: =ROUND(M39,2) -> 0 | Q42: =ROUND(Q39,2) -> 0
B43: Total Proposed Material Price (Target) | E43: =SUM(E40:E42) -> 0 | I43: =SUM(I40:I42) -> 0 | M43: =SUM(M40:M42) -> 0 | Q43: =SUM(Q40:Q42) -> 0
B45: =B14 -> CLIN 0001 (CPIF) TASK 1.07 MATERIAL - DEVELOPMENTAL SPARES | C45: PROPOSED COSTS/PRICES - SUBCONTRACTOR | G45: PROPOSED COSTS/PRICES - SUBCONTRACTOR | K45: PROPOSED COSTS/PRICES - SUBCONTRACTOR | O45: PROPOSED COSTS/PRICES - SUBCONTRACTOR
C46: =C32 -> CLIN 0001 - Basic Period (Year 1) | G46: =G32 -> CLIN 0001 - Basic Period (Year 2) | K46: =K32 -> CLIN 0001 - Basic Period (Year 3) | O46: =O32 -> CLIN 0001 - Basic Period (Year 4)
C47: Base Cost | D47: Rate | E47: Subcontractor Cost | G47: Base Cost | H47: Rate | I47: Subcontractor Cost | K47: Base Cost | L47: Rate | M47: Subcontractor Cost | O47: Base Cost | P47: Rate | Q47: Subcontractor Cost
B48: No input - subcontractor costs linked to the 'SUB CPIF TOTAL SUB' worksheet | E48: ='SUB CPIF TOTAL SUB'!E18 -> 0 | I48: ='SUB CPIF TOTAL SUB'!G18 -> 0 | M48: ='SUB CPIF TOTAL SUB'!I18 -> 0 | Q48: ='SUB CPIF TOTAL SUB'!K18 -> 0
B49: Insert all indirect categories that the prime contractor will apply to subcontractor costs; make changes to indirect categories in Column B accordingly and amend links in Columns C, G, K, and O as needed. Also ensure rates in Columns D, H, L and P are properly linked to 'SUB-CPIF RATES (ALL)' worksheet
B50: ='SUB CPIF RATES (ALL)'!B45 -> Indirect Category: [Overhead] | C50: =E48 -> 0 | D50: ='SUB CPIF RATES (ALL)'!C45 -> 0 | E50: =ROUND(C50*D50,2) -> 0 | G50: =I48 -> 0 | H50: ='SUB CPIF RATES (ALL)'!D45 -> 0 | I50: =ROUND(G50*H50,2) -> 0 | K50: =M48 -> 0 | L50: ='SUB CPIF RATES (ALL)'!E45 -> 0 | M50: =ROUND(K50*L50,2) -> 0 | O50: =Q48 -> 0 | P50: ='SUB CPIF RATES (ALL)'!F45 -> 0 | Q50: =ROUND(O50*P50,2) -> 0
B51: ='SUB CPIF RATES (ALL)'!B46 -> Indirect Category: [G&A] | C51: =C50+E50 -> 0 | D51: ='SUB CPIF RATES (ALL)'!C46 -> 0 | E51: =ROUND(C51*D51,2) -> 0 | G51: =G50+I50 -> 0 | H51: ='SUB CPIF RATES (ALL)'!D46 -> 0 | I51: =ROUND(G51*H51,2) -> 0 | K51: =K50+M50 -> 0 | L51: ='SUB CPIF RATES (ALL)'!E46 -> 0 | M51: =ROUND(K51*L51,2) -> 0 | O51: =O50+Q50 -> 0 | P51: ='SUB CPIF RATES (ALL)'!F46 -> 0 | Q51: =ROUND(O51*P51,2) -> 0
B52: ='SUB CPIF RATES (ALL)'!B47 -> Indirect Category: [FCCOM] | C52: =C51+E51 -> 0 | D52: ='SUB CPIF RATES (ALL)'!C47 -> 0 | E52: =ROUND(C52*D52,2) -> 0 | G52: =G51+I51 -> 0 | H52: ='SUB CPIF RATES (ALL)'!D47 -> 0 | I52: =ROUND(G52*H52,2) -> 0 | K52: =K51+M51 -> 0 | L52: ='SUB CPIF RATES (ALL)'!E47 -> 0 | M52: =ROUND(K52*L52,2) -> 0 | O52: =O51+Q51 -> 0 | P52: ='SUB CPIF RATES (ALL)'!F47 -> 0 | Q52: =ROUND(O52*P52,2) -> 0
B53: ='SUB CPIF RATES (ALL)'!B48 -> Indirect Category: [Target Fee] | C53: =C51+E51 -> 0 | D53: ='SUB CPIF RATES (ALL)'!C48 -> 0 | E53: =ROUND(C53*D53,2) -> 0 | G53: =G51+I51 -> 0 | H53: ='SUB CPIF RATES (ALL)'!D48 -> 0 | I53: =ROUND(G53*H53,2) -> 0 | K53: =K51+M51 -> 0 | L53: ='SUB CPIF RATES (ALL)'!E48 -> 0 | M53: =ROUND(K53*L53,2) -> 0 | O53: =O51+Q51 -> 0 | P53: ='SUB CPIF RATES (ALL)'!F48 -> 0 | Q53: =ROUND(O53*P53,2) -> 0
B54: Total Proposed Target Subcontractor Costs | E54: =ROUND(E48+E50+E51,2) -> 0 | I54: =ROUND(I48+I50+I51,2) -> 0 | M54: =ROUND(M48+M50+M51,2) -> 0 | Q54: =ROUND(Q48+Q50+Q51,2) -> 0
B55: Total Proposed Target FCCOM | E55: =ROUND(E52,2) -> 0 | I55: =ROUND(I52,2) -> 0 | M55: =ROUND(M52,2) -> 0 | Q55: =ROUND(Q52,2) -> 0
B56: Total Proposed Target Fee | E56: =ROUND(E53,2) -> 0 | I56: =ROUND(I53,2) -> 0 | M56: =ROUND(M53,2) -> 0 | Q56: =ROUND(Q53,2) -> 0
B57: Total Proposed Subcontractor Price (Target) | E57: =ROUND(SUM(E54:E56),2) -> 0 | I57: =ROUND(SUM(I54:I56),2) -> 0 | M57: =ROUND(SUM(M54:M56),2) -> 0 | Q57: =ROUND(SUM(Q54:Q56),2) -> 0
B59: =B31 -> CLIN 0001 (CPIF) TASK 1.07 MATERIAL - DEVELOPMENTAL SPARES | C59: PROPOSED COSTS/PRICES - OTHER DIRECT COSTS (ODC) | G59: PROPOSED COSTS/PRICES - ODC | K59: PROPOSED COSTS/PRICES - ODC | O59: PROPOSED COSTS/PRICES - ODC
C60: =C32 -> CLIN 0001 - Basic Period (Year 1) | G60: =G32 -> CLIN 0001 - Basic Period (Year 2) | K60: =K32 -> CLIN 0001 - Basic Period (Year 3) | O60: =O32 -> CLIN 0001 - Basic Period (Year 4)
C61: Base Cost | D61: Rate | E61: Other Direct Cost | G61: Base Cost | H61: Rate | I61: Other Direct Cost | K61: Base Cost | L61: Rate | M61: Other Direct Cost | O61: Base Cost | P61: Rate | Q61: Other Direct Cost
B62: No input - total costs associated with ODC linked to the 'SUB CPIF ODC' worksheet | E62: ='SUB CPIF TOTAL ODC'!E19 -> 0 | I62: ='SUB CPIF TOTAL ODC'!G19 -> 0 | M62: ='SUB CPIF TOTAL ODC'!I19 -> 0 | Q62: ='SUB CPIF TOTAL ODC'!K19 -> 0
B63: Insert all indirect categories that the prime contractor will apply to ODC; make changes to indirect categories in Column B accordingly and amend links in Columns C, G, K, and O as needed. Also ensure rates in Columns D, H, L and P are properly linked to 'SUB-CPIF RATES (ALL)' worksheet
B64: Proposed Add-on Factor (Overhead) | C64: =+E62 -> 0 | D64: ='SUB CPIF RATES (ALL)'!C61 -> 0 | E64: =ROUND(C64*D64,2) -> 0 | G64: =+I62 -> 0 | H64: ='SUB CPIF RATES (ALL)'!D61 -> 0 | I64: =ROUND(G64*H64,2) -> 0 | K64: =+M62 -> 0 | L64: ='SUB CPIF RATES (ALL)'!E61 -> 0 | M64: =ROUND(K64*L64,2) -> 0 | O64: =+Q62 -> 0 | P64: ='SUB CPIF RATES (ALL)'!F61 -> 0 | Q64: =ROUND(O64*P64,2) -> 0
B65: Proposed Add-on Factor (G&A) | C65: =+C64+E64 -> 0 | D65: ='SUB CPIF RATES (ALL)'!C62 -> 0 | E65: =ROUND(C65*D65,2) -> 0 | G65: =+G64+I64 -> 0 | H65: ='SUB CPIF RATES (ALL)'!D62 -> 0 | I65: =ROUND(G65*H65,2) -> 0 | K65: =+K64+M64 -> 0 | L65: ='SUB CPIF RATES (ALL)'!E62 -> 0 | M65: =ROUND(K65*L65,2) -> 0 | O65: =+O64+Q64 -> 0 | P65: ='SUB CPIF RATES (ALL)'!F62 -> 0 | Q65: =ROUND(O65*P65,2) -> 0
B66: Proposed Add-on Factor (FCCOM) | C66: =C65+E65 -> 0 | D66: ='SUB CPIF RATES (ALL)'!C63 -> 0 | E66: =ROUND(C66*D66,2) -> 0 | G66: =G65+I65 -> 0 | H66: ='SUB CPIF RATES (ALL)'!D63 -> 0 | I66: =ROUND(G66*H66,2) -> 0 | K66: =K65+M65 -> 0 | L66: ='SUB CPIF RATES (ALL)'!E63 -> 0 | M66: =ROUND(K66*L66,2) -> 0 | O66: =O65+Q65 -> 0 | P66: ='SUB CPIF RATES (ALL)'!F63 -> 0 | Q66: =ROUND(O66*P66,2) -> 0
B67: Proposed Add-on Factor (Fee) | C67: =+C65+E65 -> 0 | D67: ='SUB CPIF RATES (ALL)'!C64 -> 0 | E67: =ROUND(C67*D67,2) -> 0 | G67: =+G65+I65 -> 0 | H67: ='SUB CPIF RATES (ALL)'!D64 -> 0 | I67: =ROUND(G67*H67,2) -> 0 | K67: =+K65+M65 -> 0 | L67: ='SUB CPIF RATES (ALL)'!E64 -> 0 | M67: =ROUND(K67*L67,2) -> 0 | O67: =+O65+Q65 -> 0 | P67: ='SUB CPIF RATES (ALL)'!F64 -> 0 | Q67: =ROUND(O67*P67,2) -> 0
B68: Total Proposed Target Other Direct Costs | E68: =ROUND(SUM(E62:E65),2) -> 0 | I68: =ROUND(SUM(I62:I65),2) -> 0 | M68: =ROUND(SUM(M62:M65),2) -> 0 | Q68: =ROUND(SUM(Q62:Q65),2) -> 0
B69: Total Proposed FCCOM | E69: =ROUND(E66,2) -> 0 | I69: =ROUND(I66,2) -> 0 | M69: =ROUND(M66,2) -> 0 | Q69: =ROUND(Q66,2) -> 0
B70: Total Proposed Target Fee | E70: =ROUND(E67,2) -> 0 | I70: =ROUND(I67,2) -> 0 | M70: =ROUND(M67,2) -> 0 | Q70: =ROUND(Q67,2) -> 0
B71: Total Proposed ODC Price (Target) | E71: =ROUND(SUM(E68:E70),2) -> 0 | I71: =ROUND(SUM(I68:I70),2) -> 0 | M71: =ROUND(SUM(M68:M70),2) -> 0 | Q71: =ROUND(SUM(Q68:Q70),2) -> 0
B73: =B59 -> CLIN 0001 (CPIF) TASK 1.07 MATERIAL - DEVELOPMENTAL SPARES | C73: Proposed Prices (Labor, Material, Subcontractor, and ODC) | G73: Proposed Prices (Labor, Material, Subcontractor, and ODC) | K73: Proposed Prices (Labor, Material, Subcontractor, and ODC) | O73: Proposed Prices (Labor, Material, Subcontractor, and ODC)
E74: CLIN 0001: Basic Period (Year 1) | I74: CLIN 0001: Basic Period (Year 2) | M74: CLIN 0001: Basic Period (Year 3) | Q74: CLIN 0001: Basic Period (Year 4)
B75: Total Proposed Target Cost (Direct and Indirect) | E75: =+ROUND(E26+E40+E54+E68,2) -> 0 | I75: =+ROUND(I26+I40+I54+I68,2) -> 0 | M75: =+ROUND(M26+M40+M54+M68,2) -> 0 | Q75: =+ROUND(Q26+Q40+Q54+Q68,2) -> 0
B76: Total Proposed FCCOM | E76: =+ROUND(E27+E41+E55+E69,2) -> 0 | I76: =+ROUND(I27+I41+I55+I69,2) -> 0 | M76: =+ROUND(M27+M41+M55+M69,2) -> 0 | Q76: =+ROUND(Q27+Q41+Q55+Q69,2) -> 0
B77: Total Proposed Target Fee | E77: =+ROUND(E28+E42+E56+E70,2) -> 0 | I77: =+ROUND(I28+I42+I56+I70,2) -> 0 | M77: =+ROUND(M28+M42+M56+M70,2) -> 0 | Q77: =+ROUND(Q28+Q42+Q56+Q70,2) -> 0
B78: Total Proposed Target Price (CLIN 0001, TASK 1.07) | E78: =SUM(E75:E77) -> 0 | I78: =SUM(I75:I77) -> 0 | M78: =SUM(M75:M77) -> 0 | Q78: =SUM(Q75:Q77) -> 0
Q80: TOTAL TARGET PRICE - CLIN 0001, TASK 1.07
Q81: =E78+I78+M78+Q78 -> 0

Sheet CPIF CLIN 0001-TASK 1.08 INPUTS
B1: MAJOR SUBCONTRACTOR | C1: ='SUB CPIF RATES (ALL)'!C1 -> NAME
B2: PRIME OFFEROR | C2: ='SUB CPIF RATES (ALL)'!C2 -> NAME
A4: KC-135 Center Console Refresh (CCR) Competitive Pricing Matrix CLIN 0001: Development (CPIF)
B6: Notes:
B7: 1. The format of this worksheet may be revised as required to be consistent with the Major Subcontractor's approved accounting system; amend base costs and direct/indirect rates as necessary
B8: 2. Proposed costs for Labor, Material, Subcontractor, and Other Direct Costs (ODCs) are linked to corresponding worksheets as specified below - no input required
B9: 3. The proposed indirect rates are linked to the "SUB CPIF RATES (ALL)" worksheet and will automatically be applied to the proposed amounts for labor, material, ODC, and subcontractor costs (CPIF Target Cost, Target FCCOM, Target Fee, and Total Price will automatically calculate)
B10: 4. The Major Subcontractor shall amend the indirect categories as needed, and ensure the proposed indirect rates are properly linked to the "SUB CPIF RATES (ALL)" worksheet
B11: 5. Definitions of the labor categories and indirect rates are included in the "SUB CPIF RATE (ALL)" worksheet; the Offeror shall amend as necessary
B12: 6. The total target price for CLIN 0001, TASK 1.08 will automatically calculate for the Basic Period
B14: CLIN 0001 (CPIF) TASK 1.08 BLACK LABEL HARDWARE & SOFTWARE CERTIFICATION | C14: PROPOSED COSTS/PRICES - LABOR | G14: PROPOSED COSTS/PRICES - LABOR | K14: PROPOSED COSTS/PRICES - LABOR | O14: PROPOSED COSTS/PRICES - LABOR
C15: CLIN 0001 - Basic Period (Year 1) | G15: CLIN 0001 - Basic Period (Year 2) | K15: CLIN 0001 - Basic Period (Year 3) | O15: CLIN 0001 - Basic Period (Year 4)
B16: Labor Category | C16: Labor Hours | D16: Labor Rates | E16: Direct Labor Cost | G16: Labor Hours | H16: Labor Rates | I16: Direct Labor Cost | K16: Labor Hours | L16: Labor Rates | M16: Direct Labor Cost | O16: Labor Hours | P16: Labor Rates | Q16: Direct Labor Cost
B17: No input - total labor (labor hours and total labor costs) linked to the 'SUB CPIF LABOR INPUTS' worksheet
B18: TOTAL DIRECT LABOR HOURS/COST | C18: ='SUB CPIF LABOR INPUTS'!D176 -> 0 | E18: ='SUB CPIF LABOR INPUTS'!F176 -> 0 | G18: ='SUB CPIF LABOR INPUTS'!H176 -> 0 | I18: ='SUB CPIF LABOR INPUTS'!J176 -> 0 | K18: ='SUB CPIF LABOR INPUTS'!L176 -> 0 | M18: ='SUB CPIF LABOR INPUTS'!N176 -> 0 | O18: ='SUB CPIF LABOR INPUTS'!P176 -> 0 | Q18: ='SUB CPIF LABOR INPUTS'!R176 -> 0
C19: Base Cost | D19: Rate | E19: Labor Cost | G19: Base Cost | H19: Rate | I19: Labor Cost | K19: Base Cost | L19: Rate | M19: Labor Cost | O19: Base Cost | P19: Rate | Q19: Labor Cost
B20: Insert all indirect categories that apply to labor; make changes to indirect categories in Column B accordingly and amend links in Columns C, G, K, and O as needed. Also ensure rates in Columns D, H, L and P are properly linked to 'PRIME-CPIF Rates (All)' worksheet
B21: ='SUB CPIF RATES (ALL)'!B36 -> Indirect Labor Category: [Labor Fringe] | C21: =+E18 -> 0 | D21: ='SUB CPIF RATES (ALL)'!C36 -> 0 | E21: =ROUND(C21*D21,2) -> 0 | G21: =+I18 -> 0 | H21: ='SUB CPIF RATES (ALL)'!D36 -> 0 | I21: =ROUND(G21*H21,2) -> 0 | K21: =+M18 -> 0 | L21: ='SUB CPIF RATES (ALL)'!E36 -> 0 | M21: =ROUND(K21*L21,2) -> 0 | O21: =+Q18 -> 0 | P21: ='SUB CPIF RATES (ALL)'!F36 -> 0 | Q21: =ROUND(O21*P21,2) -> 0
B22: ='SUB CPIF RATES (ALL)'!B37 -> Indirect Labor Category: [Labor Overhead] | C22: =+C21+E21 -> 0 | D22: ='SUB CPIF RATES (ALL)'!C37 -> 0 | E22: =ROUND(C22*D22,2) -> 0 | G22: =+G21+I21 -> 0 | H22: ='SUB CPIF RATES (ALL)'!D37 -> 0 | I22: =ROUND(G22*H22,2) -> 0 | K22: =+K21+M21 -> 0 | L22: ='SUB CPIF RATES (ALL)'!E37 -> 0 | M22: =ROUND(K22*L22,2) -> 0 | O22: =+O21+Q21 -> 0 | P22: ='SUB CPIF RATES (ALL)'!F37 -> 0 | Q22: =ROUND(O22*P22,2) -> 0
B23: ='SUB CPIF RATES (ALL)'!B38 -> Indirect Labor Category: [G&A] | C23: =+C22+E22 -> 0 | D23: ='SUB CPIF RATES (ALL)'!C38 -> 0 | E23: =ROUND(C23*D23,2) -> 0 | G23: =+G22+I22 -> 0 | H23: ='SUB CPIF RATES (ALL)'!D38 -> 0 | I23: =ROUND(G23*H23,2) -> 0 | K23: =+K22+M22 -> 0 | L23: ='SUB CPIF RATES (ALL)'!E38 -> 0 | M23: =ROUND(K23*L23,2) -> 0 | O23: =+O22+Q22 -> 0 | P23: ='SUB CPIF RATES (ALL)'!F38 -> 0 | Q23: =ROUND(O23*P23,2) -> 0
B24: ='SUB CPIF RATES (ALL)'!B39 -> Indirect Labor Category: [FCCOM] | C24: =C23+E23 -> 0 | D24: ='SUB CPIF RATES (ALL)'!C39 -> 0 | E24: =ROUND(C24*D24,2) -> 0 | G24: =G23+I23 -> 0 | H24: ='SUB CPIF RATES (ALL)'!D39 -> 0 | I24: =ROUND(G24*H24,2) -> 0 | K24: =K23+M23 -> 0 | L24: ='SUB CPIF RATES (ALL)'!E39 -> 0 | M24: =ROUND(K24*L24,2) -> 0 | O24: =O23+Q23 -> 0 | P24: ='SUB CPIF RATES (ALL)'!F39 -> 0 | Q24: =ROUND(O24*P24,2) -> 0
B25: ='SUB CPIF RATES (ALL)'!B40 -> Indirect Labor Category: [Target Fee] | C25: =+C23+E23 -> 0 | D25: ='SUB CPIF RATES (ALL)'!C40 -> 0 | E25: =ROUND(C25*D25,2) -> 0 | G25: =+G23+I23 -> 0 | H25: ='SUB CPIF RATES (ALL)'!D40 -> 0 | I25: =ROUND(G25*H25,2) -> 0 | K25: =+K23+M23 -> 0 | L25: ='SUB CPIF RATES (ALL)'!E40 -> 0 | M25: =ROUND(K25*L25,2) -> 0 | O25: =+O23+Q23 -> 0 | P25: ='SUB CPIF RATES (ALL)'!F40 -> 0 | Q25: =ROUND(O25*P25,2) -> 0
B26: Total Proposed Target Labor Cost | E26: =ROUND(SUM(E18,E21,E22,E23),2) -> 0 | I26: =ROUND(SUM(I18,I21,I22,I23),2) -> 0 | M26: =ROUND(SUM(M18,M21,M22,M23),2) -> 0 | Q26: =ROUND(SUM(Q18,Q21,Q22,Q23),2) -> 0
B27: Total Proposed FCCOM | E27: =ROUND(E24,2) -> 0 | I27: =ROUND(I24,2) -> 0 | M27: =ROUND(M24,2) -> 0 | Q27: =ROUND(Q24,2) -> 0
B28: Total Proposed Target Fee | E28: =ROUND(E25,2) -> 0 | I28: =ROUND(I25,2) -> 0 | M28: =ROUND(M25,2) -> 0 | Q28: =ROUND(Q25,2) -> 0
B29: Total Proposed Labor Price (Target) | E29: =ROUND(SUM(E26:E28),2) -> 0 | I29: =ROUND(SUM(I26:I28),2) -> 0 | M29: =ROUND(SUM(M26:M28),2) -> 0 | Q29: =ROUND(SUM(Q26:Q28),2) -> 0
B31: =B14 -> CLIN 0001 (CPIF) TASK 1.08 BLACK LABEL HARDWARE & SOFTWARE CERTIFICATION | C31: PROPOSED COSTS/PRICES - MATERIAL | G31: PROPOSED COSTS/PRICES - MATERIAL | K31: PROPOSED COSTS/PRICES - MATERIAL | O31: PROPOSED COSTS/PRICES - MATERIAL
C32: =C15 -> CLIN 0001 - Basic Period (Year 1) | G32: =G15 -> CLIN 0001 - Basic Period (Year 2) | K32: =K15 -> CLIN 0001 - Basic Period (Year 3) | O32: =O15 -> CLIN 0001 - Basic Period (Year 4)
C33: Base Cost | D33: Rate | E33: Material Cost | G33: Base Cost | H33: Rate | I33: Material Cost | K33: Base Cost | L33: Rate | M33: Material Cost | O33: Base Cost | P33: Rate | Q33: Material Cost
B34: No input - material costs linked to the 'SUB CPIF TOTAL MATERIAL' worksheet (amounts shall also match total material in Consolidated Bill of Materials (CBOM) in RFP Section L, Paragraph 7.3.2 | E34: ='SUB CPIF TOTAL MATERIAL'!E19 -> 0 | I34: ='SUB CPIF TOTAL MATERIAL'!G19 -> 0 | M34: ='SUB CPIF TOTAL MATERIAL'!I19 -> 0 | Q34: ='SUB CPIF TOTAL MATERIAL'!K19 -> 0
B35: Insert all indirect categories that apply to material; make changes to indirect categories in Column B accordingly and amend links in Columns C, G, K, and O as needed. Also ensure rates in Columns D, H, L and P are properly linked to 'SUB-CPIF RATES (ALL)' worksheet
B36: ='SUB CPIF RATES (ALL)'!B53 -> Indirect Category: [Material Overhead] | C36: =+E34 -> 0 | D36: ='SUB CPIF RATES (ALL)'!C53 -> 0 | E36: =ROUND(C36*D36,2) -> 0 | G36: =+I34 -> 0 | H36: ='SUB CPIF RATES (ALL)'!D53 -> 0 | I36: =ROUND(G36*H36,2) -> 0 | K36: =+M34 -> 0 | L36: ='SUB CPIF RATES (ALL)'!E53 -> 0 | M36: =ROUND(K36*L36,2) -> 0 | O36: =+Q34 -> 0 | P36: ='SUB CPIF RATES (ALL)'!F53 -> 0 | Q36: =ROUND(O36*P36,2) -> 0
B37: ='SUB CPIF RATES (ALL)'!B54 -> Indirect Category: [G&A] | C37: =+C36+E36 -> 0 | D37: ='SUB CPIF RATES (ALL)'!C54 -> 0 | E37: =ROUND(C37*D37,2) -> 0 | G37: =+G36+I36 -> 0 | H37: ='SUB CPIF RATES (ALL)'!D54 -> 0 | I37: =ROUND(G37*H37,2) -> 0 | K37: =+K36+M36 -> 0 | L37: ='SUB CPIF RATES (ALL)'!E54 -> 0 | M37: =ROUND(K37*L37,2) -> 0 | O37: =+O36+Q36 -> 0 | P37: ='SUB CPIF RATES (ALL)'!F54 -> 0 | Q37: =ROUND(O37*P37,2) -> 0
B38: ='SUB CPIF RATES (ALL)'!B55 -> Indirect Category: [FCCOM] | C38: =C37+E37 -> 0 | D38: ='SUB CPIF RATES (ALL)'!C55 -> 0 | E38: =ROUND(C38*D38,2) -> 0 | G38: =G37+I37 -> 0 | H38: ='SUB CPIF RATES (ALL)'!D55 -> 0 | I38: =ROUND(G38*H38,2) -> 0 | K38: =K37+M37 -> 0 | L38: ='SUB CPIF RATES (ALL)'!E55 -> 0 | M38: =ROUND(K38*L38,2) -> 0 | O38: =O37+Q37 -> 0 | P38: ='SUB CPIF RATES (ALL)'!F55 -> 0 | Q38: =ROUND(O38*P38,2) -> 0
B39: ='SUB CPIF RATES (ALL)'!B56 -> Indirect Category: [Target Fee] | C39: =+C37+E37 -> 0 | D39: ='SUB CPIF RATES (ALL)'!C56 -> 0 | E39: =ROUND(C39*D39,2) -> 0 | G39: =+G37+I37 -> 0 | H39: ='SUB CPIF RATES (ALL)'!D56 -> 0 | I39: =ROUND(G39*H39,2) -> 0 | K39: =+K37+M37 -> 0 | L39: ='SUB CPIF RATES (ALL)'!E56 -> 0 | M39: =ROUND(K39*L39,2) -> 0 | O39: =+O37+Q37 -> 0 | P39: ='SUB CPIF RATES (ALL)'!F56 -> 0 | Q39: =ROUND(O39*P39,2) -> 0
B40: Total Proposed Target Material Cost | E40: =ROUND(SUM(E34:E37),2) -> 0 | I40: =ROUND(SUM(I34:I37),2) -> 0 | M40: =ROUND(SUM(M34:M37),2) -> 0 | Q40: =ROUND(SUM(Q34:Q37),2) -> 0
B41: Total Proposed FCCOM | E41: =ROUND(E38,2) -> 0 | I41: =ROUND(I38,2) -> 0 | M41: =ROUND(M38,2) -> 0 | Q41: =ROUND(Q38,2) -> 0
B42: Total Proposed Target Fee | E42: =ROUND(E39,2) -> 0 | I42: =ROUND(I39,2) -> 0 | M42: =ROUND(M39,2) -> 0 | Q42: =ROUND(Q39,2) -> 0
B43: Total Proposed Material Price (Target) | E43: =SUM(E40:E42) -> 0 | I43: =SUM(I40:I42) -> 0 | M43: =SUM(M40:M42) -> 0 | Q43: =SUM(Q40:Q42) -> 0
B45: =B14 -> CLIN 0001 (CPIF) TASK 1.08 BLACK LABEL HARDWARE & SOFTWARE CERTIFICATION | C45: PROPOSED COSTS/PRICES - SUBCONTRACTOR | G45: PROPOSED COSTS/PRICES - SUBCONTRACTOR | K45: PROPOSED COSTS/PRICES - SUBCONTRACTOR | O45: PROPOSED COSTS/PRICES - SUBCONTRACTOR
C46: =C32 -> CLIN 0001 - Basic Period (Year 1) | G46: =G32 -> CLIN 0001 - Basic Period (Year 2) | K46: =K32 -> CLIN 0001 - Basic Period (Year 3) | O46: =O32 -> CLIN 0001 - Basic Period (Year 4)
C47: Base Cost | D47: Rate | E47: Subcontractor Cost | G47: Base Cost | H47: Rate | I47: Subcontractor Cost | K47: Base Cost | L47: Rate | M47: Subcontractor Cost | O47: Base Cost | P47: Rate | Q47: Subcontractor Cost
B48: No input - subcontractor costs linked to the 'SUB CPIF TOTAL SUB' worksheet | E48: ='SUB CPIF TOTAL SUB'!E19 -> 0 | I48: ='SUB CPIF TOTAL SUB'!G19 -> 0 | M48: ='SUB CPIF TOTAL SUB'!I19 -> 0 | Q48: ='SUB CPIF TOTAL SUB'!K19 -> 0
B49: Insert all indirect categories that the prime contractor will apply to subcontractor costs; make changes to indirect categories in Column B accordingly and amend links in Columns C, G, K, and O as needed. Also ensure rates in Columns D, H, L and P are properly linked to 'SUB-CPIF RATES (ALL)' worksheet
B50: ='SUB CPIF RATES (ALL)'!B45 -> Indirect Category: [Overhead] | C50: =E48 -> 0 | D50: ='SUB CPIF RATES (ALL)'!C45 -> 0 | E50: =ROUND(C50*D50,2) -> 0 | G50: =I48 -> 0 | H50: ='SUB CPIF RATES (ALL)'!D45 -> 0 | I50: =ROUND(G50*H50,2) -> 0 | K50: =M48 -> 0 | L50: ='SUB CPIF RATES (ALL)'!E45 -> 0 | M50: =ROUND(K50*L50,2) -> 0 | O50: =Q48 -> 0 | P50: ='SUB CPIF RATES (ALL)'!F45 -> 0 | Q50: =ROUND(O50*P50,2) -> 0
B51: ='SUB CPIF RATES (ALL)'!B46 -> Indirect Category: [G&A] | C51: =C50+E50 -> 0 | D51: ='SUB CPIF RATES (ALL)'!C46 -> 0 | E51: =ROUND(C51*D51,2) -> 0 | G51: =G50+I50 -> 0 | H51: ='SUB CPIF RATES (ALL)'!D46 -> 0 | I51: =ROUND(G51*H51,2) -> 0 | K51: =K50+M50 -> 0 | L51: ='SUB CPIF RATES (ALL)'!E46 -> 0 | M51: =ROUND(K51*L51,2) -> 0 | O51: =O50+Q50 -> 0 | P51: ='SUB CPIF RATES (ALL)'!F46 -> 0 | Q51: =ROUND(O51*P51,2) -> 0
B52: ='SUB CPIF RATES (ALL)'!B47 -> Indirect Category: [FCCOM] | C52: =C51+E51 -> 0 | D52: ='SUB CPIF RATES (ALL)'!C47 -> 0 | E52: =ROUND(C52*D52,2) -> 0 | G52: =G51+I51 -> 0 | H52: ='SUB CPIF RATES (ALL)'!D47 -> 0 | I52: =ROUND(G52*H52,2) -> 0 | K52: =K51+M51 -> 0 | L52: ='SUB CPIF RATES (ALL)'!E47 -> 0 | M52: =ROUND(K52*L52,2) -> 0 | O52: =O51+Q51 -> 0 | P52: ='SUB CPIF RATES (ALL)'!F47 -> 0 | Q52: =ROUND(O52*P52,2) -> 0
B53: ='SUB CPIF RATES (ALL)'!B48 -> Indirect Category: [Target Fee] | C53: =C51+E51 -> 0 | D53: ='SUB CPIF RATES (ALL)'!C48 -> 0 | E53: =ROUND(C53*D53,2) -> 0 | G53: =G51+I51 -> 0 | H53: ='SUB CPIF RATES (ALL)'!D48 -> 0 | I53: =ROUND(G53*H53,2) -> 0 | K53: =K51+M51 -> 0 | L53: ='SUB CPIF RATES (ALL)'!E48 -> 0 | M53: =ROUND(K53*L53,2) -> 0 | O53: =O51+Q51 -> 0 | P53: ='SUB CPIF RATES (ALL)'!F48 -> 0 | Q53: =ROUND(O53*P53,2) -> 0
B54: Total Proposed Target Subcontractor Costs | E54: =ROUND(E48+E50+E51,2) -> 0 | I54: =ROUND(I48+I50+I51,2) -> 0 | M54: =ROUND(M48+M50+M51,2) -> 0 | Q54: =ROUND(Q48+Q50+Q51,2) -> 0
B55: Total Proposed Target FCCOM | E55: =ROUND(E52,2) -> 0 | I55: =ROUND(I52,2) -> 0 | M55: =ROUND(M52,2) -> 0 | Q55: =ROUND(Q52,2) -> 0
B56: Total Proposed Target Fee | E56: =ROUND(E53,2) -> 0 | I56: =ROUND(I53,2) -> 0 | M56: =ROUND(M53,2) -> 0 | Q56: =ROUND(Q53,2) -> 0
B57: Total Proposed Subcontractor Price (Target) | E57: =ROUND(SUM(E54:E56),2) -> 0 | I57: =ROUND(SUM(I54:I56),2) -> 0 | M57: =ROUND(SUM(M54:M56),2) -> 0 | Q57: =ROUND(SUM(Q54:Q56),2) -> 0
B59: =B31 -> CLIN 0001 (CPIF) TASK 1.08 BLACK LABEL HARDWARE & SOFTWARE CERTIFICATION | C59: PROPOSED COSTS/PRICES - OTHER DIRECT COSTS (ODC) | G59: PROPOSED COSTS/PRICES - ODC | K59: PROPOSED COSTS/PRICES - ODC | O59: PROPOSED COSTS/PRICES - ODC
C60: =C32 -> CLIN 0001 - Basic Period (Year 1) | G60: =G32 -> CLIN 0001 - Basic Period (Year 2) | K60: =K32 -> CLIN 0001 - Basic Period (Year 3) | O60: =O32 -> CLIN 0001 - Basic Period (Year 4)
C61: Base Cost | D61: Rate | E61: Other Direct Cost | G61: Base Cost | H61: Rate | I61: Other Direct Cost | K61: Base Cost | L61: Rate | M61: Other Direct Cost | O61: Base Cost | P61: Rate | Q61: Other Direct Cost
B62: No input - total costs associated with ODC linked to the 'SUB CPIF ODC' worksheet | E62: ='SUB CPIF TOTAL ODC'!E20 -> 0 | I62: ='SUB CPIF TOTAL ODC'!G20 -> 0 | M62: ='SUB CPIF TOTAL ODC'!I20 -> 0 | Q62: ='SUB CPIF TOTAL ODC'!K20 -> 0
B63: Insert all indirect categories that the prime contractor will apply to ODC; make changes to indirect categories in Column B accordingly and amend links in Columns C, G, K, and O as needed. Also ensure rates in Columns D, H, L and P are properly linked to 'SUB-CPIF RATES (ALL)' worksheet
B64: Proposed Add-on Factor (Overhead) | C64: =+E62 -> 0 | D64: ='SUB CPIF RATES (ALL)'!C61 -> 0 | E64: =ROUND(C64*D64,2) -> 0 | G64: =+I62 -> 0 | H64: ='SUB CPIF RATES (ALL)'!D61 -> 0 | I64: =ROUND(G64*H64,2) -> 0 | K64: =+M62 -> 0 | L64: ='SUB CPIF RATES (ALL)'!E61 -> 0 | M64: =ROUND(K64*L64,2) -> 0 | O64: =+Q62 -> 0 | P64: ='SUB CPIF RATES (ALL)'!F61 -> 0 | Q64: =ROUND(O64*P64,2) -> 0
B65: Proposed Add-on Factor (G&A) | C65: =+C64+E64 -> 0 | D65: ='SUB CPIF RATES (ALL)'!C62 -> 0 | E65: =ROUND(C65*D65,2) -> 0 | G65: =+G64+I64 -> 0 | H65: ='SUB CPIF RATES (ALL)'!D62 -> 0 | I65: =ROUND(G65*H65,2) -> 0 | K65: =+K64+M64 -> 0 | L65: ='SUB CPIF RATES (ALL)'!E62 -> 0 | M65: =ROUND(K65*L65,2) -> 0 | O65: =+O64+Q64 -> 0 | P65: ='SUB CPIF RATES (ALL)'!F62 -> 0 | Q65: =ROUND(O65*P65,2) -> 0
B66: Proposed Add-on Factor (FCCOM) | C66: =C65+E65 -> 0 | D66: ='SUB CPIF RATES (ALL)'!C63 -> 0 | E66: =ROUND(C66*D66,2) -> 0 | G66: =G65+I65 -> 0 | H66: ='SUB CPIF RATES (ALL)'!D63 -> 0 | I66: =ROUND(G66*H66,2) -> 0 | K66: =K65+M65 -> 0 | L66: ='SUB CPIF RATES (ALL)'!E63 -> 0 | M66: =ROUND(K66*L66,2) -> 0 | O66: =O65+Q65 -> 0 | P66: ='SUB CPIF RATES (ALL)'!F63 -> 0 | Q66: =ROUND(O66*P66,2) -> 0
B67: Proposed Add-on Factor (Fee) | C67: =+C65+E65 -> 0 | D67: ='SUB CPIF RATES (ALL)'!C64 -> 0 | E67: =ROUND(C67*D67,2) -> 0 | G67: =+G65+I65 -> 0 | H67: ='SUB CPIF RATES (ALL)'!D64 -> 0 | I67: =ROUND(G67*H67,2) -> 0 | K67: =+K65+M65 -> 0 | L67: ='SUB CPIF RATES (ALL)'!E64 -> 0 | M67: =ROUND(K67*L67,2) -> 0 | O67: =+O65+Q65 -> 0 | P67: ='SUB CPIF RATES (ALL)'!F64 -> 0 | Q67: =ROUND(O67*P67,2) -> 0
B68: Total Proposed Target Other Direct Costs | E68: =ROUND(SUM(E62:E65),2) -> 0 | I68: =ROUND(SUM(I62:I65),2) -> 0 | M68: =ROUND(SUM(M62:M65),2) -> 0 | Q68: =ROUND(SUM(Q62:Q65),2) -> 0
B69: Total Proposed FCCOM | E69: =ROUND(E66,2) -> 0 | I69: =ROUND(I66,2) -> 0 | M69: =ROUND(M66,2) -> 0 | Q69: =ROUND(Q66,2) -> 0
B70: Total Proposed Target Fee | E70: =ROUND(E67,2) -> 0 | I70: =ROUND(I67,2) -> 0 | M70: =ROUND(M67,2) -> 0 | Q70: =ROUND(Q67,2) -> 0
B71: Total Proposed ODC Price (Target) | E71: =ROUND(SUM(E68:E70),2) -> 0 | I71: =ROUND(SUM(I68:I70),2) -> 0 | M71: =ROUND(SUM(M68:M70),2) -> 0 | Q71: =ROUND(SUM(Q68:Q70),2) -> 0
B73: =B59 -> CLIN 0001 (CPIF) TASK 1.08 BLACK LABEL HARDWARE & SOFTWARE CERTIFICATION | C73: Proposed Prices (Labor, Material, Subcontractor, and ODC) | G73: Proposed Prices (Labor, Material, Subcontractor, and ODC) | K73: Proposed Prices (Labor, Material, Subcontractor, and ODC) | O73: Proposed Prices (Labor, Material, Subcontractor, and ODC)
E74: CLIN 0001: Basic Period (Year 1) | I74: CLIN 0001: Basic Period (Year 2) | M74: CLIN 0001: Basic Period (Year 3) | Q74: CLIN 0001: Basic Period (Year 4)
B75: Total Proposed Target Cost (Direct and Indirect) | E75: =+ROUND(E26+E40+E54+E68,2) -> 0 | I75: =+ROUND(I26+I40+I54+I68,2) -> 0 | M75: =+ROUND(M26+M40+M54+M68,2) -> 0 | Q75: =+ROUND(Q26+Q40+Q54+Q68,2) -> 0
B76: Total Proposed FCCOM | E76: =+ROUND(E27+E41+E55+E69,2) -> 0 | I76: =+ROUND(I27+I41+I55+I69,2) -> 0 | M76: =+ROUND(M27+M41+M55+M69,2) -> 0 | Q76: =+ROUND(Q27+Q41+Q55+Q69,2) -> 0
B77: Total Proposed Target Fee | E77: =+ROUND(E28+E42+E56+E70,2) -> 0 | I77: =+ROUND(I28+I42+I56+I70,2) -> 0 | M77: =+ROUND(M28+M42+M56+M70,2) -> 0 | Q77: =+ROUND(Q28+Q42+Q56+Q70,2) -> 0
B78: Total Proposed Target Price (CLIN 0001, TASK 1.08) | E78: =SUM(E75:E77) -> 0 | I78: =SUM(I75:I77) -> 0 | M78: =SUM(M75:M77) -> 0 | Q78: =SUM(Q75:Q77) -> 0
Q80: TOTAL TARGET PRICE - CLIN 0001, TASK 1.08
Q81: =E78+I78+M78+Q78 -> 0

Sheet CPIF CLIN 0001-TASK 1.09 INPUTS
B1: MAJOR SUBCONTRACTOR | C1: ='SUB CPIF RATES (ALL)'!C1 -> NAME
B2: PRIME OFFEROR | C2: ='SUB CPIF RATES (ALL)'!C2 -> NAME
A4: KC-135 Center Console Refresh (CCR) Competitive Pricing Matrix CLIN 0001: Development (CPIF)
B6: Notes:
B7: 1. The format of this worksheet may be revised as required to be consistent with the Major Subcontractor's approved accounting system; amend base costs and direct/indirect rates as necessary
