Workbook

Sheet Instructions
A1: Requirement Name: | B1: Marine Corps Prepositioning Program
A2: RFP Number: | B2: M67004-26-R-0007 | F2: Attachment J-7: Cost Model Workbook
A3: Company Name (Prime):
A6: This Cost Model Workbook reflects the Contract Line Item Number (CLIN) Structure and shall be used when submitting the Cost/Price Proposal Volume VI.
A8: * Fillable cells are highlighted in Yellow.
A9: * Enter the Contractor Name in Cell B3. This entry will auto-populate the other Tabs.
A10: * Each tab includes its own Instructions.
A11: * The Total Proposed Price Tab pulls values from all of the other Tabs and calculates the Total Proposed Price.

Sheet Total Proposed Price
A1: M67004-26-R-0007 Attachment J-7: Cost Model Workbook
A2: Contractor Name: | D2: =IF(Instructions!B3="","",Instructions!B3)
A4: *CLINX002 and CLIN X003 in below table Order Year 1 has a dollar value calculated already based on example line items in the CLINX002 and CLINX003 tabs.
A5: *CLINX002 and X003 for each Year is a summation of straight time and overtime. CLINX002 and X003 have their own overtime tab.
A6: *CLINX004 is a Government provided plug number. The Offeror shall proposed fixed fee (ceiling) that will apply to future task orders under this CLIN.
A7: *CLINX005 is a Government provided plug number and no action is required by the Offeror.
A8: *CLINX006 allows indirect rates to be applied but cannot apply fee.
A9: *CLINX007 is Not Seperately Priced (NSP) and no action is required by the Offeror.
E12: Base Ordering Period | J12: Optional Ordering Period
B13: CLIN | D13: Description | E13: Order Year 1 | F13: Order Year 2 | G13: Order Year 3 | H13: Order Year 4 | I13: Order Year 5 | J13: Option Year 1 | K13: Option Year 2 | L13: Option Year 3 | M13: Option Year 4 | N13: Option Year 5 | O13: Total Price
B14: X001 | C14: FFP | D14: Program Management Labor | E14: =CLINX001!F11 -> 0 | F14: =CLINX001!F12 -> 0 | G14: =CLINX001!F13 -> 0 | H14: =CLINX001!F14 -> 0 | I14: =CLINX001!F15 -> 0 | J14: =CLINX001!F20 -> 0 | K14: =CLINX001!F21 -> 0 | L14: =CLINX001!F22 -> 0 | M14: =CLINX001!F23 -> 0 | N14: =CLINX001!F24 -> 0 | O14: =SUM(E14:N14) -> 0
B15: X002 | C15: CPFF | D15: MCPP Labor (CONUS) | E15: =CLINX002!Z138+'CLINX002 OT'!W135 -> 1259053.7 | F15: =CLINX002!Z263+'CLINX002 OT'!W260 -> 0 | G15: =CLINX002!Z387+'CLINX002 OT'!W384 -> 0 | H15: =CLINX002!Z511+'CLINX002 OT'!W508 -> 0 | I15: =CLINX002!Z635+'CLINX002 OT'!W632 -> 0 | J15: =CLINX002!Z759+'CLINX002 OT'!W756 -> 0 | K15: =CLINX002!Z883+'CLINX002 OT'!W880 -> 0 | L15: =CLINX002!Z1007+'CLINX002 OT'!W1004 -> 0 | M15: =CLINX002!Z1131+'CLINX002 OT'!W1128 -> 0 | N15: =CLINX002!Z1255+'CLINX002 OT'!W1252 -> 0 | O15: =SUM(E15:N15) -> 1259053.7
B16: X003 | C16: CPFF | D16: MCPP Labor (OCONUS) | E16: =CLINX003!Z57+'CLINX003 OT'!W55 -> 1524108.1 | F16: =CLINX003!Z100+'CLINX003 OT'!W99 -> 0 | G16: =CLINX003!Z143+'CLINX003 OT'!W143 -> 0 | H16: =CLINX003!Z186+'CLINX003 OT'!W187 -> 0 | I16: =CLINX003!Z229+'CLINX003 OT'!W231 -> 0 | J16: =CLINX003!Z272+'CLINX003 OT'!W275 -> 0 | K16: =CLINX003!Z315+'CLINX003 OT'!W319 -> 0 | L16: =CLINX003!Z358+'CLINX003 OT'!W363 -> 0 | M16: =CLINX003!Z401+'CLINX003 OT'!W407 -> 0 | N16: =CLINX003!Z444+'CLINX003 OT'!W451 -> 0 | O16: =SUM(E16:N16) -> 1524108.1
B17: X004 | C17: CPFF | D17: Other Logistics Support | E17: =CLINX004!F11 -> 1850000 | F17: =CLINX004!F12 -> 1903650 | G17: =CLINX004!F13 -> 1958855.8 | H17: =CLINX004!F14 -> 2015662.7 | I17: =CLINX004!F15 -> 2074116.9 | J17: =CLINX004!F20 -> 2134266.3 | K17: =CLINX004!F21 -> 2196160 | L17: =CLINX004!F22 -> 2259848.6 | M17: =CLINX004!F23 -> 2325384.2 | N17: =CLINX004!F24 -> 2392820.4 | O17: =SUM(E17:N17) -> 21110765
B18: X005 | C18: CNF | D18: Travel | E18: 3827666 | F18: 4438668.3 | G18: 5552889.7 | H18: 6170423.5 | I18: 7291365.8 | J18: 7502815.4 | K18: 7720397.1 | L18: 7944288.6 | M18: 8174672.9 | N18: 8411738.5 | O18: =SUM(E18:N18) -> 67034926
B19: X006 | C19: CNF | D19: Other Direct Costs | E19: =CLINX006!H11 -> 64414905 | F19: =CLINX006!H12 -> 66282937 | G19: =CLINX006!H13 -> 68205142 | H19: =CLINX006!H14 -> 70183091 | I19: =CLINX006!H15 -> 72218401 | J19: =CLINX006!H20 -> 74312734 | K19: =CLINX006!H21 -> 76467804 | L19: =CLINX006!H22 -> 78685370 | M19: =CLINX006!H23 -> 80967246 | N19: =CLINX006!H24 -> 83315296 | O19: =SUM(E19:N19) -> 7.3505293e+08
B20: X007 | C20: NSP | D20: Data Requirements/CDRLs | E20: NSP | F20: NSP | G20: NSP | H20: NSP | I20: NSP | J20: NSP | K20: NSP | L20: NSP | M20: NSP | N20: NSP | O20: NSP
B21: 0008 | C21: FFP | D21: Transition (first task order only) | E21: =CLIN0008!G12 -> 0 | O21: =E21 -> 0
D22: Total Price | E22: =SUM(E14:E21) -> 72875733 | F22: =SUM(F14:F21) -> 72625255 | G22: =SUM(G14:G21) -> 75716888 | H22: =SUM(H14:H21) -> 78369177 | I22: =SUM(I14:I21) -> 81583884 | J22: =SUM(J14:J21) -> 83949816 | K22: =SUM(K14:K21) -> 86384361 | L22: =SUM(L14:L21) -> 88889507 | ... O22: =SUM(O14:O21) -> 8.2598178e+08
N25: =O16-E16+F16 -> 0

Sheet CLINX001
A1: M67004-26-R-0007 Attachment J-7: Cost Model Workbook
A2: Contractor Name: | C2: =IF(Instructions!B3="","",Instructions!B3)
A3: * Offerors shall fill in the yellow cells below for the Monthly FFP amount proposed to perform Program and Risk Management support in accordance with Sections C.1 and C.2 of the Statement of Work.
A4: * FFP monthly amount shall be inclusive of all costs necessary to perform this work (e.g., direct labor, indirect rates, profit, and any other costs necessary to accomplish this work other than those defined in the other CLINs or RFP Section H-4).
A9: CLIN 0001 Base Ordering Period
A10: Year # | B10: Description | C10: Qty | D10: Unit Price | E10: Unit of Issue | F10: Total Price
A11: Year 1 | B11: Program Management | C11: 12 | E11: Months | F11: =C11*D11 -> 0
A12: Year 2 | B12: Program Management | C12: 12 | E12: Months | F12: =C12*D12 -> 0
A13: Year 3 | B13: Program Management | C13: 12 | E13: Months | F13: =C13*D13 -> 0
A14: Year 4 | B14: Program Management | C14: 12 | E14: Months | F14: =C14*D14 -> 0
A15: Year 5 | B15: Program Management | C15: 12 | E15: Months | F15: =C15*D15 -> 0
B16: CLIN 0001 SUBTOTAL | C16: 60 | E16: Months | F16: =SUM(F11:F15) -> 0
A18: CLIN 1001 Optional Ordering Period
A19: Year # | B19: Description | C19: Qty | D19: Unit Price | E19: Unit of Issue | F19: Total Price
A20: Year 1 | B20: Program Management | C20: 12 | E20: Months | F20: =C20*D20 -> 0
A21: Year 2 | B21: Program Management | C21: 12 | E21: Months | F21: =C21*D21 -> 0
A22: Year 3 | B22: Program Management | C22: 12 | E22: Months | F22: =C22*D22 -> 0
A23: Year 4 | B23: Program Management | C23: 12 | E23: Months | F23: =C23*D23 -> 0
A24: Year 5 | B24: Program Management | C24: 12 | E24: Months | F24: =C24*D24 -> 0
B25: CLIN 1001 SUBTOTAL | C25: 60 | E25: Months | F25: =SUM(F20:F24) -> 0
D27: TOTAL | F27: =F25+F16 -> 0

Sheet CLINX002
A1: M67004-26-R-0007 Attachment J-7: Cost Model Workbook
A2: Contractor Name: | C2: =IF(Instructions!B3="","",Instructions!B3)
A3: * Rows 17–21 (blue) are examples only. Delete or modify these rows as needed. Ensure the Total cell at the bottom of each Ordering Period (Column Z) remains linked to the Total Proposed Price tab.
A4: * Input cells are highlighted in yellow. Non‑yellow cells contain formulas used to calculate the Total Price in Column Z.
A5: * Rows may be added or deleted as needed to reflect your manning solution. Use “N/A” in cells that do not apply.
A6: * Drop‑down selections are provided for Labor Type, Labor Category, Fringe Pool, and Job Location.
A7: * Column D: Identify where each position fits within your manning solution. This should align with the Organization Structure required in Section L.6, Volume II – Management Proposal.
A8: * Productive Hours (Column H): Calculate as total available hours per year minus weekends, holidays, and PTO for the proposed location.
A9: * Labor Hours (Column I): Calculate as Productive Hours multiplied by Proposed Manning.
A10: * Subcontractors (Cost‑type): Must provide labor rates and labor categories (LCATs). If submitting directly to the Government, the prime shall ensure the total subcontract price is entered in Column Z and annotate that detailed costs were submitted separately.
A11: * Subcontractors (Fixed Price or T&M): The prime must complete Columns B–I for each proposed Subcontract Labor Category. Instead of completing the cost build‑up (Columns J–Y), enter the total subcontract price directly in Column Z.
A12: * Column AB will auto‑calculate based on the value entered in Column Z.
A15: Ordering Period 1 Year 1
A16: CLIN | B16: Labor Type | C16: Labor Category | D16: Organizational Structure Location | E16: Proposed Manning | F16: Work Location | G16: Fringe Pool | H16: Productive Hours | I16: Regular Labor Hours | J16: Direct Labor Rate | K16: Regular Labor Cost | L16: Fringe rate | M16: Fringe Cost | N16: Fringe + Labor Cost | O16: Labor OH rate | P16: Labor Overhead | Q16: Labor+Fringe+OH | R16: G&A Rate | S16: G&A | T16: Cost less FCCM | U16: FCCM Rate | V16: FCCM | W16: Total Cost | X16: Profit/Fee Rate | Y16: Profit/Fee | Z16: Total Price | AB16: Straight TimeWrap Rate
A17: 0002 | B17: EX | C17: MANAGER MAINTENANCE DEPARTMENT | D17: Maintenance Department | E17: 1 | F17: Jacksonville | G17: Full Time Benefits | H17: 1848 | I17: =H17*E17 -> 1848 | J17: 52 | K17: =I17*J17 -> 96096 | L17: 0.35 | M17: =K17*L17 -> 33633.6 | N17: =M17+K17 -> 129729.6 | O17: 0.08 | P17: =N17*O17 -> 10378.368 | Q17: =P17+N17 -> 140107.97 | R17: 0.1 | S17: =Q17*R17 -> 14010.797 | T17: =S17+Q17 -> 154118.76 | U17: 0.0005 | V17: =U17*T17 -> 77.059382 | W17: =T17+V17 -> 154195.82 | X17: 0.08 | Y17: =X17*T17 -> 12329.501 | Z17: =W17+Y17 -> 166525.33 | AB17: =Z17/I17 -> 90.111107
A18: 0002 | B18: CBA | C18: Auto Diesel Mech | D18: Maintenance Department Motor T Section | E18: 5 | F18: Jacksonville | G18: SCA Fringe | H18: 1848 | I18: =H18*E18 -> 9240 | J18: 33.29 | K18: =I18*J18 -> 307599.6 | L18: 0.35 | M18: =K18*L18 -> 107659.86 | N18: =M18+K18 -> 415259.46 | O18: 0.08 | P18: =N18*O18 -> 33220.757 | Q18: =P18+N18 -> 448480.22 | R18: 0.1 | S18: =Q18*R18 -> 44848.022 | T18: =S18+Q18 -> 493328.24 | U18: 0.0005 | V18: =U18*T18 -> 246.66412 | W18: =T18+V18 -> 493574.9 | X18: 0.08 | Y18: =X18*W18 -> 39485.992 | Z18: =W18+Y18 -> 533060.89 | AB18: =Z18/I18 -> 57.690573
A19: 0002 | B19: CBA | C19: Auto Diesel Mech SR Lead | D19: Maintenance Department Motor T Section | E19: 1 | F19: Jacksonville | G19: SCA Fringe | H19: 1848 | I19: =H19*E19 -> 1848 | J19: 39.94 | K19: =I19*J19 -> 73809.12 | L19: 0.35 | M19: =K19*L19 -> 25833.192 | N19: =M19+K19 -> 99642.312 | O19: 0.08 | P19: =N19*O19 -> 7971.385 | Q19: =P19+N19 -> 107613.7 | R19: 0.1 | S19: =Q19*R19 -> 10761.37 | T19: =S19+Q19 -> 118375.07 | U19: 0.0005 | V19: =U19*T19 -> 59.187533 | W19: =T19+V19 -> 118434.25 | X19: 0.08 | Y19: =X19*W19 -> 9474.7403 | Z19: =W19+Y19 -> 127908.99 | AB19: =Z19/I19 -> 69.214824
A20: 0002 | B20: EX | C20: MGR Supply Chain | D20: Supply Department | E20: 1 | F20: Jacksonville | G20: Full Time Benefits | H20: 1848 | I20: =H20*E20 -> 1848 | J20: 52 | K20: =I20*J20 -> 96096 | L20: 0.35 | M20: =K20*L20 -> 33633.6 | N20: =M20+K20 -> 129729.6 | O20: 0.08 | P20: =N20*O20 -> 10378.368 | Q20: =P20+N20 -> 140107.97 | R20: 0.1 | S20: =Q20*R20 -> 14010.797 | T20: =S20+Q20 -> 154118.76 | U20: 0.0005 | V20: =U20*T20 -> 77.059382 | W20: =T20+V20 -> 154195.82 | X20: 0.08 | Y20: =X20*W20 -> 12335.666 | Z20: =W20+Y20 -> 166531.49 | AB20: =Z20/I20 -> 90.114443
A21: 0002 | B21: SCA | C21: Material Spec II | D21: Supply Department Container Management | E21: 3 | F21: Jacksonville | G21: SCA Fringe | H21: 1848 | I21: =H21*E21 -> 5544 | J21: 28 | K21: =I21*J21 -> 155232 | L21: 0.33 | M21: =K21*L21 -> 51226.56 | N21: =M21+K21 -> 206458.56 | O21: 0.08 | P21: =N21*O21 -> 16516.685 | Q21: =P21+N21 -> 222975.24 | R21: 0.1 | S21: =Q21*R21 -> 22297.524 | T21: =S21+Q21 -> 245272.77 | U21: 0.0005 | V21: =U21*T21 -> 122.63638 | W21: =T21+V21 -> 245395.41 | X21: 0.08 | Y21: =X21*W21 -> 19631.632 | Z21: =W21+Y21 -> 265027.04 | AB21: =Z21/I21 -> 47.8043
A22: 0002 | F22: Jacksonville | I22: =H22*E22 -> 0 | K22: =I22*J22 -> 0 | M22: =K22*L22 -> 0 | N22: =M22+K22 -> 0 | P22: =N22*O22 -> 0 | Q22: =P22+N22 -> 0 | S22: =Q22*R22 -> 0 | T22: =S22+Q22 -> 0 | V22: =U22*T22 -> 0 | W22: =T22+V22 -> 0 | Y22: =X22*W22 -> 0 | Z22: =W22+Y22 -> 0 | AB22: =IFERROR(Z22/I22,0) -> 0
A23: 0002 | F23: Jacksonville | I23: =H23*E23 -> 0 | K23: =I23*J23 -> 0 | M23: =K23*L23 -> 0 | N23: =M23+K23 -> 0 | P23: =N23*O23 -> 0 | Q23: =P23+N23 -> 0 | S23: =Q23*R23 -> 0 | T23: =S23+Q23 -> 0 | V23: =U23*T23 -> 0 | W23: =T23+V23 -> 0 | Y23: =X23*W23 -> 0 | Z23: =W23+Y23 -> 0 | AB23: =IFERROR(Z23/I23,0) -> 0
A24: 0002 | F24: Jacksonville | I24: =H24*E24 -> 0 | K24: =I24*J24 -> 0 | M24: =K24*L24 -> 0 | N24: =M24+K24 -> 0 | P24: =N24*O24 -> 0 | Q24: =P24+N24 -> 0 | S24: =Q24*R24 -> 0 | T24: =S24+Q24 -> 0 | V24: =U24*T24 -> 0 | W24: =T24+V24 -> 0 | Y24: =X24*W24 -> 0 | Z24: =W24+Y24 -> 0 | AB24: =IFERROR(Z24/I24,0) -> 0
A25: 0002 | F25: Jacksonville | I25: =H25*E25 -> 0 | K25: =I25*J25 -> 0 | M25: =K25*L25 -> 0 | N25: =M25+K25 -> 0 | P25: =N25*O25 -> 0 | Q25: =P25+N25 -> 0 | S25: =Q25*R25 -> 0 | T25: =S25+Q25 -> 0 | V25: =U25*T25 -> 0 | W25: =T25+V25 -> 0 | Y25: =X25*W25 -> 0 | Z25: =W25+Y25 -> 0 | AB25: =IFERROR(Z25/I25,0) -> 0
A26: 0002 | F26: Jacksonville | I26: =H26*E26 -> 0 | K26: =I26*J26 -> 0 | M26: =K26*L26 -> 0 | N26: =M26+K26 -> 0 | P26: =N26*O26 -> 0 | Q26: =P26+N26 -> 0 | S26: =Q26*R26 -> 0 | T26: =S26+Q26 -> 0 | V26: =U26*T26 -> 0 | W26: =T26+V26 -> 0 | Y26: =X26*W26 -> 0 | Z26: =W26+Y26 -> 0 | AB26: =IFERROR(Z26/I26,0) -> 0
A27: 0002 | F27: Jacksonville | I27: =H27*E27 -> 0 | K27: =I27*J27 -> 0 | M27: =K27*L27 -> 0 | N27: =M27+K27 -> 0 | P27: =N27*O27 -> 0 | Q27: =P27+N27 -> 0 | S27: =Q27*R27 -> 0 | T27: =S27+Q27 -> 0 | V27: =U27*T27 -> 0 | W27: =T27+V27 -> 0 | Y27: =X27*W27 -> 0 | Z27: =W27+Y27 -> 0 | AB27: =IFERROR(Z27/I27,0) -> 0
A28: 0002 | F28: Jacksonville | I28: =H28*E28 -> 0 | K28: =I28*J28 -> 0 | M28: =K28*L28 -> 0 | N28: =M28+K28 -> 0 | P28: =N28*O28 -> 0 | Q28: =P28+N28 -> 0 | S28: =Q28*R28 -> 0 | T28: =S28+Q28 -> 0 | V28: =U28*T28 -> 0 | W28: =T28+V28 -> 0 | Y28: =X28*W28 -> 0 | Z28: =W28+Y28 -> 0 | AB28: =IFERROR(Z28/I28,0) -> 0
A29: 0002 | F29: Jacksonville | I29: =H29*E29 -> 0 | K29: =I29*J29 -> 0 | M29: =K29*L29 -> 0 | N29: =M29+K29 -> 0 | P29: =N29*O29 -> 0 | Q29: =P29+N29 -> 0 | S29: =Q29*R29 -> 0 | T29: =S29+Q29 -> 0 | V29: =U29*T29 -> 0 | W29: =T29+V29 -> 0 | Y29: =X29*W29 -> 0 | Z29: =W29+Y29 -> 0 | AB29: =IFERROR(Z29/I29,0) -> 0
A30: 0002 | F30: Jacksonville | I30: =H30*E30 -> 0 | K30: =I30*J30 -> 0 | M30: =K30*L30 -> 0 | N30: =M30+K30 -> 0 | P30: =N30*O30 -> 0 | Q30: =P30+N30 -> 0 | S30: =Q30*R30 -> 0 | T30: =S30+Q30 -> 0 | V30: =U30*T30 -> 0 | W30: =T30+V30 -> 0 | Y30: =X30*W30 -> 0 | Z30: =W30+Y30 -> 0 | AB30: =IFERROR(Z30/I30,0) -> 0
A31: 0002 | F31: Jacksonville | I31: =H31*E31 -> 0 | K31: =I31*J31 -> 0 | M31: =K31*L31 -> 0 | N31: =M31+K31 -> 0 | P31: =N31*O31 -> 0 | Q31: =P31+N31 -> 0 | S31: =Q31*R31 -> 0 | T31: =S31+Q31 -> 0 | V31: =U31*T31 -> 0 | W31: =T31+V31 -> 0 | Y31: =X31*W31 -> 0 | Z31: =W31+Y31 -> 0 | AB31: =IFERROR(Z31/I31,0) -> 0
A32: 0002 | F32: Jacksonville | I32: =H32*E32 -> 0 | K32: =I32*J32 -> 0 | M32: =K32*L32 -> 0 | N32: =M32+K32 -> 0 | P32: =N32*O32 -> 0 | Q32: =P32+N32 -> 0 | S32: =Q32*R32 -> 0 | T32: =S32+Q32 -> 0 | V32: =U32*T32 -> 0 | W32: =T32+V32 -> 0 | Y32: =X32*W32 -> 0 | Z32: =W32+Y32 -> 0 | AB32: =IFERROR(Z32/I32,0) -> 0
A33: 0002 | F33: Jacksonville | I33: =H33*E33 -> 0 | K33: =I33*J33 -> 0 | M33: =K33*L33 -> 0 | N33: =M33+K33 -> 0 | P33: =N33*O33 -> 0 | Q33: =P33+N33 -> 0 | S33: =Q33*R33 -> 0 | T33: =S33+Q33 -> 0 | V33: =U33*T33 -> 0 | W33: =T33+V33 -> 0 | Y33: =X33*W33 -> 0 | Z33: =W33+Y33 -> 0 | AB33: =IFERROR(Z33/I33,0) -> 0
... A137: 0002 | F137: Jacksonville | I137: =H137*E137 -> 0 | K137: =I137*J137 -> 0 | M137: =K137*L137 -> 0 | N137: =M137+K137 -> 0 | P137: =N137*O137 -> 0 | Q137: =P137+N137 -> 0 | S137: =Q137*R137 -> 0 | T137: =S137+Q137 -> 0 | V137: =U137*T137 -> 0 | W137: =T137+V137 -> 0 | Y137: =X137*W137 -> 0 | Z137: =W137+Y137 -> 0 | AB137: =IFERROR(Z137/I137,0) -> 0
W138: =SUM(W17:W137) -> 1165796.2 | Y138: =SUM(Y17:Y137) -> 93257.532 | Z138: =SUM(Z17:Z137) -> 1259053.7
A140: Ordering Period 1 Year 2
A141: CLIN | B141: Labor Type | C141: Labor Category | D141: Organizational Structure Location | E141: Proposed Manning | F141: Work Location | G141: Fringe Pool | H141: Productive Hours | I141: Regular Labor Hours | J141: Direct Labor Rate | K141: Regular Labor Cost | L141: Fringe rate | M141: Fringe Cost | N141: Fringe + Labor Cost | O141: Labor OH rate | P141: Labor Overhead | Q141: Labor+Fringe+OH | R141: G&A Rate | S141: G&A | T141: Cost less FCCM | U141: FCCM Rate | V141: FCCM | W141: Total Cost | X141: Profit/Fee Rate | Y141: Profit/Fee | Z141: Total Price | AB141: Straight TimeWrap Rate
A142: 0002 | F142: Jacksonville | I142: =H142*E142 -> 0 | K142: =I142*J142 -> 0 | M142: =K142*L142 -> 0 | N142: =M142+K142 -> 0 | P142: =N142*O142 -> 0 | Q142: =P142+N142 -> 0 | S142: =Q142*R142 -> 0 | T142: =S142+Q142 -> 0 | V142: =U142*T142 -> 0 | W142: =T142+V142 -> 0 | Y142: =X142*T142 -> 0 | Z142: =W142+Y142 -> 0 | AB142: =IFERROR(Z142/I142,0) -> 0
A143: 0002 | F143: Jacksonville | I143: =H143*E143 -> 0 | K143: =I143*J143 -> 0 | M143: =K143*L143 -> 0 | N143: =M143+K143 -> 0 | P143: =N143*O143 -> 0 | Q143: =P143+N143 -> 0 | S143: =Q143*R143 -> 0 | T143: =S143+Q143 -> 0 | V143: =U143*T143 -> 0 | W143: =T143+V143 -> 0 | Y143: =X143*W143 -> 0 | Z143: =W143+Y143 -> 0 | AB143: =IFERROR(Z143/I143,0) -> 0
A144: 0002 | F144: Jacksonville | I144: =H144*E144 -> 0 | K144: =I144*J144 -> 0 | M144: =K144*L144 -> 0 | N144: =M144+K144 -> 0 | P144: =N144*O144 -> 0 | Q144: =P144+N144 -> 0 | S144: =Q144*R144 -> 0 | T144: =S144+Q144 -> 0 | V144: =U144*T144 -> 0 | W144: =T144+V144 -> 0 | Y144: =X144*W144 -> 0 | Z144: =W144+Y144 -> 0 | AB144: =IFERROR(Z144/I144,0) -> 0
A145: 0002 | F145: Jacksonville | I145: =H145*E145 -> 0 | K145: =I145*J145 -> 0 | M145: =K145*L145 -> 0 | N145: =M145+K145 -> 0 | P145: =N145*O145 -> 0 | Q145: =P145+N145 -> 0 | S145: =Q145*R145 -> 0 | T145: =S145+Q145 -> 0 | V145: =U145*T145 -> 0 | W145: =T145+V145 -> 0 | Y145: =X145*W145 -> 0 | Z145: =W145+Y145 -> 0 | AB145: =IFERROR(Z145/I145,0) -> 0
A146: 0002 | F146: Jacksonville | I146: =H146*E146 -> 0 | K146: =I146*J146 -> 0 | M146: =K146*L146 -> 0 | N146: =M146+K146 -> 0 | P146: =N146*O146 -> 0 | Q146: =P146+N146 -> 0 | S146: =Q146*R146 -> 0 | T146: =S146+Q146 -> 0 | V146: =U146*T146 -> 0 | W146: =T146+V146 -> 0 | Y146: =X146*W146 -> 0 | Z146: =W146+Y146 -> 0 | AB146: =IFERROR(Z146/I146,0) -> 0
A147: 0002 | F147: Jacksonville | I147: =H147*E147 -> 0 | K147: =I147*J147 -> 0 | M147: =K147*L147 -> 0 | N147: =M147+K147 -> 0 | P147: =N147*O147 -> 0 | Q147: =P147+N147 -> 0 | S147: =Q147*R147 -> 0 | T147: =S147+Q147 -> 0 | V147: =U147*T147 -> 0 | W147: =T147+V147 -> 0 | Y147: =X147*W147 -> 0 | Z147: =W147+Y147 -> 0 | AB147: =IFERROR(Z147/I147,0) -> 0
A148: 0002 | F148: Jacksonville | I148: =H148*E148 -> 0 | K148: =I148*J148 -> 0 | M148: =K148*L148 -> 0 | N148: =M148+K148 -> 0 | P148: =N148*O148 -> 0 | Q148: =P148+N148 -> 0 | S148: =Q148*R148 -> 0 | T148: =S148+Q148 -> 0 | V148: =U148*T148 -> 0 | W148: =T148+V148 -> 0 | Y148: =X148*W148 -> 0 | Z148: =W148+Y148 -> 0 | AB148: =IFERROR(Z148/I148,0) -> 0
A149: 0002 | F149: Jacksonville | I149: =H149*E149 -> 0 | K149: =I149*J149 -> 0 | M149: =K149*L149 -> 0 | N149: =M149+K149 -> 0 | P149: =N149*O149 -> 0 | Q149: =P149+N149 -> 0 | S149: =Q149*R149 -> 0 | T149: =S149+Q149 -> 0 | V149: =U149*T149 -> 0 | W149: =T149+V149 -> 0 | Y149: =X149*W149 -> 0 | Z149: =W149+Y149 -> 0 | AB149: =IFERROR(Z149/I149,0) -> 0
A150: 0002 | F150: Jacksonville | I150: =H150*E150 -> 0 | K150: =I150*J150 -> 0 | M150: =K150*L150 -> 0 | N150: =M150+K150 -> 0 | P150: =N150*O150 -> 0 | Q150: =P150+N150 -> 0 | S150: =Q150*R150 -> 0 | T150: =S150+Q150 -> 0 | V150: =U150*T150 -> 0 | W150: =T150+V150 -> 0 | Y150: =X150*W150 -> 0 | Z150: =W150+Y150 -> 0 | AB150: =IFERROR(Z150/I150,0) -> 0
A151: 0002 | F151: Jacksonville | I151: =H151*E151 -> 0 | K151: =I151*J151 -> 0 | M151: =K151*L151 -> 0 | N151: =M151+K151 -> 0 | P151: =N151*O151 -> 0 | Q151: =P151+N151 -> 0 | S151: =Q151*R151 -> 0 | T151: =S151+Q151 -> 0 | V151: =U151*T151 -> 0 | W151: =T151+V151 -> 0 | Y151: =X151*W151 -> 0 | Z151: =W151+Y151 -> 0 | AB151: =IFERROR(Z151/I151,0) -> 0
A152: 0002 | F152: Jacksonville | I152: =H152*E152 -> 0 | K152: =I152*J152 -> 0 | M152: =K152*L152 -> 0 | N152: =M152+K152 -> 0 | P152: =N152*O152 -> 0 | Q152: =P152+N152 -> 0 | S152: =Q152*R152 -> 0 | T152: =S152+Q152 -> 0 | V152: =U152*T152 -> 0 | W152: =T152+V152 -> 0 | Y152: =X152*W152 -> 0 | Z152: =W152+Y152 -> 0 | AB152: =IFERROR(Z152/I152,0) -> 0
A153: 0002 | F153: Jacksonville | I153: =H153*E153 -> 0 | K153: =I153*J153 -> 0 | M153: =K153*L153 -> 0 | N153: =M153+K153 -> 0 | P153: =N153*O153 -> 0 | Q153: =P153+N153 -> 0 | S153: =Q153*R153 -> 0 | T153: =S153+Q153 -> 0 | V153: =U153*T153 -> 0 | W153: =T153+V153 -> 0 | Y153: =X153*W153 -> 0 | Z153: =W153+Y153 -> 0 | AB153: =IFERROR(Z153/I153,0) -> 0
A154: 0002 | F154: Jacksonville | I154: =H154*E154 -> 0 | K154: =I154*J154 -> 0 | M154: =K154*L154 -> 0 | N154: =M154+K154 -> 0 | P154: =N154*O154 -> 0 | Q154: =P154+N154 -> 0 | S154: =Q154*R154 -> 0 | T154: =S154+Q154 -> 0 | V154: =U154*T154 -> 0 | W154: =T154+V154 -> 0 | Y154: =X154*W154 -> 0 | Z154: =W154+Y154 -> 0 | AB154: =IFERROR(Z154/I154,0) -> 0
... A262: 0002 | F262: Jacksonville | I262: =H262*E262 -> 0 | K262: =I262*J262 -> 0 | M262: =K262*L262 -> 0 | N262: =M262+K262 -> 0 | P262: =N262*O262 -> 0 | Q262: =P262+N262 -> 0 | S262: =Q262*R262 -> 0 | T262: =S262+Q262 -> 0 | V262: =U262*T262 -> 0 | W262: =T262+V262 -> 0 | Y262: =X262*W262 -> 0 | Z262: =W262+Y262 -> 0 | AB262: =IFERROR(Z262/I262,0) -> 0
W263: =SUM(W142:W262) -> 0 | Y263: =SUM(Y142:Y262) -> 0 | Z263: =SUM(Z142:Z262) -> 0
A264: Ordering Period 1 Year 3
A265: CLIN | C265: Labor Category | D265: Organizational Structure Location | E265: Proposed Manning | F265: Work Location | G265: Fringe Pool | H265: Productive Hours | I265: Regular Labor Hours | J265: Direct Labor Rate | K265: Regular Labor Cost | L265: Fringe rate | M265: Fringe Cost | N265: Fringe + Labor Cost | O265: Labor OH rate | P265: Labor Overhead | Q265: Labor+Fringe+OH | R265: G&A Rate | S265: G&A | T265: Cost less FCCM | U265: FCCM Rate | V265: FCCM | W265: Total Cost | X265: Profit/Fee Rate | Y265: Profit/Fee | Z265: Total Price | AB265: Straight TimeWrap Rate
A266: 0002 | F266: Jacksonville | I266: =H266*E266 -> 0 | K266: =I266*J266 -> 0 | M266: =K266*L266 -> 0 | N266: =M266+K266 -> 0 | P266: =N266*O266 -> 0 | Q266: =P266+N266 -> 0 | S266: =Q266*R266 -> 0 | T266: =S266+Q266 -> 0 | V266: =U266*T266 -> 0 | W266: =T266+V266 -> 0 | Y266: =X266*T266 -> 0 | Z266: =W266+Y266 -> 0 | AB266: =IFERROR(Z266/I266,0) -> 0
A267: 0002 | F267: Jacksonville | I267: =H267*E267 -> 0 | K267: =I267*J267 -> 0 | M267: =K267*L267 -> 0 | N267: =M267+K267 -> 0 | P267: =N267*O267 -> 0 | Q267: =P267+N267 -> 0 | S267: =Q267*R267 -> 0 | T267: =S267+Q267 -> 0 | V267: =U267*T267 -> 0 | W267: =T267+V267 -> 0 | Y267: =X267*W267 -> 0 | Z267: =W267+Y267 -> 0 | AB267: =IFERROR(Z267/I267,0) -> 0
A268: 0002 | F268: Jacksonville | I268: =H268*E268 -> 0 | K268: =I268*J268 -> 0 | M268: =K268*L268 -> 0 | N268: =M268+K268 -> 0 | P268: =N268*O268 -> 0 | Q268: =P268+N268 -> 0 | S268: =Q268*R268 -> 0 | T268: =S268+Q268 -> 0 | V268: =U268*T268 -> 0 | W268: =T268+V268 -> 0 | Y268: =X268*W268 -> 0 | Z268: =W268+Y268 -> 0 | AB268: =IFERROR(Z268/I268,0) -> 0
A269: 0002 | F269: Jacksonville | I269: =H269*E269 -> 0 | K269: =I269*J269 -> 0 | M269: =K269*L269 -> 0 | N269: =M269+K269 -> 0 | P269: =N269*O269 -> 0 | Q269: =P269+N269 -> 0 | S269: =Q269*R269 -> 0 | T269: =S269+Q269 -> 0 | V269: =U269*T269 -> 0 | W269: =T269+V269 -> 0 | Y269: =X269*W269 -> 0 | Z269: =W269+Y269 -> 0 | AB269: =IFERROR(Z269/I269,0) -> 0
A270: 0002 | F270: Jacksonville | I270: =H270*E270 -> 0 | K270: =I270*J270 -> 0 | M270: =K270*L270 -> 0 | N270: =M270+K270 -> 0 | P270: =N270*O270 -> 0 | Q270: =P270+N270 -> 0 | S270: =Q270*R270 -> 0 | T270: =S270+Q270 -> 0 | V270: =U270*T270 -> 0 | W270: =T270+V270 -> 0 | Y270: =X270*W270 -> 0 | Z270: =W270+Y270 -> 0 | AB270: =IFERROR(Z270/I270,0) -> 0
A271: 0002 | F271: Jacksonville | I271: =H271*E271 -> 0 | K271: =I271*J271 -> 0 | M271: =K271*L271 -> 0 | N271: =M271+K271 -> 0 | P271: =N271*O271 -> 0 | Q271: =P271+N271 -> 0 | S271: =Q271*R271 -> 0 | T271: =S271+Q271 -> 0 | V271: =U271*T271 -> 0 | W271: =T271+V271 -> 0 | Y271: =X271*W271 -> 0 | Z271: =W271+Y271 -> 0 | AB271: =IFERROR(Z271/I271,0) -> 0
A272: 0002 | F272: Jacksonville | I272: =H272*E272 -> 0 | K272: =I272*J272 -> 0 | M272: =K272*L272 -> 0 | N272: =M272+K272 -> 0 | P272: =N272*O272 -> 0 | Q272: =P272+N272 -> 0 | S272: =Q272*R272 -> 0 | T272: =S272+Q272 -> 0 | V272: =U272*T272 -> 0 | W272: =T272+V272 -> 0 | Y272: =X272*W272 -> 0 | Z272: =W272+Y272 -> 0 | AB272: =IFERROR(Z272/I272,0) -> 0
A273: 0002 | F273: Jacksonville | I273: =H273*E273 -> 0 | K273: =I273*J273 -> 0 | M273: =K273*L273 -> 0 | N273: =M273+K273 -> 0 | P273: =N273*O273 -> 0 | Q273: =P273+N273 -> 0 | S273: =Q273*R273 -> 0 | T273: =S273+Q273 -> 0 | V273: =U273*T273 -> 0 | W273: =T273+V273 -> 0 | Y273: =X273*W273 -> 0 | Z273: =W273+Y273 -> 0 | AB273: =IFERROR(Z273/I273,0) -> 0
A274: 0002 | F274: Jacksonville | I274: =H274*E274 -> 0 | K274: =I274*J274 -> 0 | M274: =K274*L274 -> 0 | N274: =M274+K274 -> 0 | P274: =N274*O274 -> 0 | Q274: =P274+N274 -> 0 | S274: =Q274*R274 -> 0 | T274: =S274+Q274 -> 0 | V274: =U274*T274 -> 0 | W274: =T274+V274 -> 0 | Y274: =X274*W274 -> 0 | Z274: =W274+Y274 -> 0 | AB274: =IFERROR(Z274/I274,0) -> 0
A275: 0002 | F275: Jacksonville | I275: =H275*E275 -> 0 | K275: =I275*J275 -> 0 | M275: =K275*L275 -> 0 | N275: =M275+K275 -> 0 | P275: =N275*O275 -> 0 | Q275: =P275+N275 -> 0 | S275: =Q275*R275 -> 0 | T275: =S275+Q275 -> 0 | V275: =U275*T275 -> 0 | W275: =T275+V275 -> 0 | Y275: =X275*W275 -> 0 | Z275: =W275+Y275 -> 0 | AB275: =IFERROR(Z275/I275,0) -> 0
A276: 0002 | F276: Jacksonville | I276: =H276*E276 -> 0 | K276: =I276*J276 -> 0 | M276: =K276*L276 -> 0 | N276: =M276+K276 -> 0 | P276: =N276*O276 -> 0 | Q276: =P276+N276 -> 0 | S276: =Q276*R276 -> 0 | T276: =S276+Q276 -> 0 | V276: =U276*T276 -> 0 | W276: =T276+V276 -> 0 | Y276: =X276*W276 -> 0 | Z276: =W276+Y276 -> 0 | AB276: =IFERROR(Z276/I276,0) -> 0
A277: 0002 | F277: Jacksonville | I277: =H277*E277 -> 0 | K277: =I277*J277 -> 0 | M277: =K277*L277 -> 0 | N277: =M277+K277 -> 0 | P277: =N277*O277 -> 0 | Q277: =P277+N277 -> 0 | S277: =Q277*R277 -> 0 | T277: =S277+Q277 -> 0 | V277: =U277*T277 -> 0 | W277: =T277+V277 -> 0 | Y277: =X277*W277 -> 0 | Z277: =W277+Y277 -> 0 | AB277: =IFERROR(Z277/I277,0) -> 0
A278: 0002 | F278: Jacksonville | I278: =H278*E278 -> 0 | K278: =I278*J278 -> 0 | M278: =K278*L278 -> 0 | N278: =M278+K278 -> 0 | P278: =N278*O278 -> 0 | Q278: =P278+N278 -> 0 | S278: =Q278*R278 -> 0 | T278: =S278+Q278 -> 0 | V278: =U278*T278 -> 0 | W278: =T278+V278 -> 0 | Y278: =X278*W278 -> 0 | Z278: =W278+Y278 -> 0 | AB278: =IFERROR(Z278/I278,0) -> 0
... A386: 0002 | F386: Jacksonville | I386: =H386*E386 -> 0 | K386: =I386*J386 -> 0 | M386: =K386*L386 -> 0 | N386: =M386+K386 -> 0 | P386: =N386*O386 -> 0 | Q386: =P386+N386 -> 0 | S386: =Q386*R386 -> 0 | T386: =S386+Q386 -> 0 | V386: =U386*T386 -> 0 | W386: =T386+V386 -> 0 | Y386: =X386*W386 -> 0 | Z386: =W386+Y386 -> 0 | AB386: =IFERROR(Z386/I386,0) -> 0
W387: =SUM(W266:W386) -> 0 | Y387: =SUM(Y266:Y386) -> 0 | Z387: =SUM(Z266:Z386) -> 0
A388: Ordering Period 1 Year 4
A389: CLIN | B389: Labor Type | C389: Labor Category | D389: Organizational Structure Location | E389: Proposed Manning | F389: Work Location | G389: Fringe Pool | H389: Productive Hours | I389: Regular Labor Hours | J389: Direct Labor Rate | K389: Regular Labor Cost | L389: Fringe rate | M389: Fringe Cost | N389: Fringe + Labor Cost | O389: Labor OH rate | P389: Labor Overhead | Q389: Labor+Fringe+OH | R389: G&A Rate | S389: G&A | T389: Cost less FCCM | U389: FCCM Rate | V389: FCCM | W389: Total Cost | X389: Profit/Fee Rate | Y389: Profit/Fee | Z389: Total Price | AB389: Straight TimeWrap Rate
A390: 0002 | F390: Jacksonville | I390: =H390*E390 -> 0 | K390: =I390*J390 -> 0 | M390: =K390*L390 -> 0 | N390: =M390+K390 -> 0 | P390: =N390*O390 -> 0 | Q390: =P390+N390 -> 0 | S390: =Q390*R390 -> 0 | T390: =S390+Q390 -> 0 | V390: =U390*T390 -> 0 | W390: =T390+V390 -> 0 | Y390: =X390*T390 -> 0 | Z390: =W390+Y390 -> 0 | AB390: =IFERROR(Z390/I390,0) -> 0
A391: 0002 | F391: Jacksonville | I391: =H391*E391 -> 0 | K391: =I391*J391 -> 0 | M391: =K391*L391 -> 0 | N391: =M391+K391 -> 0 | P391: =N391*O391 -> 0 | Q391: =P391+N391 -> 0 | S391: =Q391*R391 -> 0 | T391: =S391+Q391 -> 0 | V391: =U391*T391 -> 0 | W391: =T391+V391 -> 0 | Y391: =X391*W391 -> 0 | Z391: =W391+Y391 -> 0 | AB391: =IFERROR(Z391/I391,0) -> 0
A392: 0002 | F392: Jacksonville | I392: =H392*E392 -> 0 | K392: =I392*J392 -> 0 | M392: =K392*L392 -> 0 | N392: =M392+K392 -> 0 | P392: =N392*O392 -> 0 | Q392: =P392+N392 -> 0 | S392: =Q392*R392 -> 0 | T392: =S392+Q392 -> 0 | V392: =U392*T392 -> 0 | W392: =T392+V392 -> 0 | Y392: =X392*W392 -> 0 | Z392: =W392+Y392 -> 0 | AB392: =IFERROR(Z392/I392,0) -> 0
A393: 0002 | F393: Jacksonville | I393: =H393*E393 -> 0 | K393: =I393*J393 -> 0 | M393: =K393*L393 -> 0 | N393: =M393+K393 -> 0 | P393: =N393*O393 -> 0 | Q393: =P393+N393 -> 0 | S393: =Q393*R393 -> 0 | T393: =S393+Q393 -> 0 | V393: =U393*T393 -> 0 | W393: =T393+V393 -> 0 | Y393: =X393*W393 -> 0 | Z393: =W393+Y393 -> 0 | AB393: =IFERROR(Z393/I393,0) -> 0
A394: 0002 | F394: Jacksonville | I394: =H394*E394 -> 0 | K394: =I394*J394 -> 0 | M394: =K394*L394 -> 0 | N394: =M394+K394 -> 0 | P394: =N394*O394 -> 0 | Q394: =P394+N394 -> 0 | S394: =Q394*R394 -> 0 | T394: =S394+Q394 -> 0 | V394: =U394*T394 -> 0 | W394: =T394+V394 -> 0 | Y394: =X394*W394 -> 0 | Z394: =W394+Y394 -> 0 | AB394: =IFERROR(Z394/I394,0) -> 0
A395: 0002 | F395: Jacksonville | I395: =H395*E395 -> 0 | K395: =I395*J395 -> 0 | M395: =K395*L395 -> 0 | N395: =M395+K395 -> 0 | P395: =N395*O395 -> 0 | Q395: =P395+N395 -> 0 | S395: =Q395*R395 -> 0 | T395: =S395+Q395 -> 0 | V395: =U395*T395 -> 0 | W395: =T395+V395 -> 0 | Y395: =X395*W395 -> 0 | Z395: =W395+Y395 -> 0 | AB395: =IFERROR(Z395/I395,0) -> 0
A396: 0002 | F396: Jacksonville | I396: =H396*E396 -> 0 | K396: =I396*J396 -> 0 | M396: =K396*L396 -> 0 | N396: =M396+K396 -> 0 | P396: =N396*O396 -> 0 | Q396: =P396+N396 -> 0 | S396: =Q396*R396 -> 0 | T396: =S396+Q396 -> 0 | V396: =U396*T396 -> 0 | W396: =T396+V396 -> 0 | Y396: =X396*W396 -> 0 | Z396: =W396+Y396 -> 0 | AB396: =IFERROR(Z396/I396,0) -> 0
A397: 0002 | F397: Jacksonville | I397: =H397*E397 -> 0 | K397: =I397*J397 -> 0 | M397: =K397*L397 -> 0 | N397: =M397+K397 -> 0 | P397: =N397*O397 -> 0 | Q397: =P397+N397 -> 0 | S397: =Q397*R397 -> 0 | T397: =S397+Q397 -> 0 | V397: =U397*T397 -> 0 | W397: =T397+V397 -> 0 | Y397: =X397*W397 -> 0 | Z397: =W397+Y397 -> 0 | AB397: =IFERROR(Z397/I397,0) -> 0
A398: 0002 | F398: Jacksonville | I398: =H398*E398 -> 0 | K398: =I398*J398 -> 0 | M398: =K398*L398 -> 0 | N398: =M398+K398 -> 0 | P398: =N398*O398 -> 0 | Q398: =P398+N398 -> 0 | S398: =Q398*R398 -> 0 | T398: =S398+Q398 -> 0 | V398: =U398*T398 -> 0 | W398: =T398+V398 -> 0 | Y398: =X398*W398 -> 0 | Z398: =W398+Y398 -> 0 | AB398: =IFERROR(Z398/I398,0) -> 0
A399: 0002 | F399: Jacksonville | I399: =H399*E399 -> 0 | K399: =I399*J399 -> 0 | M399: =K399*L399 -> 0 | N399: =M399+K399 -> 0 | P399: =N399*O399 -> 0 | Q399: =P399+N399 -> 0 | S399: =Q399*R399 -> 0 | T399: =S399+Q399 -> 0 | V399: =U399*T399 -> 0 | W399: =T399+V399 -> 0 | Y399: =X399*W399 -> 0 | Z399: =W399+Y399 -> 0 | AB399: =IFERROR(Z399/I399,0) -> 0
A400: 0002 | F400: Jacksonville | I400: =H400*E400 -> 0 | K400: =I400*J400 -> 0 | M400: =K400*L400 -> 0 | N400: =M400+K400 -> 0 | P400: =N400*O400 -> 0 | Q400: =P400+N400 -> 0 | S400: =Q400*R400 -> 0 | T400: =S400+Q400 -> 0 | V400: =U400*T400 -> 0 | W400: =T400+V400 -> 0 | Y400: =X400*W400 -> 0 | Z400: =W400+Y400 -> 0 | AB400: =IFERROR(Z400/I400,0) -> 0
A401: 0002 | F401: Jacksonville | I401: =H401*E401 -> 0 | K401: =I401*J401 -> 0 | M401: =K401*L401 -> 0 | N401: =M401+K401 -> 0 | P401: =N401*O401 -> 0 | Q401: =P401+N401 -> 0 | S401: =Q401*R401 -> 0 | T401: =S401+Q401 -> 0 | V401: =U401*T401 -> 0 | W401: =T401+V401 -> 0 | Y401: =X401*W401 -> 0 | Z401: =W401+Y401 -> 0 | AB401: =IFERROR(Z401/I401,0) -> 0
A402: 0002 | F402: Jacksonville | I402: =H402*E402 -> 0 | K402: =I402*J402 -> 0 | M402: =K402*L402 -> 0 | N402: =M402+K402 -> 0 | P402: =N402*O402 -> 0 | Q402: =P402+N402 -> 0 | S402: =Q402*R402 -> 0 | T402: =S402+Q402 -> 0 | V402: =U402*T402 -> 0 | W402: =T402+V402 -> 0 | Y402: =X402*W402 -> 0 | Z402: =W402+Y402 -> 0 | AB402: =IFERROR(Z402/I402,0) -> 0
... A510: 0002 | F510: Jacksonville | I510: =H510*E510 -> 0 | K510: =I510*J510 -> 0 | M510: =K510*L510 -> 0 | N510: =M510+K510 -> 0 | P510: =N510*O510 -> 0 | Q510: =P510+N510 -> 0 | S510: =Q510*R510 -> 0 | T510: =S510+Q510 -> 0 | V510: =U510*T510 -> 0 | W510: =T510+V510 -> 0 | Y510: =X510*W510 -> 0 | Z510: =W510+Y510 -> 0 | AB510: =IFERROR(Z510/I510,0) -> 0
W511: =SUM(W390:W510) -> 0 | Y511: =SUM(Y390:Y510) -> 0 | Z511: =SUM(Z390:Z510) -> 0
A512: Ordering Period 1 Year 5
A513: CLIN | B513: Labor Type | C513: Labor Category | D513: Organizational Structure Location | E513: Proposed Manning | F513: Work Location | G513: Fringe Pool | H513: Productive Hours | I513: Regular Labor Hours | J513: Direct Labor Rate | K513: Regular Labor Cost | L513: Fringe rate | M513: Fringe Cost | N513: Fringe + Labor Cost | O513: Labor OH rate | P513: Labor Overhead | Q513: Labor+Fringe+OH | R513: G&A Rate | S513: G&A | T513: Cost less FCCM | U513: FCCM Rate | V513: FCCM | W513: Total Cost | X513: Profit/Fee Rate | Y513: Profit/Fee | Z513: Total Price | AB513: Straight TimeWrap Rate
A514: 0002 | F514: Jacksonville | I514: =H514*E514 -> 0 | K514: =I514*J514 -> 0 | M514: =K514*L514 -> 0 | N514: =M514+K514 -> 0 | P514: =N514*O514 -> 0 | Q514: =P514+N514 -> 0 | S514: =Q514*R514 -> 0 | T514: =S514+Q514 -> 0 | V514: =U514*T514 -> 0 | W514: =T514+V514 -> 0 | Y514: =X514*T514 -> 0 | Z514: =W514+Y514 -> 0 | AB514: =IFERROR(Z514/I514,0) -> 0
A515: 0002 | F515: Jacksonville | I515: =H515*E515 -> 0 | K515: =I515*J515 -> 0 | M515: =K515*L515 -> 0 | N515: =M515+K515 -> 0 | P515: =N515*O515 -> 0 | Q515: =P515+N515 -> 0 | S515: =Q515*R515 -> 0 | T515: =S515+Q515 -> 0 | V515: =U515*T515 -> 0 | W515: =T515+V515 -> 0 | Y515: =X515*W515 -> 0 | Z515: =W515+Y515 -> 0 | AB515: =IFERROR(Z515/I515,0) -> 0
A516: 0002 | F516: Jacksonville | I516: =H516*E516 -> 0 | K516: =I516*J516 -> 0 | M516: =K516*L516 -> 0 | N516: =M516+K516 -> 0 | P516: =N516*O516 -> 0 | Q516: =P516+N516 -> 0 | S516: =Q516*R516 -> 0 | T516: =S516+Q516 -> 0 | V516: =U516*T516 -> 0 | W516: =T516+V516 -> 0 | Y516: =X516*W516 -> 0 | Z516: =W516+Y516 -> 0 | AB516: =IFERROR(Z516/I516,0) -> 0
A517: 0002 | F517: Jacksonville | I517: =H517*E517 -> 0 | K517: =I517*J517 -> 0 | M517: =K517*L517 -> 0 | N517: =M517+K517 -> 0 | P517: =N517*O517 -> 0 | Q517: =P517+N517 -> 0 | S517: =Q517*R517 -> 0 | T517: =S517+Q517 -> 0 | V517: =U517*T517 -> 0 | W517: =T517+V517 -> 0 | Y517: =X517*W517 -> 0 | Z517: =W517+Y517 -> 0 | AB517: =IFERROR(Z517/I517,0) -> 0
A518: 0002 | F518: Jacksonville | I518: =H518*E518 -> 0 | K518: =I518*J518 -> 0 | M518: =K518*L518 -> 0 | N518: =M518+K518 -> 0 | P518: =N518*O518 -> 0 | Q518: =P518+N518 -> 0 | S518: =Q518*R518 -> 0 | T518: =S518+Q518 -> 0 | V518: =U518*T518 -> 0 | W518: =T518+V518 -> 0 | Y518: =X518*W518 -> 0 | Z518: =W518+Y518 -> 0 | AB518: =IFERROR(Z518/I518,0) -> 0
A519: 0002 | F519: Jacksonville | I519: =H519*E519 -> 0 | K519: =I519*J519 -> 0 | M519: =K519*L519 -> 0 | N519: =M519+K519 -> 0 | P519: =N519*O519 -> 0 | Q519: =P519+N519 -> 0 | S519: =Q519*R519 -> 0 | T519: =S519+Q519 -> 0 | V519: =U519*T519 -> 0 | W519: =T519+V519 -> 0 | Y519: =X519*W519 -> 0 | Z519: =W519+Y519 -> 0 | AB519: =IFERROR(Z519/I519,0) -> 0
A520: 0002 | F520: Jacksonville | I520: =H520*E520 -> 0 | K520: =I520*J520 -> 0 | M520: =K520*L520 -> 0 | N520: =M520+K520 -> 0 | P520: =N520*O520 -> 0 | Q520: =P520+N520 -> 0 | S520: =Q520*R520 -> 0 | T520: =S520+Q520 -> 0 | V520: =U520*T520 -> 0 | W520: =T520+V520 -> 0 | Y520: =X520*W520 -> 0 | Z520: =W520+Y520 -> 0 | AB520: =IFERROR(Z520/I520,0) -> 0
A521: 0002 | F521: Jacksonville | I521: =H521*E521 -> 0 | K521: =I521*J521 -> 0 | M521: =K521*L521 -> 0 | N521: =M521+K521 -> 0 | P521: =N521*O521 -> 0 | Q521: =P521+N521 -> 0 | S521: =Q521*R521 -> 0 | T521: =S521+Q521 -> 0 | V521: =U521*T521 -> 0 | W521: =T521+V521 -> 0 | Y521: =X521*W521 -> 0 | Z521: =W521+Y521 -> 0 | AB521: =IFERROR(Z521/I521,0) -> 0
A522: 0002 | F522: Jacksonville | I522: =H522*E522 -> 0 | K522: =I522*J522 -> 0 | M522: =K522*L522 -> 0 | N522: =M522+K522 -> 0 | P522: =N522*O522 -> 0 | Q522: =P522+N522 -> 0 | S522: =Q522*R522 -> 0 | T522: =S522+Q522 -> 0 | V522: =U522*T522 -> 0 | W522: =T522+V522 -> 0 | Y522: =X522*W522 -> 0 | Z522: =W522+Y522 -> 0 | AB522: =IFERROR(Z522/I522,0) -> 0
A523: 0002 | F523: Jacksonville | I523: =H523*E523 -> 0 | K523: =I523*J523 -> 0 | M523: =K523*L523 -> 0 | N523: =M523+K523 -> 0 | P523: =N523*O523 -> 0 | Q523: =P523+N523 -> 0 | S523: =Q523*R523 -> 0 | T523: =S523+Q523 -> 0 | V523: =U523*T523 -> 0 | W523: =T523+V523 -> 0 | Y523: =X523*W523 -> 0 | Z523: =W523+Y523 -> 0 | AB523: =IFERROR(Z523/I523,0) -> 0
A524: 0002 | F524: Jacksonville | I524: =H524*E524 -> 0 | K524: =I524*J524 -> 0 | M524: =K524*L524 -> 0 | N524: =M524+K524 -> 0 | P524: =N524*O524 -> 0 | Q524: =P524+N524 -> 0 | S524: =Q524*R524 -> 0 | T524: =S524+Q524 -> 0 | V524: =U524*T524 -> 0 | W524: =T524+V524 -> 0 | Y524: =X524*W524 -> 0 | Z524: =W524+Y524 -> 0 | AB524: =IFERROR(Z524/I524,0) -> 0
A525: 0002 | F525: Jacksonville | I525: =H525*E525 -> 0 | K525: =I525*J525 -> 0 | M525: =K525*L525 -> 0 | N525: =M525+K525 -> 0 | P525: =N525*O525 -> 0 | Q525: =P525+N525 -> 0 | S525: =Q525*R525 -> 0 | T525: =S525+Q525 -> 0 | V525: =U525*T525 -> 0 | W525: =T525+V525 -> 0 | Y525: =X525*W525 -> 0 | Z525: =W525+Y525 -> 0 | AB525: =IFERROR(Z525/I525,0) -> 0
A526: 0002 | F526: Jacksonville | I526: =H526*E526 -> 0 | K526: =I526*J526 -> 0 | M526: =K526*L526 -> 0 | N526: =M526+K526 -> 0 | P526: =N526*O526 -> 0 | Q526: =P526+N526 -> 0 | S526: =Q526*R526 -> 0 | T526: =S526+Q526 -> 0 | V526: =U526*T526 -> 0 | W526: =T526+V526 -> 0 | Y526: =X526*W526 -> 0 | Z526: =W526+Y526 -> 0 | AB526: =IFERROR(Z526/I526,0) -> 0
... A634: 0002 | F634: Jacksonville | I634: =H634*E634 -> 0 | K634: =I634*J634 -> 0 | M634: =K634*L634 -> 0 | N634: =M634+K634 -> 0 | P634: =N634*O634 -> 0 | Q634: =P634+N634 -> 0 | S634: =Q634*R634 -> 0 | T634: =S634+Q634 -> 0 | V634: =U634*T634 -> 0 | W634: =T634+V634 -> 0 | Y634: =X634*W634 -> 0 | Z634: =W634+Y634 -> 0 | AB634: =IFERROR(Z634/I634,0) -> 0
...

Sheet CLINX002 OT
A1: M67004-26-R-0007 Attachment J-7: Cost Model Workbook
A2: Contractor Name: | C2: =IF(Instructions!B3="","",Instructions!B3)
A3: * This tab captures proposed overtime (OT) hours minus applied fee.
A4: * Enter the OT rate by Labor Category. You may enter ZERO in Column E if not applicable.
A5: * Rows 14–18 (blue) are examples. Delete or edit as needed. Ensure the Ordering Period Total (Column W) remains linked to the Total Proposed Price tab.
A6: * Subcontractors may be proposed under OT CLINs.
A7: * If the Prime proposes subcontractor LCATs for OT, enter their fully burdened OT rates on this tab.
A8: * No fee is allowed on Prime or subcontractor overtime.
A12: Ordering Period 1 Year 1
A13: CLIN | B13: Labor Type | C13: Labor Category | D13: Organizational Structure Location | E13: Proposed Manning | F13: Work Location | G13: Fringe Pool | H13: Overtime hours/person | I13: Total Overtime Hours | J13: Direct OT Rate | K13: Overtime Cost | L13: Fringe rate | M13: Fringe Cost | N13: Fringe + Labor Cost | O13: Labor OH rate | P13: Labor Overhead | Q13: Labor+Fringe+OH | R13: G&A Rate | S13: G&A | T13: Cost less FCCM | U13: FCCM Rate | V13: FCCM | W13: Total Cost | Y13: Overtime Wrap Rate
A14: 0002 | B14: EX | C14: MANAGER MAINTENANCE DEPARTMENT | D14: Maintenance Department | E14: 1 | F14: Jacksonville | G14: Full Time Benefits | I14: =H14*E14 -> 0 | J14: 52 | K14: =I14*J14 -> 0 | L14: 0.35 | M14: =K14*L14 -> 0 | N14: =M14+K14 -> 0 | O14: 0.08 | P14: =N14*O14 -> 0 | Q14: =P14+N14 -> 0 | R14: 0.1 | S14: =Q14*R14 -> 0 | T14: =S14+Q14 -> 0 | U14: 0.0005 | V14: =U14*T14 -> 0 | W14: =T14+V14 -> 0 | Y14: =IFERROR(W14/I14,0) -> 0
A15: 0002 | B15: CBA | C15: Auto Diesel Mech | D15: Maintenance Department Motor T Section | E15: 5 | F15: Jacksonville | G15: SCA Fringe | I15: =H15*E15 -> 0 | J15: 33.29 | K15: =I15*J15 -> 0 | L15: 0.35 | M15: =K15*L15 -> 0 | N15: =M15+K15 -> 0 | O15: 0.08 | P15: =N15*O15 -> 0 | Q15: =P15+N15 -> 0 | R15: 0.1 | S15: =Q15*R15 -> 0 | T15: =S15+Q15 -> 0 | U15: 0.0005 | V15: =U15*T15 -> 0 | W15: =T15+V15 -> 0 | Y15: =IFERROR(W15/I15,0) -> 0
A16: 0002 | B16: CBA | C16: Auto Diesel Mech SR Lead | D16: Maintenance Department Motor T Section | E16: 1 | F16: Jacksonville | G16: SCA Fringe | I16: =H16*E16 -> 0 | J16: 39.94 | K16: =I16*J16 -> 0 | L16: 0.35 | M16: =K16*L16 -> 0 | N16: =M16+K16 -> 0 | O16: 0.08 | P16: =N16*O16 -> 0 | Q16: =P16+N16 -> 0 | R16: 0.1 | S16: =Q16*R16 -> 0 | T16: =S16+Q16 -> 0 | U16: 0.0005 | V16: =U16*T16 -> 0 | W16: =T16+V16 -> 0 | Y16: =IFERROR(W16/I16,0) -> 0
A17: 0002 | B17: EX | C17: MGR Supply Chain | D17: Supply Department | E17: 1 | F17: Jacksonville | G17: Full Time Benefits | I17: =H17*E17 -> 0 | J17: 52 | K17: =I17*J17 -> 0 | L17: 0.35 | M17: =K17*L17 -> 0 | N17: =M17+K17 -> 0 | O17: 0.08 | P17: =N17*O17 -> 0 | Q17: =P17+N17 -> 0 | R17: 0.1 | S17: =Q17*R17 -> 0 | T17: =S17+Q17 -> 0 | U17: 0.0005 | V17: =U17*T17 -> 0 | W17: =T17+V17 -> 0 | Y17: =IFERROR(W17/I17,0) -> 0
A18: 0002 | B18: CBA | C18: Material Spec II | D18: Supply Department Container Management | E18: 3 | F18: Jacksonville | G18: SCA Fringe | I18: =H18*E18 -> 0 | J18: 28 | K18: =I18*J18 -> 0 | L18: 0.33 | M18: =K18*L18 -> 0 | N18: =M18+K18 -> 0 | O18: 0.08 | P18: =N18*O18 -> 0 | Q18: =P18+N18 -> 0 | R18: 0.1 | S18: =Q18*R18 -> 0 | T18: =S18+Q18 -> 0 | U18: 0.0005 | V18: =U18*T18 -> 0 | W18: =T18+V18 -> 0 | Y18: =IFERROR(W18/I18,0) -> 0
A19: 0002 | F19: Jacksonville | I19: =H19*E19 -> 0 | K19: =I19*J19 -> 0 | M19: =K19*L19 -> 0 | N19: =M19+K19 -> 0 | P19: =N19*O19 -> 0 | Q19: =P19+N19 -> 0 | S19: =Q19*R19 -> 0 | T19: =S19+Q19 -> 0 | V19: =U19*T19 -> 0 | W19: =T19+V19 -> 0 | Y19: =IFERROR(W19/I19,0) -> 0
A20: 0002 | F20: Jacksonville | I20: =H20*E20 -> 0 | K20: =I20*J20 -> 0 | M20: =K20*L20 -> 0 | N20: =M20+K20 -> 0 | P20: =N20*O20 -> 0 | Q20: =P20+N20 -> 0 | S20: =Q20*R20 -> 0 | T20: =S20+Q20 -> 0 | V20: =U20*T20 -> 0 | W20: =T20+V20 -> 0 | Y20: =IFERROR(W20/I20,0) -> 0
A21: 0002 | F21: Jacksonville | I21: =H21*E21 -> 0 | K21: =I21*J21 -> 0 | M21: =K21*L21 -> 0 | N21: =M21+K21 -> 0 | P21: =N21*O21 -> 0 | Q21: =P21+N21 -> 0 | S21: =Q21*R21 -> 0 | T21: =S21+Q21 -> 0 | V21: =U21*T21 -> 0 | W21: =T21+V21 -> 0 | Y21: =IFERROR(W21/I21,0) -> 0
A22: 0002 | F22: Jacksonville | I22: =H22*E22 -> 0 | K22: =I22*J22 -> 0 | M22: =K22*L22 -> 0 | N22: =M22+K22 -> 0 | P22: =N22*O22 -> 0 | Q22: =P22+N22 -> 0 | S22: =Q22*R22 -> 0 | T22: =S22+Q22 -> 0 | V22: =U22*T22 -> 0 | W22: =T22+V22 -> 0 | Y22: =IFERROR(W22/I22,0) -> 0
A23: 0002 | F23: Jacksonville | I23: =H23*E23 -> 0 | K23: =I23*J23 -> 0 | M23: =K23*L23 -> 0 | N23: =M23+K23 -> 0 | P23: =N23*O23 -> 0 | Q23: =P23+N23 -> 0 | S23: =Q23*R23 -> 0 | T23: =S23+Q23 -> 0 | V23: =U23*T23 -> 0 | W23: =T23+V23 -> 0 | Y23: =IFERROR(W23/I23,0) -> 0
A24: 0002 | F24: Jacksonville | I24: =H24*E24 -> 0 | K24: =I24*J24 -> 0 | M24: =K24*L24 -> 0 | N24: =M24+K24 -> 0 | P24: =N24*O24 -> 0 | Q24: =P24+N24 -> 0 | S24: =Q24*R24 -> 0 | T24: =S24+Q24 -> 0 | V24: =U24*T24 -> 0 | W24: =T24+V24 -> 0 | Y24: =IFERROR(W24/I24,0) -> 0
A25: 0002 | F25: Jacksonville | I25: =H25*E25 -> 0 | K25: =I25*J25 -> 0 | M25: =K25*L25 -> 0 | N25: =M25+K25 -> 0 | P25: =N25*O25 -> 0 | Q25: =P25+N25 -> 0 | S25: =Q25*R25 -> 0 | T25: =S25+Q25 -> 0 | V25: =U25*T25 -> 0 | W25: =T25+V25 -> 0 | Y25: =IFERROR(W25/I25,0) -> 0
A26: 0002 | F26: Jacksonville | I26: =H26*E26 -> 0 | K26: =I26*J26 -> 0 | M26: =K26*L26 -> 0 | N26: =M26+K26 -> 0 | P26: =N26*O26 -> 0 | Q26: =P26+N26 -> 0 | S26: =Q26*R26 -> 0 | T26: =S26+Q26 -> 0 | V26: =U26*T26 -> 0 | W26: =T26+V26 -> 0 | Y26: =IFERROR(W26/I26,0) -> 0
A27: 0002 | F27: Jacksonville | I27: =H27*E27 -> 0 | K27: =I27*J27 -> 0 | M27: =K27*L27 -> 0 | N27: =M27+K27 -> 0 | P27: =N27*O27 -> 0 | Q27: =P27+N27 -> 0 | S27: =Q27*R27 -> 0 | T27: =S27+Q27 -> 0 | V27: =U27*T27 -> 0 | W27: =T27+V27 -> 0 | Y27: =IFERROR(W27/I27,0) -> 0
A28: 0002 | F28: Jacksonville | I28: =H28*E28 -> 0 | K28: =I28*J28 -> 0 | M28: =K28*L28 -> 0 | N28: =M28+K28 -> 0 | P28: =N28*O28 -> 0 | Q28: =P28+N28 -> 0 | S28: =Q28*R28 -> 0 | T28: =S28+Q28 -> 0 | V28: =U28*T28 -> 0 | W28: =T28+V28 -> 0 | Y28: =IFERROR(W28/I28,0) -> 0
A29: 0002 | F29: Jacksonville | I29: =H29*E29 -> 0 | K29: =I29*J29 -> 0 | M29: =K29*L29 -> 0 | N29: =M29+K29 -> 0 | P29: =N29*O29 -> 0 | Q29: =P29+N29 -> 0 | S29: =Q29*R29 -> 0 | T29: =S29+Q29 -> 0 | V29: =U29*T29 -> 0 | W29: =T29+V29 -> 0 | Y29: =IFERROR(W29/I29,0) -> 0
A30: 0002 | F30: Jacksonville | I30: =H30*E30 -> 0 | K30: =I30*J30 -> 0 | M30: =K30*L30 -> 0 | N30: =M30+K30 -> 0 | P30: =N30*O30 -> 0 | Q30: =P30+N30 -> 0 | S30: =Q30*R30 -> 0 | T30: =S30+Q30 -> 0 | V30: =U30*T30 -> 0 | W30: =T30+V30 -> 0 | Y30: =IFERROR(W30/I30,0) -> 0
... A134: 0002 | F134: Jacksonville | I134: =H134*E134 -> 0 | K134: =I134*J134 -> 0 | M134: =K134*L134 -> 0 | N134: =M134+K134 -> 0 | P134: =N134*O134 -> 0 | Q134: =P134+N134 -> 0 | S134: =Q134*R134 -> 0 | T134: =S134+Q134 -> 0 | V134: =U134*T134 -> 0 | W134: =T134+V134 -> 0 | Y134: =IFERROR(W134/I134,0) -> 0
V135: Total | W135: =SUM(W14:W134) -> 0
A137: Ordering Period 1 Year 2
A138: CLIN | B138: Labor Type | C138: Labor Category | D138: Organizational Structure Location | E138: Proposed Manning | F138: Work Location | G138: Fringe Pool | H138: Overtime hours/person | I138: Total Overtime Hours | J138: Direct OT Rate | K138: Overtime Cost | L138: Fringe rate | M138: Fringe Cost | N138: Fringe + Labor Cost | O138: Labor OH rate | P138: Labor Overhead | Q138: Labor+Fringe+OH | R138: G&A Rate | S138: G&A | T138: Cost less FCCM | U138: FCCM Rate | V138: FCCM | W138: Total Cost | Y138: Overtime Wrap Rate
A139: 0002 | F139: Jacksonville | I139: =H139*E139 -> 0 | K139: =I139*J139 -> 0 | M139: =K139*L139 -> 0 | N139: =M139+K139 -> 0 | P139: =N139*O139 -> 0 | Q139: =P139+N139 -> 0 | S139: =Q139*R139 -> 0 | T139: =S139+Q139 -> 0 | V139: =U139*T139 -> 0 | W139: =T139+V139 -> 0 | Y139: =IFERROR(W139/I139,0) -> 0
A140: 0002 | F140: Jacksonville | I140: =H140*E140 -> 0 | K140: =I140*J140 -> 0 | M140: =K140*L140 -> 0 | N140: =M140+K140 -> 0 | P140: =N140*O140 -> 0 | Q140: =P140+N140 -> 0 | S140: =Q140*R140 -> 0 | T140: =S140+Q140 -> 0 | V140: =U140*T140 -> 0 | W140: =T140+V140 -> 0 | Y140: =IFERROR(W140/I140,0) -> 0
A141: 0002 | F141: Jacksonville | I141: =H141*E141 -> 0 | K141: =I141*J141 -> 0 | M141: =K141*L141 -> 0 | N141: =M141+K141 -> 0 | P141: =N141*O141 -> 0 | Q141: =P141+N141 -> 0 | S141: =Q141*R141 -> 0 | T141: =S141+Q141 -> 0 | V141: =U141*T141 -> 0 | W141: =T141+V141 -> 0 | Y141: =IFERROR(W141/I141,0) -> 0
A142: 0002 | F142: Jacksonville | I142: =H142*E142 -> 0 | K142: =I142*J142 -> 0 | M142: =K142*L142 -> 0 | N142: =M142+K142 -> 0 | P142: =N142*O142 -> 0 | Q142: =P142+N142 -> 0 | S142: =Q142*R142 -> 0 | T142: =S142+Q142 -> 0 | V142: =U142*T142 -> 0 | W142: =T142+V142 -> 0 | Y142: =IFERROR(W142/I142,0) -> 0
A143: 0002 | F143: Jacksonville | I143: =H143*E143 -> 0 | K143: =I143*J143 -> 0 | M143: =K143*L143 -> 0 | N143: =M143+K143 -> 0 | P143: =N143*O143 -> 0 | Q143: =P143+N143 -> 0 | S143: =Q143*R143 -> 0 | T143: =S143+Q143 -> 0 | V143: =U143*T143 -> 0 | W143: =T143+V143 -> 0 | Y143: =IFERROR(W143/I143,0) -> 0
A144: 0002 | F144: Jacksonville | I144: =H144*E144 -> 0 | K144: =I144*J144 -> 0 | M144: =K144*L144 -> 0 | N144: =M144+K144 -> 0 | P144: =N144*O144 -> 0 | Q144: =P144+N144 -> 0 | S144: =Q144*R144 -> 0 | T144: =S144+Q144 -> 0 | V144: =U144*T144 -> 0 | W144: =T144+V144 -> 0 | Y144: =IFERROR(W144/I144,0) -> 0
A145: 0002 | F145: Jacksonville | I145: =H145*E145 -> 0 | K145: =I145*J145 -> 0 | M145: =K145*L145 -> 0 | N145: =M145+K145 -> 0 | P145: =N145*O145 -> 0 | Q145: =P145+N145 -> 0 | S145: =Q145*R145 -> 0 | T145: =S145+Q145 -> 0 | V145: =U145*T145 -> 0 | W145: =T145+V145 -> 0 | Y145: =IFERROR(W145/I145,0) -> 0
A146: 0002 | F146: Jacksonville | I146: =H146*E146 -> 0 | K146: =I146*J146 -> 0 | M146: =K146*L146 -> 0 | N146: =M146+K146 -> 0 | P146: =N146*O146 -> 0 | Q146: =P146+N146 -> 0 | S146: =Q146*R146 -> 0 | T146: =S146+Q146 -> 0 | V146: =U146*T146 -> 0 | W146: =T146+V146 -> 0 | Y146: =IFERROR(W146/I146,0) -> 0
A147: 0002 | F147: Jacksonville | I147: =H147*E147 -> 0 | K147: =I147*J147 -> 0 | M147: =K147*L147 -> 0 | N147: =M147+K147 -> 0 | P147: =N147*O147 -> 0 | Q147: =P147+N147 -> 0 | S147: =Q147*R147 -> 0 | T147: =S147+Q147 -> 0 | V147: =U147*T147 -> 0 | W147: =T147+V147 -> 0 | Y147: =IFERROR(W147/I147,0) -> 0
A148: 0002 | F148: Jacksonville | I148: =H148*E148 -> 0 | K148: =I148*J148 -> 0 | M148: =K148*L148 -> 0 | N148: =M148+K148 -> 0 | P148: =N148*O148 -> 0 | Q148: =P148+N148 -> 0 | S148: =Q148*R148 -> 0 | T148: =S148+Q148 -> 0 | V148: =U148*T148 -> 0 | W148: =T148+V148 -> 0 | Y148: =IFERROR(W148/I148,0) -> 0
A149: 0002 | F149: Jacksonville | I149: =H149*E149 -> 0 | K149: =I149*J149 -> 0 | M149: =K149*L149 -> 0 | N149: =M149+K149 -> 0 | P149: =N149*O149 -> 0 | Q149: =P149+N149 -> 0 | S149: =Q149*R149 -> 0 | T149: =S149+Q149 -> 0 | V149: =U149*T149 -> 0 | W149: =T149+V149 -> 0 | Y149: =IFERROR(W149/I149,0) -> 0
A150: 0002 | F150: Jacksonville | I150: =H150*E150 -> 0 | K150: =I150*J150 -> 0 | M150: =K150*L150 -> 0 | N150: =M150+K150 -> 0 | P150: =N150*O150 -> 0 | Q150: =P150+N150 -> 0 | S150: =Q150*R150 -> 0 | T150: =S150+Q150 -> 0 | V150: =U150*T150 -> 0 | W150: =T150+V150 -> 0 | Y150: =IFERROR(W150/I150,0) -> 0
... A259: 0002 | F259: Jacksonville | I259: =H259*E259 -> 0 | K259: =I259*J259 -> 0 | M259: =K259*L259 -> 0 | N259: =M259+K259 -> 0 | P259: =N259*O259 -> 0 | Q259: =P259+N259 -> 0 | S259: =Q259*R259 -> 0 | T259: =S259+Q259 -> 0 | V259: =U259*T259 -> 0 | W259: =T259+V259 -> 0 | Y259: =IFERROR(W259/I259,0) -> 0
V260: Total | W260: =SUM(W139:W259) -> 0
A261: Ordering Period 1 Year 3
A262: CLIN | B262: Labor Type | C262: Labor Category | D262: Organizational Structure Location | E262: Proposed Manning | F262: Work Location | G262: Fringe Pool | H262: Overtime hours/person | I262: Total Overtime Hours | J262: Direct OT Rate | K262: Overtime Cost | L262: Fringe rate | M262: Fringe Cost | N262: Fringe + Labor Cost | O262: Labor OH rate | P262: Labor Overhead | Q262: Labor+Fringe+OH | R262: G&A Rate | S262: G&A | T262: Cost less FCCM | U262: FCCM Rate | V262: FCCM | W262: Total Cost | Y262: Overtime Wrap Rate
A263: 0002 | F263: Jacksonville | I263: =H263*E263 -> 0 | K263: =I263*J263 -> 0 | M263: =K263*L263 -> 0 | N263: =M263+K263 -> 0 | P263: =N263*O263 -> 0 | Q263: =P263+N263 -> 0 | S263: =Q263*R263 -> 0 | T263: =S263+Q263 -> 0 | V263: =U263*T263 -> 0 | W263: =T263+V263 -> 0 | Y263: =IFERROR(W263/I263,0) -> 0
A264: 0002 | F264: Jacksonville | I264: =H264*E264 -> 0 | K264: =I264*J264 -> 0 | M264: =K264*L264 -> 0 | N264: =M264+K264 -> 0 | P264: =N264*O264 -> 0 | Q264: =P264+N264 -> 0 | S264: =Q264*R264 -> 0 | T264: =S264+Q264 -> 0 | V264: =U264*T264 -> 0 | W264: =T264+V264 -> 0 | Y264: =IFERROR(W264/I264,0) -> 0
A265: 0002 | F265: Jacksonville | I265: =H265*E265 -> 0 | K265: =I265*J265 -> 0 | M265: =K265*L265 -> 0 | N265: =M265+K265 -> 0 | P265: =N265*O265 -> 0 | Q265: =P265+N265 -> 0 | S265: =Q265*R265 -> 0 | T265: =S265+Q265 -> 0 | V265: =U265*T265 -> 0 | W265: =T265+V265 -> 0 | Y265: =IFERROR(W265/I265,0) -> 0
A266: 0002 | F266: Jacksonville | I266: =H266*E266 -> 0 | K266: =I266*J266 -> 0 | M266: =K266*L266 -> 0 | N266: =M266+K266 -> 0 | P266: =N266*O266 -> 0 | Q266: =P266+N266 -> 0 | S266: =Q266*R266 -> 0 | T266: =S266+Q266 -> 0 | V266: =U266*T266 -> 0 | W266: =T266+V266 -> 0 | Y266: =IFERROR(W266/I266,0) -> 0
A267: 0002 | F267: Jacksonville | I267: =H267*E267 -> 0 | K267: =I267*J267 -> 0 | M267: =K267*L267 -> 0 | N267: =M267+K267 -> 0 | P267: =N267*O267 -> 0 | Q267: =P267+N267 -> 0 | S267: =Q267*R267 -> 0 | T267: =S267+Q267 -> 0 | V267: =U267*T267 -> 0 | W267: =T267+V267 -> 0 | Y267: =IFERROR(W267/I267,0) -> 0
A268: 0002 | F268: Jacksonville | I268: =H268*E268 -> 0 | K268: =I268*J268 -> 0 | M268: =K268*L268 -> 0 | N268: =M268+K268 -> 0 | P268: =N268*O268 -> 0 | Q268: =P268+N268 -> 0 | S268: =Q268*R268 -> 0 | T268: =S268+Q268 -> 0 | V268: =U268*T268 -> 0 | W268: =T268+V268 -> 0 | Y268: =IFERROR(W268/I268,0) -> 0
A269: 0002 | F269: Jacksonville | I269: =H269*E269 -> 0 | K269: =I269*J269 -> 0 | M269: =K269*L269 -> 0 | N269: =M269+K269 -> 0 | P269: =N269*O269 -> 0 | Q269: =P269+N269 -> 0 | S269: =Q269*R269 -> 0 | T269: =S269+Q269 -> 0 | V269: =U269*T269 -> 0 | W269: =T269+V269 -> 0 | Y269: =IFERROR(W269/I269,0) -> 0
A270: 0002 | F270: Jacksonville | I270: =H270*E270 -> 0 | K270: =I270*J270 -> 0 | M270: =K270*L270 -> 0 | N270: =M270+K270 -> 0 | P270: =N270*O270 -> 0 | Q270: =P270+N270 -> 0 | S270: =Q270*R270 -> 0 | T270: =S270+Q270 -> 0 | V270: =U270*T270 -> 0 | W270: =T270+V270 -> 0 | Y270: =IFERROR(W270/I270,0) -> 0
A271: 0002 | F271: Jacksonville | I271: =H271*E271 -> 0 | K271: =I271*J271 -> 0 | M271: =K271*L271 -> 0 | N271: =M271+K271 -> 0 | P271: =N271*O271 -> 0 | Q271: =P271+N271 -> 0 | S271: =Q271*R271 -> 0 | T271: =S271+Q271 -> 0 | V271: =U271*T271 -> 0 | W271: =T271+V271 -> 0 | Y271: =IFERROR(W271/I271,0) -> 0
A272: 0002 | F272: Jacksonville | I272: =H272*E272 -> 0 | K272: =I272*J272 -> 0 | M272: =K272*L272 -> 0 | N272: =M272+K272 -> 0 | P272: =N272*O272 -> 0 | Q272: =P272+N272 -> 0 | S272: =Q272*R272 -> 0 | T272: =S272+Q272 -> 0 | V272: =U272*T272 -> 0 | W272: =T272+V272 -> 0 | Y272: =IFERROR(W272/I272,0) -> 0
A273: 0002 | F273: Jacksonville | I273: =H273*E273 -> 0 | K273: =I273*J273 -> 0 | M273: =K273*L273 -> 0 | N273: =M273+K273 -> 0 | P273: =N273*O273 -> 0 | Q273: =P273+N273 -> 0 | S273: =Q273*R273 -> 0 | T273: =S273+Q273 -> 0 | V273: =U273*T273 -> 0 | W273: =T273+V273 -> 0 | Y273: =IFERROR(W273/I273,0) -> 0
A274: 0002 | F274: Jacksonville | I274: =H274*E274 -> 0 | K274: =I274*J274 -> 0 | M274: =K274*L274 -> 0 | N274: =M274+K274 -> 0 | P274: =N274*O274 -> 0 | Q274: =P274+N274 -> 0 | S274: =Q274*R274 -> 0 | T274: =S274+Q274 -> 0 | V274: =U274*T274 -> 0 | W274: =T274+V274 -> 0 | Y274: =IFERROR(W274/I274,0) -> 0
... A383: 0002 | F383: Jacksonville | I383: =H383*E383 -> 0 | K383: =I383*J383 -> 0 | M383: =K383*L383 -> 0 | N383: =M383+K383 -> 0 | P383: =N383*O383 -> 0 | Q383: =P383+N383 -> 0 | S383: =Q383*R383 -> 0 | T383: =S383+Q383 -> 0 | V383: =U383*T383 -> 0 | W383: =T383+V383 -> 0 | Y383: =IFERROR(W383/I383,0) -> 0
V384: Total | W384: =SUM(W263:W383) -> 0
A385: Ordering Period 1 Year 4
A386: CLIN | B386: Labor Type | C386: Labor Category | D386: Organizational Structure Location | E386: Proposed Manning | F386: Work Location | G386: Fringe Pool | H386: Overtime hours/person | I386: Total Overtime Hours | J386: Direct OT Rate | K386: Overtime Cost | L386: Fringe rate | M386: Fringe Cost | N386: Fringe + Labor Cost | O386: Labor OH rate | P386: Labor Overhead | Q386: Labor+Fringe+OH | R386: G&A Rate | S386: G&A | T386: Cost less FCCM | U386: FCCM Rate | V386: FCCM | W386: Total Cost | Y386: Overtime Wrap Rate
A387: 0002 | F387: Jacksonville | I387: =H387*E387 -> 0 | K387: =I387*J387 -> 0 | M387: =K387*L387 -> 0 | N387: =M387+K387 -> 0 | P387: =N387*O387 -> 0 | Q387: =P387+N387 -> 0 | S387: =Q387*R387 -> 0 | T387: =S387+Q387 -> 0 | V387: =U387*T387 -> 0 | W387: =T387+V387 -> 0 | Y387: =IFERROR(W387/I387,0) -> 0
A388: 0002 | F388: Jacksonville | I388: =H388*E388 -> 0 | K388: =I388*J388 -> 0 | M388: =K388*L388 -> 0 | N388: =M388+K388 -> 0 | P388: =N388*O388 -> 0 | Q388: =P388+N388 -> 0 | S388: =Q388*R388 -> 0 | T388: =S388+Q388 -> 0 | V388: =U388*T388 -> 0 | W388: =T388+V388 -> 0 | Y388: =IFERROR(W388/I388,0) -> 0
A389: 0002 | F389: Jacksonville | I389: =H389*E389 -> 0 | K389: =I389*J389 -> 0 | M389: =K389*L389 -> 0 | N389: =M389+K389 -> 0 | P389: =N389*O389 -> 0 | Q389: =P389+N389 -> 0 | S389: =Q389*R389 -> 0 | T389: =S389+Q389 -> 0 | V389: =U389*T389 -> 0 | W389: =T389+V389 -> 0 | Y389: =IFERROR(W389/I389,0) -> 0
A390: 0002 | F390: Jacksonville | I390: =H390*E390 -> 0 | K390: =I390*J390 -> 0 | M390: =K390*L390 -> 0 | N390: =M390+K390 -> 0 | P390: =N390*O390 -> 0 | Q390: =P390+N390 -> 0 | S390: =Q390*R390 -> 0 | T390: =S390+Q390 -> 0 | V390: =U390*T390 -> 0 | W390: =T390+V390 -> 0 | Y390: =IFERROR(W390/I390,0) -> 0
A391: 0002 | F391: Jacksonville | I391: =H391*E391 -> 0 | K391: =I391*J391 -> 0 | M391: =K391*L391 -> 0 | N391: =M391+K391 -> 0 | P391: =N391*O391 -> 0 | Q391: =P391+N391 -> 0 | S391: =Q391*R391 -> 0 | T391: =S391+Q391 -> 0 | V391: =U391*T391 -> 0 | W391: =T391+V391 -> 0 | Y391: =IFERROR(W391/I391,0) -> 0
A392: 0002 | F392: Jacksonville | I392: =H392*E392 -> 0 | K392: =I392*J392 -> 0 | M392: =K392*L392 -> 0 | N392: =M392+K392 -> 0 | P392: =N392*O392 -> 0 | Q392: =P392+N392 -> 0 | S392: =Q392*R392 -> 0 | T392: =S392+Q392 -> 0 | V392: =U392*T392 -> 0 | W392: =T392+V392 -> 0 | Y392: =IFERROR(W392/I392,0) -> 0
A393: 0002 | F393: Jacksonville | I393: =H393*E393 -> 0 | K393: =I393*J393 -> 0 | M393: =K393*L393 -> 0 | N393: =M393+K393 -> 0 | P393: =N393*O393 -> 0 | Q393: =P393+N393 -> 0 | S393: =Q393*R393 -> 0 | T393: =S393+Q393 -> 0 | V393: =U393*T393 -> 0 | W393: =T393+V393 -> 0 | Y393: =IFERROR(W393/I393,0) -> 0
A394: 0002 | F394: Jacksonville | I394: =H394*E394 -> 0 | K394: =I394*J394 -> 0 | M394: =K394*L394 -> 0 | N394: =M394+K394 -> 0 | P394: =N394*O394 -> 0 | Q394: =P394+N394 -> 0 | S394: =Q394*R394 -> 0 | T394: =S394+Q394 -> 0 | V394: =U394*T394 -> 0 | W394: =T394+V394 -> 0 | Y394: =IFERROR(W394/I394,0) -> 0
A395: 0002 | F395: Jacksonville | I395: =H395*E395 -> 0 | K395: =I395*J395 -> 0 | M395: =K395*L395 -> 0 | N395: =M395+K395 -> 0 | P395: =N395*O395 -> 0 | Q395: =P395+N395 -> 0 | S395: =Q395*R395 -> 0 | T395: =S395+Q395 -> 0 | V395: =U395*T395 -> 0 | W395: =T395+V395 -> 0 | Y395: =IFERROR(W395/I395,0) -> 0
A396: 0002 | F396: Jacksonville | I396: =H396*E396 -> 0 | K396: =I396*J396 -> 0 | M396: =K396*L396 -> 0 | N396: =M396+K396 -> 0 | P396: =N396*O396 -> 0 | Q396: =P396+N396 -> 0 | S396: =Q396*R396 -> 0 | T396: =S396+Q396 -> 0 | V396: =U396*T396 -> 0 | W396: =T396+V396 -> 0 | Y396: =IFERROR(W396/I396,0) -> 0
A397: 0002 | F397: Jacksonville | I397: =H397*E397 -> 0 | K397: =I397*J397 -> 0 | M397: =K397*L397 -> 0 | N397: =M397+K397 -> 0 | P397: =N397*O397 -> 0 | Q397: =P397+N397 -> 0 | S397: =Q397*R397 -> 0 | T397: =S397+Q397 -> 0 | V397: =U397*T397 -> 0 | W397: =T397+V397 -> 0 | Y397: =IFERROR(W397/I397,0) -> 0
A398: 0002 | F398: Jacksonville | I398: =H398*E398 -> 0 | K398: =I398*J398 -> 0 | M398: =K398*L398 -> 0 | N398: =M398+K398 -> 0 | P398: =N398*O398 -> 0 | Q398: =P398+N398 -> 0 | S398: =Q398*R398 -> 0 | T398: =S398+Q398 -> 0 | V398: =U398*T398 -> 0 | W398: =T398+V398 -> 0 | Y398: =IFERROR(W398/I398,0) -> 0
... A507: 0002 | F507: Jacksonville | I507: =H507*E507 -> 0 | K507: =I507*J507 -> 0 | M507: =K507*L507 -> 0 | N507: =M507+K507 -> 0 | P507: =N507*O507 -> 0 | Q507: =P507+N507 -> 0 | S507: =Q507*R507 -> 0 | T507: =S507+Q507 -> 0 | V507: =U507*T507 -> 0 | W507: =T507+V507 -> 0 | Y507: =IFERROR(W507/I507,0) -> 0
V508: Total | W508: =SUM(W387:W507) -> 0
A509: Ordering Period 1 Year 5
A510: CLIN | B510: Labor Type | C510: Labor Category | D510: Organizational Structure Location | E510: Proposed Manning | F510: Work Location | G510: Fringe Pool | H510: Overtime hours/person | I510: Total Overtime Hours | J510: Direct OT Rate | K510: Overtime Cost | L510: Fringe rate | M510: Fringe Cost | N510: Fringe + Labor Cost | O510: Labor OH rate | P510: Labor Overhead | Q510: Labor+Fringe+OH | R510: G&A Rate | S510: G&A | T510: Cost less FCCM | U510: FCCM Rate | V510: FCCM | W510: Total Cost | Y510: Overtime Wrap Rate
A511: 0002 | F511: Jacksonville | I511: =H511*E511 -> 0 | K511: =I511*J511 -> 0 | M511: =K511*L511 -> 0 | N511: =M511+K511 -> 0 | P511: =N511*O511 -> 0 | Q511: =P511+N511 -> 0 | S511: =Q511*R511 -> 0 | T511: =S511+Q511 -> 0 | V511: =U511*T511 -> 0 | W511: =T511+V511 -> 0 | Y511: =IFERROR(W511/I511,0) -> 0
A512: 0002 | F512: Jacksonville | I512: =H512*E512 -> 0 | K512: =I512*J512 -> 0 | M512: =K512*L512 -> 0 | N512: =M512+K512 -> 0 | P512: =N512*O512 -> 0 | Q512: =P512+N512 -> 0 | S512: =Q512*R512 -> 0 | T512: =S512+Q512 -> 0 | V512: =U512*T512 -> 0 | W512: =T512+V512 -> 0 | Y512: =IFERROR(W512/I512,0) -> 0
A513: 0002 | F513: Jacksonville | I513: =H513*E513 -> 0 | K513: =I513*J513 -> 0 | M513: =K513*L513 -> 0 | N513: =M513+K513 -> 0 | P513: =N513*O513 -> 0 | Q513: =P513+N513 -> 0 | S513: =Q513*R513 -> 0 | T513: =S513+Q513 -> 0 | V513: =U513*T513 -> 0 | W513: =T513+V513 -> 0 | Y513: =IFERROR(W513/I513,0) -> 0
A514: 0002 | F514: Jacksonville | I514: =H514*E514 -> 0 | K514: =I514*J514 -> 0 | M514: =K514*L514 -> 0 | N514: =M514+K514 -> 0 | P514: =N514*O514 -> 0 | Q514: =P514+N514 -> 0 | S514: =Q514*R514 -> 0 | T514: =S514+Q514 -> 0 | V514: =U514*T514 -> 0 | W514: =T514+V514 -> 0 | Y514: =IFERROR(W514/I514,0) -> 0
A515: 0002 | F515: Jacksonville | I515: =H515*E515 -> 0 | K515: =I515*J515 -> 0 | M515: =K515*L515 -> 0 | N515: =M515+K515 -> 0 | P515: =N515*O515 -> 0 | Q515: =P515+N515 -> 0 | S515: =Q515*R515 -> 0 | T515: =S515+Q515 -> 0 | V515: =U515*T515 -> 0 | W515: =T515+V515 -> 0 | Y515: =IFERROR(W515/I515,0) -> 0
A516: 0002 | F516: Jacksonville | I516: =H516*E516 -> 0 | K516: =I516*J516 -> 0 | M516: =K516*L516 -> 0 | N516: =M516+K516 -> 0 | P516: =N516*O516 -> 0 | Q516: =P516+N516 -> 0 | S516: =Q516*R516 -> 0 | T516: =S516+Q516 -> 0 | V516: =U516*T516 -> 0 | W516: =T516+V516 -> 0 | Y516: =IFERROR(W516/I516,0) -> 0
A517: 0002 | F517: Jacksonville | I517: =H517*E517 -> 0 | K517: =I517*J517 -> 0 | M517: =K517*L517 -> 0 | N517: =M517+K517 -> 0 | P517: =N517*O517 -> 0 | Q517: =P517+N517 -> 0 | S517: =Q517*R517 -> 0 | T517: =S517+Q517 -> 0 | V517: =U517*T517 -> 0 | W517: =T517+V517 -> 0 | Y517: =IFERROR(W517/I517,0) -> 0
A518: 0002 | F518: Jacksonville | I518: =H518*E518 -> 0 | K518: =I518*J518 -> 0 | M518: =K518*L518 -> 0 | N518: =M518+K518 -> 0 | P518: =N518*O518 -> 0 | Q518: =P518+N518 -> 0 | S518: =Q518*R518 -> 0 | T518: =S518+Q518 -> 0 | V518: =U518*T518 -> 0 | W518: =T518+V518 -> 0 | Y518: =IFERROR(W518/I518,0) -> 0
A519: 0002 | F519: Jacksonville | I519: =H519*E519 -> 0 | K519: =I519*J519 -> 0 | M519: =K519*L519 -> 0 | N519: =M519+K519 -> 0 | P519: =N519*O519 -> 0 | Q519: =P519+N519 -> 0 | S519: =Q519*R519 -> 0 | T519: =S519+Q519 -> 0 | V519: =U519*T519 -> 0 | W519: =T519+V519 -> 0 | Y519: =IFERROR(W519/I519,0) -> 0
A520: 0002 | F520: Jacksonville | I520: =H520*E520 -> 0 | K520: =I520*J520 -> 0 | M520: =K520*L520 -> 0 | N520: =M520+K520 -> 0 | P520: =N520*O520 -> 0 | Q520: =P520+N520 -> 0 | S520: =Q520*R520 -> 0 | T520: =S520+Q520 -> 0 | V520: =U520*T520 -> 0 | W520: =T520+V520 -> 0 | Y520: =IFERROR(W520/I520,0) -> 0
A521: 0002 | F521: Jacksonville | I521: =H521*E521 -> 0 | K521: =I521*J521 -> 0 | M521: =K521*L521 -> 0 | N521: =M521+K521 -> 0 | P521: =N521*O521 -> 0 | Q521: =P521+N521 -> 0 | S521: =Q521*R521 -> 0 | T521: =S521+Q521 -> 0 | V521: =U521*T521 -> 0 | W521: =T521+V521 -> 0 | Y521: =IFERROR(W521/I521,0) -> 0
A522: 0002 | F522: Jacksonville | I522: =H522*E522 -> 0 | K522: =I522*J522 -> 0 | M522: =K522*L522 -> 0 | N522: =M522+K522 -> 0 | P522: =N522*O522 -> 0 | Q522: =P522+N522 -> 0 | S522: =Q522*R522 -> 0 | T522: =S522+Q522 -> 0 | V522: =U522*T522 -> 0 | W522: =T522+V522 -> 0 | Y522: =IFERROR(W522/I522,0) -> 0
... A631: 0002 | F631: Jacksonville | I631: =H631*E631 -> 0 | K631: =I631*J631 -> 0 | M631: =K631*L631 -> 0 | N631: =M631+K631 -> 0 | P631: =N631*O631 -> 0 | Q631: =P631+N631 -> 0 | S631: =Q631*R631 -> 0 | T631: =S631+Q631 -> 0 | V631: =U631*T631 -> 0 | W631: =T631+V631 -> 0 | Y631: =IFERROR(W631/I631,0) -> 0
V632: Total | W632: =SUM(W511:W631) -> 0
A633: Ordering Period 2 Year 1
A634: CLIN | B634: Labor Type | C634: Labor Category | D634: Organizational Structure Location | E634: Proposed Manning | F634: Work Location | G634: Fringe Pool | H634: Overtime hours/person | I634: Total Overtime Hours | J634: Direct OT Rate | K634: Overtime Cost | L634: Fringe rate | M634: Fringe Cost | N634: Fringe + Labor Cost | O634: Labor OH rate | P634: Labor Overhead | Q634: Labor+Fringe+OH | R634: G&A Rate | S634: G&A | T634: Cost less FCCM | U634: FCCM Rate | V634: FCCM | W634: Total Cost | Y634: Overtime Wrap Rate
A635: 1002 | F635: Jacksonville | I635: =H635*E635 -> 0 | K635: =I635*J635 -> 0 | M635: =K635*L635 -> 0 | N635: =M635+K635 -> 0 | P635: =N635*O635 -> 0 | Q635: =P635+N635 -> 0 | S635: =Q635*R635 -> 0 | T635: =S635+Q635 -> 0 | V635: =U635*T635 -> 0 | W635: =T635+V635 -> 0 | Y635: =IFERROR(W635/I635,0) -> 0
A636: 1002 | F636: Jacksonville | I636: =H636*E636 -> 0 | K636: =I636*J636 -> 0 | M636: =K636*L636 -> 0 | N636: =M636+K636 -> 0 | P636: =N636*O636 -> 0 | Q636: =P636+N636 -> 0 | S636: =Q636*R636 -> 0 | T636: =S636+Q636 -> 0 | V636: =U636*T636 -> 0 | W636: =T636+V636 -> 0 | Y636: =IFERROR(W636/I636,0) -> 0
A637: 1002 | F637: Jacksonville | I637: =H637*E637 -> 0 | K637: =I637*J637 -> 0 | M637: =K637*L637 -> 0 | N637: =M637+K637 -> 0 | P637: =N637*O637 -> 0 | Q637: =P637+N637 -> 0 | S637: =Q637*R637 -> 0 | T637: =S637+Q637 -> 0 | V637: =U637*T637 -> 0 | W637: =T637+V637 -> 0 | Y637: =IFERROR(W637/I637,0) -> 0
A638: 1002 | F638: Jacksonville | I638: =H638*E638 -> 0 | K638: =I638*J638 -> 0 | M638: =K638*L638 -> 0 | N638: =M638+K638 -> 0 | P638: =N638*O638 -> 0 | Q638: =P638+N638 -> 0 | S638: =Q638*R638 -> 0 | T638: =S638+Q638 -> 0 | V638: =U638*T638 -> 0 | W638: =T638+V638 -> 0 | Y638: =IFERROR(W638/I638,0) -> 0
A639: 1002 | F639: Jacksonville | I639: =H639*E639 -> 0 | K639: =I639*J639 -> 0 | M639: =K639*L639 -> 0 | N639: =M639+K639 -> 0 | P639: =N639*O639 -> 0 | Q639: =P639+N639 -> 0 | S639: =Q639*R639 -> 0 | T639: =S639+Q639 -> 0 | V639: =U639*T639 -> 0 | W639: =T639+V639 -> 0 | Y639: =IFERROR(W639/I639,0) -> 0
...

Sheet CLINX003
A1: M67004-26-R-0007 Attachment J-7: Cost Model Workbook
A2: Contractor Name: | C2: =IF(Instructions!B3="","",Instructions!B3)
A3: * Rows 17-20 (blue) are examples only. Delete or modify these rows as needed. Ensure the Total cell at the bottom of each Ordering Period (Column Z) remains linked to the Total Proposed Price tab.
A4: * Input cells are highlighted in yellow. Non‑yellow cells contain formulas used to calculate the Total Price in Column Z.
A5: * Rows may be added or deleted as needed to reflect your manning solution. Use “N/A” in cells that do not apply.
A6: * Drop‑down selections are provided for Labor Type, Labor Category, Fringe Pool, and Job Location.
A7: * Column D: Identify where each position fits within your manning solution. This should align with the Organization Structure required in Section L.6, Volume II – Management Proposal.
A8: * Productive Hours (Column H): Calculate as total available hours per year minus weekends, holidays, and PTO for the proposed location.
A9: * Labor Hours (Column I): Calculate as Productive Hours multiplied by Proposed Manning.
A10: * Subcontractors (Cost‑type): Must provide labor rates and labor categories (LCATs). If submitting directly to the Government, the prime shall ensure the total subcontract price is entered in Column Z and annotate that detailed costs were submitted separately.
A11: * Subcontractors (Fixed Price or T&M): The prime must complete Columns B–I for each proposed Subcontract Labor Category. Instead of completing the cost build‑up (Columns J–Y), enter the total subcontract price directly in Column Z.
A12: * Column AB will auto‑calculate based on the value entered in Column Z.
A15: Ordering Period 1 Year1
A16: CLIN | B16: Labor Type | C16: Labor Category | D16: Organizational Structure Location | E16: Proposed Manning | F16: Work Location | G16: Fringe Pool | H16: Productive Hours | I16: Regular Labor Hours | J16: Direct Labor Rate | K16: Regular Labor Cost | L16: Fringe rate | M16: Fringe Cost | N16: Fringe + Labor Cost | O16: Labor OH rate | P16: Labor Overhead | Q16: Labor+Fringe+OH | R16: G&A Rate | S16: G&A | T16: Cost less FCCM | U16: FCCM | V16: FCCM | W16: Total Cost | X16: Profit/Fee Rate | Y16: Profit/Fee | Z16: Total Price | AB16: Straight TimeWrap Rate
A17: 0003 | B17: EX | C17: Land Based Program Manager | D17: Program Management | E17: 1 | F17: Palau | G17: Full Time Benefits | H17: 1830 | I17: =E17*H17 -> 1830 | J17: 50 | K17: =I17*J17 -> 91500 | L17: 0.35 | M17: =K17*L17 -> 32025 | N17: =M17+K17 -> 123525 | O17: 0.08 | P17: =N17*O17 -> 9882 | Q17: =P17+N17 -> 133407 | R17: 0.1 | S17: =Q17*R17 -> 13340.7 | T17: =S17+Q17 -> 146747.7 | U17: 0.0005 | V17: =U17*T17 -> 73.37385 | W17: =T17+V17 -> 146821.07 | X17: 0.08 | Y17: =X17*T17 -> 11739.816 | Z17: =W17+Y17 -> 158560.89 | AB17: =IFERROR(Z17/I17,0) -> 86.645295
A18: 0003 | B18: EX | C18: Carpenter | D18: Supply Section | E18: 1 | F18: Philippines | G18: Full Time Benefits | H18: 1830 | I18: =E18*H18 -> 1830 | J18: 30 | K18: =I18*J18 -> 54900 | L18: 0.35 | M18: =K18*L18 -> 19215 | N18: =M18+K18 -> 74115 | O18: 0.08 | P18: =N18*O18 -> 5929.2 | Q18: =P18+N18 -> 80044.2 | R18: 0.1 | S18: =Q18*R18 -> 8004.42 | T18: =S18+Q18 -> 88048.62 | U18: 0.0005 | V18: =U18*T18 -> 44.02431 | W18: =T18+V18 -> 88092.644 | X18: 0.08 | Y18: =X18*T18 -> 7043.8896 | Z18: =W18+Y18 -> 95136.534 | AB18: =IFERROR(Z18/I18,0) -> 51.987177
A19: 0003 | B19: EX | C19: Shipboard Supervisor | D19: Ship | E19: 8 | F19: Shipboard | G19: Full Time Benefits | H19: 1848 | I19: =E19*H19 -> 14784 | J19: 40 | K19: =I19*J19 -> 591360 | L19: 0.35 | M19: =K19*L19 -> 206976 | N19: =M19+K19 -> 798336 | O19: 0.08 | P19: =N19*O19 -> 63866.88 | Q19: =P19+N19 -> 862202.88 | R19: 0.1 | S19: =Q19*R19 -> 86220.288 | T19: =S19+Q19 -> 948423.17 | U19: 0.0005 | V19: =U19*T19 -> 474.21158 | W19: =T19+V19 -> 948897.38 | X19: 0.08 | Y19: =X19*T19 -> 75873.853 | Z19: =W19+Y19 -> 1024771.2 | AB19: =IFERROR(Z19/I19,0) -> 69.316236
A20: 0003 | B20: EX | C20: COMSEC Tech | D20: Communications | E20: 3 | F20: Norway | G20: OCONUS Fringe | H20: 1750 | I20: =E20*H20 -> 5250 | J20: 27 | K20: =I20*J20 -> 141750 | L20: 0.35 | M20: =K20*L20 -> 49612.5 | N20: =M20+K20 -> 191362.5 | O20: 0.08 | P20: =N20*O20 -> 15309 | Q20: =P20+N20 -> 206671.5 | R20: 0.1 | S20: =Q20*R20 -> 20667.15 | T20: =S20+Q20 -> 227338.65 | U20: 0.0005 | V20: =U20*T20 -> 113.66933 | W20: =T20+V20 -> 227452.32 | X20: 0.08 | Y20: =X20*T20 -> 18187.092 | Z20: =W20+Y20 -> 245639.41 | AB20: =IFERROR(Z20/I20,0) -> 46.788459
A21: 0003 | I21: =H21*E21 -> 0 | K21: =I21*J21 -> 0 | M21: =K21*L21 -> 0 | N21: =M21+K21 -> 0 | P21: =N21*O21 -> 0 | Q21: =P21+N21 -> 0 | S21: =Q21*R21 -> 0 | T21: =S21+Q21 -> 0 | V21: =U21*T21 -> 0 | W21: =T21+V21 -> 0 | Y21: =X21*T21 -> 0 | Z21: =W21+Y21 -> 0 | AB21: =IFERROR(Z21/I21,0) -> 0
A22: 0003 | I22: =H22*E22 -> 0 | K22: =I22*J22 -> 0 | M22: =K22*L22 -> 0 | N22: =M22+K22 -> 0 | P22: =N22*O22 -> 0 | Q22: =P22+N22 -> 0 | S22: =Q22*R22 -> 0 | T22: =S22+Q22 -> 0 | V22: =U22*T22 -> 0 | W22: =T22+V22 -> 0 | Y22: =X22*T22 -> 0 | Z22: =W22+Y22 -> 0 | AB22: =IFERROR(Z22/I22,0) -> 0
A23: 0003 | I23: =H23*E23 -> 0 | K23: =I23*J23 -> 0 | M23: =K23*L23 -> 0 | N23: =M23+K23 -> 0 | P23: =N23*O23 -> 0 | Q23: =P23+N23 -> 0 | S23: =Q23*R23 -> 0 | T23: =S23+Q23 -> 0 | V23: =U23*T23 -> 0 | W23: =T23+V23 -> 0 | Y23: =X23*T23 -> 0 | Z23: =W23+Y23 -> 0 | AB23: =IFERROR(Z23/I23,0) -> 0
A24: 0003 | I24: =H24*E24 -> 0 | K24: =I24*J24 -> 0 | M24: =K24*L24 -> 0 | N24: =M24+K24 -> 0 | P24: =N24*O24 -> 0 | Q24: =P24+N24 -> 0 | S24: =Q24*R24 -> 0 | T24: =S24+Q24 -> 0 | V24: =U24*T24 -> 0 | W24: =T24+V24 -> 0 | Y24: =X24*T24 -> 0 | Z24: =W24+Y24 -> 0 | AB24: =IFERROR(Z24/I24,0) -> 0
A25: 0003 | I25: =H25*E25 -> 0 | K25: =I25*J25 -> 0 | M25: =K25*L25 -> 0 | N25: =M25+K25 -> 0 | P25: =N25*O25 -> 0 | Q25: =P25+N25 -> 0 | S25: =Q25*R25 -> 0 | T25: =S25+Q25 -> 0 | V25: =U25*T25 -> 0 | W25: =T25+V25 -> 0 | Y25: =X25*T25 -> 0 | Z25: =W25+Y25 -> 0 | AB25: =IFERROR(Z25/I25,0) -> 0
A26: 0003 | I26: =H26*E26 -> 0 | K26: =I26*J26 -> 0 | M26: =K26*L26 -> 0 | N26: =M26+K26 -> 0 | P26: =N26*O26 -> 0 | Q26: =P26+N26 -> 0 | S26: =Q26*R26 -> 0 | T26: =S26+Q26 -> 0 | V26: =U26*T26 -> 0 | W26: =T26+V26 -> 0 | Y26: =X26*T26 -> 0 | Z26: =W26+Y26 -> 0 | AB26: =IFERROR(Z26/I26,0) -> 0
A27: 0003 | I27: =H27*E27 -> 0 | K27: =I27*J27 -> 0 | M27: =K27*L27 -> 0 | N27: =M27+K27 -> 0 | P27: =N27*O27 -> 0 | Q27: =P27+N27 -> 0 | S27: =Q27*R27 -> 0 | T27: =S27+Q27 -> 0 | V27: =U27*T27 -> 0 | W27: =T27+V27 -> 0 | Y27: =X27*T27 -> 0 | Z27: =W27+Y27 -> 0 | AB27: =IFERROR(Z27/I27,0) -> 0
A28: 0003 | I28: =H28*E28 -> 0 | K28: =I28*J28 -> 0 | M28: =K28*L28 -> 0 | N28: =M28+K28 -> 0 | P28: =N28*O28 -> 0 | Q28: =P28+N28 -> 0 | S28: =Q28*R28 -> 0 | T28: =S28+Q28 -> 0 | V28: =U28*T28 -> 0 | W28: =T28+V28 -> 0 | Y28: =X28*T28 -> 0 | Z28: =W28+Y28 -> 0 | AB28: =IFERROR(Z28/I28,0) -> 0
A29: 0003 | I29: =H29*E29 -> 0 | K29: =I29*J29 -> 0 | M29: =K29*L29 -> 0 | N29: =M29+K29 -> 0 | P29: =N29*O29 -> 0 | Q29: =P29+N29 -> 0 | S29: =Q29*R29 -> 0 | T29: =S29+Q29 -> 0 | V29: =U29*T29 -> 0 | W29: =T29+V29 -> 0 | Y29: =X29*T29 -> 0 | Z29: =W29+Y29 -> 0 | AB29: =IFERROR(Z29/I29,0) -> 0
A30: 0003 | I30: =H30*E30 -> 0 | K30: =I30*J30 -> 0 | M30: =K30*L30 -> 0 | N30: =M30+K30 -> 0 | P30: =N30*O30 -> 0 | Q30: =P30+N30 -> 0 | S30: =Q30*R30 -> 0 | T30: =S30+Q30 -> 0 | V30: =U30*T30 -> 0 | W30: =T30+V30 -> 0 | Y30: =X30*T30 -> 0 | Z30: =W30+Y30 -> 0 | AB30: =IFERROR(Z30/I30,0) -> 0
A31: 0003 | I31: =H31*E31 -> 0 | K31: =I31*J31 -> 0 | M31: =K31*L31 -> 0 | N31: =M31+K31 -> 0 | P31: =N31*O31 -> 0 | Q31: =P31+N31 -> 0 | S31: =Q31*R31 -> 0 | T31: =S31+Q31 -> 0 | V31: =U31*T31 -> 0 | W31: =T31+V31 -> 0 | Y31: =X31*T31 -> 0 | Z31: =W31+Y31 -> 0 | AB31: =IFERROR(Z31/I31,0) -> 0
A32: 0003 | I32: =H32*E32 -> 0 | K32: =I32*J32 -> 0 | M32: =K32*L32 -> 0 | N32: =M32+K32 -> 0 | P32: =N32*O32 -> 0 | Q32: =P32+N32 -> 0 | S32: =Q32*R32 -> 0 | T32: =S32+Q32 -> 0 | V32: =U32*T32 -> 0 | W32: =T32+V32 -> 0 | Y32: =X32*T32 -> 0 | Z32: =W32+Y32 -> 0 | AB32: =IFERROR(Z32/I32,0) -> 0
... A56: 0003 | I56: =H56*E56 -> 0 | K56: =I56*J56 -> 0 | M56: =K56*L56 -> 0 | N56: =M56+K56 -> 0 | P56: =N56*O56 -> 0 | Q56: =P56+N56 -> 0 | S56: =Q56*R56 -> 0 | T56: =S56+Q56 -> 0 | V56: =U56*T56 -> 0 | W56: =T56+V56 -> 0 | Y56: =X56*T56 -> 0 | Z56: =W56+Y56 -> 0 | AB56: =IFERROR(Z56/I56,0) -> 0
W57: =SUM(W17:W56) -> 1411263.4 | Y57: =SUM(Y17:Y56) -> 112844.65 | Z57: =SUM(Z17:Z56) -> 1524108.1
A58: Ordering Period 1 Year 2
A59: CLIN | B59: Labor Type | C59: Labor Category | D59: Organizational Structure Location | E59: Positions Required | F59: Work Location | G59: Fringe Pool | H59: Productive Hours | I59: Regular Labor Hours | J59: Direct Labor Rate | K59: Regular Labor Cost | L59: Fringe rate | M59: Fringe Cost | N59: Fringe + Labor Cost | O59: Labor OH rate | P59: Labor Overhead | Q59: Labor+Fringe+OH | R59: G&A Rate | S59: G&A | T59: Cost less FCCM | U59: FCCM | V59: FCCM | W59: Total Cost | X59: Profit/Fee Rate | Y59: Profit/Fee | Z59: Total Price | AB59: Straight TimeWrap Rate
A60: 0003 | K60: =I60*J60 -> 0 | M60: =K60*L60 -> 0 | N60: =M60+K60 -> 0 | P60: =N60*O60 -> 0 | Q60: =P60+N60 -> 0 | S60: =Q60*R60 -> 0 | T60: =S60+Q60 -> 0 | V60: =U60*T60 -> 0 | W60: =T60+V60 -> 0 | Y60: =X60*T60 -> 0 | Z60: =W60+Y60 -> 0 | AB60: =IFERROR(Z60/I60,0) -> 0
A61: 0003 | K61: =I61*J61 -> 0 | M61: =K61*L61 -> 0 | N61: =M61+K61 -> 0 | P61: =N61*O61 -> 0 | Q61: =P61+N61 -> 0 | S61: =Q61*R61 -> 0 | T61: =S61+Q61 -> 0 | V61: =U61*T61 -> 0 | W61: =T61+V61 -> 0 | Y61: =X61*T61 -> 0 | Z61: =W61+Y61 -> 0 | AB61: =IFERROR(Z61/I61,0) -> 0
A62: 0003 | K62: =I62*J62 -> 0 | M62: =K62*L62 -> 0 | N62: =M62+K62 -> 0 | P62: =N62*O62 -> 0 | Q62: =P62+N62 -> 0 | S62: =Q62*R62 -> 0 | T62: =S62+Q62 -> 0 | V62: =U62*T62 -> 0 | W62: =T62+V62 -> 0 | Y62: =X62*T62 -> 0 | Z62: =W62+Y62 -> 0 | AB62: =IFERROR(Z62/I62,0) -> 0
A63: 0003 | K63: =I63*J63 -> 0 | M63: =K63*L63 -> 0 | N63: =M63+K63 -> 0 | P63: =N63*O63 -> 0 | Q63: =P63+N63 -> 0 | S63: =Q63*R63 -> 0 | T63: =S63+Q63 -> 0 | V63: =U63*T63 -> 0 | W63: =T63+V63 -> 0 | Y63: =X63*T63 -> 0 | Z63: =W63+Y63 -> 0 | AB63: =IFERROR(Z63/I63,0) -> 0
A64: 0003 | I64: =H64*E64 -> 0 | K64: =I64*J64 -> 0 | M64: =K64*L64 -> 0 | N64: =M64+K64 -> 0 | P64: =N64*O64 -> 0 | Q64: =P64+N64 -> 0 | S64: =Q64*R64 -> 0 | T64: =S64+Q64 -> 0 | V64: =U64*T64 -> 0 | W64: =T64+V64 -> 0 | Y64: =X64*T64 -> 0 | Z64: =W64+Y64 -> 0 | AB64: =IFERROR(Z64/I64,0) -> 0
A65: 0003 | I65: =H65*E65 -> 0 | K65: =I65*J65 -> 0 | M65: =K65*L65 -> 0 | N65: =M65+K65 -> 0 | P65: =N65*O65 -> 0 | Q65: =P65+N65 -> 0 | S65: =Q65*R65 -> 0 | T65: =S65+Q65 -> 0 | V65: =U65*T65 -> 0 | W65: =T65+V65 -> 0 | Y65: =X65*T65 -> 0 | Z65: =W65+Y65 -> 0 | AB65: =IFERROR(Z65/I65,0) -> 0
A66: 0003 | I66: =H66*E66 -> 0 | K66: =I66*J66 -> 0 | M66: =K66*L66 -> 0 | N66: =M66+K66 -> 0 | P66: =N66*O66 -> 0 | Q66: =P66+N66 -> 0 | S66: =Q66*R66 -> 0 | T66: =S66+Q66 -> 0 | V66: =U66*T66 -> 0 | W66: =T66+V66 -> 0 | Y66: =X66*T66 -> 0 | Z66: =W66+Y66 -> 0 | AB66: =IFERROR(Z66/I66,0) -> 0
A67: 0003 | I67: =H67*E67 -> 0 | K67: =I67*J67 -> 0 | M67: =K67*L67 -> 0 | N67: =M67+K67 -> 0 | P67: =N67*O67 -> 0 | Q67: =P67+N67 -> 0 | S67: =Q67*R67 -> 0 | T67: =S67+Q67 -> 0 | V67: =U67*T67 -> 0 | W67: =T67+V67 -> 0 | Y67: =X67*T67 -> 0 | Z67: =W67+Y67 -> 0 | AB67: =IFERROR(Z67/I67,0) -> 0
A68: 0003 | I68: =H68*E68 -> 0 | K68: =I68*J68 -> 0 | M68: =K68*L68 -> 0 | N68: =M68+K68 -> 0 | P68: =N68*O68 -> 0 | Q68: =P68+N68 -> 0 | S68: =Q68*R68 -> 0 | T68: =S68+Q68 -> 0 | V68: =U68*T68 -> 0 | W68: =T68+V68 -> 0 | Y68: =X68*T68 -> 0 | Z68: =W68+Y68 -> 0 | AB68: =IFERROR(Z68/I68,0) -> 0
A69: 0003 | I69: =H69*E69 -> 0 | K69: =I69*J69 -> 0 | M69: =K69*L69 -> 0 | N69: =M69+K69 -> 0 | P69: =N69*O69 -> 0 | Q69: =P69+N69 -> 0 | S69: =Q69*R69 -> 0 | T69: =S69+Q69 -> 0 | V69: =U69*T69 -> 0 | W69: =T69+V69 -> 0 | Y69: =X69*T69 -> 0 | Z69: =W69+Y69 -> 0 | AB69: =IFERROR(Z69/I69,0) -> 0
A70: 0003 | I70: =H70*E70 -> 0 | K70: =I70*J70 -> 0 | M70: =K70*L70 -> 0 | N70: =M70+K70 -> 0 | P70: =N70*O70 -> 0 | Q70: =P70+N70 -> 0 | S70: =Q70*R70 -> 0 | T70: =S70+Q70 -> 0 | V70: =U70*T70 -> 0 | W70: =T70+V70 -> 0 | Y70: =X70*T70 -> 0 | Z70: =W70+Y70 -> 0 | AB70: =IFERROR(Z70/I70,0) -> 0
A71: 0003 | I71: =H71*E71 -> 0 | K71: =I71*J71 -> 0 | M71: =K71*L71 -> 0 | N71: =M71+K71 -> 0 | P71: =N71*O71 -> 0 | Q71: =P71+N71 -> 0 | S71: =Q71*R71 -> 0 | T71: =S71+Q71 -> 0 | V71: =U71*T71 -> 0 | W71: =T71+V71 -> 0 | Y71: =X71*T71 -> 0 | Z71: =W71+Y71 -> 0 | AB71: =IFERROR(Z71/I71,0) -> 0
A72: 0003 | I72: =H72*E72 -> 0 | K72: =I72*J72 -> 0 | M72: =K72*L72 -> 0 | N72: =M72+K72 -> 0 | P72: =N72*O72 -> 0 | Q72: =P72+N72 -> 0 | S72: =Q72*R72 -> 0 | T72: =S72+Q72 -> 0 | V72: =U72*T72 -> 0 | W72: =T72+V72 -> 0 | Y72: =X72*T72 -> 0 | Z72: =W72+Y72 -> 0 | AB72: =IFERROR(Z72/I72,0) -> 0
A73: 0003 | I73: =H73*E73 -> 0 | K73: =I73*J73 -> 0 | M73: =K73*L73 -> 0 | N73: =M73+K73 -> 0 | P73: =N73*O73 -> 0 | Q73: =P73+N73 -> 0 | S73: =Q73*R73 -> 0 | T73: =S73+Q73 -> 0 | V73: =U73*T73 -> 0 | W73: =T73+V73 -> 0 | Y73: =X73*T73 -> 0 | Z73: =W73+Y73 -> 0 | AB73: =IFERROR(Z73/I73,0) -> 0
A74: 0003 | I74: =H74*E74 -> 0 | K74: =I74*J74 -> 0 | M74: =K74*L74 -> 0 | N74: =M74+K74 -> 0 | P74: =N74*O74 -> 0 | Q74: =P74+N74 -> 0 | S74: =Q74*R74 -> 0 | T74: =S74+Q74 -> 0 | V74: =U74*T74 -> 0 | W74: =T74+V74 -> 0 | Y74: =X74*T74 -> 0 | Z74: =W74+Y74 -> 0 | AB74: =IFERROR(Z74/I74,0) -> 0
A75: 0003 | I75: =H75*E75 -> 0 | K75: =I75*J75 -> 0 | M75: =K75*L75 -> 0 | N75: =M75+K75 -> 0 | P75: =N75*O75 -> 0 | Q75: =P75+N75 -> 0 | S75: =Q75*R75 -> 0 | T75: =S75+Q75 -> 0 | V75: =U75*T75 -> 0 | W75: =T75+V75 -> 0 | Y75: =X75*T75 -> 0 | Z75: =W75+Y75 -> 0 | AB75: =IFERROR(Z75/I75,0) -> 0
... A99: 0003 | I99: =H99*E99 -> 0 | K99: =I99*J99 -> 0 | M99: =K99*L99 -> 0 | N99: =M99+K99 -> 0 | P99: =N99*O99 -> 0 | Q99: =P99+N99 -> 0 | S99: =Q99*R99 -> 0 | T99: =S99+Q99 -> 0 | V99: =U99*T99 -> 0 | W99: =T99+V99 -> 0 | Y99: =X99*T99 -> 0 | Z99: =W99+Y99 -> 0 | AB99: =IFERROR(Z99/I99,0) -> 0
W100: =SUM(W60:W99) -> 0 | Y100: =SUM(Y60:Y99) -> 0 | Z100: =SUM(Z60:Z99) -> 0
A101: Ordering Period 1 Year 3
A102: CLIN | B102: Labor Type | C102: Labor Category | D102: Organizational Structure Location | E102: Positions Required | F102: Work Location | G102: Fringe Pool | H102: Productive Hours | I102: Regular Labor Hours | J102: Direct Labor Rate | K102: Regular Labor Cost | L102: Fringe rate | M102: Fringe Cost | N102: Fringe + Labor Cost | O102: Labor OH rate | P102: Labor Overhead | Q102: Labor+Fringe+OH | R102: G&A Rate | S102: G&A | T102: Cost less FCCM | U102: FCCM | V102: FCCM | W102: Total Cost | X102: Profit/Fee Rate | Y102: Profit/Fee | Z102: Total Price | AB102: Straight TimeWrap Rate
A103: 0003 | K103: =I103*J103 -> 0 | M103: =K103*L103 -> 0 | N103: =M103+K103 -> 0 | P103: =N103*O103 -> 0 | Q103: =P103+N103 -> 0 | S103: =Q103*R103 -> 0 | T103: =S103+Q103 -> 0 | V103: =U103*T103 -> 0 | W103: =T103+V103 -> 0 | Y103: =X103*T103 -> 0 | Z103: =W103+Y103 -> 0 | AB103: =IFERROR(Z103/I103,0) -> 0
A104: 0003 | K104: =I104*J104 -> 0 | M104: =K104*L104 -> 0 | N104: =M104+K104 -> 0 | P104: =N104*O104 -> 0 | Q104: =P104+N104 -> 0 | S104: =Q104*R104 -> 0 | T104: =S104+Q104 -> 0 | V104: =U104*T104 -> 0 | W104: =T104+V104 -> 0 | Y104: =X104*T104 -> 0 | Z104: =W104+Y104 -> 0 | AB104: =IFERROR(Z104/I104,0) -> 0
A105: 0003 | K105: =I105*J105 -> 0 | M105: =K105*L105 -> 0 | N105: =M105+K105 -> 0 | P105: =N105*O105 -> 0 | Q105: =P105+N105 -> 0 | S105: =Q105*R105 -> 0 | T105: =S105+Q105 -> 0 | V105: =U105*T105 -> 0 | W105: =T105+V105 -> 0 | Y105: =X105*T105 -> 0 | Z105: =W105+Y105 -> 0 | AB105: =IFERROR(Z105/I105,0) -> 0
A106: 0003 | K106: =I106*J106 -> 0 | M106: =K106*L106 -> 0 | N106: =M106+K106 -> 0 | P106: =N106*O106 -> 0 | Q106: =P106+N106 -> 0 | S106: =Q106*R106 -> 0 | T106: =S106+Q106 -> 0 | V106: =U106*T106 -> 0 | W106: =T106+V106 -> 0 | Y106: =X106*T106 -> 0 | Z106: =W106+Y106 -> 0 | AB106: =IFERROR(Z106/I106,0) -> 0
A107: 0003 | I107: =H107*E107 -> 0 | K107: =I107*J107 -> 0 | M107: =K107*L107 -> 0 | N107: =M107+K107 -> 0 | P107: =N107*O107 -> 0 | Q107: =P107+N107 -> 0 | S107: =Q107*R107 -> 0 | T107: =S107+Q107 -> 0 | V107: =U107*T107 -> 0 | W107: =T107+V107 -> 0 | Y107: =X107*T107 -> 0 | Z107: =W107+Y107 -> 0 | AB107: =IFERROR(Z107/I107,0) -> 0
A108: 0003 | I108: =H108*E108 -> 0 | K108: =I108*J108 -> 0 | M108: =K108*L108 -> 0 | N108: =M108+K108 -> 0 | P108: =N108*O108 -> 0 | Q108: =P108+N108 -> 0 | S108: =Q108*R108 -> 0 | T108: =S108+Q108 -> 0 | V108: =U108*T108 -> 0 | W108: =T108+V108 -> 0 | Y108: =X108*T108 -> 0 | Z108: =W108+Y108 -> 0 | AB108: =IFERROR(Z108/I108,0) -> 0
A109: 0003 | I109: =H109*E109 -> 0 | K109: =I109*J109 -> 0 | M109: =K109*L109 -> 0 | N109: =M109+K109 -> 0 | P109: =N109*O109 -> 0 | Q109: =P109+N109 -> 0 | S109: =Q109*R109 -> 0 | T109: =S109+Q109 -> 0 | V109: =U109*T109 -> 0 | W109: =T109+V109 -> 0 | Y109: =X109*T109 -> 0 | Z109: =W109+Y109 -> 0 | AB109: =IFERROR(Z109/I109,0) -> 0
A110: 0003 | I110: =H110*E110 -> 0 | K110: =I110*J110 -> 0 | M110: =K110*L110 -> 0 | N110: =M110+K110 -> 0 | P110: =N110*O110 -> 0 | Q110: =P110+N110 -> 0 | S110: =Q110*R110 -> 0 | T110: =S110+Q110 -> 0 | V110: =U110*T110 -> 0 | W110: =T110+V110 -> 0 | Y110: =X110*T110 -> 0 | Z110: =W110+Y110 -> 0 | AB110: =IFERROR(Z110/I110,0) -> 0
A111: 0003 | I111: =H111*E111 -> 0 | K111: =I111*J111 -> 0 | M111: =K111*L111 -> 0 | N111: =M111+K111 -> 0 | P111: =N111*O111 -> 0 | Q111: =P111+N111 -> 0 | S111: =Q111*R111 -> 0 | T111: =S111+Q111 -> 0 | V111: =U111*T111 -> 0 | W111: =T111+V111 -> 0 | Y111: =X111*T111 -> 0 | Z111: =W111+Y111 -> 0 | AB111: =IFERROR(Z111/I111,0) -> 0
A112: 0003 | I112: =H112*E112 -> 0 | K112: =I112*J112 -> 0 | M112: =K112*L112 -> 0 | N112: =M112+K112 -> 0 | P112: =N112*O112 -> 0 | Q112: =P112+N112 -> 0 | S112: =Q112*R112 -> 0 | T112: =S112+Q112 -> 0 | V112: =U112*T112 -> 0 | W112: =T112+V112 -> 0 | Y112: =X112*T112 -> 0 | Z112: =W112+Y112 -> 0 | AB112: =IFERROR(Z112/I112,0) -> 0
A113: 0003 | I113: =H113*E113 -> 0 | K113: =I113*J113 -> 0 | M113: =K113*L113 -> 0 | N113: =M113+K113 -> 0 | P113: =N113*O113 -> 0 | Q113: =P113+N113 -> 0 | S113: =Q113*R113 -> 0 | T113: =S113+Q113 -> 0 | V113: =U113*T113 -> 0 | W113: =T113+V113 -> 0 | Y113: =X113*T113 -> 0 | Z113: =W113+Y113 -> 0 | AB113: =IFERROR(Z113/I113,0) -> 0
A114: 0003 | I114: =H114*E114 -> 0 | K114: =I114*J114 -> 0 | M114: =K114*L114 -> 0 | N114: =M114+K114 -> 0 | P114: =N114*O114 -> 0 | Q114: =P114+N114 -> 0 | S114: =Q114*R114 -> 0 | T114: =S114+Q114 -> 0 | V114: =U114*T114 -> 0 | W114: =T114+V114 -> 0 | Y114: =X114*T114 -> 0 | Z114: =W114+Y114 -> 0 | AB114: =IFERROR(Z114/I114,0) -> 0
A115: 0003 | I115: =H115*E115 -> 0 | K115: =I115*J115 -> 0 | M115: =K115*L115 -> 0 | N115: =M115+K115 -> 0 | P115: =N115*O115 -> 0 | Q115: =P115+N115 -> 0 | S115: =Q115*R115 -> 0 | T115: =S115+Q115 -> 0 | V115: =U115*T115 -> 0 | W115: =T115+V115 -> 0 | Y115: =X115*T115 -> 0 | Z115: =W115+Y115 -> 0 | AB115: =IFERROR(Z115/I115,0) -> 0
A116: 0003 | I116: =H116*E116 -> 0 | K116: =I116*J116 -> 0 | M116: =K116*L116 -> 0 | N116: =M116+K116 -> 0 | P116: =N116*O116 -> 0 | Q116: =P116+N116 -> 0 | S116: =Q116*R116 -> 0 | T116: =S116+Q116 -> 0 | V116: =U116*T116 -> 0 | W116: =T116+V116 -> 0 | Y116: =X116*T116 -> 0 | Z116: =W116+Y116 -> 0 | AB116: =IFERROR(Z116/I116,0) -> 0
A117: 0003 | I117: =H117*E117 -> 0 | K117: =I117*J117 -> 0 | M117: =K117*L117 -> 0 | N117: =M117+K117 -> 0 | P117: =N117*O117 -> 0 | Q117: =P117+N117 -> 0 | S117: =Q117*R117 -> 0 | T117: =S117+Q117 -> 0 | V117: =U117*T117 -> 0 | W117: =T117+V117 -> 0 | Y117: =X117*T117 -> 0 | Z117: =W117+Y117 -> 0 | AB117: =IFERROR(Z117/I117,0) -> 0
A118: 0003 | I118: =H118*E118 -> 0 | K118: =I118*J118 -> 0 | M118: =K118*L118 -> 0 | N118: =M118+K118 -> 0 | P118: =N118*O118 -> 0 | Q118: =P118+N118 -> 0 | S118: =Q118*R118 -> 0 | T118: =S118+Q118 -> 0 | V118: =U118*T118 -> 0 | W118: =T118+V118 -> 0 | Y118: =X118*T118 -> 0 | Z118: =W118+Y118 -> 0 | AB118: =IFERROR(Z118/I118,0) -> 0
... A142: 0003 | I142: =H142*E142 -> 0 | K142: =I142*J142 -> 0 | M142: =K142*L142 -> 0 | N142: =M142+K142 -> 0 | P142: =N142*O142 -> 0 | Q142: =P142+N142 -> 0 | S142: =Q142*R142 -> 0 | T142: =S142+Q142 -> 0 | V142: =U142*T142 -> 0 | W142: =T142+V142 -> 0 | Y142: =X142*T142 -> 0 | Z142: =W142+Y142 -> 0 | AB142: =IFERROR(Z142/I142,0) -> 0
W143: =SUM(W103:W142) -> 0 | Y143: =SUM(Y103:Y142) -> 0 | Z143: =SUM(Z103:Z142) -> 0
A144: Ordering Period 1 Year 4
A145: CLIN | B145: Labor Type | C145: Labor Category | D145: Organizational Structure Location | E145: Positions Required | F145: Work Location | G145: Fringe Pool | H145: Productive Hours | I145: Regular Labor Hours | J145: Direct Labor Rate | K145: Regular Labor Cost | L145: Fringe rate | M145: Fringe Cost | N145: Fringe + Labor Cost | O145: Labor OH rate | P145: Labor Overhead | Q145: Labor+Fringe+OH | R145: G&A Rate | S145: G&A | T145: Cost less FCCM | U145: FCCM | V145: FCCM | W145: Total Cost | X145: Profit/Fee Rate | Y145: Profit/Fee | Z145: Total Price | AB145: Straight TimeWrap Rate
A146: 0003 | K146: =I146*J146 -> 0 | M146: =K146*L146 -> 0 | N146: =M146+K146 -> 0 | P146: =N146*O146 -> 0 | Q146: =P146+N146 -> 0 | S146: =Q146*R146 -> 0 | T146: =S146+Q146 -> 0 | V146: =U146*T146 -> 0 | W146: =T146+V146 -> 0 | Y146: =X146*T146 -> 0 | Z146: =W146+Y146 -> 0 | AB146: =IFERROR(Z146/I146,0) -> 0
A147: 0003 | K147: =I147*J147 -> 0 | M147: =K147*L147 -> 0 | N147: =M147+K147 -> 0 | P147: =N147*O147 -> 0 | Q147: =P147+N147 -> 0 | S147: =Q147*R147 -> 0 | T147: =S147+Q147 -> 0 | V147: =U147*T147 -> 0 | W147: =T147+V147 -> 0 | Y147: =X147*T147 -> 0 | Z147: =W147+Y147 -> 0 | AB147: =IFERROR(Z147/I147,0) -> 0
A148: 0003 | K148: =I148*J148 -> 0 | M148: =K148*L148 -> 0 | N148: =M148+K148 -> 0 | P148: =N148*O148 -> 0 | Q148: =P148+N148 -> 0 | S148: =Q148*R148 -> 0 | T148: =S148+Q148 -> 0 | V148: =U148*T148 -> 0 | W148: =T148+V148 -> 0 | Y148: =X148*T148 -> 0 | Z148: =W148+Y148 -> 0 | AB148: =IFERROR(Z148/I148,0) -> 0
A149: 0003 | K149: =I149*J149 -> 0 | M149: =K149*L149 -> 0 | N149: =M149+K149 -> 0 | P149: =N149*O149 -> 0 | Q149: =P149+N149 -> 0 | S149: =Q149*R149 -> 0 | T149: =S149+Q149 -> 0 | V149: =U149*T149 -> 0 | W149: =T149+V149 -> 0 | Y149: =X149*T149 -> 0 | Z149: =W149+Y149 -> 0 | AB149: =IFERROR(Z149/I149,0) -> 0
A150: 0003 | I150: =H150*E150 -> 0 | K150: =I150*J150 -> 0 | M150: =K150*L150 -> 0 | N150: =M150+K150 -> 0 | P150: =N150*O150 -> 0 | Q150: =P150+N150 -> 0 | S150: =Q150*R150 -> 0 | T150: =S150+Q150 -> 0 | V150: =U150*T150 -> 0 | W150: =T150+V150 -> 0 | Y150: =X150*T150 -> 0 | Z150: =W150+Y150 -> 0 | AB150: =IFERROR(Z150/I150,0) -> 0
A151: 0003 | I151: =H151*E151 -> 0 | K151: =I151*J151 -> 0 | M151: =K151*L151 -> 0 | N151: =M151+K151 -> 0 | P151: =N151*O151 -> 0 | Q151: =P151+N151 -> 0 | S151: =Q151*R151 -> 0 | T151: =S151+Q151 -> 0 | V151: =U151*T151 -> 0 | W151: =T151+V151 -> 0 | Y151: =X151*T151 -> 0 | Z151: =W151+Y151 -> 0 | AB151: =IFERROR(Z151/I151,0) -> 0
A152: 0003 | I152: =H152*E152 -> 0 | K152: =I152*J152 -> 0 | M152: =K152*L152 -> 0 | N152: =M152+K152 -> 0 | P152: =N152*O152 -> 0 | Q152: =P152+N152 -> 0 | S152: =Q152*R152 -> 0 | T152: =S152+Q152 -> 0 | V152: =U152*T152 -> 0 | W152: =T152+V152 -> 0 | Y152: =X152*T152 -> 0 | Z152: =W152+Y152 -> 0 | AB152: =IFERROR(Z152/I152,0) -> 0
A153: 0003 | I153: =H153*E153 -> 0 | K153: =I153*J153 -> 0 | M153: =K153*L153 -> 0 | N153: =M153+K153 -> 0 | P153: =N153*O153 -> 0 | Q153: =P153+N153 -> 0 | S153: =Q153*R153 -> 0 | T153: =S153+Q153 -> 0 | V153: =U153*T153 -> 0 | W153: =T153+V153 -> 0 | Y153: =X153*T153 -> 0 | Z153: =W153+Y153 -> 0 | AB153: =IFERROR(Z153/I153,0) -> 0
A154: 0003 | I154: =H154*E154 -> 0 | K154: =I154*J154 -> 0 | M154: =K154*L154 -> 0 | N154: =M154+K154 -> 0 | P154: =N154*O154 -> 0 | Q154: =P154+N154 -> 0 | S154: =Q154*R154 -> 0 | T154: =S154+Q154 -> 0 | V154: =U154*T154 -> 0 | W154: =T154+V154 -> 0 | Y154: =X154*T154 -> 0 | Z154: =W154+Y154 -> 0 | AB154: =IFERROR(Z154/I154,0) -> 0
A155: 0003 | I155: =H155*E155 -> 0 | K155: =I155*J155 -> 0 | M155: =K155*L155 -> 0 | N155: =M155+K155 -> 0 | P155: =N155*O155 -> 0 | Q155: =P155+N155 -> 0 | S155: =Q155*R155 -> 0 | T155: =S155+Q155 -> 0 | V155: =U155*T155 -> 0 | W155: =T155+V155 -> 0 | Y155: =X155*T155 -> 0 | Z155: =W155+Y155 -> 0 | AB155: =IFERROR(Z155/I155,0) -> 0
A156: 0003 | I156: =H156*E156 -> 0 | K156: =I156*J156 -> 0 | M156: =K156*L156 -> 0 | N156: =M156+K156 -> 0 | P156: =N156*O156 -> 0 | Q156: =P156+N156 -> 0 | S156: =Q156*R156 -> 0 | T156: =S156+Q156 -> 0 | V156: =U156*T156 -> 0 | W156: =T156+V156 -> 0 | Y156: =X156*T156 -> 0 | Z156: =W156+Y156 -> 0 | AB156: =IFERROR(Z156/I156,0) -> 0
A157: 0003 | I157: =H157*E157 -> 0 | K157: =I157*J157 -> 0 | M157: =K157*L157 -> 0 | N157: =M157+K157 -> 0 | P157: =N157*O157 -> 0 | Q157: =P157+N157 -> 0 | S157: =Q157*R157 -> 0 | T157: =S157+Q157 -> 0 | V157: =U157*T157 -> 0 | W157: =T157+V157 -> 0 | Y157: =X157*T157 -> 0 | Z157: =W157+Y157 -> 0 | AB157: =IFERROR(Z157/I157,0) -> 0
A158: 0003 | I158: =H158*E158 -> 0 | K158: =I158*J158 -> 0 | M158: =K158*L158 -> 0 | N158: =M158+K158 -> 0 | P158: =N158*O158 -> 0 | Q158: =P158+N158 -> 0 | S158: =Q158*R158 -> 0 | T158: =S158+Q158 -> 0 | V158: =U158*T158 -> 0 | W158: =T158+V158 -> 0 | Y158: =X158*T158 -> 0 | Z158: =W158+Y158 -> 0 | AB158: =IFERROR(Z158/I158,0) -> 0
A159: 0003 | I159: =H159*E159 -> 0 | K159: =I159*J159 -> 0 | M159: =K159*L159 -> 0 | N159: =M159+K159 -> 0 | P159: =N159*O159 -> 0 | Q159: =P159+N159 -> 0 | S159: =Q159*R159 -> 0 | T159: =S159+Q159 -> 0 | V159: =U159*T159 -> 0 | W159: =T159+V159 -> 0 | Y159: =X159*T159 -> 0 | Z159: =W159+Y159 -> 0 | AB159: =IFERROR(Z159/I159,0) -> 0
A160: 0003 | I160: =H160*E160 -> 0 | K160: =I160*J160 -> 0 | M160: =K160*L160 -> 0 | N160: =M160+K160 -> 0 | P160: =N160*O160 -> 0 | Q160: =P160+N160 -> 0 | S160: =Q160*R160 -> 0 | T160: =S160+Q160 -> 0 | V160: =U160*T160 -> 0 | W160: =T160+V160 -> 0 | Y160: =X160*T160 -> 0 | Z160: =W160+Y160 -> 0 | AB160: =IFERROR(Z160/I160,0) -> 0
A161: 0003 | I161: =H161*E161 -> 0 | K161: =I161*J161 -> 0 | M161: =K161*L161 -> 0 | N161: =M161+K161 -> 0 | P161: =N161*O161 -> 0 | Q161: =P161+N161 -> 0 | S161: =Q161*R161 -> 0 | T161: =S161+Q161 -> 0 | V161: =U161*T161 -> 0 | W161: =T161+V161 -> 0 | Y161: =X161*T161 -> 0 | Z161: =W161+Y161 -> 0 | AB161: =IFERROR(Z161/I161,0) -> 0
... A185: 0003 | I185: =H185*E185 -> 0 | K185: =I185*J185 -> 0 | M185: =K185*L185 -> 0 | N185: =M185+K185 -> 0 | P185: =N185*O185 -> 0 | Q185: =P185+N185 -> 0 | S185: =Q185*R185 -> 0 | T185: =S185+Q185 -> 0 | V185: =U185*T185 -> 0 | W185: =T185+V185 -> 0 | Y185: =X185*T185 -> 0 | Z185: =W185+Y185 -> 0 | AB185: =IFERROR(Z185/I185,0) -> 0
W186: =SUM(W146:W185) -> 0 | Y186: =SUM(Y146:Y185) -> 0 | Z186: =SUM(Z146:Z185) -> 0
A187: Ordering Period 1 Year 5
A188: CLIN | B188: Labor Type | C188: Labor Category | D188: Organizational Structure Location | E188: Positions Required | F188: Work Location | G188: Fringe Pool | H188: Productive Hours | I188: Regular Labor Hours | J188: Direct Labor Rate | K188: Regular Labor Cost | L188: Fringe rate | M188: Fringe Cost | N188: Fringe + Labor Cost | O188: Labor OH rate | P188: Labor Overhead | Q188: Labor+Fringe+OH | R188: G&A Rate | S188: G&A | T188: Cost less FCCM | U188: FCCM | V188: FCCM | W188: Total Cost | X188: Profit/Fee Rate | Y188: Profit/Fee | Z188: Total Price | AB188: Straight TimeWrap Rate
A189: 0003 | K189: =I189*J189 -> 0 | M189: =K189*L189 -> 0 | N189: =M189+K189 -> 0 | P189: =N189*O189 -> 0 | Q189: =P189+N189 -> 0 | S189: =Q189*R189 -> 0 | T189: =S189+Q189 -> 0 | V189: =U189*T189 -> 0 | W189: =T189+V189 -> 0 | Y189: =X189*T189 -> 0 | Z189: =W189+Y189 -> 0 | AB189: =IFERROR(Z189/I189,0) -> 0
A190: 0003 | K190: =I190*J190 -> 0 | M190: =K190*L190 -> 0 | N190: =M190+K190 -> 0 | P190: =N190*O190 -> 0 | Q190: =P190+N190 -> 0 | S190: =Q190*R190 -> 0 | T190: =S190+Q190 -> 0 | V190: =U190*T190 -> 0 | W190: =T190+V190 -> 0 | Y190: =X190*T190 -> 0 | Z190: =W190+Y190 -> 0 | AB190: =IFERROR(Z190/I190,0) -> 0
A191: 0003 | K191: =I191*J191 -> 0 | M191: =K191*L191 -> 0 | N191: =M191+K191 -> 0 | P191: =N191*O191 -> 0 | Q191: =P191+N191 -> 0 | S191: =Q191*R191 -> 0 | T191: =S191+Q191 -> 0 | V191: =U191*T191 -> 0 | W191: =T191+V191 -> 0 | Y191: =X191*T191 -> 0 | Z191: =W191+Y191 -> 0 | AB191: =IFERROR(Z191/I191,0) -> 0
A192: 0003 | K192: =I192*J192 -> 0 | M192: =K192*L192 -> 0 | N192: =M192+K192 -> 0 | P192: =N192*O192 -> 0 | Q192: =P192+N192 -> 0 | S192: =Q192*R192 -> 0 | T192: =S192+Q192 -> 0 | V192: =U192*T192 -> 0 | W192: =T192+V192 -> 0 | Y192: =X192*T192 -> 0 | Z192: =W192+Y192 -> 0 | AB192: =IFERROR(Z192/I192,0) -> 0
A193: 0003 | I193: =H193*E193 -> 0 | K193: =I193*J193 -> 0 | M193: =K193*L193 -> 0 | N193: =M193+K193 -> 0 | P193: =N193*O193 -> 0 | Q193: =P193+N193 -> 0 | S193: =Q193*R193 -> 0 | T193: =S193+Q193 -> 0 | V193: =U193*T193 -> 0 | W193: =T193+V193 -> 0 | Y193: =X193*T193 -> 0 | Z193: =W193+Y193 -> 0 | AB193: =IFERROR(Z193/I193,0) -> 0
A194: 0003 | I194: =H194*E194 -> 0 | K194: =I194*J194 -> 0 | M194: =K194*L194 -> 0 | N194: =M194+K194 -> 0 | P194: =N194*O194 -> 0 | Q194: =P194+N194 -> 0 | S194: =Q194*R194 -> 0 | T194: =S194+Q194 -> 0 | V194: =U194*T194 -> 0 | W194: =T194+V194 -> 0 | Y194: =X194*T194 -> 0 | Z194: =W194+Y194 -> 0 | AB194: =IFERROR(Z194/I194,0) -> 0
...

Sheet CLINX003 OT
A1: M67004-26-R-0007 Attachment J-7: Cost Model Workbook
A2: Contractor Name: | C2: =IF(Instructions!B3="","",Instructions!B3)
A3: * This tab captures proposed overtime (OT) hours minus applied fee.
A4: * Enter the OT rate by Labor Category. You may enter ZERO in Column E if not applicable.
A5: * Ensure the Ordering Period Total (Column W) remains linked to the Total Proposed Price tab.
A6: * Subcontractors may be proposed under OT CLINs.
A7: * If the Prime proposes subcontractor LCATs for OT, enter their fully burdened OT rates on this tab.
A8: * No fee is allowed on Prime or subcontractor overtime.
A12: Ordering Period 1 Year1
A13: CLIN | B13: Labor Type | C13: Labor Category | D13: Organizational Structure Location | E13: Positions Required | F13: Work Location | G13: Fringe Pool | H13: Overtime hours/person | I13: Total Overtime Hours | J13: Direct OT Rate | K13: Overtime Cost | L13: Fringe rate | M13: Fringe Cost | N13: Fringe + Labor Cost | O13: Labor OH rate | P13: Labor Overhead | Q13: Labor+Fringe+OH | R13: G&A Rate | S13: G&A | T13: Cost less FCCM | U13: FCCM | V13: FCCM | W13: Total Cost | Y13: Overtime Wrap Rate
A14: 0003 | I14: =E14*H14 -> 0 | K14: =I14*J14 -> 0 | M14: =K14*L14 -> 0 | N14: =M14+K14 -> 0 | P14: =N14*O14 -> 0 | Q14: =P14+N14 -> 0 | S14: =Q14*R14 -> 0 | T14: =S14+Q14 -> 0 | V14: =U14*T14 -> 0 | W14: =T14+V14 -> 0 | Y14: =IFERROR(W14/I14,0) -> 0
A15: 0003 | I15: =E15*H15 -> 0 | K15: =I15*J15 -> 0 | M15: =K15*L15 -> 0 | N15: =M15+K15 -> 0 | P15: =N15*O15 -> 0 | Q15: =P15+N15 -> 0 | S15: =Q15*R15 -> 0 | T15: =S15+Q15 -> 0 | V15: =U15*T15 -> 0 | W15: =T15+V15 -> 0 | Y15: =IFERROR(W15/I15,0) -> 0
A16: 0003 | I16: =E16*H16 -> 0 | K16: =I16*J16 -> 0 | M16: =K16*L16 -> 0 | N16: =M16+K16 -> 0 | P16: =N16*O16 -> 0 | Q16: =P16+N16 -> 0 | S16: =Q16*R16 -> 0 | T16: =S16+Q16 -> 0 | V16: =U16*T16 -> 0 | W16: =T16+V16 -> 0 | Y16: =IFERROR(W16/I16,0) -> 0
A17: 0003 | I17: =E17*H17 -> 0 | K17: =I17*J17 -> 0 | M17: =K17*L17 -> 0 | N17: =M17+K17 -> 0 | P17: =N17*O17 -> 0 | Q17: =P17+N17 -> 0 | S17: =Q17*R17 -> 0 | T17: =S17+Q17 -> 0 | V17: =U17*T17 -> 0 | W17: =T17+V17 -> 0 | Y17: =IFERROR(W17/I17,0) -> 0
A18: 0003 | I18: =H18*E18 -> 0 | K18: =I18*J18 -> 0 | M18: =K18*L18 -> 0 | N18: =M18+K18 -> 0 | P18: =N18*O18 -> 0 | Q18: =P18+N18 -> 0 | S18: =Q18*R18 -> 0 | T18: =S18+Q18 -> 0 | V18: =U18*T18 -> 0 | W18: =T18+V18 -> 0 | Y18: =IFERROR(W18/I18,0) -> 0
A19: 0003 | I19: =H19*E19 -> 0 | K19: =I19*J19 -> 0 | M19: =K19*L19 -> 0 | N19: =M19+K19 -> 0 | P19: =N19*O19 -> 0 | Q19: =P19+N19 -> 0 | S19: =Q19*R19 -> 0 | T19: =S19+Q19 -> 0 | V19: =U19*T19 -> 0 | W19: =T19+V19 -> 0 | Y19: =IFERROR(W19/I19,0) -> 0
A20: 0003 | I20: =H20*E20 -> 0 | K20: =I20*J20 -> 0 | M20: =K20*L20 -> 0 | N20: =M20+K20 -> 0 | P20: =N20*O20 -> 0 | Q20: =P20+N20 -> 0 | S20: =Q20*R20 -> 0 | T20: =S20+Q20 -> 0 | V20: =U20*T20 -> 0 | W20: =T20+V20 -> 0 | Y20: =IFERROR(W20/I20,0) -> 0
A21: 0003 | I21: =H21*E21 -> 0 | K21: =I21*J21 -> 0 | M21: =K21*L21 -> 0 | N21: =M21+K21 -> 0 | P21: =N21*O21 -> 0 | Q21: =P21+N21 -> 0 | S21: =Q21*R21 -> 0 | T21: =S21+Q21 -> 0 | V21: =U21*T21 -> 0 | W21: =T21+V21 -> 0 | Y21: =IFERROR(W21/I21,0) -> 0
A22: 0003 | I22: =H22*E22 -> 0 | K22: =I22*J22 -> 0 | M22: =K22*L22 -> 0 | N22: =M22+K22 -> 0 | P22: =N22*O22 -> 0 | Q22: =P22+N22 -> 0 | S22: =Q22*R22 -> 0 | T22: =S22+Q22 -> 0 | V22: =U22*T22 -> 0 | W22: =T22+V22 -> 0 | Y22: =IFERROR(W22/I22,0) -> 0
A23: 0003 | I23: =H23*E23 -> 0 | K23: =I23*J23 -> 0 | M23: =K23*L23 -> 0 | N23: =M23+K23 -> 0 | P23: =N23*O23 -> 0 | Q23: =P23+N23 -> 0 | S23: =Q23*R23 -> 0 | T23: =S23+Q23 -> 0 | V23: =U23*T23 -> 0 | W23: =T23+V23 -> 0 | Y23: =IFERROR(W23/I23,0) -> 0
A24: 0003 | I24: =H24*E24 -> 0 | K24: =I24*J24 -> 0 | M24: =K24*L24 -> 0 | N24: =M24+K24 -> 0 | P24: =N24*O24 -> 0 | Q24: =P24+N24 -> 0 | S24: =Q24*R24 -> 0 | T24: =S24+Q24 -> 0 | V24: =U24*T24 -> 0 | W24: =T24+V24 -> 0 | Y24: =IFERROR(W24/I24,0) -> 0
A25: 0003 | I25: =H25*E25 -> 0 | K25: =I25*J25 -> 0 | M25: =K25*L25 -> 0 | N25: =M25+K25 -> 0 | P25: =N25*O25 -> 0 | Q25: =P25+N25 -> 0 | S25: =Q25*R25 -> 0 | T25: =S25+Q25 -> 0 | V25: =U25*T25 -> 0 | W25: =T25+V25 -> 0 | Y25: =IFERROR(W25/I25,0) -> 0
A26: 0003 | I26: =H26*E26 -> 0 | K26: =I26*J26 -> 0 | M26: =K26*L26 -> 0 | N26: =M26+K26 -> 0 | P26: =N26*O26 -> 0 | Q26: =P26+N26 -> 0 | S26: =Q26*R26 -> 0 | T26: =S26+Q26 -> 0 | V26: =U26*T26 -> 0 | W26: =T26+V26 -> 0 | Y26: =IFERROR(W26/I26,0) -> 0
A27: 0003 | I27: =H27*E27 -> 0 | K27: =I27*J27 -> 0 | M27: =K27*L27 -> 0 | N27: =M27+K27 -> 0 | P27: =N27*O27 -> 0 | Q27: =P27+N27 -> 0 | S27: =Q27*R27 -> 0 | T27: =S27+Q27 -> 0 | V27: =U27*T27 -> 0 | W27: =T27+V27 -> 0 | Y27: =IFERROR(W27/I27,0) -> 0
A28: 0003 | I28: =H28*E28 -> 0 | K28: =I28*J28 -> 0 | M28: =K28*L28 -> 0 | N28: =M28+K28 -> 0 | P28: =N28*O28 -> 0 | Q28: =P28+N28 -> 0 | S28: =Q28*R28 -> 0 | T28: =S28+Q28 -> 0 | V28: =U28*T28 -> 0 | W28: =T28+V28 -> 0 | Y28: =IFERROR(W28/I28,0) -> 0
A29: 0003 | I29: =H29*E29 -> 0 | K29: =I29*J29 -> 0 | M29: =K29*L29 -> 0 | N29: =M29+K29 -> 0 | P29: =N29*O29 -> 0 | Q29: =P29+N29 -> 0 | S29: =Q29*R29 -> 0 | T29: =S29+Q29 -> 0 | V29: =U29*T29 -> 0 | W29: =T29+V29 -> 0 | Y29: =IFERROR(W29/I29,0) -> 0
... A54: 0003 | I54: =H54*E54 -> 0 | K54: =I54*J54 -> 0 | M54: =K54*L54 -> 0 | N54: =M54+K54 -> 0 | P54: =N54*O54 -> 0 | Q54: =P54+N54 -> 0 | S54: =Q54*R54 -> 0 | T54: =S54+Q54 -> 0 | V54: =U54*T54 -> 0 | W54: =T54+V54 -> 0 | Y54: =IFERROR(W54/I54,0) -> 0
V55: Total | W55: =SUM(W14:W54) -> 0
A56: Ordering Period 1 Year 2
A57: CLIN | B57: Labor Type | C57: Labor Category | D57: Organizational Structure Location | E57: Positions Required | F57: Work Location | G57: Fringe Pool | H57: Overtime hours/person | I57: Total Overtime Hours | J57: Direct OT Rate | K57: Overtime Cost | L57: Fringe rate | M57: Fringe Cost | N57: Fringe + Labor Cost | O57: Labor OH rate | P57: Labor Overhead | Q57: Labor+Fringe+OH | R57: G&A Rate | S57: G&A | T57: Cost less FCCM | U57: FCCM | V57: FCCM | W57: Total Cost | Y57: Overtime Wrap Rate
A58: 0003 | I58: =E58*H58 -> 0 | K58: =I58*J58 -> 0 | M58: =K58*L58 -> 0 | N58: =M58+K58 -> 0 | P58: =N58*O58 -> 0 | Q58: =P58+N58 -> 0 | S58: =Q58*R58 -> 0 | T58: =S58+Q58 -> 0 | V58: =U58*T58 -> 0 | W58: =T58+V58 -> 0 | Y58: =IFERROR(W58/I58,0) -> 0
A59: 0003 | I59: =E59*H59 -> 0 | K59: =I59*J59 -> 0 | M59: =K59*L59 -> 0 | N59: =M59+K59 -> 0 | P59: =N59*O59 -> 0 | Q59: =P59+N59 -> 0 | S59: =Q59*R59 -> 0 | T59: =S59+Q59 -> 0 | V59: =U59*T59 -> 0 | W59: =T59+V59 -> 0 | Y59: =IFERROR(W59/I59,0) -> 0
A60: 0003 | I60: =E60*H60 -> 0 | K60: =I60*J60 -> 0 | M60: =K60*L60 -> 0 | N60: =M60+K60 -> 0 | P60: =N60*O60 -> 0 | Q60: =P60+N60 -> 0 | S60: =Q60*R60 -> 0 | T60: =S60+Q60 -> 0 | V60: =U60*T60 -> 0 | W60: =T60+V60 -> 0 | Y60: =IFERROR(W60/I60,0) -> 0
A61: 0003 | I61: =E61*H61 -> 0 | K61: =I61*J61 -> 0 | M61: =K61*L61 -> 0 | N61: =M61+K61 -> 0 | P61: =N61*O61 -> 0 | Q61: =P61+N61 -> 0 | S61: =Q61*R61 -> 0 | T61: =S61+Q61 -> 0 | V61: =U61*T61 -> 0 | W61: =T61+V61 -> 0 | Y61: =IFERROR(W61/I61,0) -> 0
A62: 0003 | I62: =H62*E62 -> 0 | K62: =I62*J62 -> 0 | M62: =K62*L62 -> 0 | N62: =M62+K62 -> 0 | P62: =N62*O62 -> 0 | Q62: =P62+N62 -> 0 | S62: =Q62*R62 -> 0 | T62: =S62+Q62 -> 0 | V62: =U62*T62 -> 0 | W62: =T62+V62 -> 0 | Y62: =IFERROR(W62/I62,0) -> 0
A63: 0003 | I63: =H63*E63 -> 0 | K63: =I63*J63 -> 0 | M63: =K63*L63 -> 0 | N63: =M63+K63 -> 0 | P63: =N63*O63 -> 0 | Q63: =P63+N63 -> 0 | S63: =Q63*R63 -> 0 | T63: =S63+Q63 -> 0 | V63: =U63*T63 -> 0 | W63: =T63+V63 -> 0 | Y63: =IFERROR(W63/I63,0) -> 0
A64: 0003 | I64: =H64*E64 -> 0 | K64: =I64*J64 -> 0 | M64: =K64*L64 -> 0 | N64: =M64+K64 -> 0 | P64: =N64*O64 -> 0 | Q64: =P64+N64 -> 0 | S64: =Q64*R64 -> 0 | T64: =S64+Q64 -> 0 | V64: =U64*T64 -> 0 | W64: =T64+V64 -> 0 | Y64: =IFERROR(W64/I64,0) -> 0
A65: 0003 | I65: =H65*E65 -> 0 | K65: =I65*J65 -> 0 | M65: =K65*L65 -> 0 | N65: =M65+K65 -> 0 | P65: =N65*O65 -> 0 | Q65: =P65+N65 -> 0 | S65: =Q65*R65 -> 0 | T65: =S65+Q65 -> 0 | V65: =U65*T65 -> 0 | W65: =T65+V65 -> 0 | Y65: =IFERROR(W65/I65,0) -> 0
A66: 0003 | I66: =H66*E66 -> 0 | K66: =I66*J66 -> 0 | M66: =K66*L66 -> 0 | N66: =M66+K66 -> 0 | P66: =N66*O66 -> 0 | Q66: =P66+N66 -> 0 | S66: =Q66*R66 -> 0 | T66: =S66+Q66 -> 0 | V66: =U66*T66 -> 0 | W66: =T66+V66 -> 0 | Y66: =IFERROR(W66/I66,0) -> 0
A67: 0003 | I67: =H67*E67 -> 0 | K67: =I67*J67 -> 0 | M67: =K67*L67 -> 0 | N67: =M67+K67 -> 0 | P67: =N67*O67 -> 0 | Q67: =P67+N67 -> 0 | S67: =Q67*R67 -> 0 | T67: =S67+Q67 -> 0 | V67: =U67*T67 -> 0 | W67: =T67+V67 -> 0 | Y67: =IFERROR(W67/I67,0) -> 0
A68: 0003 | I68: =H68*E68 -> 0 | K68: =I68*J68 -> 0 | M68: =K68*L68 -> 0 | N68: =M68+K68 -> 0 | P68: =N68*O68 -> 0 | Q68: =P68+N68 -> 0 | S68: =Q68*R68 -> 0 | T68: =S68+Q68 -> 0 | V68: =U68*T68 -> 0 | W68: =T68+V68 -> 0 | Y68: =IFERROR(W68/I68,0) -> 0
A69: 0003 | I69: =H69*E69 -> 0 | K69: =I69*J69 -> 0 | M69: =K69*L69 -> 0 | N69: =M69+K69 -> 0 | P69: =N69*O69 -> 0 | Q69: =P69+N69 -> 0 | S69: =Q69*R69 -> 0 | T69: =S69+Q69 -> 0 | V69: =U69*T69 -> 0 | W69: =T69+V69 -> 0 | Y69: =IFERROR(W69/I69,0) -> 0
A70: 0003 | I70: =H70*E70 -> 0 | K70: =I70*J70 -> 0 | M70: =K70*L70 -> 0 | N70: =M70+K70 -> 0 | P70: =N70*O70 -> 0 | Q70: =P70+N70 -> 0 | S70: =Q70*R70 -> 0 | T70: =S70+Q70 -> 0 | V70: =U70*T70 -> 0 | W70: =T70+V70 -> 0 | Y70: =IFERROR(W70/I70,0) -> 0
A71: 0003 | I71: =H71*E71 -> 0 | K71: =I71*J71 -> 0 | M71: =K71*L71 -> 0 | N71: =M71+K71 -> 0 | P71: =N71*O71 -> 0 | Q71: =P71+N71 -> 0 | S71: =Q71*R71 -> 0 | T71: =S71+Q71 -> 0 | V71: =U71*T71 -> 0 | W71: =T71+V71 -> 0 | Y71: =IFERROR(W71/I71,0) -> 0
A72: 0003 | I72: =H72*E72 -> 0 | K72: =I72*J72 -> 0 | M72: =K72*L72 -> 0 | N72: =M72+K72 -> 0 | P72: =N72*O72 -> 0 | Q72: =P72+N72 -> 0 | S72: =Q72*R72 -> 0 | T72: =S72+Q72 -> 0 | V72: =U72*T72 -> 0 | W72: =T72+V72 -> 0 | Y72: =IFERROR(W72/I72,0) -> 0
A73: 0003 | I73: =H73*E73 -> 0 | K73: =I73*J73 -> 0 | M73: =K73*L73 -> 0 | N73: =M73+K73 -> 0 | P73: =N73*O73 -> 0 | Q73: =P73+N73 -> 0 | S73: =Q73*R73 -> 0 | T73: =S73+Q73 -> 0 | V73: =U73*T73 -> 0 | W73: =T73+V73 -> 0 | Y73: =IFERROR(W73/I73,0) -> 0
... A98: 0003 | I98: =H98*E98 -> 0 | K98: =I98*J98 -> 0 | M98: =K98*L98 -> 0 | N98: =M98+K98 -> 0 | P98: =N98*O98 -> 0 | Q98: =P98+N98 -> 0 | S98: =Q98*R98 -> 0 | T98: =S98+Q98 -> 0 | V98: =U98*T98 -> 0 | W98: =T98+V98 -> 0 | Y98: =IFERROR(W98/I98,0) -> 0
V99: Total | W99: =SUM(W58:W98) -> 0
A100: Ordering Period 1 Year 3
A101: CLIN | B101: Labor Type | C101: Labor Category | D101: Organizational Structure Location | E101: Positions Required | F101: Work Location | G101: Fringe Pool | H101: Overtime hours/person | I101: Total Overtime Hours | J101: Direct OT Rate | K101: Overtime Cost | L101: Fringe rate | M101: Fringe Cost | N101: Fringe + Labor Cost | O101: Labor OH rate | P101: Labor Overhead | Q101: Labor+Fringe+OH | R101: G&A Rate | S101: G&A | T101: Cost less FCCM | U101: FCCM | V101: FCCM | W101: Total Cost | Y101: Overtime Wrap Rate
A102: 0003 | I102: =E102*H102 -> 0 | K102: =I102*J102 -> 0 | M102: =K102*L102 -> 0 | N102: =M102+K102 -> 0 | P102: =N102*O102 -> 0 | Q102: =P102+N102 -> 0 | S102: =Q102*R102 -> 0 | T102: =S102+Q102 -> 0 | V102: =U102*T102 -> 0 | W102: =T102+V102 -> 0 | Y102: =IFERROR(W102/I102,0) -> 0
A103: 0003 | I103: =E103*H103 -> 0 | K103: =I103*J103 -> 0 | M103: =K103*L103 -> 0 | N103: =M103+K103 -> 0 | P103: =N103*O103 -> 0 | Q103: =P103+N103 -> 0 | S103: =Q103*R103 -> 0 | T103: =S103+Q103 -> 0 | V103: =U103*T103 -> 0 | W103: =T103+V103 -> 0 | Y103: =IFERROR(W103/I103,0) -> 0
A104: 0003 | I104: =E104*H104 -> 0 | K104: =I104*J104 -> 0 | M104: =K104*L104 -> 0 | N104: =M104+K104 -> 0 | P104: =N104*O104 -> 0 | Q104: =P104+N104 -> 0 | S104: =Q104*R104 -> 0 | T104: =S104+Q104 -> 0 | V104: =U104*T104 -> 0 | W104: =T104+V104 -> 0 | Y104: =IFERROR(W104/I104,0) -> 0
A105: 0003 | I105: =E105*H105 -> 0 | K105: =I105*J105 -> 0 | M105: =K105*L105 -> 0 | N105: =M105+K105 -> 0 | P105: =N105*O105 -> 0 | Q105: =P105+N105 -> 0 | S105: =Q105*R105 -> 0 | T105: =S105+Q105 -> 0 | V105: =U105*T105 -> 0 | W105: =T105+V105 -> 0 | Y105: =IFERROR(W105/I105,0) -> 0
A106: 0003 | I106: =H106*E106 -> 0 | K106: =I106*J106 -> 0 | M106: =K106*L106 -> 0 | N106: =M106+K106 -> 0 | P106: =N106*O106 -> 0 | Q106: =P106+N106 -> 0 | S106: =Q106*R106 -> 0 | T106: =S106+Q106 -> 0 | V106: =U106*T106 -> 0 | W106: =T106+V106 -> 0 | Y106: =IFERROR(W106/I106,0) -> 0
A107: 0003 | I107: =H107*E107 -> 0 | K107: =I107*J107 -> 0 | M107: =K107*L107 -> 0 | N107: =M107+K107 -> 0 | P107: =N107*O107 -> 0 | Q107: =P107+N107 -> 0 | S107: =Q107*R107 -> 0 | T107: =S107+Q107 -> 0 | V107: =U107*T107 -> 0 | W107: =T107+V107 -> 0 | Y107: =IFERROR(W107/I107,0) -> 0
A108: 0003 | I108: =H108*E108 -> 0 | K108: =I108*J108 -> 0 | M108: =K108*L108 -> 0 | N108: =M108+K108 -> 0 | P108: =N108*O108 -> 0 | Q108: =P108+N108 -> 0 | S108: =Q108*R108 -> 0 | T108: =S108+Q108 -> 0 | V108: =U108*T108 -> 0 | W108: =T108+V108 -> 0 | Y108: =IFERROR(W108/I108,0) -> 0
A109: 0003 | I109: =H109*E109 -> 0 | K109: =I109*J109 -> 0 | M109: =K109*L109 -> 0 | N109: =M109+K109 -> 0 | P109: =N109*O109 -> 0 | Q109: =P109+N109 -> 0 | S109: =Q109*R109 -> 0 | T109: =S109+Q109 -> 0 | V109: =U109*T109 -> 0 | W109: =T109+V109 -> 0 | Y109: =IFERROR(W109/I109,0) -> 0
A110: 0003 | I110: =H110*E110 -> 0 | K110: =I110*J110 -> 0 | M110: =K110*L110 -> 0 | N110: =M110+K110 -> 0 | P110: =N110*O110 -> 0 | Q110: =P110+N110 -> 0 | S110: =Q110*R110 -> 0 | T110: =S110+Q110 -> 0 | V110: =U110*T110 -> 0 | W110: =T110+V110 -> 0 | Y110: =IFERROR(W110/I110,0) -> 0
A111: 0003 | I111: =H111*E111 -> 0 | K111: =I111*J111 -> 0 | M111: =K111*L111 -> 0 | N111: =M111+K111 -> 0 | P111: =N111*O111 -> 0 | Q111: =P111+N111 -> 0 | S111: =Q111*R111 -> 0 | T111: =S111+Q111 -> 0 | V111: =U111*T111 -> 0 | W111: =T111+V111 -> 0 | Y111: =IFERROR(W111/I111,0) -> 0
A112: 0003 | I112: =H112*E112 -> 0 | K112: =I112*J112 -> 0 | M112: =K112*L112 -> 0 | N112: =M112+K112 -> 0 | P112: =N112*O112 -> 0 | Q112: =P112+N112 -> 0 | S112: =Q112*R112 -> 0 | T112: =S112+Q112 -> 0 | V112: =U112*T112 -> 0 | W112: =T112+V112 -> 0 | Y112: =IFERROR(W112/I112,0) -> 0
A113: 0003 | I113: =H113*E113 -> 0 | K113: =I113*J113 -> 0 | M113: =K113*L113 -> 0 | N113: =M113+K113 -> 0 | P113: =N113*O113 -> 0 | Q113: =P113+N113 -> 0 | S113: =Q113*R113 -> 0 | T113: =S113+Q113 -> 0 | V113: =U113*T113 -> 0 | W113: =T113+V113 -> 0 | Y113: =IFERROR(W113/I113,0) -> 0
A114: 0003 | I114: =H114*E114 -> 0 | K114: =I114*J114 -> 0 | M114: =K114*L114 -> 0 | N114: =M114+K114 -> 0 | P114: =N114*O114 -> 0 | Q114: =P114+N114 -> 0 | S114: =Q114*R114 -> 0 | T114: =S114+Q114 -> 0 | V114: =U114*T114 -> 0 | W114: =T114+V114 -> 0 | Y114: =IFERROR(W114/I114,0) -> 0
A115: 0003 | I115: =H115*E115 -> 0 | K115: =I115*J115 -> 0 | M115: =K115*L115 -> 0 | N115: =M115+K115 -> 0 | P115: =N115*O115 -> 0 | Q115: =P115+N115 -> 0 | S115: =Q115*R115 -> 0 | T115: =S115+Q115 -> 0 | V115: =U115*T115 -> 0 | W115: =T115+V115 -> 0 | Y115: =IFERROR(W115/I115,0) -> 0
A116: 0003 | I116: =H116*E116 -> 0 | K116: =I116*J116 -> 0 | M116: =K116*L116 -> 0 | N116: =M116+K116 -> 0 | P116: =N116*O116 -> 0 | Q116: =P116+N116 -> 0 | S116: =Q116*R116 -> 0 | T116: =S116+Q116 -> 0 | V116: =U116*T116 -> 0 | W116: =T116+V116 -> 0 | Y116: =IFERROR(W116/I116,0) -> 0
A117: 0003 | I117: =H117*E117 -> 0 | K117: =I117*J117 -> 0 | M117: =K117*L117 -> 0 | N117: =M117+K117 -> 0 | P117: =N117*O117 -> 0 | Q117: =P117+N117 -> 0 | S117: =Q117*R117 -> 0 | T117: =S117+Q117 -> 0 | V117: =U117*T117 -> 0 | W117: =T117+V117 -> 0 | Y117: =IFERROR(W117/I117,0) -> 0
... A142: 0003 | I142: =H142*E142 -> 0 | K142: =I142*J142 -> 0 | M142: =K142*L142 -> 0 | N142: =M142+K142 -> 0 | P142: =N142*O142 -> 0 | Q142: =P142+N142 -> 0 | S142: =Q142*R142 -> 0 | T142: =S142+Q142 -> 0 | V142: =U142*T142 -> 0 | W142: =T142+V142 -> 0 | Y142: =IFERROR(W142/I142,0) -> 0
V143: Total | W143: =SUM(W102:W142) -> 0
A144: Ordering Period 1 Year 4
A145: CLIN | B145: Labor Type | C145: Labor Category | D145: Organizational Structure Location | E145: Positions Required | F145: Work Location | G145: Fringe Pool | H145: Overtime hours/person | I145: Total Overtime Hours | J145: Direct OT Rate | K145: Overtime Cost | L145: Fringe rate | M145: Fringe Cost | N145: Fringe + Labor Cost | O145: Labor OH rate | P145: Labor Overhead | Q145: Labor+Fringe+OH | R145: G&A Rate | S145: G&A | T145: Cost less FCCM | U145: FCCM | V145: FCCM | W145: Total Cost | Y145: Overtime Wrap Rate
A146: 0003 | I146: =E146*H146 -> 0 | K146: =I146*J146 -> 0 | M146: =K146*L146 -> 0 | N146: =M146+K146 -> 0 | P146: =N146*O146 -> 0 | Q146: =P146+N146 -> 0 | S146: =Q146*R146 -> 0 | T146: =S146+Q146 -> 0 | V146: =U146*T146 -> 0 | W146: =T146+V146 -> 0 | Y146: =IFERROR(W146/I146,0) -> 0
A147: 0003 | I147: =E147*H147 -> 0 | K147: =I147*J147 -> 0 | M147: =K147*L147 -> 0 | N147: =M147+K147 -> 0 | P147: =N147*O147 -> 0 | Q147: =P147+N147 -> 0 | S147: =Q147*R147 -> 0 | T147: =S147+Q147 -> 0 | V147: =U147*T147 -> 0 | W147: =T147+V147 -> 0 | Y147: =IFERROR(W147/I147,0) -> 0
A148: 0003 | I148: =E148*H148 -> 0 | K148: =I148*J148 -> 0 | M148: =K148*L148 -> 0 | N148: =M148+K148 -> 0 | P148: =N148*O148 -> 0 | Q148: =P148+N148 -> 0 | S148: =Q148*R148 -> 0 | T148: =S148+Q148 -> 0 | V148: =U148*T148 -> 0 | W148: =T148+V148 -> 0 | Y148: =IFERROR(W148/I148,0) -> 0
A149: 0003 | I149: =E149*H149 -> 0 | K149: =I149*J149 -> 0 | M149: =K149*L149 -> 0 | N149: =M149+K149 -> 0 | P149: =N149*O149 -> 0 | Q149: =P149+N149 -> 0 | S149: =Q149*R149 -> 0 | T149: =S149+Q149 -> 0 | V149: =U149*T149 -> 0 | W149: =T149+V149 -> 0 | Y149: =IFERROR(W149/I149,0) -> 0
A150: 0003 | I150: =H150*E150 -> 0 | K150: =I150*J150 -> 0 | M150: =K150*L150 -> 0 | N150: =M150+K150 -> 0 | P150: =N150*O150 -> 0 | Q150: =P150+N150 -> 0 | S150: =Q150*R150 -> 0 | T150: =S150+Q150 -> 0 | V150: =U150*T150 -> 0 | W150: =T150+V150 -> 0 | Y150: =IFERROR(W150/I150,0) -> 0
A151: 0003 | I151: =H151*E151 -> 0 | K151: =I151*J151 -> 0 | M151: =K151*L151 -> 0 | N151: =M151+K151 -> 0 | P151: =N151*O151 -> 0 | Q151: =P151+N151 -> 0 | S151: =Q151*R151 -> 0 | T151: =S151+Q151 -> 0 | V151: =U151*T151 -> 0 | W151: =T151+V151 -> 0 | Y151: =IFERROR(W151/I151,0) -> 0
A152: 0003 | I152: =H152*E152 -> 0 | K152: =I152*J152 -> 0 | M152: =K152*L152 -> 0 | N152: =M152+K152 -> 0 | P152: =N152*O152 -> 0 | Q152: =P152+N152 -> 0 | S152: =Q152*R152 -> 0 | T152: =S152+Q152 -> 0 | V152: =U152*T152 -> 0 | W152: =T152+V152 -> 0 | Y152: =IFERROR(W152/I152,0) -> 0
A153: 0003 | I153: =H153*E153 -> 0 | K153: =I153*J153 -> 0 | M153: =K153*L153 -> 0 | N153: =M153+K153 -> 0 | P153: =N153*O153 -> 0 | Q153: =P153+N153 -> 0 | S153: =Q153*R153 -> 0 | T153: =S153+Q153 -> 0 | V153: =U153*T153 -> 0 | W153: =T153+V153 -> 0 | Y153: =IFERROR(W153/I153,0) -> 0
A154: 0003 | I154: =H154*E154 -> 0 | K154: =I154*J154 -> 0 | M154: =K154*L154 -> 0 | N154: =M154+K154 -> 0 | P154: =N154*O154 -> 0 | Q154: =P154+N154 -> 0 | S154: =Q154*R154 -> 0 | T154: =S154+Q154 -> 0 | V154: =U154*T154 -> 0 | W154: =T154+V154 -> 0 | Y154: =IFERROR(W154/I154,0) -> 0
A155: 0003 | I155: =H155*E155 -> 0 | K155: =I155*J155 -> 0 | M155: =K155*L155 -> 0 | N155: =M155+K155 -> 0 | P155: =N155*O155 -> 0 | Q155: =P155+N155 -> 0 | S155: =Q155*R155 -> 0 | T155: =S155+Q155 -> 0 | V155: =U155*T155 -> 0 | W155: =T155+V155 -> 0 | Y155: =IFERROR(W155/I155,0) -> 0
A156: 0003 | I156: =H156*E156 -> 0 | K156: =I156*J156 -> 0 | M156: =K156*L156 -> 0 | N156: =M156+K156 -> 0 | P156: =N156*O156 -> 0 | Q156: =P156+N156 -> 0 | S156: =Q156*R156 -> 0 | T156: =S156+Q156 -> 0 | V156: =U156*T156 -> 0 | W156: =T156+V156 -> 0 | Y156: =IFERROR(W156/I156,0) -> 0
A157: 0003 | I157: =H157*E157 -> 0 | K157: =I157*J157 -> 0 | M157: =K157*L157 -> 0 | N157: =M157+K157 -> 0 | P157: =N157*O157 -> 0 | Q157: =P157+N157 -> 0 | S157: =Q157*R157 -> 0 | T157: =S157+Q157 -> 0 | V157: =U157*T157 -> 0 | W157: =T157+V157 -> 0 | Y157: =IFERROR(W157/I157,0) -> 0
A158: 0003 | I158: =H158*E158 -> 0 | K158: =I158*J158 -> 0 | M158: =K158*L158 -> 0 | N158: =M158+K158 -> 0 | P158: =N158*O158 -> 0 | Q158: =P158+N158 -> 0 | S158: =Q158*R158 -> 0 | T158: =S158+Q158 -> 0 | V158: =U158*T158 -> 0 | W158: =T158+V158 -> 0 | Y158: =IFERROR(W158/I158,0) -> 0
A159: 0003 | I159: =H159*E159 -> 0 | K159: =I159*J159 -> 0 | M159: =K159*L159 -> 0 | N159: =M159+K159 -> 0 | P159: =N159*O159 -> 0 | Q159: =P159+N159 -> 0 | S159: =Q159*R159 -> 0 | T159: =S159+Q159 -> 0 | V159: =U159*T159 -> 0 | W159: =T159+V159 -> 0 | Y159: =IFERROR(W159/I159,0) -> 0
A160: 0003 | I160: =H160*E160 -> 0 | K160: =I160*J160 -> 0 | M160: =K160*L160 -> 0 | N160: =M160+K160 -> 0 | P160: =N160*O160 -> 0 | Q160: =P160+N160 -> 0 | S160: =Q160*R160 -> 0 | T160: =S160+Q160 -> 0 | V160: =U160*T160 -> 0 | W160: =T160+V160 -> 0 | Y160: =IFERROR(W160/I160,0) -> 0
A161: 0003 | I161: =H161*E161 -> 0 | K161: =I161*J161 -> 0 | M161: =K161*L161 -> 0 | N161: =M161+K161 -> 0 | P161: =N161*O161 -> 0 | Q161: =P161+N161 -> 0 | S161: =Q161*R161 -> 0 | T161: =S161+Q161 -> 0 | V161: =U161*T161 -> 0 | W161: =T161+V161 -> 0 | Y161: =IFERROR(W161/I161,0) -> 0
... A186: 0003 | I186: =H186*E186 -> 0 | K186: =I186*J186 -> 0 | M186: =K186*L186 -> 0 | N186: =M186+K186 -> 0 | P186: =N186*O186 -> 0 | Q186: =P186+N186 -> 0 | S186: =Q186*R186 -> 0 | T186: =S186+Q186 -> 0 | V186: =U186*T186 -> 0 | W186: =T186+V186 -> 0 | Y186: =IFERROR(W186/I186,0) -> 0
V187: Total | W187: =SUM(W146:W186) -> 0
A188: Ordering Period 1 Year 5
A189: CLIN | B189: Labor Type | C189: Labor Category | D189: Organizational Structure Location | E189: Positions Required | F189: Work Location | G189: Fringe Pool | H189: Overtime hours/person | I189: Total Overtime Hours | J189: Direct OT Rate | K189: Overtime Cost | L189: Fringe rate | M189: Fringe Cost | N189: Fringe + Labor Cost | O189: Labor OH rate | P189: Labor Overhead | Q189: Labor+Fringe+OH | R189: G&A Rate | S189: G&A | T189: Cost less FCCM | U189: FCCM | V189: FCCM | W189: Total Cost | Y189: Overtime Wrap Rate
A190: 0003 | I190: =E190*H190 -> 0 | K190: =I190*J190 -> 0 | M190: =K190*L190 -> 0 | N190: =M190+K190 -> 0 | P190: =N190*O190 -> 0 | Q190: =P190+N190 -> 0 | S190: =Q190*R190 -> 0 | T190: =S190+Q190 -> 0 | V190: =U190*T190 -> 0 | W190: =T190+V190 -> 0 | Y190: =IFERROR(W190/I190,0) -> 0
A191: 0003 | I191: =E191*H191 -> 0 | K191: =I191*J191 -> 0 | M191: =K191*L191 -> 0 | N191: =M191+K191 -> 0 | P191: =N191*O191 -> 0 | Q191: =P191+N191 -> 0 | S191: =Q191*R191 -> 0 | T191: =S191+Q191 -> 0 | V191: =U191*T191 -> 0 | W191: =T191+V191 -> 0 | Y191: =IFERROR(W191/I191,0) -> 0
A192: 0003 | I192: =E192*H192 -> 0 | K192: =I192*J192 -> 0 | M192: =K192*L192 -> 0 | N192: =M192+K192 -> 0 | P192: =N192*O192 -> 0 | Q192: =P192+N192 -> 0 | S192: =Q192*R192 -> 0 | T192: =S192+Q192 -> 0 | V192: =U192*T192 -> 0 | W192: =T192+V192 -> 0 | Y192: =IFERROR(W192/I192,0) -> 0
A193: 0003 | I193: =E193*H193 -> 0 | K193: =I193*J193 -> 0 | M193: =K193*L193 -> 0 | N193: =M193+K193 -> 0 | P193: =N193*O193 -> 0 | Q193: =P193+N193 -> 0 | S193: =Q193*R193 -> 0 | T193: =S193+Q193 -> 0 | V193: =U193*T193 -> 0 | W193: =T193+V193 -> 0 | Y193: =IFERROR(W193/I193,0) -> 0
A194: 0003 | I194: =H194*E194 -> 0 | K194: =I194*J194 -> 0 | M194: =K194*L194 -> 0 | N194: =M194+K194 -> 0 | P194: =N194*O194 -> 0 | Q194: =P194+N194 -> 0 | S194: =Q194*R194 -> 0 | T194: =S194+Q194 -> 0 | V194: =U194*T194 -> 0 | W194: =T194+V194 -> 0 | Y194: =IFERROR(W194/I194,0) -> 0
A195: 0003 | I195: =H195*E195 -> 0 | K195: =I195*J195 -> 0 | M195: =K195*L195 -> 0 | N195: =M195+K195 -> 0 | P195: =N195*O195 -> 0 | Q195: =P195+N195 -> 0 | S195: =Q195*R195 -> 0 | T195: =S195+Q195 -> 0 | V195: =U195*T195 -> 0 | W195: =T195+V195 -> 0 | Y195: =IFERROR(W195/I195,0) -> 0
A196: 0003 | I196: =H196*E196 -> 0 | K196: =I196*J196 -> 0 | M196: =K196*L196 -> 0 | N196: =M196+K196 -> 0 | P196: =N196*O196 -> 0 | Q196: =P196+N196 -> 0 | S196: =Q196*R196 -> 0 | T196: =S196+Q196 -> 0 | V196: =U196*T196 -> 0 | W196: =T196+V196 -> 0 | Y196: =IFERROR(W196/I196,0) -> 0
A197: 0003 | I197: =H197*E197 -> 0 | K197: =I197*J197 -> 0 | M197: =K197*L197 -> 0 | N197: =M197+K197 -> 0 | P197: =N197*O197 -> 0 | Q197: =P197+N197 -> 0 | S197: =Q197*R197 -> 0 | T197: =S197+Q197 -> 0 | V197: =U197*T197 -> 0 | W197: =T197+V197 -> 0 | Y197: =IFERROR(W197/I197,0) -> 0
A198: 0003 | I198: =H198*E198 -> 0 | K198: =I198*J198 -> 0 | M198: =K198*L198 -> 0 | N198: =M198+K198 -> 0 | P198: =N198*O198 -> 0 | Q198: =P198+N198 -> 0 | S198: =Q198*R198 -> 0 | T198: =S198+Q198 -> 0 | V198: =U198*T198 -> 0 | W198: =T198+V198 -> 0 | Y198: =IFERROR(W198/I198,0) -> 0
A199: 0003 | I199: =H199*E199 -> 0 | K199: =I199*J199 -> 0 | M199: =K199*L199 -> 0 | N199: =M199+K199 -> 0 | P199: =N199*O199 -> 0 | Q199: =P199+N199 -> 0 | S199: =Q199*R199 -> 0 | T199: =S199+Q199 -> 0 | V199: =U199*T199 -> 0 | W199: =T199+V199 -> 0 | Y199: =IFERROR(W199/I199,0) -> 0
...

Sheet CLINX004
A1: M67004-26-R-0007 Attachment J-7: Cost Model Workbook
A2: Contractor Name: | C2: =IF(Instructions!B3="","",Instructions!B3)
A3: * Use the Government‑provided plug number for “Other Logistics Support” under CLINs 0004 and 1004. Do not change Column C. Government‑provided costs must remain unchanged.
A4: * Enter the proposed fixed fee (ceiling) that will apply to future task orders under this CLIN.
A5: * Fee Amount and Total CPFF will calculate automatically.
A9: CLIN 0004 Base Ordering Period
A10: Year # | B10: Description | C10: Government Provided Cost | D10: Fee % | E10: Fee Amount | F10: Total Cost + Fixed Fee
A11: Year 1 | B11: Other Logistics Support | C11: 1850000 | E11: =C11*D11 -> 0 | F11: =E11+C11 -> 1850000
A12: Year 2 | B12: Other Logistics Support | C12: 1903650 | E12: =C12*D12 -> 0 | F12: =E12+C12 -> 1903650
A13: Year 3 | B13: Other Logistics Support | C13: 1958855.8 | E13: =C13*D13 -> 0 | F13: =E13+C13 -> 1958855.8
A14: Year 4 | B14: Other Logistics Support | C14: 2015662.7 | E14: =C14*D14 -> 0 | F14: =E14+C14 -> 2015662.7
A15: Year 5 | B15: Other Logistics Support | C15: 2074116.9 | E15: =C15*D15 -> 0 | F15: =E15+C15 -> 2074116.9
B16: CLIN 0004 SUBTOTAL | C16: =SUM(C11:C15) -> 9802285.4 | E16: =SUM(E11:E15) -> 0 | F16: =SUM(F11:F15) -> 9802285.4
A18: CLIN 1004 Optional Ordering Period
A19: Year # | B19: Description | C19: Government Provided Cost | D19: Fee % | E19: Fee Amount | F19: Total Cost + Fixed Fee
A20: Year 1 | B20: Other Logistics Support | C20: 2134266.3 | E20: =C20*D20 -> 0 | F20: =E20+C20 -> 2134266.3
A21: Year 2 | B21: Other Logistics Support | C21: 2196160 | E21: =C21*D21 -> 0 | F21: =E21+C21 -> 2196160
A22: Year 3 | B22: Other Logistics Support | C22: 2259848.6 | E22: =C22*D22 -> 0 | F22: =E22+C22 -> 2259848.6
A23: Year 4 | B23: Other Logistics Support | C23: 2325384.2 | E23: =C23*D23 -> 0 | F23: =E23+C23 -> 2325384.2
A24: Year 5 | B24: Other Logistics Support | C24: 2392820.4 | E24: =C24*D24 -> 0 | F24: =E24+C24 -> 2392820.4
B25: CLIN 1004 SUBTOTAL | C25: =SUM(C20:C24) -> 11308480 | E25: =SUM(E20:E24) -> 0 | F25: =SUM(F20:F24) -> 11308480
B27: TOTAL (BOTH CLINS) | C27: =C25+C16 -> 21110765 | E27: =E25+E16 -> 0 | F27: =F25+F16 -> 21110765

Sheet CLINX006
A1: M67004-26-R-0007 Attachment J-7: Cost Model Workbook
A2: Contractor Name: | C2: =IF(Instructions!B3="","",Instructions!B3)
A3: * Use the Government‑provided plug number for ODCs under CLINs 0006 and 1006. Do not adjust Column C.
A4: * Enter any proposed indirect rate(s) that apply to ODCs.
A5: * The Government has assumed G&A and/or Material Handling (MH) will apply; if your company uses different indirect rates for ODCs, update this sheet accordingly.
A6: * Be aware: Adjusting this sheet may break links to the Total Proposed Price tab. Offerors must correct any links or formulas to ensure ODCs + indirect rates total correctly on this tab and on the Total Proposed Price tab.
A7: * Fee is not allowed on this CLIN.
A9: CLIN 0006 Base Ordering Period
A10: Year # | B10: Description | C10: Government Provided Cost | D10: Material Handling Rate | E10: Material Handling Costs | F10: G&A Rate | G10: G&A Costs | H10: Total Cost (inclusive of all Indirects)
A11: Year 1 | B11: Other Direct Costs (ODCs) | C11: 64414905 | E11: =D11*C11 -> 0 | G11: =F11*(C11+E11) -> 0 | H11: =E11+C11+G11 -> 64414905
A12: Year 2 | B12: Other Direct Costs (ODCs) | C12: 66282937 | E12: =D12*C12 -> 0 | G12: =F12*(C12+E12) -> 0 | H12: =E12+C12+G12 -> 66282937
A13: Year 3 | B13: Other Direct Costs (ODCs) | C13: 68205142 | E13: =D13*C13 -> 0 | G13: =F13*(C13+E13) -> 0 | H13: =E13+C13+G13 -> 68205142
A14: Year 4 | B14: Other Direct Costs (ODCs) | C14: 70183091 | E14: =D14*C14 -> 0 | G14: =F14*(C14+E14) -> 0 | H14: =E14+C14+G14 -> 70183091
A15: Year 5 | B15: Other Direct Costs (ODCs) | C15: 72218401 | E15: =D15*C15 -> 0 | G15: =F15*(C15+E15) -> 0 | H15: =E15+C15+G15 -> 72218401
B16: CLIN 0006 SUBTOTAL | C16: =SUM(C11:C15) -> 3.4130448e+08 | E16: =SUM(E11:E15) -> 0 | G16: =SUM(G11:G15) -> 0 | H16: =SUM(H11:H15) -> 3.4130448e+08
A18: CLIN 1006 Optional Ordering Period
A19: Year # | B19: Description | C19: Government Provided Cost | D19: Material Handling Rate | E19: Material Handling Costs | F19: G&A Rate | G19: G&A Costs | H19: Total Cost (inclusive of all Indirects)
A20: Year 1 | B20: Other Direct Costs (ODCs) | C20: 74312734 | E20: =D20*C20 -> 0 | G20: =F20*(C20+E20) -> 0 | H20: =E20+C20+G20 -> 74312734
A21: Year 2 | B21: Other Direct Costs (ODCs) | C21: 76467804 | E21: =D21*C21 -> 0 | G21: =F21*(C21+E21) -> 0 | H21: =E21+C21+G21 -> 76467804
A22: Year 3 | B22: Other Direct Costs (ODCs) | C22: 78685370 | E22: =D22*C22 -> 0 | G22: =F22*(C22+E22) -> 0 | H22: =E22+C22+G22 -> 78685370
A23: Year 4 | B23: Other Direct Costs (ODCs) | C23: 80967246 | E23: =D23*C23 -> 0 | G23: =F23*(C23+E23) -> 0 | H23: =E23+C23+G23 -> 80967246
A24: Year 5 | B24: Other Direct Costs (ODCs) | C24: 83315296 | E24: =D24*C24 -> 0 | G24: =F24*(C24+E24) -> 0 | H24: =E24+C24+G24 -> 83315296
B25: CLIN 1006 SUBTOTAL | C25: =SUM(C20:C24) -> 3.9374845e+08 | E25: =SUM(E20:E24) -> 0 | G25: =SUM(G20:G24) -> 0 | H25: =SUM(H20:H24) -> 3.9374845e+08
B27: TOTAL (BOTH CLINS) | C27: =C25+C16 -> 7.3505293e+08 | E27: =E25+E16 -> 0 | G27: =G25+G16 -> 0 | H27: =H25+H16 -> 7.3505293e+08

Sheet CLIN0008
A1: M67004-26-R-0007 Attachment J-7: Cost Model Workbook
A2: Contractor Name: | C2: =IF(Instructions!B3="","",Instructions!B3)
A3: * Offerors shall fill in the firm-fixed-price (FFP) amount in the yellow cell they are proposing to accomplish the Transition-In IAW RFP Section H-21.
B11: CLIN | C11: Description | D11: Qty | E11: Unit Price | F11: Unit of Issue | G11: Total Price
B12: CLIN 0008 | C12: Transition-In | D12: 1 | F12: EA | G12: =D12*E12 -> 0

Sheet Labor Category
A1: LABOR CATEGORY
A2: 3M DATA ANALYST
A3: AAV MECHANIC
A4: AAV MECHANIC SR
A5: AAV MECHANIC SR LEAD
A6: ACCOUNT ANALYST
A7: ACV MECHANIC
A8: ACV MECHANIC LEAD
A9: ADMIN ASSISTANT
A10: ADMIN COORD
A11: AMMUNITION TECHNICIAN
A12: ARTILLERY MECHANIC
... A180: WOODWORKER
