Workbook

Sheet Summary
B1: US Naval Community College Consortium of Integrated Academic Services Pricing Template
C9: POP | D9: FY | E9: Est. Cost (USD)
B10: BASE | C10: 10/01/2026* to 09/30/2027 | D10: 2027 | E10: ='CLIN 0001 (Base)'!M89 -> 0
B11: OY1 | C11: 10/01/2027 to 09/30/2028 | D11: 2028 | E11: ='CLIN 0002 (OY1)'!M89 -> 0
B12: OY2 | C12: 10/01/2028 to 09/30/2029 | D12: 2029 | E12: ='CLIN 0003 (OY2)'!M95 -> 0
B13: OY3 | C13: 10/01/2029 to 09/30/2030 | D13: 2030 | E13: ='CLIN 0004 (OY3)'!M97 -> 0
B14: OY4 | C14: 10/01/2030 to 09/30/2031 | D14: 2031 | E14: ='CLIN 0005 (OY4)'!M98 -> 0
B15: 6-Month | C15: 10/01/2031 to 03/31/2032 | D15: 2032 | E15: ='6-Month Add'!M98 -> 0
E17: =SUM(E10:E15) -> 0
A18: *Tentative contract start and contract end date
A20: Institution:
A21: POC:
A22: Phone:
A23: Email:

Sheet CLIN 0001 (Base)
A1: IDIQ | B1: Partner Institution | C1: Program | D1: CLIN | E1: Course Seats | F1: Tuition | G1: Instruction Materials | H1: Term Fees | I1: Annual Fees | J1: Graduation Fees | L1: Credits/Course | M1: Total
A2: N0018925DZXX1 | B2: A | D2: 0001 | E2: =SUM(E3:E6) -> 5875 | M2: =SUM(M3:M8) -> 0
C3: Military Studies | E3: 1250 | F3: 0 | G3: 0 | H3: 0 | I3: 0 | J3: 0 | K3: 0 | L3: 3.5 | M3: =(E3*F3*L3)+(G3*E3)+((H3+I3+J3)*E3) -> 0
C4: Orginazational Leadership | E4: 3000 | F4: 0 | G4: 0 | H4: 0 | I4: 0 | J4: 0 | K4: 0 | L4: 3.5 | M4: =(E4*F4*L4)+(G4*E4)+((H4+I4+J4)*E4) -> 0
C5: Maritime Logistics | E5: 1250 | F5: 0 | G5: 0 | H5: 0 | I5: 0 | J5: 0 | K5: 0 | L5: 3.5 | M5: =(E5*F5*L5)+(G5*E5)+((H5+I5+J5)*E5) -> 0
C6: Emergency Management | E6: 375 | F6: 0 | G6: 0 | H6: 0 | I6: 0 | J6: 0 | K6: 0 | L6: 3.5 | M6: =(E6*F6*L6)+(G6*E6)+((H6+I6+J6)*E6) -> 0
C7: Program Management | D7: 1001 | M7: 0
C8: IT/Data Support | D8: 1002 | M8: 0
A10: N0018925DZXX2 | B10: B | D10: 0001 | E10: =SUM(E11:E14) -> 2750 | M10: =SUM(M11:M16) -> 0
C11: Nuclear Technology | E11: 750 | F11: 0 | G11: 0 | H11: 0 | I11: 0 | J11: 0 | K11: =(F11+G11+H11) -> 0 | L11: 3.5 | M11: =(E11*F11*L11)+(G11*E11)+((H11+I11+J11)*E11) -> 0
C12: Engineering Fundamentals | E12: 1500 | F12: 0 | G12: 0 | H12: 0 | I12: 0 | J12: 0 | K12: =(F12+G12+H12) -> 0 | L12: 3.5 | M12: =(E12*F12*L12)+(G12*E12)+((H12+I12+J12)*E12) -> 0
C13: FY27 (Mechatronics) | E13: 500 | F13: 0 | G13: 0 | H13: 0 | I13: 0 | J13: 0 | K13: 0 | L13: 3.5 | M13: =(E13*F13*L13)+(G13*E13)+((H13+I13+J13)*E13) -> 0
M14: =(E14*F14*L14)+(G14*E14)+((H14+I14+J14)*E14) -> 0
C15: Program Management | D15: 1001 | M15: 0
C16: IT/Data Support | D16: 1002 | M16: 0
A18: N0018925DZXX3 | B18: C | D18: 0001 | E18: =SUM(E19:E22) -> 3275 | M18: =SUM(M19:M24) -> 0
C19: GS w/ Computer Studies | E19: 2750 | F19: 0 | G19: 0 | H19: 0 | I19: 0 | J19: 0 | K19: =(F19+G19+H19) -> 0 | L19: 3.5 | M19: =(E19*F19*L19)+(G19*E19)+((H19+I19+J19)*E19) -> 0
C20: FY27 (Additive/Advance Manufacturing) | E20: 525 | F20: 0 | G20: 0 | H20: 0 | I20: 0 | J20: 0 | K20: =(F20+G20+H20) -> 0 | L20: 3.5 | M20: =(E20*F20*L20)+(G20*E20)+((H20+I20+J20)*E20) -> 0
M21: =(E21*F21*L21)+(G21*E21)+((H21+I21+J21)*E21) -> 0
M22: =(E22*F22*L22)+(G22*E22)+((H22+I22+J22)*E22) -> 0
C23: Program Management | D23: 1001 | M23: 0
C24: IT/Data Support | D24: 1002 | M24: 0
A26: N0018925DZXX4 | B26: D | D26: 0001 | E26: =SUM(E27:E30) -> 2625 | M26: =SUM(M27:M32) -> 0
C27: Cyber Security | E27: 2250 | F27: 0 | G27: 0 | H27: 0 | I27: 0 | J27: 0 | K27: =(F27+G27+H27) -> 0 | L27: 3.5 | M27: =(E27*F27*L27)+(G27*E27)+((H27+I27+J27)*E27) -> 0
C28: FY27 (Electronics/ Electronics Technology) | E28: 375 | F28: 0 | G28: 0 | H28: 0 | I28: 0 | J28: 0 | K28: =(F28+G28+H28) -> 0 | L28: 3.5 | M28: =(E28*F28*L28)+(G28*E28)+((H28+I28+J28)*E28) -> 0
M29: =(E29*F29*L29)+(G29*E29)+((H29+I29+J29)*E29) -> 0
M30: =(E30*F30*L30)+(G30*E30)+((H30+I30+J30)*E30) -> 0
C31: Program Management | D31: 1001 | M31: 0
C32: IT/Data Support | D32: 1002 | M32: 0
A34: N0018925DZXX5 | B34: E | D34: 0001 | E34: =SUM(E35:E38) -> 4450 | M34: =SUM(M35:M40) -> 0
C35: Aviation Maintenance and Uncrewed Systems | E35: 2500 | F35: 0 | G35: 0 | H35: 0 | I35: 0 | J35: 0 | K35: =(F35+G35+H35) -> 0 | L35: 3.5 | M35: =(E35*F35*L35)+(G35*E35)+((H35+I35+J35)*E35) -> 0
C36: Engineering Fundamentals | E36: 1000 | F36: 0 | G36: 0 | H36: 0 | I36: 0 | J36: 0 | K36: =(F36+G36+H36) -> 0 | L36: 3.5 | M36: =(E36*F36*L36)+(G36*E36)+((H36+I36+J36)*E36) -> 0
C37: Emergency Management | E37: 500 | F37: 0 | G37: 0 | H37: 0 | I37: 0 | J37: 0 | K37: =(F37+G37+H37) -> 0 | L37: 3.5 | M37: =(E37*F37*L37)+(G37*E37)+((H37+I37+J37)*E37) -> 0
C38: FY27 (Communications/ Electronic Warfare Technology) | E38: 450 | F38: 0 | G38: 0 | H38: 0 | I38: 0 | J38: 0 | K38: =(F38+G38+H38) -> 0 | L38: 3.5 | M38: =(E38*F38*L38)+(G38*E38)+((H38+I38+J38)*E38) -> 0
C39: Program Management | D39: 1001 | M39: 0
C40: IT/Data Support | D40: 1002 | M40: 0
A42: N0018925DZXX6 | B42: F | D42: 0001 | E42: =SUM(E43:E45) -> 1375 | M42: =SUM(M43:M47) -> 0
C43: Maritime Logistics | E43: 1000 | F43: 0 | G43: 0 | H43: 0 | I43: 0 | J43: 0 | K43: =(F43+G43+H43) -> 0 | L43: 3.5 | M43: =(E43*F43*L43)+(G43*E43)+((H43+I43+J43)*E43) -> 0
C44: FY27 (Industrial Maintenance/ AUS Technology) | E44: 375 | F44: 0 | G44: 0 | H44: 0 | I44: 0 | J44: 0 | K44: =(F44+G44+H44) -> 0 | L44: 3.5 | M44: =(E44*F44*L44)+(G44*E44)+((H44+I44+J44)*E44) -> 0
M45: =(E45*F45*L45)+(G45*E45)+((H45+I45+J45)*E45) -> 0
C46: Program Management | D46: 1001 | M46: 0
C47: IT/Data Support | D47: 1002 | M47: 0
A49: N0018925DZXX7 | B49: G | D49: 0001 | E49: =SUM(E50:E50) -> 3250 | M49: =SUM(M50:M52) -> 0
C50: Health Science | E50: 3250 | F50: 0 | G50: 0 | H50: 0 | I50: 0 | J50: 0 | K50: 0 | L50: 0 | M50: =(E50*F50*L50)+(G50*E50)+((H50+I50+J50)*E50) -> 0
C51: Program Management | D51: 1001 | M51: 0
C52: IT/Data Support | D52: 1002 | M52: 0
A54: N0018925DZXX8 | B54: H | D54: 0001 | E54: =SUM(E55:E55) -> 375 | M54: =SUM(M55:M57) -> 0
C55: [Insert Program] - FY27 | E55: 375 | F55: 0 | G55: 0 | H55: 0 | I55: 0 | J55: 0 | K55: =(F55+G55+H55) -> 0 | L55: 3.5 | M55: =(E55*F55*L55)+(G55*E55)+((H55+I55+J55)*E55) -> 0
C56: Program Management | D56: 1001 | M56: 0
C57: IT/Data Support | D57: 1002 | M57: 0
A59: N0018925DZXX9 | B59: I | D59: 0001 | E59: =SUM(E60:E60) -> 375 | M59: =SUM(M60:M62) -> 0
C60: [Insert Program] - FY27 | E60: 375 | F60: 0 | G60: 0 | H60: 0 | I60: 0 | J60: 0 | K60: =(F60+G60+H60) -> 0 | L60: 3.5 | M60: =(E60*F60*L60)+(G60*E60)+((H60+I60+J60)*E60) -> 0
C61: Program Management | D61: 1001 | M61: 0
C62: IT/Data Support | D62: 1002 | M62: 0
A64: N0018925DZX10 | B64: J | D64: 0001 | E64: =SUM(E65:E65) -> 375 | M64: =SUM(M65:M67) -> 0
C65: [Insert Program] - FY27 | E65: 375 | F65: 0 | G65: 0 | H65: 0 | I65: 0 | J65: 0 | K65: =(F65+G65+H65) -> 0 | L65: 3.5 | M65: =(E65*F65*L65)+(G65*E65)+((H65+I65+J65)*E65) -> 0
C66: Program Management | D66: 1001 | M66: 0
C67: IT/Data Support | D67: 1002 | M67: 0
A68: N0018925DZX11 | B68: K | D68: 0001 | E68: =SUM(E69:E69) -> 375 | M68: =SUM(M69:M71) -> 0
C69: [Insert Program] - FY27 | E69: 375 | F69: 0 | G69: 0 | H69: 0 | I69: 0 | J69: 0 | K69: =(F69+G69+H69) -> 0 | L69: 3.5 | M69: =(E69*F69*L69)+(G69*E69)+((H69+I69+J69)*E69) -> 0
C70: Program Management | D70: 1001 | M70: 0
C71: IT/Data Support | D71: 1002 | M71: 0
A72: N0018925DZX12 | B72: L | D72: 0001 | E72: =SUM(E73:E73) -> 375 | M72: =SUM(M73:M75) -> 0
C73: [Insert Program] - FY27 | E73: 375 | F73: 0 | G73: 0 | H73: 0 | I73: 0 | J73: 0 | K73: =(F73+G73+H73) -> 0 | L73: 3.5 | M73: =(E73*F73*L73)+(G73*E73)+((H73+I73+J73)*E73) -> 0
C74: Program Management | D74: 1001 | M74: 0
C75: IT/Data Support | D75: 1002 | M75: 0
A76: N0018925DZX13 | B76: M | D76: 0001 | E76: =SUM(E77:E77) -> 375 | M76: =SUM(M77:M79) -> 0
C77: [Insert Program] - FY27 | E77: 375 | F77: 0 | G77: 0 | H77: 0 | I77: 0 | J77: 0 | K77: =(F77+G77+H77) -> 0 | L77: 3.5 | M77: =(E77*F77*L77)+(G77*E77)+((H77+I77+J77)*E77) -> 0
C78: Program Management | D78: 1001 | M78: 0
C79: IT/Data Support | D79: 1002 | M79: 0
A80: N0018925DZX14 | B80: N | D80: 0001 | E80: =SUM(E81:E81) -> 375 | M80: =SUM(M81:M83) -> 0
C81: [Insert Program] - FY27 | E81: 375 | F81: 0 | G81: 0 | H81: 0 | I81: 0 | J81: 0 | K81: =(F81+G81+H81) -> 0 | L81: 3.5 | M81: =(E81*F81*L81)+(G81*E81)+((H81+I81+J81)*E81) -> 0
C82: Program Management | D82: 1001 | M82: 0
C83: IT/Data Support | D83: 1002 | M83: 0
A84: N0018925DZX15 | B84: O | D84: 0001 | E84: =SUM(E85:E85) -> 375 | M84: =SUM(M85:M87) -> 0
C85: [Insert Program] - FY27 | E85: 375 | F85: 0 | G85: 0 | H85: 0 | I85: 0 | J85: 0 | K85: =(F85+G85+H85) -> 0 | L85: 3.5 | M85: =(E85*F85*L85)+(G85*E85)+((H85+I85+J85)*E85) -> 0
C86: Program Management | D86: 1001 | M86: 0
C87: IT/Data Support | D87: 1002 | M87: 0
A88: FY27
L89: TOTAL | M89: =M2+M10+M18+M26+M34+M42+M49+M54+M59+M64+M68+M72+M76+M80+M84 -> 0

Sheet CLIN 0002 (OY1)
A1: IDIQ | B1: Partner Institution | C1: Program | D1: CLIN | E1: Course Seats | F1: Tuition | G1: Instruction Materials | H1: Term Fees | I1: Annual Fees | J1: Graduation Fees | L1: Credits/Course | M1: Total
A2: N0018900026DZXX1 | B2: A | D2: 0002 | E2: =SUM(E3:E6) -> 6500 | M2: =SUM(M3:M8) -> 0
C3: Military Studies | E3: 1500 | F3: 0 | G3: 0 | H3: 0 | I3: 0 | J3: 0 | K3: 0 | L3: 3.5 | M3: =(E3*F3*L3)+(G3*E3)+((H3+I3+J3)*E3) -> 0
C4: Orginazational Leadership | E4: 3250 | F4: 0 | G4: 0 | H4: 0 | I4: 0 | J4: 0 | K4: 0 | L4: 3.5 | M4: =(E4*F4*L4)+(G4*E4)+((H4+I4+J4)*E4) -> 0
C5: Maritime Logistics | E5: 1250 | F5: 0 | G5: 0 | H5: 0 | I5: 0 | J5: 0 | K5: 0 | L5: 3.5 | M5: =(E5*F5*L5)+(G5*E5)+((H5+I5+J5)*E5) -> 0
C6: Emergency Management | E6: 500 | F6: 0 | G6: 0 | H6: 0 | I6: 0 | J6: 0 | K6: 0 | L6: 3.5 | M6: =(E6*F6*L6)+(G6*E6)+((H6+I6+J6)*E6) -> 0
C7: Program Management | D7: 2001 | M7: 0
C8: IT/Data Support | D8: 2002 | M8: 0
A10: N0018900026DZXX0002 | B10: B | D10: 0002 | E10: =SUM(E11:E14) -> 3725 | M10: =SUM(M11:M16) -> 0
C11: Nuclear Technology | E11: 1000 | F11: 0 | G11: 0 | H11: 0 | I11: 0 | J11: 0 | K11: =(F11+G11+H11) -> 0 | L11: 3.5 | M11: =(E11*F11*L11)+(G11*E11)+((H11+I11+J11)*E11) -> 0
C12: Engineering Fundamentals | E12: 1750 | F12: 0 | G12: 0 | H12: 0 | I12: 0 | J12: 0 | K12: =(F10003+G10003+H10003) -> 0 | L12: 3.5 | M12: =(E12*F12*L12)+(G12*E12)+((H12+I12+J12)*E12) -> 0
C13: FY28 (Mechatronics) | E13: 750 | F13: 0 | G13: 0 | H13: 0 | I13: 0 | J13: 0 | K13: =(F13+G13+H13) -> 0 | L13: 3.5 | M13: =(E13*F13*L13)+(G13*E13)+((H13+I13+J13)*E13) -> 0
C14: FY28 (Marine Technology) | E14: 225 | F14: 0 | G14: 0 | H14: 0 | I14: 0 | J14: 0 | K14: =(F14+G14+H14) -> 0 | L14: 3.5 | M14: =(E14*F14*L14)+(G14*E14)+((H14+I14+J14)*E14) -> 0
C15: Program Management | D15: 2001 | M15: 0
C16: IT/Data Support | D16: 2002 | M16: 0
A18: N0018900026DZXX3 | B18: C | D18: 0002 | E18: =SUM(E19:E21) -> 4225 | M18: =SUM(M19:M23) -> 0
C19: GS w/ Computer Studies | E19: 3000 | F19: 0 | G19: 0 | H19: 0 | I19: 0 | J19: 0 | K19: =(F19+G19+H19) -> 0 | L19: 3.5 | M19: =(E19*F19*L19)+(G19*E19)+((H19+I19+J19)*E19) -> 0
C20: FY28 (Additive/Advance Manufacturing) | E20: 1000 | F20: 0 | G20: 0 | H20: 0 | I20: 0 | J20: 0 | K20: =(F20+G20+H20) -> 0 | L20: 3.5 | M20: =(E20*F20*L20)+(G20*E20)+((H20+I20+J20)*E20) -> 0
C21: [Insert Program] - FY28 | E21: 225 | F21: 0 | G21: 0 | H21: 0 | I21: 0 | J21: 0 | K21: =(F21+G21+H21) -> 0 | L21: 3.5 | M21: =(E21*F21*L21)+(G21*E21)+((H21+I21+J21)*E21) -> 0
C22: Program Management | D22: 2001 | M22: 0
C23: IT/Data Support | D23: 2002 | M23: 0
A25: N0018900026DZXX4 | B25: D | D25: 0002 | E25: =SUM(E26:E28) -> 3550 | M25: =SUM(M26:M30) -> 0
C26: Cyber Security | E26: 2500 | F26: 0 | G26: 0 | H26: 0 | I26: 0 | J26: 0 | K26: =(F26+G26+H26) -> 0 | L26: 3.5 | M26: =(E26*F26*L26)+(G26*E26)+((H26+I26+J26)*E26) -> 0
C27: FY28 (Electronics/ Electronics Technology) | E27: 750 | F27: 0 | G27: 0 | H27: 0 | I27: 0 | J27: 0 | K27: =(F27+G27+H27) -> 0 | L27: 3.5 | M27: =(E27*F27*L27)+(G27*E27)+((H27+I27+J27)*E27) -> 0
C28: [Insert Program] - FY28 | E28: 300 | F28: 0 | G28: 0 | H28: 0 | I28: 0 | J28: 0 | K28: =(F28+G28+H28) -> 0 | L28: 3.5 | M28: =(E28*F28*L28)+(G28*E28)+((H28+I28+J28)*E28) -> 0
C29: Program Management | D29: 2001 | M29: 0
C30: IT/Data Support | D30: 2002 | M30: 0
A32: N0018900026DZXX5 | B32: E | D32: 0002 | E32: =SUM(E33:E36) -> 5500 | M32: =SUM(M33:M38) -> 0
C33: Aviation Maintenance and Uncrewed Systems | E33: 2750 | F33: 0 | G33: 0 | H33: 0 | I33: 0 | J33: 0 | K33: =(F33+G33+H33) -> 0 | L33: 3.5 | M33: =(E33*F33*L33)+(G33*E33)+((H33+I33+J33)*E33) -> 0
C34: Engineering Fundamentals | E34: 1125 | F34: 0 | G34: 0 | H34: 0 | I34: 0 | J34: 0 | K34: =(F34+G34+H34) -> 0 | L34: 3.5 | M34: =(E34*F34*L34)+(G34*E34)+((H34+I34+J34)*E34) -> 0
C35: Emergency Management | E35: 625 | F35: 0 | G35: 0 | H35: 0 | I35: 0 | J35: 0 | K35: =(F35+G35+H35) -> 0 | L35: 3.5 | M35: =(E35*F35*L35)+(G35*E35)+((H35+I35+J35)*E35) -> 0
C36: FY28 (Communications/ Electronic Warfare Technology) | E36: 1000 | F36: 0 | G36: 0 | H36: 0 | I36: 0 | J36: 0 | K36: =(F36+G36+H36) -> 0 | L36: 3.5 | M36: =(E36*F36*L36)+(G36*E36)+((H36+I36+J36)*E36) -> 0
C37: Program Management | D37: 2001 | M37: 0
C38: IT/Data Support | D38: 2002 | M38: 0
A40: N0018900026DZXX6 | B40: F | D40: 0002 | E40: =SUM(E41:E43) -> 1900 | M40: =SUM(M41:M45) -> 0
C41: Maritime Logistics | E41: 1000 | F41: 0 | G41: 0 | H41: 0 | I41: 0 | J41: 0 | K41: =(F41+G41+H41) -> 0 | L41: 3.5 | M41: =(E41*F41*L41)+(G41*E41)+((H41+I41+J41)*E41) -> 0
C42: FY27 (Industrial Maintenance/ AUS Technology) | E42: 750 | F42: 0 | G42: 0 | H42: 0 | I42: 0 | J42: 0 | K42: =(F40003+G40003+H40003) -> 0 | L42: 3.5 | M42: =(E42*F42*L42)+(G42*E42)+((H42+I42+J42)*E42) -> 0
C43: [Insert Program] - FY28 | E43: 150 | F43: 0 | G43: 0 | H43: 0 | I43: 0 | J43: 0 | K43: =(F43+G43+H43) -> 0 | L43: 3.5 | M43: =(E43*F43*L43)+(G43*E43)+((H43+I43+J43)*E43) -> 0
C44: Program Management | D44: 2001 | M44: 0
C45: IT/Data Support | D45: 2002 | M45: 0
A47: N0018900026DZXX7 | B47: G | D47: 0002 | E47: =SUM(E48:E48) -> 3500 | M47: =SUM(M48:M50) -> 0
C48: Compentency Based Education | E48: 3500 | F48: 0 | G48: 0 | H48: 0 | I48: 0 | J48: 0 | K48: 0 | L48: 0 | M48: =(E48*F48*L48)+(G48*E48)+((H48+I48+J48)*E48) -> 0
C49: Program Management | D49: 2001 | M49: 0
C50: IT/Data Support | D50: 2002 | M50: 0
A52: N0018900026DZXX8 | B52: H | D52: 0002 | E52: =SUM(E53:E54) -> 1050 | M52: =SUM(M53:M56) -> 0
C53: [Insert Program] - FY27 | E53: 750 | F53: 0 | G53: 0 | H53: 0 | I53: 0 | J53: 0 | K53: =(F53+G53+H53) -> 0 | L53: 3.5 | M53: =(E53*F53*L53)+(G53*E53)+((H53+I53+J53)*E53) -> 0
C54: [Insert Program] - FY28 | E54: 300 | F54: 0 | G54: 0 | H54: 0 | I54: 0 | J54: 0 | K54: =(F54+G54+H54) -> 0 | L54: 3.5 | M54: =(E54*F54*L54)+(G54*E54)+((H54+I54+J54)*E54) -> 0
C55: Program Management | D55: 2001 | M55: 0
C56: IT/Data Support | D56: 2002 | M56: 0
A58: N0018900026DZXX9 | B58: I | D58: 0002 | E58: =SUM(E59:E59) -> 375 | M58: =SUM(M59:M62) -> 0
C59: [Insert Program] - FY27 | E59: 375 | F59: 0 | G59: 0 | H59: 0 | I59: 0 | J59: 0 | K59: =(F59+G59+H59) -> 0 | L59: 3.5 | M59: =(E59*F59*L59)+(G59*E59)+((H59+I59+J59)*E59) -> 0
C60: [Insert Program] - FY28 | E60: 375 | F60: 0 | G60: 0 | H60: 0 | I60: 0 | J60: 0 | K60: =(F60+G60+H60) -> 0 | L60: 3.5 | M60: =(E60*F60*L60)+(G60*E60)+((H60+I60+J60)*E60) -> 0
C61: Program Management | D61: 2001 | M61: 0
C62: IT/Data Support | D62: 2002 | M62: 0
A64: N0018900026DZX10 | B64: J | D64: 0002 | E64: =SUM(E65:E65) -> 375 | M64: =SUM(M65:M67) -> 0
C65: [Insert Program] - FY27 | E65: 375 | F65: 0 | G65: 0 | H65: 0 | I65: 0 | J65: 0 | K65: =(F65+G65+H65) -> 0 | L65: 3.5 | M65: =(E65*F65*L65)+(G65*E65)+((H65+I65+J65)*E65) -> 0
C66: Program Management | D66: 2001 | M66: 0
C67: IT/Data Support | D67: 2002 | M67: 0
A68: N0018900026DZX11 | B68: K | D68: 0002 | E68: =SUM(E69:E69) -> 375 | M68: =SUM(M69:M71) -> 0
C69: [Insert Program] - FY27 | E69: 375 | F69: 0 | G69: 0 | H69: 0 | I69: 0 | J69: 0 | K69: =(F69+G69+H69) -> 0 | L69: 3.5 | M69: =(E69*F69*L69)+(G69*E69)+((H69+I69+J69)*E69) -> 0
C70: Program Management | D70: 2001 | M70: 0
C71: IT/Data Support | D71: 2002 | M71: 0
A72: N0018900026DZX10002 | B72: L | D72: 0002 | E72: =SUM(E70003:E70003) -> 0 | M72: =SUM(M73:M75) -> 0
C73: [Insert Program] - FY27 | E73: 375 | F73: 0 | G73: 0 | H73: 0 | I73: 0 | J73: 0 | K73: =(F70003+G70003+H70003) -> 0 | L73: 3.5 | M73: =(E73*F73*L73)+(G73*E73)+((H73+I73+J73)*E73) -> 0
C74: Program Management | D74: 2001 | M74: 0
C75: IT/Data Support | D75: 2002 | M75: 0
A76: N0018900026DZX13 | B76: M | D76: 0002 | E76: =SUM(E77:E77) -> 375 | M76: =SUM(M77:M79) -> 0
C77: [Insert Program] - FY27 | E77: 375 | F77: 0 | G77: 0 | H77: 0 | I77: 0 | J77: 0 | K77: =(F77+G77+H77) -> 0 | L77: 3.5 | M77: =(E77*F77*L77)+(G77*E77)+((H77+I77+J77)*E77) -> 0
C78: Program Management | D78: 2001 | M78: 0
C79: IT/Data Support | D79: 2002 | M79: 0
A80: N0018900026DZX14 | B80: N | D80: 0002 | E80: =SUM(E81:E81) -> 375 | M80: =SUM(M81:M83) -> 0
C81: [Insert Program] - FY27 | E81: 375 | F81: 0 | G81: 0 | H81: 0 | I81: 0 | J81: 0 | K81: =(F81+G81+H81) -> 0 | L81: 3.5 | M81: =(E81*F81*L81)+(G81*E81)+((H81+I81+J81)*E81) -> 0
C82: Program Management | D82: 2001 | M82: 0
C83: IT/Data Support | D83: 2002 | M83: 0
A84: N0018900026DZX15 | B84: O | D84: 0002 | E84: =SUM(E85:E85) -> 375 | M84: =SUM(M85:M87) -> 0
C85: [Insert Program] - FY27 | E85: 375 | F85: 0 | G85: 0 | H85: 0 | I85: 0 | J85: 0 | K85: =(F85+G85+H85) -> 0 | L85: 3.5 | M85: =(E85*F85*L85)+(G85*E85)+((H85+I85+J85)*E85) -> 0
C86: Program Management | D86: 2001 | M86: 0
C87: IT/Data Support | D87: 2002 | M87: 0
A88: FY28
L89: TOTAL | M89: =M2+M10+M18+M25+M32+M40+M47+M52+M58+M64+M68+M72+M76+M80+M84 -> 0

Sheet CLIN 0003 (OY2)
A1: IDIQ | B1: Partner Institution | C1: Program | D1: CLIN | E1: Course Seats | F1: Tuition | G1: Instruction Materials | H1: Term Fees | I1: Annual Fees | J1: Graduation Fees | L1: Credits/Course | M1: Total
A2: N0018925DZXX1 | B2: A | D2: 0003 | E2: =SUM(E3:E6) -> 8250 | M2: =SUM(M3:M8) -> 0
C3: Military Studies | E3: 1875 | F3: 0 | G3: 0 | H3: 0 | I3: 0 | J3: 0 | K3: 0 | L3: 3.5 | M3: =(E3*F3*L3)+(G3*E3)+((H3+I3+J3)*E3) -> 0
C4: Orginazational Leadership | E4: 3750 | F4: 0 | G4: 0 | H4: 0 | I4: 0 | J4: 0 | K4: 0 | L4: 3.5 | M4: =(E4*F4*L4)+(G4*E4)+((H4+I4+J4)*E4) -> 0
C5: Maritime Logistics | E5: 1875 | F5: 0 | G5: 0 | H5: 0 | I5: 0 | J5: 0 | K5: 0 | L5: 3.5 | M5: =(E5*F5*L5)+(G5*E5)+((H5+I5+J5)*E5) -> 0
C6: Emergency Management | E6: 750 | F6: 0 | G6: 0 | H6: 0 | I6: 0 | J6: 0 | K6: 0 | L6: 3.5 | M6: =(E6*F6*L6)+(G6*E6)+((H6+I6+J6)*E6) -> 0
C7: Program Management | D7: 3001 | M7: 0
C8: IT/Data Support | D8: 3002 | M8: 0
A10: N0018925DZXX2 | B10: B | D10: 0003 | E10: =SUM(E11:E14) -> 4750 | M10: =SUM(M11:M16) -> 0
C11: Nuclear Technology | E11: 1125 | F11: 0 | G11: 0 | H11: 0 | I11: 0 | J11: 0 | K11: =(F11+G11+H11) -> 0 | L11: 3.5 | M11: =(E11*F11*L11)+(G11*E11)+((H11+I11+J11)*E11) -> 0
C12: Engineering Fundamentals | E12: 1875 | F12: 0 | G12: 0 | H12: 0 | I12: 0 | J12: 0 | K12: =(F12+G12+H12) -> 0 | L12: 3.5 | M12: =(E12*F12*L12)+(G12*E12)+((H12+I12+J12)*E12) -> 0
C13: FY28 (Mechatronics) | E13: 1125 | F13: 0 | G13: 0 | H13: 0 | I13: 0 | J13: 0 | K13: =(F13+G13+H13) -> 0 | L13: 3.5 | M13: =(E13*F13*L13)+(G13*E13)+((H13+I13+J13)*E13) -> 0
C14: FY28 (Marine Technology) | E14: 625 | F14: 0 | G14: 0 | H14: 0 | I14: 0 | J14: 0 | K14: =(F14+G14+H14) -> 0 | L14: 3.5 | M14: =(E14*F14*L14)+(G14*E14)+((H14+I14+J14)*E14) -> 0
C15: Program Management | D15: 3001 | M15: 0
C16: IT/Data Support | D16: 3002 | M16: 0
A18: N0018925DZXX3 | B18: C | D18: 0003 | E18: =SUM(E19:E22) -> 5625 | M18: =SUM(M19:M24) -> 0
C19: GS w/ Computer Studies | E19: 3250 | F19: 0 | G19: 0 | H19: 0 | I19: 0 | J19: 0 | K19: =(F19+G19+H19) -> 0 | L19: 3.5 | M19: =(E19*F19*L19)+(G19*E19)+((H19+I19+J19)*E19) -> 0
C20: FY27 (Additive/Advance Manufacturing) | E20: 1250 | F20: 0 | G20: 0 | H20: 0 | I20: 0 | J20: 0 | K20: =(F20+G20+H20) -> 0 | L20: 3.5 | M20: =(E20*F20*L20)+(G20*E20)+((H20+I20+J20)*E20) -> 0
C21: [Insert Program] - FY28 | E21: 750 | F21: 0 | G21: 0 | H21: 0 | I21: 0 | J21: 0 | K21: =(F21+G21+H21) -> 0 | L21: 3.5 | M21: =(E21*F21*L21)+(G21*E21)+((H21+I21+J21)*E21) -> 0
C22: [Insert Program] - FY29 | E22: 375 | F22: 0 | G22: 0 | H22: 0 | I22: 0 | J22: 0 | K22: =(F22+G22+H22) -> 0 | L22: 3.5 | M22: =(E22*F22*L22)+(G22*E22)+((H22+I22+J22)*E22) -> 0
C23: Program Management | D23: 3001 | M23: 0
C24: IT/Data Support | D24: 3002 | M24: 0
A26: N0018925DZXX4 | B26: D | D26: 0003 | E26: =SUM(E27:E30) -> 5300 | M26: =SUM(M27:M32) -> 0
C27: Cyber Security | E27: 3125 | F27: 0 | G27: 0 | H27: 0 | I27: 0 | J27: 0 | K27: =(F27+G27+H27) -> 0 | L27: 3.5 | M27: =(E27*F27*L27)+(G27*E27)+((H27+I27+J27)*E27) -> 0
C28: FY27 (Electronics/ Electronics Technology) | E28: 1125 | F28: 0 | G28: 0 | H28: 0 | I28: 0 | J28: 0 | K28: =(F28+G28+H28) -> 0 | L28: 3.5 | M28: =(E28*F28*L28)+(G28*E28)+((H28+I28+J28)*E28) -> 0
C29: [Insert Program] - FY28 | E29: 750 | F29: 0 | G29: 0 | H29: 0 | I29: 0 | J29: 0 | K29: =(F29+G29+H29) -> 0 | L29: 3.5 | M29: =(E29*F29*L29)+(G29*E29)+((H29+I29+J29)*E29) -> 0
C30: [Insert Program] - FY29 | E30: 300 | F30: 0 | G30: 0 | H30: 0 | I30: 0 | J30: 0 | K30: =(F30+G30+H30) -> 0 | L30: 3.5 | M30: =(E30*F30*L30)+(G30*E30)+((H30+I30+J30)*E30) -> 0
C31: Program Management | D31: 3001 | M31: 0
C32: IT/Data Support | D32: 3002 | M32: 0
A34: N0018925DZXX5 | B34: E | D34: 0003 | E34: =SUM(E35:E38) -> 7250 | M34: =SUM(M35:M40) -> 0
C35: Aviation Maintenance and Uncrewed Systems | E35: 3750 | F35: 0 | G35: 0 | H35: 0 | I35: 0 | J35: 0 | K35: =(F35+G35+H35) -> 0 | L35: 3.5 | M35: =(E35*F35*L35)+(G35*E35)+((H35+I35+J35)*E35) -> 0
C36: Engineering Fundamentals | E36: 1500 | F36: 0 | G36: 0 | H36: 0 | I36: 0 | J36: 0 | K36: =(F36+G36+H36) -> 0 | L36: 3.5 | M36: =(E36*F36*L36)+(G36*E36)+((H36+I36+J36)*E36) -> 0
C37: Emergency Management | E37: 750 | F37: 0 | G37: 0 | H37: 0 | I37: 0 | J37: 0 | K37: =(F37+G37+H37) -> 0 | L37: 3.5 | M37: =(E37*F37*L37)+(G37*E37)+((H37+I37+J37)*E37) -> 0
C38: FY28 (Communications/ Electronic Warfare Technology) | E38: 1250 | F38: 0 | G38: 0 | H38: 0 | I38: 0 | J38: 0 | K38: =(F38+G38+H38) -> 0 | L38: 3.5 | M38: =(E38*F38*L38)+(G38*E38)+((H38+I38+J38)*E38) -> 0
C39: Program Management | D39: 3001 | M39: 0
C40: IT/Data Support | D40: 3002 | M40: 0
A42: N0018925DZXX6 | B42: F | D42: 0003 | E42: =SUM(E43:E45) -> 3250 | M42: =SUM(M43:M47) -> 0
C43: Maritime Logistics | E43: 1500 | F43: 0 | G43: 0 | H43: 0 | I43: 0 | J43: 0 | K43: =(F43+G43+H43) -> 0 | L43: 3.5 | M43: =(E43*F43*L43)+(G43*E43)+((H43+I43+J43)*E43) -> 0
C44: FY27 (Industrial Maintenance/ AUS Technology) | E44: 1125 | F44: 0 | G44: 0 | H44: 0 | I44: 0 | J44: 0 | K44: =(F44+G44+H44) -> 0 | L44: 3.5 | M44: =(E44*F44*L44)+(G44*E44)+((H44+I44+J44)*E44) -> 0
C45: [Insert Program] - FY28 | E45: 625 | F45: 0 | G45: 0 | H45: 0 | I45: 0 | J45: 0 | K45: =(F45+G45+H45) -> 0 | L45: 3.5 | M45: =(E45*F45*L45)+(G45*E45)+((H45+I45+J45)*E45) -> 0
C46: Program Management | M46: 0
C47: IT/Data Support | D47: 3001 | M47: 0
D48: 3002
A49: N0018925DZXX7 | B49: G | D49: 0003 | E49: =SUM(E50:E50) -> 4000 | M49: =SUM(M50:M52) -> 0
C50: Compentency Based Education | E50: 4000 | F50: 0 | G50: 0 | H50: 0 | I50: 0 | J50: 0 | K50: 0 | L50: 3.5 | M50: =(E50*F50*L50)+(G50*E50)+((H50+I50+J50)*E50) -> 0
C51: Program Management | D51: 3001 | M51: 0
C52: IT/Data Support | D52: 3002 | M52: 0
A54: N0018925DZXX8 | B54: H | D54: 0003 | E54: =SUM(E55:E57) -> 2550 | M54: =SUM(M55:M59) -> 0
C55: [Insert Program] - FY27 | E55: 1500 | F55: 0 | G55: 0 | H55: 0 | I55: 0 | J55: 0 | K55: =(F55+G55+H55) -> 0 | L55: 3.5 | M55: =(E55*F55*L55)+(G55*E55)+((H55+I55+J55)*E55) -> 0
C56: [Insert Program] - FY28 | E56: 750 | F56: 0 | G56: 0 | H56: 0 | I56: 0 | J56: 0 | K56: =(F56+G56+H56) -> 0 | L56: 3.5 | M56: =(E56*F56*L56)+(G56*E56)+((H56+I56+J56)*E56) -> 0
C57: [Insert Program] - FY29 | E57: 300 | F57: 0 | G57: 0 | H57: 0 | I57: 0 | J57: 0 | K57: =(F57+G57+H57) -> 0 | L57: 3.5 | M57: =(E57*F57*L57)+(G57*E57)+((H57+I57+J57)*E57) -> 0
C58: Program Management | D58: 3001 | M58: 0
C59: IT/Data Support | D59: 3002 | M59: 0
A61: N0018925DZXX9 | B61: I | D61: 0003 | E61: =SUM(E62:E63) -> 375 | M61: =SUM(M62:M65) -> 0
C62: [Insert Program] - FY28 | E62: 375 | F62: 0 | G62: 0 | H62: 0 | I62: 0 | J62: 0 | K62: =(F62+G62+H62) -> 0 | L62: 3.5 | M62: =(E62*F62*L62)+(G62*E62)+((H62+I62+J62)*E62) -> 0
C63: [Insert Program] - FY29 | E63: 0 | F63: 0 | G63: 0 | H63: 0 | I63: 0 | J63: 0 | K63: =(F63+G63+H63) -> 0 | L63: 3.5 | M63: =(E63*F63*L63)+(G63*E63)+((H63+I63+J63)*E63) -> 0
C64: Program Management | D64: 3001 | M64: 0
C65: IT/Data Support | D65: 3002 | M65: 0
A67: N0018925DZX10 | B67: J | D67: 0003 | E67: =SUM(E68:E69) -> 750 | M67: =SUM(M68:M71) -> 0
C68: [Insert Program] - FY27 | E68: 375 | F68: 0 | G68: 0 | H68: 0 | I68: 0 | J68: 0 | K68: =(F68+G68+H68) -> 0 | L68: 3.5 | M68: =(E68*F68*L68)+(G68*E68)+((H68+I68+J68)*E68) -> 0
C69: [Insert Program] - FY29 | E69: 375 | F69: 0 | G69: 0 | H69: 0 | I69: 0 | J69: 0 | K69: =(F69+G69+H69) -> 0 | L69: 3.5 | M69: =(E69*F69*L69)+(G69*E69)+((H69+I69+J69)*E69) -> 0
C70: Program Management | D70: 3001 | M70: 0
C71: IT/Data Support | D71: 3002 | M71: 0
A72: N0018925DZX11 | B72: K | D72: 0003 | E72: =SUM(E73:E74) -> 750 | M72: =SUM(M73:M76) -> 0
C73: [Insert Program] - FY27 | E73: 375 | F73: 0 | G73: 0 | H73: 0 | I73: 0 | J73: 0 | K73: =(F73+G73+H73) -> 0 | L73: 3.5 | M73: =(E73*F73*L73)+(G73*E73)+((H73+I73+J73)*E73) -> 0
C74: [Insert Program] - FY29 | E74: 375 | F74: 0 | G74: 0 | H74: 0 | I74: 0 | J74: 0 | K74: =(F74+G74+H74) -> 0 | L74: 3.5 | M74: =(E74*F74*L74)+(G74*E74)+((H74+I74+J74)*E74) -> 0
C75: Program Management | D75: 3001 | M75: 0
C76: IT/Data Support | D76: 3002 | M76: 0
A77: N0018925DZX12 | B77: L | D77: 0003 | E77: =SUM(E78:E79) -> 750 | M77: =SUM(M78:M81) -> 0
C78: [Insert Program] - FY27 | E78: 375 | F78: 0 | G78: 0 | H78: 0 | I78: 0 | J78: 0 | K78: =(F78+G78+H78) -> 0 | L78: 3.5 | M78: =(E78*F78*L78)+(G78*E78)+((H78+I78+J78)*E78) -> 0
C79: [Insert Program] - FY29 | E79: 375 | F79: 0 | G79: 0 | H79: 0 | I79: 0 | J79: 0 | K79: =(F79+G79+H79) -> 0 | L79: 3.5 | M79: =(E79*F79*L79)+(G79*E79)+((H79+I79+J79)*E79) -> 0
C80: Program Management | D80: 3001 | M80: 0
C81: IT/Data Support | D81: 3002 | M81: 0
A82: N0018925DZX13 | B82: M | D82: 0003 | E82: =SUM(E83:E83) -> 375 | M82: =SUM(M83:M85) -> 0
C83: [Insert Program] - FY27 | E83: 375 | F83: 0 | G83: 0 | H83: 0 | I83: 0 | J83: 0 | K83: =(F83+G83+H83) -> 0 | L83: 3.5 | M83: =(E83*F83*L83)+(G83*E83)+((H83+I83+J83)*E83) -> 0
C84: Program Management | D84: 3001 | M84: 0
C85: IT/Data Support | D85: 3002 | M85: 0
A86: N0018925DZX14 | B86: N | D86: 0003 | E86: =SUM(E87:E87) -> 375 | M86: =SUM(M87:M89) -> 0
C87: [Insert Program] - FY27 | E87: 375 | F87: 0 | G87: 0 | H87: 0 | I87: 0 | J87: 0 | K87: =(F87+G87+H87) -> 0 | L87: 3.5 | M87: =(E87*F87*L87)+(G87*E87)+((H87+I87+J87)*E87) -> 0
C88: Program Management | D88: 3001 | M88: 0
C89: IT/Data Support | D89: 3002 | M89: 0
A90: N0018925DZX15 | B90: O | D90: 0003 | E90: =SUM(E91:E91) -> 375 | M90: =SUM(M91:M93) -> 0
C91: [Insert Program] - FY27 | E91: 375 | F91: 0 | G91: 0 | H91: 0 | I91: 0 | J91: 0 | K91: =(F91+G91+H91) -> 0 | L91: 3.5 | M91: =(E91*F91*L91)+(G91*E91)+((H91+I91+J91)*E91) -> 0
C92: Program Management | D92: 3001 | M92: 0
C93: IT/Data Support | D93: 3002 | M93: 0
A94: FY29
L95: TOTAL | M95: =M2+M10+M18+M26+M34+M42+M49+M54+M61+M67+M72+M77+M82+M86+M90 -> 0

Sheet CLIN 0004 (OY3)
A1: IDIQ | B1: Partner Institution | C1: Program | D1: CLIN | E1: Course Seats | F1: Tuition | G1: Instruction Materials | H1: Term Fees | I1: Annual Fees | J1: Graduation Fees | L1: Credits/Course | M1: Total
A2: N0018925DZXX1 | B2: A | D2: 0004 | E2: =SUM(E3:E6) -> 9000 | M2: =SUM(M3:M8) -> 0
C3: Military Studies | E3: 2000 | F3: 0 | G3: 0 | H3: 0 | I3: 0 | J3: 0 | K3: 0 | L3: 3.5 | M3: =(E3*F3*L3)+(G3*E3)+((H3+I3+J3)*E3) -> 0
C4: Orginazational Leadership | E4: 4000 | F4: 0 | G4: 0 | H4: 0 | I4: 0 | J4: 0 | K4: 0 | L4: 3.5 | M4: =(E4*F4*L4)+(G4*E4)+((H4+I4+J4)*E4) -> 0
C5: Maritime Logistics | E5: 2125 | F5: 0 | G5: 0 | H5: 0 | I5: 0 | J5: 0 | K5: 0 | L5: 3.5 | M5: =(E5*F5*L5)+(G5*E5)+((H5+I5+J5)*E5) -> 0
C6: Emergency Management | E6: 875 | F6: 0 | G6: 0 | H6: 0 | I6: 0 | J6: 0 | K6: 0 | L6: 3.5 | M6: =(E6*F6*L6)+(G6*E6)+((H6+I6+J6)*E6) -> 0
C7: Program Management | D7: 4001 | M7: 0
C8: IT/Data Support | D8: 4002 | M8: 0
A10: N0018925DZXX2 | B10: B | D10: 0004 | E10: =SUM(E11:E14) -> 5250 | M10: =SUM(M11:M16) -> 0
C11: Nuclear Technology | E11: 1125 | F11: 0 | G11: 0 | H11: 0 | I11: 0 | J11: 0 | K11: =(F11+G11+H11) -> 0 | L11: 3.5 | M11: =(E11*F11*L11)+(G11*E11)+((H11+I11+J11)*E11) -> 0
C12: Engineering Fundamentals | E12: 2125 | F12: 0 | G12: 0 | H12: 0 | I12: 0 | J12: 0 | K12: =(F12+G12+H12) -> 0 | L12: 3.5 | M12: =(E12*F12*L12)+(G12*E12)+((H12+I12+J12)*E12) -> 0
C13: FY28 (Mechatronics) | E13: 1250 | F13: 0 | G13: 0 | H13: 0 | I13: 0 | J13: 0 | K13: =(F13+G13+H13) -> 0 | L13: 3.5 | M13: =(E13*F13*L13)+(G13*E13)+((H13+I13+J13)*E13) -> 0
C14: FY28 (Marine Technology) | E14: 750 | F14: 0 | G14: 0 | H14: 0 | I14: 0 | J14: 0 | K14: =(F14+G14+H14) -> 0 | L14: 3.5 | M14: =(E14*F14*L14)+(G14*E14)+((H14+I14+J14)*E14) -> 0
C15: Program Management | D15: 4001 | M15: 0
C16: IT/Data Support | D16: 4002 | M16: 0
A18: N0018925DZXX3 | B18: C | D18: 0004 | E18: =SUM(E19:E22) -> 6750 | M18: =SUM(M19:M24) -> 0
C19: GS w/ Computer Studies | E19: 3500 | F19: 0 | G19: 0 | H19: 0 | I19: 0 | J19: 0 | K19: =(F19+G19+H19) -> 0 | L19: 3.5 | M19: =(E19*F19*L19)+(G19*E19)+((H19+I19+J19)*E19) -> 0
C20: FY27 (Additive/Advance Manufacturing) | E20: 1500 | F20: 0 | G20: 0 | H20: 0 | I20: 0 | J20: 0 | K20: =(F20+G20+H20) -> 0 | L20: 3.5 | M20: =(E20*F20*L20)+(G20*E20)+((H20+I20+J20)*E20) -> 0
C21: [Insert Program] - FY28 | E21: 875 | F21: 0 | G21: 0 | H21: 0 | I21: 0 | J21: 0 | K21: =(F21+G21+H21) -> 0 | L21: 3.5 | M21: =(E21*F21*L21)+(G21*E21)+((H21+I21+J21)*E21) -> 0
C22: [Insert Program] - FY29 | E22: 875 | F22: 0 | G22: 0 | H22: 0 | I22: 0 | J22: 0 | K22: =(F22+G22+H22) -> 0 | L22: 3.5 | M22: =(E22*F22*L22)+(G22*E22)+((H22+I22+J22)*E22) -> 0
C23: Program Management | D23: 4001 | M23: 0
C24: IT/Data Support | D24: 4002 | M24: 0
A26: N0018925DZXX4 | B26: D | D26: 0004 | E26: =SUM(E27:E30) -> 6750 | M26: =SUM(M27:M32) -> 0
C27: Cyber Security | E27: 3750 | F27: 0 | G27: 0 | H27: 0 | I27: 0 | J27: 0 | K27: =(F27+G27+H27) -> 0 | L27: 3.5 | M27: =(E27*F27*L27)+(G27*E27)+((H27+I27+J27)*E27) -> 0
C28: FY27 (Electronics/ Electronics Technology) | E28: 1250 | F28: 0 | G28: 0 | H28: 0 | I28: 0 | J28: 0 | K28: =(F28+G28+H28) -> 0 | L28: 3.5 | M28: =(E28*F28*L28)+(G28*E28)+((H28+I28+J28)*E28) -> 0
C29: [Insert Program] - FY28 | E29: 1000 | F29: 0 | G29: 0 | H29: 0 | I29: 0 | J29: 0 | K29: =(F29+G29+H29) -> 0 | L29: 3.5 | M29: =(E29*F29*L29)+(G29*E29)+((H29+I29+J29)*E29) -> 0
C30: [Insert Program] - FY29 | E30: 750 | F30: 0 | G30: 0 | H30: 0 | I30: 0 | J30: 0 | K30: =(F30+G30+H30) -> 0 | L30: 3.5 | M30: =(E30*F30*L30)+(G30*E30)+((H30+I30+J30)*E30) -> 0
C31: Program Management | D31: 4001 | M31: 0
C32: IT/Data Support | D32: 4002 | M32: 0
A34: N0018925DZXX5 | B34: E | D34: 0004 | E34: =SUM(E35:E38) -> 8250 | M34: =SUM(M35:M40) -> 0
C35: Aviation Maintenance and Uncrewed Systems | E35: 4250 | F35: 0 | G35: 0 | H35: 0 | I35: 0 | J35: 0 | K35: =(F35+G35+H35) -> 0 | L35: 3.5 | M35: =(E35*F35*L35)+(G35*E35)+((H35+I35+J35)*E35) -> 0
C36: Engineering Fundamentals | E36: 1750 | F36: 0 | G36: 0 | H36: 0 | I36: 0 | J36: 0 | K36: =(F36+G36+H36) -> 0 | L36: 3.5 | M36: =(E36*F36*L36)+(G36*E36)+((H36+I36+J36)*E36) -> 0
C37: Emergency Management | E37: 750 | F37: 0 | G37: 0 | H37: 0 | I37: 0 | J37: 0 | K37: =(F37+G37+H37) -> 0 | L37: 3.5 | M37: =(E37*F37*L37)+(G37*E37)+((H37+I37+J37)*E37) -> 0
C38: FY28 (Communications/ Electronic Warfare Technology) | E38: 1500 | F38: 0 | G38: 0 | H38: 0 | I38: 0 | J38: 0 | K38: =(F38+G38+H38) -> 0 | L38: 3.5 | M38: =(E38*F38*L38)+(G38*E38)+((H38+I38+J38)*E38) -> 0
C39: Program Management | D39: 4001 | M39: 0
C40: IT/Data Support | D40: 4002 | M40: 0
A42: N0018925DZXX6 | B42: F | D42: 0004 | E42: =SUM(E43:E45) -> 3750 | M42: =SUM(M43:M47) -> 0
C43: Maritime Logistics | E43: 1625 | F43: 0 | G43: 0 | H43: 0 | I43: 0 | J43: 0 | K43: =(F43+G43+H43) -> 0 | L43: 3.5 | M43: =(E43*F43*L43)+(G43*E43)+((H43+I43+J43)*E43) -> 0
C44: FY27 (Industrial Maintenance/ AUS Technology) | E44: 1250 | F44: 0 | G44: 0 | H44: 0 | I44: 0 | J44: 0 | K44: =(F44+G44+H44) -> 0 | L44: 3.5 | M44: =(E44*F44*L44)+(G44*E44)+((H44+I44+J44)*E44) -> 0
C45: [Insert Program] - FY28 | E45: 875 | F45: 0 | G45: 0 | H45: 0 | I45: 0 | J45: 0 | K45: =(F45+G45+H45) -> 0 | L45: 3.5 | M45: =(E45*F45*L45)+(G45*E45)+((H45+I45+J45)*E45) -> 0
C46: Program Management | D46: 4001 | M46: 0
C47: IT/Data Support | D47: 4002 | M47: 0
A49: N0018925DZXX7 | B49: G | D49: 0004 | E49: =SUM(E50:E50) -> 4375 | M49: =SUM(M50:M52) -> 0
C50: Compentency Based Education | E50: 4375 | F50: 0 | G50: 0 | H50: 0 | I50: 0 | J50: 0 | K50: 0 | L50: 0 | M50: =(E50*F50*L50)+(G50*E50)+((H50+I50+J50)*E50) -> 0
C51: Program Management | D51: 4001 | M51: 0
C52: IT/Data Support | D52: 4002 | M52: 0
A54: N0018925DZXX8 | B54: H | D54: 0004 | E54: =SUM(E55:E57) -> 3125 | M54: =SUM(M55:M59) -> 0
C55: [Insert Program] - FY27 | E55: 1625 | F55: 0 | G55: 0 | H55: 0 | I55: 0 | J55: 0 | K55: =(F55+G55+H55) -> 0 | L55: 3.5 | M55: =(E55*F55*L55)+(G55*E55)+((H55+I55+J55)*E55) -> 0
C56: [Insert Program] - FY28 | E56: 875 | F56: 0 | G56: 0 | H56: 0 | I56: 0 | J56: 0 | K56: =(F56+G56+H56) -> 0 | L56: 3.5 | M56: =(E56*F56*L56)+(G56*E56)+((H56+I56+J56)*E56) -> 0
C57: [Insert Program] - FY29 | E57: 625 | F57: 0 | G57: 0 | H57: 0 | I57: 0 | J57: 0 | K57: =(F57+G57+H57) -> 0 | L57: 3.5 | M57: =(E57*F57*L57)+(G57*E57)+((H57+I57+J57)*E57) -> 0
C58: Program Management | D58: 4001 | M58: 0
C59: IT/Data Support | D59: 4002 | M59: 0
A61: N0018925DZXX9 | B61: I | D61: 0004 | E61: =SUM(E62:E63) -> 1200 | M61: =SUM(M62:M65) -> 0
C62: [Insert Program] - FY28 | E62: 750 | F62: 0 | G62: 0 | H62: 0 | I62: 0 | J62: 0 | K62: =(F62+G62+H62) -> 0 | L62: 3.5 | M62: =(E62*F62*L62)+(G62*E62)+((H62+I62+J62)*E62) -> 0
C63: [Insert Program] - FY29 | E63: 450 | F63: 0 | G63: 0 | H63: 0 | I63: 0 | J63: 0 | K63: =(F63+G63+H63) -> 0 | L63: 3.5 | M63: =(E63*F63*L63)+(G63*E63)+((H63+I63+J63)*E63) -> 0
C64: Program Management | D64: 4001 | M64: 0
C65: IT/Data Support | D65: 4002 | M65: 0
A67: N0018925DZX10 | B67: J | D67: 0004 | E67: =SUM(E68:E69) -> 1000 | M67: =SUM(M68:M71) -> 0
C68: [Insert Program] - FY27 | E68: 625 | F68: 0 | G68: 0 | H68: 0 | I68: 0 | J68: 0 | K68: =(F68+G68+H68) -> 0 | L68: 3.5 | M68: =(E68*F68*L68)+(G68*E68)+((H68+I68+J68)*E68) -> 0
C69: [Insert Program] - FY29 | E69: 375 | F69: 0 | G69: 0 | H69: 0 | I69: 0 | J69: 0 | K69: =(F69+G69+H69) -> 0 | L69: 3.5 | M69: =(E69*F69*L69)+(G69*E69)+((H69+I69+J69)*E69) -> 0
C70: Program Management | D70: 4001 | M70: 0
C71: IT/Data Support | D71: 4002 | M71: 0
A72: N0018925DZX11 | B72: K | D72: 0004 | E72: =SUM(E73:E74) -> 375 | M72: =SUM(M73:M76) -> 0
C73: [Insert Program] - FY27 | E73: 375 | F73: 0 | G73: 0 | H73: 0 | I73: 0 | J73: 0 | K73: =(F73+G73+H73) -> 0 | L73: 3.5 | M73: =(E73*F73*L73)+(G73*E73)+((H73+I73+J73)*E73) -> 0
C74: [Insert Program] - FY29 | F74: 0 | G74: 0 | H74: 0 | I74: 0 | J74: 0 | K74: =(F74+G74+H74) -> 0 | L74: 3.5 | M74: =(E74*F74*L74)+(G74*E74)+((H74+I74+J74)*E74) -> 0
C75: Program Management | D75: 4001 | M75: 0
C76: IT/Data Support | D76: 4002 | M76: 0
A77: N0018925DZX12 | B77: L | D77: 0004 | E77: =SUM(E78:E79) -> 375 | M77: =SUM(M78:M81) -> 0
C78: [Insert Program] - FY27 | E78: 375 | F78: 0 | G78: 0 | H78: 0 | I78: 0 | J78: 0 | K78: =(F78+G78+H78) -> 0 | L78: 3.5 | M78: =(E78*F78*L78)+(G78*E78)+((H78+I78+J78)*E78) -> 0
C79: [Insert Program] - FY29 | F79: 0 | G79: 0 | H79: 0 | I79: 0 | J79: 0 | K79: =(F79+G79+H79) -> 0 | L79: 3.5 | M79: =(E79*F79*L79)+(G79*E79)+((H79+I79+J79)*E79) -> 0
C80: Program Management | D80: 4001 | M80: 0
C81: IT/Data Support | D81: 4002 | M81: 0
A82: N0018925DZX13 | B82: M | D82: 0004 | E82: =SUM(E83:E84) -> 750 | M82: =SUM(M83:M86) -> 0
C83: [Insert Program] - FY27 | E83: 375 | F83: 0 | G83: 0 | H83: 0 | I83: 0 | J83: 0 | K83: =(F83+G83+H83) -> 0 | L83: 3.5 | M83: =(E83*F83*L83)+(G83*E83)+((H83+I83+J83)*E83) -> 0
C84: [Insert Program] - FY30 | E84: 375 | F84: 0 | G84: 0 | H84: 0 | I84: 0 | J84: 0 | K84: =(F84+G84+H84) -> 0 | L84: 3.5 | M84: =(E84*F84*L84)+(G84*E84)+((H84+I84+J84)*E84) -> 0
C85: Program Management | D85: 4001 | M85: 0
C86: IT/Data Support | D86: 4002 | M86: 0
A87: N0018925DZX14 | B87: N | D87: 0004 | E87: =SUM(E88:E89) -> 750 | M87: =SUM(M88:M91) -> 0
C88: [Insert Program] - FY27 | E88: 375 | F88: 0 | G88: 0 | H88: 0 | I88: 0 | J88: 0 | K88: =(F88+G88+H88) -> 0 | L88: 3.5 | M88: =(E88*F88*L88)+(G88*E88)+((H88+I88+J88)*E88) -> 0
C89: [Insert Program] - FY30 | E89: 375 | F89: 0 | G89: 0 | H89: 0 | I89: 0 | J89: 0 | K89: =(F89+G89+H89) -> 0 | L89: 3.5 | M89: =(E89*F89*L89)+(G89*E89)+((H89+I89+J89)*E89) -> 0
C90: Program Management | D90: 1001 | M90: 0
C91: IT/Data Support | D91: 1002 | M91: 0
A92: N0018925DZX15 | B92: O | D92: 0004 | E92: =SUM(E93:E93) -> 375 | M92: =SUM(M93:M95) -> 0
C93: [Insert Program] - FY27 | E93: 375 | F93: 0 | G93: 0 | H93: 0 | I93: 0 | J93: 0 | K93: =(F93+G93+H93) -> 0 | L93: 3.5 | M93: =(E93*F93*L93)+(G93*E93)+((H93+I93+J93)*E93) -> 0
C94: Program Management | D94: 4001 | M94: 0
C95: IT/Data Support | D95: 4002 | M95: 0
A96: FY30
L97: TOTAL | M97: =M2+M10+M18+M26+M34+M42+M49+M54+M61+M67+M72+M77+M82+M87+M92 -> 0

Sheet CLIN 0005 (OY4)
A1: IDIQ | B1: Partner Institution | C1: Program | D1: CLIN | E1: Course Seats | F1: Tuition | G1: Instruction Materials | H1: Term Fees | I1: Annual Fees | J1: Graduation Fees | L1: Credits/Course | M1: Total
A2: N0018925DZXX1 | B2: A | D2: 0005 | E2: =SUM(E3:E6) -> 9000 | M2: =SUM(M3:M8) -> 0
C3: Military Studies | E3: 2000 | F3: 0 | G3: 0 | H3: 0 | I3: 0 | J3: 0 | K3: 0 | L3: 3.5 | M3: =(E3*F3*L3)+(G3*E3)+((H3+I3+J3)*E3) -> 0
C4: Orginazational Leadership | E4: 4000 | F4: 0 | G4: 0 | H4: 0 | I4: 0 | J4: 0 | K4: 0 | L4: 3.5 | M4: =(E4*F4*L4)+(G4*E4)+((H4+I4+J4)*E4) -> 0
C5: Maritime Logistics | E5: 2125 | F5: 0 | G5: 0 | H5: 0 | I5: 0 | J5: 0 | K5: 0 | L5: 3.5 | M5: =(E5*F5*L5)+(G5*E5)+((H5+I5+J5)*E5) -> 0
C6: Emergency Management | E6: 875 | F6: 0 | G6: 0 | H6: 0 | I6: 0 | J6: 0 | K6: 0 | L6: 3.5 | M6: =(E6*F6*L6)+(G6*E6)+((H6+I6+J6)*E6) -> 0
C7: Program Management | D7: 5001 | M7: 0
C8: IT/Data Support | D8: 5002 | M8: 0
A10: N0018925DZXX2 | B10: B | D10: 0005 | E10: =SUM(E11:E14) -> 5250 | M10: =SUM(M11:M16) -> 0
C11: Nuclear Technology | E11: 1125 | F11: 0 | G11: 0 | H11: 0 | I11: 0 | J11: 0 | K11: =(F11+G11+H11) -> 0 | L11: 3.5 | M11: =(E11*F11*L11)+(G11*E11)+((H11+I11+J11)*E11) -> 0
C12: Engineering Fundamentals | E12: 2125 | F12: 0 | G12: 0 | H12: 0 | I12: 0 | J12: 0 | K12: =(F12+G12+H12) -> 0 | L12: 3.5 | M12: =(E12*F12*L12)+(G12*E12)+((H12+I12+J12)*E12) -> 0
C13: FY28 (Mechatronics) | E13: 1250 | F13: 0 | G13: 0 | H13: 0 | I13: 0 | J13: 0 | K13: =(F13+G13+H13) -> 0 | L13: 3.5 | M13: =(E13*F13*L13)+(G13*E13)+((H13+I13+J13)*E13) -> 0
C14: FY28 (Marine Technology) | E14: 750 | F14: 0 | G14: 0 | H14: 0 | I14: 0 | J14: 0 | K14: =(F14+G14+H14) -> 0 | L14: 3.5 | M14: =(E14*F14*L14)+(G14*E14)+((H14+I14+J14)*E14) -> 0
C15: Program Management | D15: 5001 | M15: 0
C16: IT/Data Support | D16: 5002 | M16: 0
A18: N0018925DZXX3 | B18: C | D18: 0005 | E18: =SUM(E19:E22) -> 6750 | M18: =SUM(M19:M24) -> 0
C19: GS w/ Computer Studies | E19: 3500 | F19: 0 | G19: 0 | H19: 0 | I19: 0 | J19: 0 | K19: =(F19+G19+H19) -> 0 | L19: 3.5 | M19: =(E19*F19*L19)+(G19*E19)+((H19+I19+J19)*E19) -> 0
C20: FY27 (Additive/Advance Manufacturing) | E20: 1500 | F20: 0 | G20: 0 | H20: 0 | I20: 0 | J20: 0 | K20: =(F20+G20+H20) -> 0 | L20: 3.5 | M20: =(E20*F20*L20)+(G20*E20)+((H20+I20+J20)*E20) -> 0
C21: [Insert Program] - FY28 | E21: 875 | F21: 0 | G21: 0 | H21: 0 | I21: 0 | J21: 0 | K21: =(F21+G21+H21) -> 0 | L21: 3.5 | M21: =(E21*F21*L21)+(G21*E21)+((H21+I21+J21)*E21) -> 0
C22: [Insert Program] - FY29 | E22: 875 | F22: 0 | G22: 0 | H22: 0 | I22: 0 | J22: 0 | K22: =(F22+G22+H22) -> 0 | L22: 3.5 | M22: =(E22*F22*L22)+(G22*E22)+((H22+I22+J22)*E22) -> 0
C23: Program Management | D23: 5001 | M23: 0
C24: IT/Data Support | D24: 5002 | M24: 0
A26: N0018925DZXX4 | B26: D | D26: 0005 | E26: =SUM(E27:E30) -> 6750 | M26: =SUM(M27:M32) -> 0
C27: Cyber Security | E27: 3750 | F27: 0 | G27: 0 | H27: 0 | I27: 0 | J27: 0 | K27: =(F27+G27+H27) -> 0 | L27: 3.5 | M27: =(E27*F27*L27)+(G27*E27)+((H27+I27+J27)*E27) -> 0
C28: FY27 (Electronics/ Electronics Technology) | E28: 1250 | F28: 0 | G28: 0 | H28: 0 | I28: 0 | J28: 0 | K28: =(F28+G28+H28) -> 0 | L28: 3.5 | M28: =(E28*F28*L28)+(G28*E28)+((H28+I28+J28)*E28) -> 0
C29: [Insert Program] - FY28 | E29: 1000 | F29: 0 | G29: 0 | H29: 0 | I29: 0 | J29: 0 | K29: =(F29+G29+H29) -> 0 | L29: 3.5 | M29: =(E29*F29*L29)+(G29*E29)+((H29+I29+J29)*E29) -> 0
C30: [Insert Program] - FY29 | E30: 750 | F30: 0 | G30: 0 | H30: 0 | I30: 0 | J30: 0 | K30: =(F30+G30+H30) -> 0 | L30: 3.5 | M30: =(E30*F30*L30)+(G30*E30)+((H30+I30+J30)*E30) -> 0
C31: Program Management | D31: 1001 | M31: 0
C32: IT/Data Support | D32: 1002 | M32: 0
A34: N0018925DZXX5 | B34: E | D34: 0005 | E34: =SUM(E35:E38) -> 8250 | M34: =SUM(M35:M40) -> 0
C35: Aviation Maintenance and Uncrewed Systems | E35: 4250 | F35: 0 | G35: 0 | H35: 0 | I35: 0 | J35: 0 | K35: =(F35+G35+H35) -> 0 | L35: 3.5 | M35: =(E35*F35*L35)+(G35*E35)+((H35+I35+J35)*E35) -> 0
C36: Engineering Fundamentals | E36: 1750 | F36: 0 | G36: 0 | H36: 0 | I36: 0 | J36: 0 | K36: =(F36+G36+H36) -> 0 | L36: 3.5 | M36: =(E36*F36*L36)+(G36*E36)+((H36+I36+J36)*E36) -> 0
C37: Emergency Management | E37: 750 | F37: 0 | G37: 0 | H37: 0 | I37: 0 | J37: 0 | K37: =(F37+G37+H37) -> 0 | L37: 3.5 | M37: =(E37*F37*L37)+(G37*E37)+((H37+I37+J37)*E37) -> 0
C38: FY28 (Communications/ Electronic Warfare Technology) | E38: 1500 | F38: 0 | G38: 0 | H38: 0 | I38: 0 | J38: 0 | K38: =(F38+G38+H38) -> 0 | L38: 3.5 | M38: =(E38*F38*L38)+(G38*E38)+((H38+I38+J38)*E38) -> 0
C39: Program Management | D39: 5001 | M39: 0
C40: IT/Data Support | D40: 5002 | M40: 0
A42: N0018925DZXX6 | B42: F | D42: 0005 | E42: =SUM(E43:E45) -> 3750 | M42: =SUM(M43:M47) -> 0
C43: Maritime Logistics | E43: 1625 | F43: 0 | G43: 0 | H43: 0 | I43: 0 | J43: 0 | K43: =(F43+G43+H43) -> 0 | L43: 3.5 | M43: =(E43*F43*L43)+(G43*E43)+((H43+I43+J43)*E43) -> 0
C44: FY27 (Industrial Maintenance/ AUS Technology) | E44: 1250 | F44: 0 | G44: 0 | H44: 0 | I44: 0 | J44: 0 | K44: =(F44+G44+H44) -> 0 | L44: 3.5 | M44: =(E44*F44*L44)+(G44*E44)+((H44+I44+J44)*E44) -> 0
C45: [Insert Program] - FY28 | E45: 875 | M45: =(E45*K45*L45)+(E45*(I45+J45)) -> 0
C46: Program Management | D46: 5001 | M46: 0
C47: IT/Data Support | D47: 5002 | M47: 0
A49: N0018925DZXX7 | B49: G | D49: 0005 | E49: =SUM(E50:E50) -> 4375 | M49: =SUM(M50:M52) -> 0
C50: Compentency Based Education | E50: 4375 | F50: 0 | G50: 0 | H50: 0 | I50: 0 | J50: 0 | K50: 0 | L50: 0 | M50: =(E50*F50*L50)+(G50*E50)+((H50+I50+J50)*E50) -> 0
C51: Program Management | D51: 5001 | M51: 0
C52: IT/Data Support | D52: 5002 | M52: 0
A54: N0018925DZXX8 | B54: H | D54: 0005 | E54: =SUM(E55:E57) -> 3125 | M54: =SUM(M55:M59) -> 0
C55: [Insert Program] - FY27 | E55: 1625 | F55: 0 | G55: 0 | H55: 0 | I55: 0 | J55: 0 | K55: =(F55+G55+H55) -> 0 | L55: 3.5 | M55: =(E55*F55*L55)+(G55*E55)+((H55+I55+J55)*E55) -> 0
C56: [Insert Program] - FY28 | E56: 875 | F56: 0 | G56: 0 | H56: 0 | I56: 0 | J56: 0 | K56: =(F56+G56+H56) -> 0 | L56: 3.5 | M56: =(E56*F56*L56)+(G56*E56)+((H56+I56+J56)*E56) -> 0
C57: [Insert Program] - FY29 | E57: 625 | F57: 0 | G57: 0 | H57: 0 | I57: 0 | J57: 0 | K57: =(F57+G57+H57) -> 0 | L57: 3.5 | M57: =(E57*F57*L57)+(G57*E57)+((H57+I57+J57)*E57) -> 0
C58: Program Management | D58: 5001 | M58: 0
C59: IT/Data Support | D59: 5002 | M59: 0
A61: N0018925DZXX9 | B61: I | D61: 0005 | E61: =SUM(E62:E63) -> 1200 | M61: =SUM(M62:M65) -> 0
C62: [Insert Program] - FY28 | E62: 750 | F62: 0 | G62: 0 | H62: 0 | I62: 0 | J62: 0 | K62: =(F62+G62+H62) -> 0 | L62: 3.5 | M62: =(E62*F62*L62)+(G62*E62)+((H62+I62+J62)*E62) -> 0
C63: [Insert Program] - FY29 | E63: 450 | F63: 0 | G63: 0 | H63: 0 | I63: 0 | J63: 0 | K63: =(F63+G63+H63) -> 0 | L63: 3.5 | M63: =(E63*F63*L63)+(G63*E63)+((H63+I63+J63)*E63) -> 0
C64: Program Management | D64: 5001 | M64: 0
C65: IT/Data Support | D65: 5002 | M65: 0
A67: N0018925DZX10 | B67: J | D67: 0005 | E67: =SUM(E68:E69) -> 1000 | M67: =SUM(M68:M71) -> 0
C68: [Insert Program] - FY27 | E68: 625 | F68: 0 | G68: 0 | H68: 0 | I68: 0 | J68: 0 | K68: =(F68+G68+H68) -> 0 | L68: 3.5 | M68: =(E68*F68*L68)+(G68*E68)+((H68+I68+J68)*E68) -> 0
C69: [Insert Program] - FY29 | E69: 375 | F69: 0 | G69: 0 | H69: 0 | I69: 0 | J69: 0 | K69: =(F69+G69+H69) -> 0 | L69: 3.5 | M69: =(E69*F69*L69)+(G69*E69)+((H69+I69+J69)*E69) -> 0
C70: Program Management | D70: 5001 | M70: 0
C71: IT/Data Support | D71: 5002 | M71: 0
A72: N0018925DZX11 | B72: K | D72: 0005 | E72: =SUM(E73:E74) -> 1000 | M72: =SUM(M73:M76) -> 0
C73: [Insert Program] - FY27 | E73: 625 | F73: 0 | G73: 0 | H73: 0 | I73: 0 | J73: 0 | K73: =(F73+G73+H73) -> 0 | L73: 3.5 | M73: =(E73*F73*L73)+(G73*E73)+((H73+I73+J73)*E73) -> 0
C74: [Insert Program] - FY29 | E74: 375 | F74: 0 | G74: 0 | H74: 0 | I74: 0 | J74: 0 | K74: =(F74+G74+H74) -> 0 | L74: 3.5 | M74: =(E74*F74*L74)+(G74*E74)+((H74+I74+J74)*E74) -> 0
C75: Program Management | D75: 5001 | M75: 0
C76: IT/Data Support | D76: 5002 | M76: 0
A77: N0018925DZX12 | B77: L | D77: 0005 | E77: =SUM(E78:E79) -> 1000 | M77: =SUM(M78:M81) -> 0
C78: [Insert Program] - FY27 | E78: 625 | F78: 0 | G78: 0 | H78: 0 | I78: 0 | J78: 0 | K78: =(F78+G78+H78) -> 0 | L78: 3.5 | M78: =(E78*F78*L78)+(G78*E78)+((H78+I78+J78)*E78) -> 0
C79: [Insert Program] - FY29 | E79: 375 | F79: 0 | G79: 0 | H79: 0 | I79: 0 | J79: 0 | K79: =(F79+G79+H79) -> 0 | L79: 3.5 | M79: =(E79*F79*L79)+(G79*E79)+((H79+I79+J79)*E79) -> 0
C80: Program Management | D80: 5001 | M80: 0
C81: IT/Data Support | D81: 5002 | M81: 0
A82: N0018925DZX13 | B82: M | D82: 0005 | E82: =SUM(E83:E84) -> 1000 | M82: =SUM(M83:M86) -> 0
C83: [Insert Program] - FY27 | E83: 625 | F83: 0 | G83: 0 | H83: 0 | I83: 0 | J83: 0 | K83: =(F83+G83+H83) -> 0 | L83: 3.5 | M83: =(E83*F83*L83)+(G83*E83)+((H83+I83+J83)*E83) -> 0
C84: [Insert Program] - FY30 | E84: 375 | F84: 0 | G84: 0 | H84: 0 | I84: 0 | J84: 0 | K84: =(F84+G84+H84) -> 0 | L84: 3.5 | M84: =(E84*F84*L84)+(G84*E84)+((H84+I84+J84)*E84) -> 0
C85: Program Management | D85: 5001 | M85: 0
C86: IT/Data Support | D86: 5002 | M86: 0
A87: N0018925DZX14 | B87: N | D87: 0005 | E87: =SUM(E88:E89) -> 1000 | M87: =SUM(M88:M91) -> 0
C88: [Insert Program] - FY27 | E88: 625 | F88: 0 | G88: 0 | H88: 0 | I88: 0 | J88: 0 | K88: =(F88+G88+H88) -> 0 | L88: 3.5 | M88: =(E88*F88*L88)+(G88*E88)+((H88+I88+J88)*E88) -> 0
C89: [Insert Program] - FY30 | E89: 375 | F89: 0 | G89: 0 | H89: 0 | I89: 0 | J89: 0 | K89: =(F89+G89+H89) -> 0 | L89: 3.5 | M89: =(E89*F89*L89)+(G89*E89)+((H89+I89+J89)*E89) -> 0
C90: Program Management | D90: 5001 | M90: 0
C91: IT/Data Support | D91: 5002 | M91: 0
A92: N0018925DZX15 | B92: O | D92: 0005 | E92: =SUM(E93:E94) -> 1000 | M92: =SUM(M93:M96) -> 0
C93: [Insert Program] - FY27 | E93: 625 | F93: 0 | G93: 0 | H93: 0 | I93: 0 | J93: 0 | K93: =(F93+G93+H93) -> 0 | L93: 3.5 | M93: =(E93*F93*L93)+(G93*E93)+((H93+I93+J93)*E93) -> 0
C94: [Insert Program] - FY31 | E94: 375 | F94: 0 | G94: 0 | H94: 0 | I94: 0 | J94: 0 | K94: =(F94+G94+H94) -> 0 | L94: 3.5 | M94: =(E94*F94*L94)+(G94*E94)+((H94+I94+J94)*E94) -> 0
C95: Program Management | D95: 5001 | M95: 0
C96: IT/Data Support | D96: 5002 | M96: 0
A97: FY31 | R97: Difference
L98: TOTAL | M98: =M2+M10+M18+M26+M34+M42+M49+M54+M61+M67+M72+M77+M82+M87+M92 -> 0

Sheet 6-Month Add
A1: IDIQ | B1: Partner Institution | C1: Program | D1: CLIN | E1: Course Seats | F1: Tuition | G1: Instruction Materials | H1: Term Fees | I1: Annual Fees | J1: Graduation Fees | L1: Credits/Course | M1: Total
A2: N0018925DZXX1 | B2: A | D2: 0006 | E2: =SUM(E3:E6) -> 4500 | M2: =SUM(M3:M8) -> 0
C3: Military Studies | E3: ='CLIN 0005 (OY4)'!E3/2 -> 1000 | F3: 0 | G3: 0 | H3: 0 | I3: 0 | J3: 0 | K3: 0 | L3: 3.5 | M3: =(E3*F3*L3)+(G3*E3)+((H3+I3+J3)*E3) -> 0
C4: Orginazational Leadership | E4: ='CLIN 0005 (OY4)'!E4/2 -> 2000 | F4: 0 | G4: 0 | H4: 0 | I4: 0 | J4: 0 | K4: 0 | L4: 3.5 | M4: =(E4*F4*L4)+(G4*E4)+((H4+I4+J4)*E4) -> 0
C5: Maritime Logistics | E5: ='CLIN 0005 (OY4)'!E5/2 -> 1062.5 | F5: 0 | G5: 0 | H5: 0 | I5: 0 | J5: 0 | K5: 0 | L5: 3.5 | M5: =(E5*F5*L5)+(G5*E5)+((H5+I5+J5)*E5) -> 0
C6: Emergency Management | E6: ='CLIN 0005 (OY4)'!E6/2 -> 437.5 | F6: 0 | G6: 0 | H6: 0 | I6: 0 | J6: 0 | K6: 0 | L6: 3.5 | M6: =(E6*F6*L6)+(G6*E6)+((H6+I6+J6)*E6) -> 0
C7: Program Management | D7: 6001 | M7: 0
C8: IT/Data Support | D8: 6002 | M8: 0
A10: N0018925DZXX2 | B10: B | D10: 0006 | E10: =SUM(E11:E14) -> 2625 | M10: =SUM(M11:M16) -> 0
C11: Nuclear Technology | E11: ='CLIN 0005 (OY4)'!E11/2 -> 562.5 | F11: 0 | G11: 0 | H11: 0 | I11: 0 | J11: 0 | K11: =(F11+G11+H11) -> 0 | L11: 3.5 | M11: =(E11*F11*L11)+(G11*E11)+((H11+I11+J11)*E11) -> 0
C12: Engineering Fundamentals | E12: ='CLIN 0005 (OY4)'!E12/2 -> 1062.5 | F12: 0 | G12: 0 | H12: 0 | I12: 0 | J12: 0 | K12: =(F12+G12+H12) -> 0 | L12: 3.5 | M12: =(E12*F12*L12)+(G12*E12)+((H12+I12+J12)*E12) -> 0
C13: FY28 (Mechatronics) | E13: ='CLIN 0005 (OY4)'!E13/2 -> 625 | F13: 0 | G13: 0 | H13: 0 | I13: 0 | J13: 0 | K13: =(F13+G13+H13) -> 0 | L13: 3.5 | M13: =(E13*F13*L13)+(G13*E13)+((H13+I13+J13)*E13) -> 0
C14: FY28 (Marine Technology) | E14: ='CLIN 0005 (OY4)'!E14/2 -> 375 | F14: 0 | G14: 0 | H14: 0 | I14: 0 | J14: 0 | K14: =(F14+G14+H14) -> 0 | L14: 3.5 | M14: =(E14*F14*L14)+(G14*E14)+((H14+I14+J14)*E14) -> 0
C15: Program Management | D15: 6001 | M15: 0
C16: IT/Data Support | D16: 6002 | M16: 0
A18: N0018925DZXX3 | B18: C | D18: 0006 | E18: =SUM(E19:E22) -> 3375 | M18: =SUM(M19:M24) -> 0
C19: GS w/ Computer Studies | E19: ='CLIN 0005 (OY4)'!E19/2 -> 1750 | F19: 0 | G19: 0 | H19: 0 | I19: 0 | J19: 0 | K19: =(F19+G19+H19) -> 0 | L19: 3.5 | M19: =(E19*F19*L19)+(G19*E19)+((H19+I19+J19)*E19) -> 0
C20: FY27 (Additive/Advance Manufacturing) | E20: ='CLIN 0005 (OY4)'!E20/2 -> 750 | F20: 0 | G20: 0 | H20: 0 | I20: 0 | J20: 0 | K20: =(F20+G20+H20) -> 0 | L20: 3.5 | M20: =(E20*F20*L20)+(G20*E20)+((H20+I20+J20)*E20) -> 0
C21: [Insert Program] - FY28 | E21: ='CLIN 0005 (OY4)'!E21/2 -> 437.5 | F21: 0 | G21: 0 | H21: 0 | I21: 0 | J21: 0 | K21: =(F21+G21+H21) -> 0 | L21: 3.5 | M21: =(E21*F21*L21)+(G21*E21)+((H21+I21+J21)*E21) -> 0
C22: [Insert Program] - FY29 | E22: ='CLIN 0005 (OY4)'!E22/2 -> 437.5 | F22: 0 | G22: 0 | H22: 0 | I22: 0 | J22: 0 | K22: =(F22+G22+H22) -> 0 | L22: 3.5 | M22: =(E22*F22*L22)+(G22*E22)+((H22+I22+J22)*E22) -> 0
C23: Program Management | D23: 6001 | M23: 0
C24: IT/Data Support | D24: 6002 | M24: 0
A26: N0018925DZXX4 | B26: D | D26: 0006 | E26: =SUM(E27:E30) -> 3375 | M26: =SUM(M27:M32) -> 0
C27: Cyber Security | E27: ='CLIN 0005 (OY4)'!E27/2 -> 1875 | F27: 0 | G27: 0 | H27: 0 | I27: 0 | J27: 0 | K27: =(F27+G27+H27) -> 0 | L27: 3.5 | M27: =(E27*F27*L27)+(G27*E27)+((H27+I27+J27)*E27) -> 0
C28: FY27 (Electronics/ Electronics Technology) | E28: ='CLIN 0005 (OY4)'!E28/2 -> 625 | F28: 0 | G28: 0 | H28: 0 | I28: 0 | J28: 0 | K28: =(F28+G28+H28) -> 0 | L28: 3.5 | M28: =(E28*F28*L28)+(G28*E28)+((H28+I28+J28)*E28) -> 0
C29: [Insert Program] - FY28 | E29: ='CLIN 0005 (OY4)'!E29/2 -> 500 | F29: 0 | G29: 0 | H29: 0 | I29: 0 | J29: 0 | K29: =(F29+G29+H29) -> 0 | L29: 3.5 | M29: =(E29*F29*L29)+(G29*E29)+((H29+I29+J29)*E29) -> 0
C30: [Insert Program] - FY29 | E30: ='CLIN 0005 (OY4)'!E30/2 -> 375 | F30: 0 | G30: 0 | H30: 0 | I30: 0 | J30: 0 | K30: =(F30+G30+H30) -> 0 | L30: 3.5 | M30: =(E30*F30*L30)+(G30*E30)+((H30+I30+J30)*E30) -> 0
C31: Program Management | D31: 6001 | M31: 0
C32: IT/Data Support | D32: 6002 | M32: 0
A34: N0018925DZXX5 | B34: E | D34: 0006 | E34: =SUM(E35:E38) -> 4125 | M34: =SUM(M35:M40) -> 0
C35: Aviation Maintenance and Uncrewed Systems | E35: ='CLIN 0005 (OY4)'!E35/2 -> 2125 | F35: 0 | G35: 0 | H35: 0 | I35: 0 | J35: 0 | K35: =(F35+G35+H35) -> 0 | L35: 3.5 | M35: =(E35*F35*L35)+(G35*E35)+((H35+I35+J35)*E35) -> 0
C36: Engineering Fundamentals | E36: ='CLIN 0005 (OY4)'!E36/2 -> 875 | F36: 0 | G36: 0 | H36: 0 | I36: 0 | J36: 0 | K36: =(F36+G36+H36) -> 0 | L36: 3.5 | M36: =(E36*F36*L36)+(G36*E36)+((H36+I36+J36)*E36) -> 0
C37: Emergency Management | E37: ='CLIN 0005 (OY4)'!E37/2 -> 375 | F37: 0 | G37: 0 | H37: 0 | I37: 0 | J37: 0 | K37: =(F37+G37+H37) -> 0 | L37: 3.5 | M37: =(E37*F37*L37)+(G37*E37)+((H37+I37+J37)*E37) -> 0
C38: FY28 (Communications/ Electronic Warfare Technology) | E38: ='CLIN 0005 (OY4)'!E38/2 -> 750 | F38: 0 | G38: 0 | H38: 0 | I38: 0 | J38: 0 | K38: =(F38+G38+H38) -> 0 | L38: 3.5 | M38: =(E38*F38*L38)+(G38*E38)+((H38+I38+J38)*E38) -> 0
C39: Program Management | D39: 6001 | M39: 0
C40: IT/Data Support | D40: 6002 | M40: 0
A42: N0018925DZXX6 | B42: F | D42: 0006 | E42: =SUM(E43:E45) -> 1875 | M42: =SUM(M43:M47) -> 0
C43: Maritime Logistics | E43: ='CLIN 0005 (OY4)'!E43/2 -> 812.5 | F43: 0 | G43: 0 | H43: 0 | I43: 0 | J43: 0 | K43: =(F43+G43+H43) -> 0 | L43: 3.5 | M43: =(E43*F43*L43)+(G43*E43)+((H43+I43+J43)*E43) -> 0
C44: FY27 (Industrial Maintenance/ AUS Technology) | E44: ='CLIN 0005 (OY4)'!E44/2 -> 625 | F44: 0 | G44: 0 | H44: 0 | I44: 0 | J44: 0 | K44: =(F44+G44+H44) -> 0 | L44: 3.5 | M44: =(E44*F44*L44)+(G44*E44)+((H44+I44+J44)*E44) -> 0
C45: [Insert Program] - FY28 | E45: ='CLIN 0005 (OY4)'!E45/2 -> 437.5 | F45: 0 | G45: 0 | H45: 0 | I45: 0 | J45: 0 | K45: =(F45+G45+H45) -> 0 | L45: 3.5 | M45: =(E45*F45*L45)+(G45*E45)+((H45+I45+J45)*E45) -> 0
C46: Program Management | D46: 6001 | M46: 0
C47: IT/Data Support | D47: 6002 | M47: 0
A49: N0018925DZXX7 | B49: G | D49: 0006 | E49: =SUM(E50:E50) -> 2187.5 | M49: =SUM(M50:M52) -> 0
C50: Compentency Based Education | E50: ='CLIN 0005 (OY4)'!E50/2 -> 2187.5 | F50: 0 | G50: 0 | H50: 0 | I50: 0 | J50: 0 | K50: 0 | L50: 0 | M50: =(E50*F50*L50)+(G50*E50)+((H50+I50+J50)*E50) -> 0
C51: Program Management | D51: 6001 | M51: 0
C52: IT/Data Support | D52: 6002 | M52: 0
A54: N0018925DZXX8 | B54: H | D54: 0006 | E54: =SUM(E55:E57) -> 1562.5 | M54: =SUM(M55:M59) -> 0
C55: [Insert Program] - FY27 | E55: ='CLIN 0005 (OY4)'!E55/2 -> 812.5 | F55: 0 | G55: 0 | H55: 0 | I55: 0 | J55: 0 | K55: =(F55+G55+H55) -> 0 | L55: 3.5 | M55: =(E55*F55*L55)+(G55*E55)+((H55+I55+J55)*E55) -> 0
C56: [Insert Program] - FY28 | E56: ='CLIN 0005 (OY4)'!E56/2 -> 437.5 | F56: 0 | G56: 0 | H56: 0 | I56: 0 | J56: 0 | K56: =(F56+G56+H56) -> 0 | L56: 3.5 | M56: =(E56*F56*L56)+(G56*E56)+((H56+I56+J56)*E56) -> 0
C57: [Insert Program] - FY29 | E57: ='CLIN 0005 (OY4)'!E57/2 -> 312.5 | F57: 0 | G57: 0 | H57: 0 | I57: 0 | J57: 0 | K57: =(F57+G57+H57) -> 0 | L57: 3.5 | M57: =(E57*F57*L57)+(G57*E57)+((H57+I57+J57)*E57) -> 0
C58: Program Management | D58: 6001 | M58: 0
C59: IT/Data Support | D59: 6002 | M59: 0
A61: N0018925DZXX9 | B61: I | D61: 0006 | E61: =SUM(E62:E63) -> 600 | M61: =SUM(M62:M65) -> 0
C62: [Insert Program] - FY28 | E62: ='CLIN 0005 (OY4)'!E62/2 -> 375 | F62: 0 | G62: 0 | H62: 0 | I62: 0 | J62: 0 | K62: =(F62+G62+H62) -> 0 | L62: 3.5 | M62: =(E62*F62*L62)+(G62*E62)+((H62+I62+J62)*E62) -> 0
C63: [Insert Program] - FY29 | E63: ='CLIN 0005 (OY4)'!E63/2 -> 225 | F63: 0 | G63: 0 | H63: 0 | I63: 0 | J63: 0 | K63: =(F63+G63+H63) -> 0 | L63: 3.5 | M63: =(E63*F63*L63)+(G63*E63)+((H63+I63+J63)*E63) -> 0
C64: Program Management | D64: 6001 | M64: 0
C65: IT/Data Support | D65: 6002 | M65: 0
A67: N0018925DZX10 | B67: J | D67: 0006 | E67: =SUM(E68:E69) -> 500 | M67: =SUM(M68:M71) -> 0
C68: [Insert Program] - FY27 | E68: ='CLIN 0005 (OY4)'!E68/2 -> 312.5 | F68: 0 | G68: 0 | H68: 0 | I68: 0 | J68: 0 | K68: =(F68+G68+H68) -> 0 | L68: 3.5 | M68: =(E68*F68*L68)+(G68*E68)+((H68+I68+J68)*E68) -> 0
C69: [Insert Program] - FY29 | E69: ='CLIN 0005 (OY4)'!E69/2 -> 187.5 | F69: 0 | G69: 0 | H69: 0 | I69: 0 | J69: 0 | K69: =(F69+G69+H69) -> 0 | L69: 3.5 | M69: =(E69*F69*L69)+(G69*E69)+((H69+I69+J69)*E69) -> 0
C70: Program Management | D70: 6001 | M70: 0
C71: IT/Data Support | D71: 6002 | M71: 0
A72: N0018925DZX11 | B72: K | D72: 0006 | E72: =SUM(E73:E74) -> 625.5 | M72: =SUM(M73:M76) -> 0
C73: [Insert Program] - FY27 | E73: ='CLIN 0005 (OY4)'!E73/2 -> 312.5 | F73: 0 | G73: 0 | H73: 0 | I73: 0 | J73: 0 | K73: =(F73+G73+H73) -> 0 | L73: 3.5 | M73: =(E73*F73*L73)+(G73*E73)+((H73+I73+J73)*E73) -> 0
C74: [Insert Program] - FY29 | E74: 313 | F74: 0 | G74: 0 | H74: 0 | I74: 0 | J74: 0 | K74: =(F74+G74+H74) -> 0 | L74: 3.5 | M74: =(E74*F74*L74)+(G74*E74)+((H74+I74+J74)*E74) -> 0
C75: Program Management | D75: 6001 | M75: 0
C76: IT/Data Support | D76: 6002 | M76: 0
A77: N0018925DZX12 | B77: L | D77: 0006 | E77: =SUM(E78:E79) -> 625.5 | M77: =SUM(M78:M81) -> 0
C78: [Insert Program] - FY27 | E78: ='CLIN 0005 (OY4)'!E78/2 -> 312.5 | F78: 0 | G78: 0 | H78: 0 | I78: 0 | J78: 0 | K78: =(F78+G78+H78) -> 0 | L78: 3.5 | M78: =(E78*F78*L78)+(G78*E78)+((H78+I78+J78)*E78) -> 0
C79: [Insert Program] - FY29 | E79: 313 | F79: 0 | G79: 0 | H79: 0 | I79: 0 | J79: 0 | K79: =(F79+G79+H79) -> 0 | L79: 3.5 | M79: =(E79*F79*L79)+(G79*E79)+((H79+I79+J79)*E79) -> 0
C80: Program Management | D80: 6001 | M80: 0
C81: IT/Data Support | D81: 6002 | M81: 0
A82: N0018925DZX13 | B82: M | D82: 0006 | E82: =SUM(E83:E84) -> 625.5 | M82: =SUM(M83:M86) -> 0
C83: [Insert Program] - FY27 | E83: ='CLIN 0005 (OY4)'!E83/2 -> 312.5 | F83: 0 | G83: 0 | H83: 0 | I83: 0 | J83: 0 | K83: =(F83+G83+H83) -> 0 | L83: 3.5 | M83: =(E83*F83*L83)+(G83*E83)+((H83+I83+J83)*E83) -> 0
C84: [Insert Program] - FY30 | E84: 313 | F84: 0 | G84: 0 | H84: 0 | I84: 0 | J84: 0 | K84: =(F84+G84+H84) -> 0 | L84: 3.5 | M84: =(E84*F84*L84)+(G84*E84)+((H84+I84+J84)*E84) -> 0
C85: Program Management | D85: 6001 | M85: 0
C86: IT/Data Support | D86: 6002 | M86: 0
A87: N0018925DZX14 | B87: N | D87: 0006 | E87: =SUM(E88:E89) -> 625.5 | M87: =SUM(M88:M91) -> 0
C88: [Insert Program] - FY27 | E88: ='CLIN 0005 (OY4)'!E88/2 -> 312.5 | F88: 0 | G88: 0 | H88: 0 | I88: 0 | J88: 0 | K88: =(F88+G88+H88) -> 0 | L88: 3.5 | M88: =(E88*F88*L88)+(G88*E88)+((H88+I88+J88)*E88) -> 0
C89: [Insert Program] - FY30 | E89: 313 | F89: 0 | G89: 0 | H89: 0 | I89: 0 | J89: 0 | K89: =(F89+G89+H89) -> 0 | L89: 3.5 | M89: =(E89*F89*L89)+(G89*E89)+((H89+I89+J89)*E89) -> 0
C90: Program Management | D90: 6001 | M90: 0
C91: IT/Data Support | D91: 6002 | M91: 0
A92: N0018925DZX15 | B92: O | D92: 0006 | E92: =SUM(E93:E94) -> 492.5 | M92: =SUM(M93:M96) -> 0
C93: [Insert Program] - FY27 | E93: ='CLIN 0005 (OY4)'!E93/2 -> 312.5 | F93: 0 | G93: 0 | H93: 0 | I93: 0 | J93: 0 | K93: =(F93+G93+H93) -> 0 | L93: 3.5 | M93: =(E93*F93*L93)+(G93*E93)+((H93+I93+J93)*E93) -> 0
C94: [Insert Program] - FY31 | E94: 180 | F94: 0 | G94: 0 | H94: 0 | I94: 0 | J94: 0 | K94: =(F94+G94+H94) -> 0 | L94: 3.5 | M94: =(E94*F94*L94)+(G94*E94)+((H94+I94+J94)*E94) -> 0
C95: Program Management | D95: 6001 | M95: 0
C96: IT/Data Support | D96: 6002 | M96: 0
A97: FY32
L98: TOTAL | M98: =M2+M10+M18+M26+M34+M42+M49+M54+M61+M67+M72+M77+M82+M87+M92 -> 0
