Workbook
Name \b: #REF!
Name \c: #REF!
Name \f: #REF!
Name \i: #REF!
Name \p: #REF!
Name \s: #REF!
Name \t: #REF!
Name \x: #REF!
Name ___INDEX_SHEET___ASAP_Utilities: #REF!
Name __MON1: #REF!
Name _01_10_1997: #REF!
Name _02_07_2000: #REF!
Name _04_07_1999: #REF!
Name _05_11_1998: #REF!
Name _05_11_1999: #REF!
Name _06_02_1998: #REF!
Name _06_03_1998: #REF!
Name _06_11_2000: #REF!
Name _08_08_1998: #REF!
Name _08_10_1997: #REF!
Name _10_09_1999: #REF!
Name _10_12_1999: #REF!
Name _11_03_1999: #REF!
Name _11_09_1999: #REF!
Name _12_06_1999: #REF!
Name _13_02_1998: #REF!
Name _13_12_2000: #REF!
Name _16_08_2000: #REF!
Name _17_01_1999: #REF!
Name _17_04_1998: #REF!
Name _17_09_97: #REF!
Name _17_12_1999: #REF!
Name _19_09_1999: #REF!
Name _19_10_1998: #REF!
Name _19_11_1997: #REF!
Name _20_04_2000: #REF!
Name _2014_Initiation_Revenue_as_pct_of_MRR: #REF!
Name _2015_Initiation_Revenue_as___of_MRR: #REF!
Name _21_02_1999: #REF!
Name _22_04_1999: #REF!
Name _22_10_1997: #REF!
Name _23_09_2000: #REF!
Name _24_01_2000: #REF!
Name _24_04_1998: #REF!
Name _24_09_1997: #REF!
Name _25_09_1998: #REF!
Name _26_10_1999: #REF!
Name _27_02_1998: #REF!
Name _28_11_1999: #REF!
Name _29_12_1999: #REF!
Name _30_10_2000: #REF!
Name _31_01_2000: #REF!
Name _8D: #REF!
Name _ben1: #REF!
Name _ben10: #REF!
Name _ben2: #REF!
Name _ben3: #REF!
Name _ben4: #REF!
Name _ben5: #REF!
Name _ben6: #REF!

Sheet Total Evaluated Price Summary
A1: CLIN | B1: Type CLIN | C1: CLIN Description | D1: Sample TO Cost | E1: Sample TO Fee | F1: Phase-In | G1: Base Period Year 1 (11 Months) Cost | H1: Base Period Year 1 (11 Months) Fee | I1: Year 2 Cost | J1: Year 2 Fee | K1: Year 3 Cost | L1: Year 3 Fee | M1: Year 4 Cost | N1: Year 4 Fee | O1: Year 5 Cost | P1: Year 5 Fee | Q1: FAR 52.217-8 Cost | R1: FAR 52.217-8 Fee | S1: Total Proposed Cost | T1: Total Proposed Fee | U1: Total Evaluated Price
A2: 1 | B2: CPFF | C2: Labor - Base Period (4 years 11 months) | D2: ='Proposed CPFF Cost Summary'!D13 -> 0 | E2: ='Proposed CPFF Cost Summary'!D14 -> 0 | G2: ='Proposed CPFF Cost Summary'!E13 -> 0 | H2: ='Proposed CPFF Cost Summary'!E14 -> 0 | I2: ='Proposed CPFF Cost Summary'!F13 -> 0 | J2: ='Proposed CPFF Cost Summary'!F14 -> 0 | K2: ='Proposed CPFF Cost Summary'!G13 -> 0 | L2: ='Proposed CPFF Cost Summary'!G14 -> 0 | M2: ='Proposed CPFF Cost Summary'!H13 -> 0 | N2: ='Proposed CPFF Cost Summary'!H14 -> 0 | O2: ='Proposed CPFF Cost Summary'!I13 -> 0 | P2: ='Proposed CPFF Cost Summary'!I14 -> 0 | Q2: =O2/2 -> 0 | R2: =P2/2 -> 0 | S2: =SUM(G2,I2,K2,M2,O2) -> 0 | T2: =SUM(H2,J2,L2,N2,P2) -> 0 | U2: =SUM(D2:R2) -> 0
A3: 2 | B3: CR | C3: Other Direct Costs | G3: 2137650.6 | I3: 2201780.1 | K3: 2267833.5 | M3: 2335868.5 | O3: 2405944.6 | Q3: =O3/2 -> 1202972.3 | S3: =SUM(G3,I3,K3,M3,O3) -> 11349077 | T3: =SUM(H3,J3,L3,N3,P3) -> 0 | U3: =SUM(D3:R3) -> 12552050
C4: Material Handling and/or G&A Rate
A5: 3 | B5: CR | C5: Contractor Acquired Property (CAP) | G5: 9322.0339 | I5: 10169.492 | K5: 10169.492 | M5: 10169.492 | O5: 10169.492 | S5: =SUM(G5,I5,K5,M5,O5) -> 50000 | T5: =SUM(H5,J5,L5,N5,P5) -> 0 | U5: =SUM(D5:R5) -> 50000
A6: 4 | B6: CR | C6: Delivery of CAP | G6: 4661.0169 | I6: 5084.7458 | K6: 5084.7458 | M6: 5084.7458 | O6: 5084.7458 | S6: =SUM(G6,I6,K6,M6,O6) -> 25000 | T6: =SUM(H6,J6,L6,N6,P6) -> 0 | U6: =SUM(D6:R6) -> 25000
A7: 5 | B7: FFP | C7: CDRLs | S7: =SUM(G7,I7,K7,M7,O7) -> 0 | T7: =SUM(H7,J7,L7,N7,P7) -> 0 | U7: =SUM(D7:R7) -> 0
A8: 6 | B8: FFP | C8: Service Contract Reporting | S8: =SUM(G8,I8,K8,M8,O8) -> 0 | T8: =SUM(H8,J8,L8,N8,P8) -> 0 | U8: =SUM(D8:R8) -> 0
A9: 7 | B9: FFP | C9: Phase-In | F9: 0 | S9: =SUM(G9,I9,K9,M9,O9) -> 0 | T9: =SUM(H9,J9,L9,N9,P9) -> 0 | U9: =SUM(D9:R9) -> 0
C11: Grand Total | D11: =SUM(D2:D9) -> 0 | E11: =SUM(E2:E9) -> 0 | F11: =SUM(F2:F9) -> 0 | G11: =SUM(G2:G9) -> 2151633.7 | H11: =SUM(H2:H9) -> 0 | I11: =SUM(I2:I9) -> 2217034.4 | J11: =SUM(J2:J9) -> 0 | K11: =SUM(K2:K9) -> 2283087.8 | ... P11: =SUM(P2:P9) -> 0 | S11: =SUM(S2:S9) -> 11424077 | T11: =SUM(T2:T9) -> 0 | U11: =SUM(U2:U9) -> 12627050
C13: Notes:
C14: IAW M.5.4.4.6, the sum of all the CLINs’ evaluated price plus the evaluated price for the “6-Month Extension of Services” plus the evaluated price of the Sample Test, Sample TOP* represents the TEPC/P. *The Government acknowledges calculating the Sample TOP pricing into the TEPC/P effectively “double counts” this scope of work already incorporated as a portion of the total CLIN 0001, and potentially 0002 costs, however, the TEPC/P does not impact the ceiling value established under the proposed IDIQ contract and is done for evaluation purposes only.
C16: For CLIN 0001, the pricing should auto-populate based on the total proposed price input into the Labor Build-up CLIN 1 tabs.
C18: The Not to Exceed (NTE) amounts have been provided for CLINs 0002-0004; do not adjust these amounts. If a Material Handling or G&A rate will be applied to the CR CLIN 0002, then include the percentage rate in Cell(s) G5. Include 0% if no indirect rate will be applied. The rate will become part of the contract and will not be adjusted during the life of the Task Order.
C21: Include your proposed amount for the Phase-In CLIN (0006) in Cell D10
C23: a. CLIN 0002: $11,349,077.44
C24: b. CLIN 0002: FAR52.217-8 estimate, $1,202,972.30
C25: c. CLIN 0003: $50,000.00
C26: d. CLIN 0004: $25,000.00

Sheet Proposed CPFF Cost Summary
C5: Cost Element | D5: Sample TO | E5: Base Year | F5: Year 2 | G5: Year 3 | H5: Year 4 | I5: Year 5 | J5: FAR 52.217-8
C6: Direct Labor | D6: ='Sample TOP Labor Build-up CLIN1'!R305 -> 0 | E6: ='Base Year Labor Build-up CLIN 1'!R305 -> 0 | F6: ='Year 2 Labor Build-up CLIN 1'!R305 -> 0 | G6: ='Year 3 Labor Build-up CLIN 1'!R305 -> 0 | H6: ='Year 4 Labor Build-up CLIN 1'!R305 -> 0 | I6: ='Year 4 Labor Build-up CLIN 1'!R305 -> 0 | J6: =I6/2 -> 0
C7: Fringe | D7: ='Sample TOP Labor Build-up CLIN1'!S305 -> 0 | E7: ='Base Year Labor Build-up CLIN 1'!S305 -> 0 | F7: ='Year 2 Labor Build-up CLIN 1'!S305 -> 0 | G7: ='Year 3 Labor Build-up CLIN 1'!S305 -> 0 | H7: ='Year 4 Labor Build-up CLIN 1'!S305 -> 0 | I7: ='Year 5 Labor Build-up CLIN 1'!S305 -> 0 | J7: =I7/2 -> 0
C8: Subcontract | D8: =SUMIF('Sample TOP Labor Build-up CLIN1'!J3:J302, "Sub", 'Sample TOP Labor Build-up CLIN1'!R305) -> 0 | E8: =SUMIF('Base Year Labor Build-up CLIN 1'!J3:J302, "Sub", 'Base Year Labor Build-up CLIN 1'!R305) -> 0 | F8: =SUMIF('Year 2 Labor Build-up CLIN 1'!J3:J302, "Sub", 'Year 2 Labor Build-up CLIN 1'!R305) -> 0 | G8: =SUMIF('Year 3 Labor Build-up CLIN 1'!J3:J302, "Sub", 'Year 3 Labor Build-up CLIN 1'!R305) -> 0 | H8: =SUMIF('Year 4 Labor Build-up CLIN 1'!J3:J302, "Sub", 'Year 4 Labor Build-up CLIN 1'!R305) -> 0 | I8: =SUMIF('Year 5 Labor Build-up CLIN 1'!J3:J302, "Sub", 'Year 5 Labor Build-up CLIN 1'!R305) -> 0 | J8: =I8/2 -> 0
C9: Overhead | D9: ='Sample TOP Labor Build-up CLIN1'!T305 -> 0 | E9: ='Base Year Labor Build-up CLIN 1'!T305 -> 0 | F9: ='Year 2 Labor Build-up CLIN 1'!T305 -> 0 | G9: ='Year 3 Labor Build-up CLIN 1'!T305 -> 0 | H9: ='Year 4 Labor Build-up CLIN 1'!T305 -> 0 | I9: ='Year 5 Labor Build-up CLIN 1'!T305 -> 0 | J9: =I9/2 -> 0
C10: G&A | D10: ='Sample TOP Labor Build-up CLIN1'!U305 -> 0 | E10: ='Base Year Labor Build-up CLIN 1'!U305 -> 0 | F10: ='Year 2 Labor Build-up CLIN 1'!U305 -> 0 | G10: ='Year 3 Labor Build-up CLIN 1'!U305 -> 0 | H10: ='Year 4 Labor Build-up CLIN 1'!U305 -> 0 | I10: ='Year 5 Labor Build-up CLIN 1'!U305 -> 0 | J10: =I10/2 -> 0
C11: Material Handling | D11: ='Sample TOP Labor Build-up CLIN1'!V305 -> 0 | E11: ='Base Year Labor Build-up CLIN 1'!V305 -> 0 | F11: ='Year 2 Labor Build-up CLIN 1'!V305 -> 0 | G11: ='Year 3 Labor Build-up CLIN 1'!V305 -> 0 | H11: ='Year 4 Labor Build-up CLIN 1'!V305 -> 0 | I11: ='Year 5 Labor Build-up CLIN 1'!V305 -> 0 | J11: =I11/2 -> 0
C12: Subcontract Handling | D12: ='Sample TOP Labor Build-up CLIN1'!W305 -> 0 | E12: ='Base Year Labor Build-up CLIN 1'!W305 -> 0 | F12: ='Year 2 Labor Build-up CLIN 1'!W305 -> 0 | G12: ='Year 3 Labor Build-up CLIN 1'!W305 -> 0 | H12: ='Year 4 Labor Build-up CLIN 1'!W305 -> 0 | I12: ='Year 5 Labor Build-up CLIN 1'!W305 -> 0 | J12: =I12/2 -> 0
C13: Subtotal | D13: =SUM(D6:D12) -> 0 | E13: =SUM(E6:E12) -> 0 | F13: =SUM(F6:F12) -> 0 | G13: =SUM(G6:G12) -> 0 | H13: =SUM(H6:H12) -> 0 | I13: =SUM(I6:I12) -> 0 | J13: =SUM(J6:J10) -> 0
C14: Fee | D14: ='Sample TOP Labor Build-up CLIN1'!X305 -> 0 | E14: ='Base Year Labor Build-up CLIN 1'!X305 -> 0 | F14: ='Year 2 Labor Build-up CLIN 1'!X305 -> 0 | G14: ='Year 3 Labor Build-up CLIN 1'!X305 -> 0 | H14: ='Year 4 Labor Build-up CLIN 1'!X305 -> 0 | I14: ='Year 5 Labor Build-up CLIN 1'!X305 -> 0 | J14: =I14/2 -> 0
C15: Total | D15: =SUM(D13:D14) -> 0 | E15: =SUM(E13:E14) -> 0 | F15: =SUM(F13:F14) -> 0 | G15: =SUM(G13:G14) -> 0 | H15: =SUM(H13:H14) -> 0 | I15: =SUM(I13:I14) -> 0 | J15: =SUM(J13:J14) -> 0

Sheet Sample TOP Labor Build-up CLIN1
D1: *Below are example positions for this requirement based on historicals. Any additional proposed labor categories can be added in the blue cells below | J1: *If position is a subcontracted position, use "Sub" not "Subcontractor" | S1: *These columns should link to the appropriate rate tab, with calculation of the dollars in the cells below based on allocation of the applicable rate. Ensure all formulas in these columns are correct prior to submission. Please note that if a column is not applicable to your submission, it can be left blank.
A2: PWS | B2: Base/Test | C2: Period | D2: Labor Category | E2: Exempt / Non-Exempt | F2: FT/PT | G2: BOL/WD Code | H2: WD Job Title | I2: Location | J2: Prime/Sub | K2: Company Name | L2: BOE Hours (Regular) | M2: BOE Hours (OT) | N2: FTEs | O2: Labor Rate | P2: Productive Wages (Regular) | Q2: Productive Wages (OT) | R2: Productive Wages (Total) | S2: Fringe Cost* | T2: Overhead Cost* | U2: G&A Cost* | V2: Material Handling* | W2: Subcontract Handling* | X2: Fee Total* | Y2: Loaded Labor Cost
C3: Sample TO | D3: Automotive Maintenance Section Supervisor | P3: =$L3*$O3 -> 0 | Q3: =IF(E3="NE",(M3*O3*1.5),(M3*O3)) -> 0 | R3: =P3+Q3 -> 0 | Y3: =SUM(R3:X3) -> 0
C4: Sample TO | D4: Buyer | P4: =$L4*$O4 -> 0 | Q4: =IF(E4="NE",(M4*O4*1.5),(M4*O4)) -> 0 | R4: =P4+Q4 -> 0 | Y4: =SUM(R4:X4) -> 0
C5: Sample TO | D5: Contract Administrator | P5: =$L5*$O5 -> 0 | Q5: =IF(E5="NE",(M5*O5*1.5),(M5*O5)) -> 0 | R5: =P5+Q5 -> 0 | Y5: =SUM(R5:X5) -> 0
C6: Sample TO | D6: Human Resource Specialist | P6: =$L6*$O6 -> 0 | Q6: =IF(E6="NE",(M6*O6*1.5),(M6*O6)) -> 0 | R6: =P6+Q6 -> 0 | Y6: =SUM(R6:X6) -> 0
C7: Sample TO | D7: IT Section Lead | P7: =$L7*$O7 -> 0 | Q7: =IF(E7="NE",(M7*O7*1.5),(M7*O7)) -> 0 | R7: =P7+Q7 -> 0 | Y7: =SUM(R7:X7) -> 0
C8: Sample TO | D8: LAN Administrator | P8: =$L8*$O8 -> 0 | Q8: =IF(E8="NE",(M8*O8*1.5),(M8*O8)) -> 0 | R8: =P8+Q8 -> 0 | Y8: =SUM(R8:X8) -> 0
C9: Sample TO | D9: Logistics Department Manager | P9: =$L9*$O9 -> 0 | Q9: =IF(E9="NE",(M9*O9*1.5),(M9*O9)) -> 0 | R9: =P9+Q9 -> 0 | Y9: =SUM(R9:X9) -> 0
C10: Sample TO | D10: Program Manager | P10: =$L10*$O10 -> 0 | Q10: =IF(E10="NE",(M10*O10*1.5),(M10*O10)) -> 0 | R10: =P10+Q10 -> 0 | Y10: =SUM(R10:X10) -> 0
C11: Sample TO | D11: Safety/Security Manager | P11: =$L11*$O11 -> 0 | Q11: =IF(E11="NE",(M11*O11*1.5),(M11*O11)) -> 0 | R11: =P11+Q11 -> 0 | Y11: =SUM(R11:X11) -> 0
C12: Sample TO | D12: Supply Services Section Supervisor | P12: =$L12*$O12 -> 0 | Q12: =IF(E12="NE",(M12*O12*1.5),(M12*O12)) -> 0 | R12: =P12+Q12 -> 0 | Y12: =SUM(R12:X12) -> 0
C13: Sample TO | D13: Sr Software Engineer | P13: =$L13*$O13 -> 0 | Q13: =IF(E13="NE",(M13*O13*1.5),(M13*O13)) -> 0 | R13: =P13+Q13 -> 0 | Y13: =SUM(R13:X13) -> 0
C14: Sample TO | D14: Environmental Compliance Manager | P14: =$L14*$O14 -> 0 | Q14: =IF(E14="NE",(M14*O14*1.5),(M14*O14)) -> 0 | R14: =P14+Q14 -> 0 | Y14: =SUM(R14:X14) -> 0
... C38: Sample TO | D38: Electronics Technician II (Fort Bragg) | P38: =$L38*$O38 -> 0 | Q38: =IF(E38="NE",(M38*O38*1.5),(M38*O38)) -> 0 | R38: =P38+Q38 -> 0 | Y38: =SUM(R38:X38) -> 0
P39: =$L39*$O39 -> 0 | Q39: =IF(E39="NE",(M39*O39*1.5),(M39*O39)) -> 0 | R39: =P39+Q39 -> 0 | Y39: =SUM(R39:X39) -> 0
P40: =$L40*$O40 -> 0 | Q40: =IF(E40="NE",(M40*O40*1.5),(M40*O40)) -> 0 | R40: =P40+Q40 -> 0 | Y40: =SUM(R40:X40) -> 0
P41: =$L41*$O41 -> 0 | Q41: =IF(E41="NE",(M41*O41*1.5),(M41*O41)) -> 0 | R41: =P41+Q41 -> 0 | Y41: =SUM(R41:X41) -> 0
P42: =$L42*$O42 -> 0 | Q42: =IF(E42="NE",(M42*O42*1.5),(M42*O42)) -> 0 | R42: =P42+Q42 -> 0 | Y42: =SUM(R42:X42) -> 0
P43: =$L43*$O43 -> 0 | Q43: =IF(E43="NE",(M43*O43*1.5),(M43*O43)) -> 0 | R43: =P43+Q43 -> 0 | Y43: =SUM(R43:X43) -> 0
P44: =$L44*$O44 -> 0 | Q44: =IF(E44="NE",(M44*O44*1.5),(M44*O44)) -> 0 | R44: =P44+Q44 -> 0 | Y44: =SUM(R44:X44) -> 0
P45: =$L45*$O45 -> 0 | Q45: =IF(E45="NE",(M45*O45*1.5),(M45*O45)) -> 0 | R45: =P45+Q45 -> 0 | Y45: =SUM(R45:X45) -> 0
P46: =$L46*$O46 -> 0 | Q46: =IF(E46="NE",(M46*O46*1.5),(M46*O46)) -> 0 | R46: =P46+Q46 -> 0 | Y46: =SUM(R46:X46) -> 0
P47: =$L47*$O47 -> 0 | Q47: =IF(E47="NE",(M47*O47*1.5),(M47*O47)) -> 0 | R47: =P47+Q47 -> 0 | Y47: =SUM(R47:X47) -> 0
P48: =$L48*$O48 -> 0 | Q48: =IF(E48="NE",(M48*O48*1.5),(M48*O48)) -> 0 | R48: =P48+Q48 -> 0 | Y48: =SUM(R48:X48) -> 0
P49: =$L49*$O49 -> 0 | Q49: =IF(E49="NE",(M49*O49*1.5),(M49*O49)) -> 0 | R49: =P49+Q49 -> 0 | Y49: =SUM(R49:X49) -> 0
P50: =$L50*$O50 -> 0 | Q50: =IF(E50="NE",(M50*O50*1.5),(M50*O50)) -> 0 | R50: =P50+Q50 -> 0 | Y50: =SUM(R50:X50) -> 0
... P302: =$L302*$O302 -> 0 | Q302: =IF(E302="NE",(M302*O302*1.5),(M302*O302)) -> 0 | R302: =P302+Q302 -> 0 | Y302: =SUM(R302:X302) -> 0
K305: Sample TO Totals | L305: =SUM(L3:L302) -> 0 | M305: =SUM(M3:M302) -> 0 | N305: =SUM(N3:N302) -> 0 | P305: =SUM(P3:P302) -> 0 | Q305: =SUM(Q3:Q302) -> 0 | R305: =SUM(R3:R302) -> 0 | S305: =SUM(S3:S302) -> 0 | T305: =SUM(T3:T302) -> 0 | U305: =SUM(U3:U302) -> 0 | V305: =SUM(V3:V302) -> 0 | W305: =SUM(W3:W302) -> 0 | ... Y305: =SUM(Y3:Y302) -> 0

Sheet Base Year Labor Build-up CLIN 1
C1: 1 Oct 2026 thru 31 August 2027 | D1: *Below are example positions for this requirement based on historicals. Any additional proposed labor categories can be added in the blue cells below | J1: *If position is a subcontracted position, use "Sub" not "Subcontractor" | S1: *These columns should link to the appropriate rate tab, with calculation of the dollars in the cells below based on allocation of the applicable rate. Ensure all formulas in these columns are correct prior to submission. Please note that if a column is not applicable to your submission, it can be left blank.
A2: PWS | B2: Base/Test | C2: Period | D2: Labor Category | E2: Exempt / Non-Exempt | F2: FT/PT | G2: BOL/WD Code | H2: WD Job Title | I2: Location | J2: Prime/Sub | K2: Company Name | L2: BOE Hours (Regular) | M2: BOE Hours (OT) | N2: FTEs | O2: Labor Rate | P2: Productive Wages (Regular) | Q2: Productive Wages (OT) | R2: Productive Wages (Total) | S2: Fringe Cost* | T2: Overhead Cost* | U2: G&A Cost* | V2: Material Handling* | W2: Subcontract Handling* | X2: Fee Total* | Y2: Loaded Labor Cost
C3: Base Year | D3: Automotive Maintenance Section Supervisor | P3: =$L3*$O3 -> 0 | Q3: =IF(E3="NE",(M3*O3*1.5),(M3*O3)) -> 0 | R3: =P3+Q3 -> 0 | Y3: =SUM(R3:X3) -> 0
C4: Base Year | D4: Buyer | P4: =$L4*$O4 -> 0 | Q4: =IF(E4="NE",(M4*O4*1.5),(M4*O4)) -> 0 | R4: =P4+Q4 -> 0 | Y4: =SUM(R4:X4) -> 0
C5: Base Year | D5: Contract Administrator | P5: =$L5*$O5 -> 0 | Q5: =IF(E5="NE",(M5*O5*1.5),(M5*O5)) -> 0 | R5: =P5+Q5 -> 0 | Y5: =SUM(R5:X5) -> 0
C6: Base Year | D6: Human Resource Specialist | P6: =$L6*$O6 -> 0 | Q6: =IF(E6="NE",(M6*O6*1.5),(M6*O6)) -> 0 | R6: =P6+Q6 -> 0 | Y6: =SUM(R6:X6) -> 0
C7: Base Year | D7: IT Section Lead | P7: =$L7*$O7 -> 0 | Q7: =IF(E7="NE",(M7*O7*1.5),(M7*O7)) -> 0 | R7: =P7+Q7 -> 0 | Y7: =SUM(R7:X7) -> 0
C8: Base Year | D8: LAN Administrator | P8: =$L8*$O8 -> 0 | Q8: =IF(E8="NE",(M8*O8*1.5),(M8*O8)) -> 0 | R8: =P8+Q8 -> 0 | Y8: =SUM(R8:X8) -> 0
C9: Base Year | D9: Logistics Department Manager | P9: =$L9*$O9 -> 0 | Q9: =IF(E9="NE",(M9*O9*1.5),(M9*O9)) -> 0 | R9: =P9+Q9 -> 0 | Y9: =SUM(R9:X9) -> 0
C10: Base Year | D10: Program Manager | P10: =$L10*$O10 -> 0 | Q10: =IF(E10="NE",(M10*O10*1.5),(M10*O10)) -> 0 | R10: =P10+Q10 -> 0 | Y10: =SUM(R10:X10) -> 0
C11: Base Year | D11: Safety/Security Manager | P11: =$L11*$O11 -> 0 | Q11: =IF(E11="NE",(M11*O11*1.5),(M11*O11)) -> 0 | R11: =P11+Q11 -> 0 | Y11: =SUM(R11:X11) -> 0
C12: Base Year | D12: Supply Services Section Supervisor | P12: =$L12*$O12 -> 0 | Q12: =IF(E12="NE",(M12*O12*1.5),(M12*O12)) -> 0 | R12: =P12+Q12 -> 0 | Y12: =SUM(R12:X12) -> 0
C13: Base Year | D13: Sr Software Engineer | P13: =$L13*$O13 -> 0 | Q13: =IF(E13="NE",(M13*O13*1.5),(M13*O13)) -> 0 | R13: =P13+Q13 -> 0 | Y13: =SUM(R13:X13) -> 0
C14: Base Year | D14: Environmental Compliance Manager | P14: =$L14*$O14 -> 0 | Q14: =IF(E14="NE",(M14*O14*1.5),(M14*O14)) -> 0 | R14: =P14+Q14 -> 0 | Y14: =SUM(R14:X14) -> 0
... C38: Base Year | D38: Electronics Technician II (Fort Bragg) | P38: =$L38*$O38 -> 0 | Q38: =IF(E38="NE",(M38*O38*1.5),(M38*O38)) -> 0 | R38: =P38+Q38 -> 0 | Y38: =SUM(R38:X38) -> 0
P39: =$L39*$O39 -> 0 | Q39: =IF(E39="NE",(M39*O39*1.5),(M39*O39)) -> 0 | R39: =P39+Q39 -> 0 | Y39: =SUM(R39:X39) -> 0
P40: =$L40*$O40 -> 0 | Q40: =IF(E40="NE",(M40*O40*1.5),(M40*O40)) -> 0 | R40: =P40+Q40 -> 0 | Y40: =SUM(R40:X40) -> 0
P41: =$L41*$O41 -> 0 | Q41: =IF(E41="NE",(M41*O41*1.5),(M41*O41)) -> 0 | R41: =P41+Q41 -> 0 | Y41: =SUM(R41:X41) -> 0
P42: =$L42*$O42 -> 0 | Q42: =IF(E42="NE",(M42*O42*1.5),(M42*O42)) -> 0 | R42: =P42+Q42 -> 0 | Y42: =SUM(R42:X42) -> 0
P43: =$L43*$O43 -> 0 | Q43: =IF(E43="NE",(M43*O43*1.5),(M43*O43)) -> 0 | R43: =P43+Q43 -> 0 | Y43: =SUM(R43:X43) -> 0
P44: =$L44*$O44 -> 0 | Q44: =IF(E44="NE",(M44*O44*1.5),(M44*O44)) -> 0 | R44: =P44+Q44 -> 0 | Y44: =SUM(R44:X44) -> 0
P45: =$L45*$O45 -> 0 | Q45: =IF(E45="NE",(M45*O45*1.5),(M45*O45)) -> 0 | R45: =P45+Q45 -> 0 | Y45: =SUM(R45:X45) -> 0
P46: =$L46*$O46 -> 0 | Q46: =IF(E46="NE",(M46*O46*1.5),(M46*O46)) -> 0 | R46: =P46+Q46 -> 0 | Y46: =SUM(R46:X46) -> 0
P47: =$L47*$O47 -> 0 | Q47: =IF(E47="NE",(M47*O47*1.5),(M47*O47)) -> 0 | R47: =P47+Q47 -> 0 | Y47: =SUM(R47:X47) -> 0
P48: =$L48*$O48 -> 0 | Q48: =IF(E48="NE",(M48*O48*1.5),(M48*O48)) -> 0 | R48: =P48+Q48 -> 0 | Y48: =SUM(R48:X48) -> 0
P49: =$L49*$O49 -> 0 | Q49: =IF(E49="NE",(M49*O49*1.5),(M49*O49)) -> 0 | R49: =P49+Q49 -> 0 | Y49: =SUM(R49:X49) -> 0
P50: =$L50*$O50 -> 0 | Q50: =IF(E50="NE",(M50*O50*1.5),(M50*O50)) -> 0 | R50: =P50+Q50 -> 0 | Y50: =SUM(R50:X50) -> 0
... P302: =$L302*$O302 -> 0 | Q302: =IF(E302="NE",(M302*O302*1.5),(M302*O302)) -> 0 | R302: =P302+Q302 -> 0 | Y302: =SUM(R302:X302) -> 0
K305: Base Year Totals | L305: =SUM(L3:L302) -> 0 | M305: =SUM(M3:M302) -> 0 | N305: =SUM(N3:N302) -> 0 | P305: =SUM(P3:P302) -> 0 | Q305: =SUM(Q3:Q302) -> 0 | R305: =SUM(R3:R302) -> 0 | S305: =SUM(S3:S302) -> 0 | T305: =SUM(T3:T302) -> 0 | U305: =SUM(U3:U302) -> 0 | V305: =SUM(V3:V302) -> 0 | W305: =SUM(W3:W302) -> 0 | ... Y305: =SUM(Y3:Y302) -> 0

Sheet Year 2 Labor Build-up CLIN 1
C1: 1 Oct 2027 thru 31 August 2028 | D1: *Below are example positions for this requirement based on historicals. Any additional proposed labor categories can be added in the blue cells below | J1: *If position is a subcontracted position, use "Sub" not "Subcontractor" | S1: *These columns should link to the appropriate rate tab, with calculation of the dollars in the cells below based on allocation of the applicable rate. Ensure all formulas in these columns are correct prior to submission. Please note that if a column is not applicable to your submission, it can be left blank.
A2: PWS | B2: Base/Test | C2: Period | D2: Labor Category | E2: Exempt / Non-Exempt | F2: FT/PT | G2: BOL/WD Code | H2: WD Job Title | I2: Location | J2: Prime/Sub | K2: Company Name | L2: BOE Hours (Regular) | M2: BOE Hours (OT) | N2: FTEs | O2: Labor Rate | P2: Productive Wages (Regular) | Q2: Productive Wages (OT) | R2: Productive Wages (Total) | S2: Fringe Cost* | T2: Overhead Cost* | U2: G&A Cost* | V2: Material Handling* | W2: Subcontract Handling* | X2: Fee Total* | Y2: Loaded Labor Cost
C3: Year 2 | D3: Automotive Maintenance Section Supervisor | P3: =$L3*$O3 -> 0 | Q3: =IF(E3="NE",(M3*O3*1.5),(M3*O3)) -> 0 | R3: =P3+Q3 -> 0 | Y3: =SUM(R3:X3) -> 0
C4: Year 2 | D4: Buyer | P4: =$L4*$O4 -> 0 | Q4: =IF(E4="NE",(M4*O4*1.5),(M4*O4)) -> 0 | R4: =P4+Q4 -> 0 | Y4: =SUM(R4:X4) -> 0
C5: Year 2 | D5: Contract Administrator | P5: =$L5*$O5 -> 0 | Q5: =IF(E5="NE",(M5*O5*1.5),(M5*O5)) -> 0 | R5: =P5+Q5 -> 0 | Y5: =SUM(R5:X5) -> 0
C6: Year 2 | D6: Human Resource Specialist | P6: =$L6*$O6 -> 0 | Q6: =IF(E6="NE",(M6*O6*1.5),(M6*O6)) -> 0 | R6: =P6+Q6 -> 0 | Y6: =SUM(R6:X6) -> 0
C7: Year 2 | D7: IT Section Lead | P7: =$L7*$O7 -> 0 | Q7: =IF(E7="NE",(M7*O7*1.5),(M7*O7)) -> 0 | R7: =P7+Q7 -> 0 | Y7: =SUM(R7:X7) -> 0
C8: Year 2 | D8: LAN Administrator | P8: =$L8*$O8 -> 0 | Q8: =IF(E8="NE",(M8*O8*1.5),(M8*O8)) -> 0 | R8: =P8+Q8 -> 0 | Y8: =SUM(R8:X8) -> 0
C9: Year 2 | D9: Logistics Department Manager | P9: =$L9*$O9 -> 0 | Q9: =IF(E9="NE",(M9*O9*1.5),(M9*O9)) -> 0 | R9: =P9+Q9 -> 0 | Y9: =SUM(R9:X9) -> 0
C10: Year 2 | D10: Program Manager | P10: =$L10*$O10 -> 0 | Q10: =IF(E10="NE",(M10*O10*1.5),(M10*O10)) -> 0 | R10: =P10+Q10 -> 0 | Y10: =SUM(R10:X10) -> 0
C11: Year 2 | D11: Safety/Security Manager | P11: =$L11*$O11 -> 0 | Q11: =IF(E11="NE",(M11*O11*1.5),(M11*O11)) -> 0 | R11: =P11+Q11 -> 0 | Y11: =SUM(R11:X11) -> 0
C12: Year 2 | D12: Supply Services Section Supervisor | P12: =$L12*$O12 -> 0 | Q12: =IF(E12="NE",(M12*O12*1.5),(M12*O12)) -> 0 | R12: =P12+Q12 -> 0 | Y12: =SUM(R12:X12) -> 0
C13: Year 2 | D13: Sr Software Engineer | P13: =$L13*$O13 -> 0 | Q13: =IF(E13="NE",(M13*O13*1.5),(M13*O13)) -> 0 | R13: =P13+Q13 -> 0 | Y13: =SUM(R13:X13) -> 0
C14: Year 2 | D14: Environmental Compliance Manager | P14: =$L14*$O14 -> 0 | Q14: =IF(E14="NE",(M14*O14*1.5),(M14*O14)) -> 0 | R14: =P14+Q14 -> 0 | Y14: =SUM(R14:X14) -> 0
... C38: Year 2 | D38: Electronics Technician II (Fort Bragg) | P38: =$L38*$O38 -> 0 | Q38: =IF(E38="NE",(M38*O38*1.5),(M38*O38)) -> 0 | R38: =P38+Q38 -> 0 | Y38: =SUM(R38:X38) -> 0
P39: =$L39*$O39 -> 0 | Q39: =IF(E39="NE",(M39*O39*1.5),(M39*O39)) -> 0 | R39: =P39+Q39 -> 0 | Y39: =SUM(R39:X39) -> 0
P40: =$L40*$O40 -> 0 | Q40: =IF(E40="NE",(M40*O40*1.5),(M40*O40)) -> 0 | R40: =P40+Q40 -> 0 | Y40: =SUM(R40:X40) -> 0
P41: =$L41*$O41 -> 0 | Q41: =IF(E41="NE",(M41*O41*1.5),(M41*O41)) -> 0 | R41: =P41+Q41 -> 0 | Y41: =SUM(R41:X41) -> 0
P42: =$L42*$O42 -> 0 | Q42: =IF(E42="NE",(M42*O42*1.5),(M42*O42)) -> 0 | R42: =P42+Q42 -> 0 | Y42: =SUM(R42:X42) -> 0
P43: =$L43*$O43 -> 0 | Q43: =IF(E43="NE",(M43*O43*1.5),(M43*O43)) -> 0 | R43: =P43+Q43 -> 0 | Y43: =SUM(R43:X43) -> 0
P44: =$L44*$O44 -> 0 | Q44: =IF(E44="NE",(M44*O44*1.5),(M44*O44)) -> 0 | R44: =P44+Q44 -> 0 | Y44: =SUM(R44:X44) -> 0
P45: =$L45*$O45 -> 0 | Q45: =IF(E45="NE",(M45*O45*1.5),(M45*O45)) -> 0 | R45: =P45+Q45 -> 0 | Y45: =SUM(R45:X45) -> 0
P46: =$L46*$O46 -> 0 | Q46: =IF(E46="NE",(M46*O46*1.5),(M46*O46)) -> 0 | R46: =P46+Q46 -> 0 | Y46: =SUM(R46:X46) -> 0
P47: =$L47*$O47 -> 0 | Q47: =IF(E47="NE",(M47*O47*1.5),(M47*O47)) -> 0 | R47: =P47+Q47 -> 0 | Y47: =SUM(R47:X47) -> 0
P48: =$L48*$O48 -> 0 | Q48: =IF(E48="NE",(M48*O48*1.5),(M48*O48)) -> 0 | R48: =P48+Q48 -> 0 | Y48: =SUM(R48:X48) -> 0
P49: =$L49*$O49 -> 0 | Q49: =IF(E49="NE",(M49*O49*1.5),(M49*O49)) -> 0 | R49: =P49+Q49 -> 0 | Y49: =SUM(R49:X49) -> 0
P50: =$L50*$O50 -> 0 | Q50: =IF(E50="NE",(M50*O50*1.5),(M50*O50)) -> 0 | R50: =P50+Q50 -> 0 | Y50: =SUM(R50:X50) -> 0
... P302: =$L302*$O302 -> 0 | Q302: =IF(E302="NE",(M302*O302*1.5),(M302*O302)) -> 0 | R302: =P302+Q302 -> 0 | Y302: =SUM(R302:X302) -> 0
K305: Year 2 Totals | L305: =SUM(L3:L302) -> 0 | M305: =SUM(M3:M302) -> 0 | N305: =SUM(N3:N302) -> 0 | P305: =SUM(P3:P302) -> 0 | Q305: =SUM(Q3:Q302) -> 0 | R305: =SUM(R3:R302) -> 0 | S305: =SUM(S3:S302) -> 0 | T305: =SUM(T3:T302) -> 0 | U305: =SUM(U3:U302) -> 0 | V305: =SUM(V3:V302) -> 0 | W305: =SUM(W3:W302) -> 0 | ... Y305: =SUM(Y3:Y302) -> 0

Sheet Year 3 Labor Build-up CLIN 1
C1: 1 Oct 2028 thru 31 August 2029 | D1: *Below are example positions for this requirement based on historicals. Any additional proposed labor categories can be added in the blue cells below | J1: *If position is a subcontracted position, use "Sub" not "Subcontractor" | S1: *These columns should link to the appropriate rate tab, with calculation of the dollars in the cells below based on allocation of the applicable rate. Ensure all formulas in these columns are correct prior to submission. Please note that if a column is not applicable to your submission, it can be left blank.
A2: PWS | B2: Base/Test | C2: Period | D2: Labor Category | E2: Exempt / Non-Exempt | F2: FT/PT | G2: BOL/WD Code | H2: WD Job Title | I2: Location | J2: Prime/Sub | K2: Company Name | L2: BOE Hours (Regular) | M2: BOE Hours (OT) | N2: FTEs | O2: Labor Rate | P2: Productive Wages (Regular) | Q2: Productive Wages (OT) | R2: Productive Wages (Total) | S2: Fringe Cost* | T2: Overhead Cost* | U2: G&A Cost* | V2: Material Handling* | W2: Subcontract Handling* | X2: Fee Total* | Y2: Loaded Labor Cost
C3: Year 3 | D3: Automotive Maintenance Section Supervisor | P3: =$L3*$O3 -> 0 | Q3: =IF(E3="NE",(M3*O3*1.5),(M3*O3)) -> 0 | R3: =P3+Q3 -> 0 | Y3: =SUM(R3:X3) -> 0
C4: Year 3 | D4: Buyer | P4: =$L4*$O4 -> 0 | Q4: =IF(E4="NE",(M4*O4*1.5),(M4*O4)) -> 0 | R4: =P4+Q4 -> 0 | Y4: =SUM(R4:X4) -> 0
C5: Year 3 | D5: Contract Administrator | P5: =$L5*$O5 -> 0 | Q5: =IF(E5="NE",(M5*O5*1.5),(M5*O5)) -> 0 | R5: =P5+Q5 -> 0 | Y5: =SUM(R5:X5) -> 0
C6: Year 3 | D6: Human Resource Specialist | P6: =$L6*$O6 -> 0 | Q6: =IF(E6="NE",(M6*O6*1.5),(M6*O6)) -> 0 | R6: =P6+Q6 -> 0 | Y6: =SUM(R6:X6) -> 0
C7: Year 3 | D7: IT Section Lead | P7: =$L7*$O7 -> 0 | Q7: =IF(E7="NE",(M7*O7*1.5),(M7*O7)) -> 0 | R7: =P7+Q7 -> 0 | Y7: =SUM(R7:X7) -> 0
C8: Year 3 | D8: LAN Administrator | P8: =$L8*$O8 -> 0 | Q8: =IF(E8="NE",(M8*O8*1.5),(M8*O8)) -> 0 | R8: =P8+Q8 -> 0 | Y8: =SUM(R8:X8) -> 0
C9: Year 3 | D9: Logistics Department Manager | P9: =$L9*$O9 -> 0 | Q9: =IF(E9="NE",(M9*O9*1.5),(M9*O9)) -> 0 | R9: =P9+Q9 -> 0 | Y9: =SUM(R9:X9) -> 0
C10: Year 3 | D10: Program Manager | P10: =$L10*$O10 -> 0 | Q10: =IF(E10="NE",(M10*O10*1.5),(M10*O10)) -> 0 | R10: =P10+Q10 -> 0 | Y10: =SUM(R10:X10) -> 0
C11: Year 3 | D11: Safety/Security Manager | P11: =$L11*$O11 -> 0 | Q11: =IF(E11="NE",(M11*O11*1.5),(M11*O11)) -> 0 | R11: =P11+Q11 -> 0 | Y11: =SUM(R11:X11) -> 0
C12: Year 3 | D12: Supply Services Section Supervisor | P12: =$L12*$O12 -> 0 | Q12: =IF(E12="NE",(M12*O12*1.5),(M12*O12)) -> 0 | R12: =P12+Q12 -> 0 | Y12: =SUM(R12:X12) -> 0
C13: Year 3 | D13: Sr Software Engineer | P13: =$L13*$O13 -> 0 | Q13: =IF(E13="NE",(M13*O13*1.5),(M13*O13)) -> 0 | R13: =P13+Q13 -> 0 | Y13: =SUM(R13:X13) -> 0
C14: Year 3 | D14: Environmental Compliance Manager | P14: =$L14*$O14 -> 0 | Q14: =IF(E14="NE",(M14*O14*1.5),(M14*O14)) -> 0 | R14: =P14+Q14 -> 0 | Y14: =SUM(R14:X14) -> 0
... C38: Year 3 | D38: Electronics Technician II (Fort Bragg) | P38: =$L38*$O38 -> 0 | Q38: =IF(E38="NE",(M38*O38*1.5),(M38*O38)) -> 0 | R38: =P38+Q38 -> 0 | Y38: =SUM(R38:X38) -> 0
P39: =$L39*$O39 -> 0 | Q39: =IF(E39="NE",(M39*O39*1.5),(M39*O39)) -> 0 | R39: =P39+Q39 -> 0 | Y39: =SUM(R39:X39) -> 0
P40: =$L40*$O40 -> 0 | Q40: =IF(E40="NE",(M40*O40*1.5),(M40*O40)) -> 0 | R40: =P40+Q40 -> 0 | Y40: =SUM(R40:X40) -> 0
P41: =$L41*$O41 -> 0 | Q41: =IF(E41="NE",(M41*O41*1.5),(M41*O41)) -> 0 | R41: =P41+Q41 -> 0 | Y41: =SUM(R41:X41) -> 0
P42: =$L42*$O42 -> 0 | Q42: =IF(E42="NE",(M42*O42*1.5),(M42*O42)) -> 0 | R42: =P42+Q42 -> 0 | Y42: =SUM(R42:X42) -> 0
P43: =$L43*$O43 -> 0 | Q43: =IF(E43="NE",(M43*O43*1.5),(M43*O43)) -> 0 | R43: =P43+Q43 -> 0 | Y43: =SUM(R43:X43) -> 0
P44: =$L44*$O44 -> 0 | Q44: =IF(E44="NE",(M44*O44*1.5),(M44*O44)) -> 0 | R44: =P44+Q44 -> 0 | Y44: =SUM(R44:X44) -> 0
P45: =$L45*$O45 -> 0 | Q45: =IF(E45="NE",(M45*O45*1.5),(M45*O45)) -> 0 | R45: =P45+Q45 -> 0 | Y45: =SUM(R45:X45) -> 0
P46: =$L46*$O46 -> 0 | Q46: =IF(E46="NE",(M46*O46*1.5),(M46*O46)) -> 0 | R46: =P46+Q46 -> 0 | Y46: =SUM(R46:X46) -> 0
P47: =$L47*$O47 -> 0 | Q47: =IF(E47="NE",(M47*O47*1.5),(M47*O47)) -> 0 | R47: =P47+Q47 -> 0 | Y47: =SUM(R47:X47) -> 0
P48: =$L48*$O48 -> 0 | Q48: =IF(E48="NE",(M48*O48*1.5),(M48*O48)) -> 0 | R48: =P48+Q48 -> 0 | Y48: =SUM(R48:X48) -> 0
P49: =$L49*$O49 -> 0 | Q49: =IF(E49="NE",(M49*O49*1.5),(M49*O49)) -> 0 | R49: =P49+Q49 -> 0 | Y49: =SUM(R49:X49) -> 0
P50: =$L50*$O50 -> 0 | Q50: =IF(E50="NE",(M50*O50*1.5),(M50*O50)) -> 0 | R50: =P50+Q50 -> 0 | Y50: =SUM(R50:X50) -> 0
... P302: =$L302*$O302 -> 0 | Q302: =IF(E302="NE",(M302*O302*1.5),(M302*O302)) -> 0 | R302: =P302+Q302 -> 0 | Y302: =SUM(R302:X302) -> 0
K305: Year 3 Totals | L305: =SUM(L3:L302) -> 0 | M305: =SUM(M3:M302) -> 0 | N305: =SUM(N3:N302) -> 0 | P305: =SUM(P3:P302) -> 0 | Q305: =SUM(Q3:Q302) -> 0 | R305: =SUM(R3:R302) -> 0 | S305: =SUM(S3:S302) -> 0 | T305: =SUM(T3:T302) -> 0 | U305: =SUM(U3:U302) -> 0 | V305: =SUM(V3:V302) -> 0 | W305: =SUM(W3:W302) -> 0 | ... Y305: =SUM(Y3:Y302) -> 0

Sheet Year 4 Labor Build-up CLIN 1
C1: 1 Oct 2029 thru 31 August 2030 | D1: *Below are example positions for this requirement based on historicals. Any additional proposed labor categories can be added in the blue cells below | J1: *If position is a subcontracted position, use "Sub" not "Subcontractor" | S1: *These columns should link to the appropriate rate tab, with calculation of the dollars in the cells below based on allocation of the applicable rate. Ensure all formulas in these columns are correct prior to submission. Please note that if a column is not applicable to your submission, it can be left blank.
A2: PWS | B2: Base/Test | C2: Period | D2: Labor Category | E2: Exempt / Non-Exempt | F2: FT/PT | G2: BOL/WD Code | H2: WD Job Title | I2: Location | J2: Prime/Sub | K2: Company Name | L2: BOE Hours (Regular) | M2: BOE Hours (OT) | N2: FTEs | O2: Labor Rate | P2: Productive Wages (Regular) | Q2: Productive Wages (OT) | R2: Productive Wages (Total) | S2: Fringe Cost* | T2: Overhead Cost* | U2: G&A Cost* | V2: Material Handling* | W2: Subcontract Handling* | X2: Fee Total* | Y2: Loaded Labor Cost
C3: Year 4 | D3: Automotive Maintenance Section Supervisor | P3: =$L3*$O3 -> 0 | Q3: =IF(E3="NE",(M3*O3*1.5),(M3*O3)) -> 0 | R3: =P3+Q3 -> 0 | Y3: =SUM(R3:X3) -> 0
C4: Year 4 | D4: Buyer | P4: =$L4*$O4 -> 0 | Q4: =IF(E4="NE",(M4*O4*1.5),(M4*O4)) -> 0 | R4: =P4+Q4 -> 0 | Y4: =SUM(R4:X4) -> 0
C5: Year 4 | D5: Contract Administrator | P5: =$L5*$O5 -> 0 | Q5: =IF(E5="NE",(M5*O5*1.5),(M5*O5)) -> 0 | R5: =P5+Q5 -> 0 | Y5: =SUM(R5:X5) -> 0
C6: Year 4 | D6: Human Resource Specialist | P6: =$L6*$O6 -> 0 | Q6: =IF(E6="NE",(M6*O6*1.5),(M6*O6)) -> 0 | R6: =P6+Q6 -> 0 | Y6: =SUM(R6:X6) -> 0
C7: Year 4 | D7: IT Section Lead | P7: =$L7*$O7 -> 0 | Q7: =IF(E7="NE",(M7*O7*1.5),(M7*O7)) -> 0 | R7: =P7+Q7 -> 0 | Y7: =SUM(R7:X7) -> 0
C8: Year 4 | D8: LAN Administrator | P8: =$L8*$O8 -> 0 | Q8: =IF(E8="NE",(M8*O8*1.5),(M8*O8)) -> 0 | R8: =P8+Q8 -> 0 | Y8: =SUM(R8:X8) -> 0
C9: Year 4 | D9: Logistics Department Manager | P9: =$L9*$O9 -> 0 | Q9: =IF(E9="NE",(M9*O9*1.5),(M9*O9)) -> 0 | R9: =P9+Q9 -> 0 | Y9: =SUM(R9:X9) -> 0
C10: Year 4 | D10: Program Manager | P10: =$L10*$O10 -> 0 | Q10: =IF(E10="NE",(M10*O10*1.5),(M10*O10)) -> 0 | R10: =P10+Q10 -> 0 | Y10: =SUM(R10:X10) -> 0
C11: Year 4 | D11: Safety/Security Manager | P11: =$L11*$O11 -> 0 | Q11: =IF(E11="NE",(M11*O11*1.5),(M11*O11)) -> 0 | R11: =P11+Q11 -> 0 | Y11: =SUM(R11:X11) -> 0
C12: Year 4 | D12: Supply Services Section Supervisor | P12: =$L12*$O12 -> 0 | Q12: =IF(E12="NE",(M12*O12*1.5),(M12*O12)) -> 0 | R12: =P12+Q12 -> 0 | Y12: =SUM(R12:X12) -> 0
C13: Year 4 | D13: Sr Software Engineer | P13: =$L13*$O13 -> 0 | Q13: =IF(E13="NE",(M13*O13*1.5),(M13*O13)) -> 0 | R13: =P13+Q13 -> 0 | Y13: =SUM(R13:X13) -> 0
C14: Year 4 | D14: Environmental Compliance Manager | P14: =$L14*$O14 -> 0 | Q14: =IF(E14="NE",(M14*O14*1.5),(M14*O14)) -> 0 | R14: =P14+Q14 -> 0 | Y14: =SUM(R14:X14) -> 0
... C38: Year 4 | D38: Electronics Technician II (Fort Bragg) | P38: =$L38*$O38 -> 0 | Q38: =IF(E38="NE",(M38*O38*1.5),(M38*O38)) -> 0 | R38: =P38+Q38 -> 0 | Y38: =SUM(R38:X38) -> 0
P39: =$L39*$O39 -> 0 | Q39: =IF(E39="NE",(M39*O39*1.5),(M39*O39)) -> 0 | R39: =P39+Q39 -> 0 | Y39: =SUM(R39:X39) -> 0
P40: =$L40*$O40 -> 0 | Q40: =IF(E40="NE",(M40*O40*1.5),(M40*O40)) -> 0 | R40: =P40+Q40 -> 0 | Y40: =SUM(R40:X40) -> 0
P41: =$L41*$O41 -> 0 | Q41: =IF(E41="NE",(M41*O41*1.5),(M41*O41)) -> 0 | R41: =P41+Q41 -> 0 | Y41: =SUM(R41:X41) -> 0
P42: =$L42*$O42 -> 0 | Q42: =IF(E42="NE",(M42*O42*1.5),(M42*O42)) -> 0 | R42: =P42+Q42 -> 0 | Y42: =SUM(R42:X42) -> 0
P43: =$L43*$O43 -> 0 | Q43: =IF(E43="NE",(M43*O43*1.5),(M43*O43)) -> 0 | R43: =P43+Q43 -> 0 | Y43: =SUM(R43:X43) -> 0
P44: =$L44*$O44 -> 0 | Q44: =IF(E44="NE",(M44*O44*1.5),(M44*O44)) -> 0 | R44: =P44+Q44 -> 0 | Y44: =SUM(R44:X44) -> 0
P45: =$L45*$O45 -> 0 | Q45: =IF(E45="NE",(M45*O45*1.5),(M45*O45)) -> 0 | R45: =P45+Q45 -> 0 | Y45: =SUM(R45:X45) -> 0
P46: =$L46*$O46 -> 0 | Q46: =IF(E46="NE",(M46*O46*1.5),(M46*O46)) -> 0 | R46: =P46+Q46 -> 0 | Y46: =SUM(R46:X46) -> 0
P47: =$L47*$O47 -> 0 | Q47: =IF(E47="NE",(M47*O47*1.5),(M47*O47)) -> 0 | R47: =P47+Q47 -> 0 | Y47: =SUM(R47:X47) -> 0
P48: =$L48*$O48 -> 0 | Q48: =IF(E48="NE",(M48*O48*1.5),(M48*O48)) -> 0 | R48: =P48+Q48 -> 0 | Y48: =SUM(R48:X48) -> 0
P49: =$L49*$O49 -> 0 | Q49: =IF(E49="NE",(M49*O49*1.5),(M49*O49)) -> 0 | R49: =P49+Q49 -> 0 | Y49: =SUM(R49:X49) -> 0
P50: =$L50*$O50 -> 0 | Q50: =IF(E50="NE",(M50*O50*1.5),(M50*O50)) -> 0 | R50: =P50+Q50 -> 0 | Y50: =SUM(R50:X50) -> 0
... P302: =$L302*$O302 -> 0 | Q302: =IF(E302="NE",(M302*O302*1.5),(M302*O302)) -> 0 | R302: =P302+Q302 -> 0 | Y302: =SUM(R302:X302) -> 0
K305: Year 4 Totals | L305: =SUM(L3:L302) -> 0 | M305: =SUM(M3:M302) -> 0 | N305: =SUM(N3:N302) -> 0 | P305: =SUM(P3:P302) -> 0 | Q305: =SUM(Q3:Q302) -> 0 | R305: =SUM(R3:R302) -> 0 | S305: =SUM(S3:S302) -> 0 | T305: =SUM(T3:T302) -> 0 | U305: =SUM(U3:U302) -> 0 | V305: =SUM(V3:V302) -> 0 | W305: =SUM(W3:W302) -> 0 | ... Y305: =SUM(Y3:Y302) -> 0

Sheet Year 5 Labor Build-up CLIN 1
C1: 1 Oct 2030 thru 31 August 2031 | D1: *Below are example positions for this requirement based on historicals. Any additional proposed labor categories can be added in the blue cells below | J1: *If position is a subcontracted position, use "Sub" not "Subcontractor" | S1: *These columns should link to the appropriate rate tab, with calculation of the dollars in the cells below based on allocation of the applicable rate. Ensure all formulas in these columns are correct prior to submission. Please note that if a column is not applicable to your submission, it can be left blank.
A2: PWS | B2: Base/Test | C2: Period | D2: Labor Category | E2: Exempt / Non-Exempt | F2: FT/PT | G2: BOL/WD Code | H2: WD Job Title | I2: Location | J2: Prime/Sub | K2: Company Name | L2: BOE Hours (Regular) | M2: BOE Hours (OT) | N2: FTEs | O2: Labor Rate | P2: Productive Wages (Regular) | Q2: Productive Wages (OT) | R2: Productive Wages (Total) | S2: Fringe Cost* | T2: Overhead Cost* | U2: G&A Cost* | V2: Material Handling* | W2: Subcontract Handling* | X2: Fee Total* | Y2: Loaded Labor Cost
C3: Year 5 | D3: Automotive Maintenance Section Supervisor | P3: =$L3*$O3 -> 0 | Q3: =IF(E3="NE",(M3*O3*1.5),(M3*O3)) -> 0 | R3: =P3+Q3 -> 0 | Y3: =SUM(R3:X3) -> 0
C4: Year 5 | D4: Buyer | P4: =$L4*$O4 -> 0 | Q4: =IF(E4="NE",(M4*O4*1.5),(M4*O4)) -> 0 | R4: =P4+Q4 -> 0 | Y4: =SUM(R4:X4) -> 0
C5: Year 5 | D5: Contract Administrator | P5: =$L5*$O5 -> 0 | Q5: =IF(E5="NE",(M5*O5*1.5),(M5*O5)) -> 0 | R5: =P5+Q5 -> 0 | Y5: =SUM(R5:X5) -> 0
C6: Year 5 | D6: Human Resource Specialist | P6: =$L6*$O6 -> 0 | Q6: =IF(E6="NE",(M6*O6*1.5),(M6*O6)) -> 0 | R6: =P6+Q6 -> 0 | Y6: =SUM(R6:X6) -> 0
C7: Year 5 | D7: IT Section Lead | P7: =$L7*$O7 -> 0 | Q7: =IF(E7="NE",(M7*O7*1.5),(M7*O7)) -> 0 | R7: =P7+Q7 -> 0 | Y7: =SUM(R7:X7) -> 0
C8: Year 5 | D8: LAN Administrator | P8: =$L8*$O8 -> 0 | Q8: =IF(E8="NE",(M8*O8*1.5),(M8*O8)) -> 0 | R8: =P8+Q8 -> 0 | Y8: =SUM(R8:X8) -> 0
C9: Year 5 | D9: Logistics Department Manager | P9: =$L9*$O9 -> 0 | Q9: =IF(E9="NE",(M9*O9*1.5),(M9*O9)) -> 0 | R9: =P9+Q9 -> 0 | Y9: =SUM(R9:X9) -> 0
C10: Year 5 | D10: Program Manager | P10: =$L10*$O10 -> 0 | Q10: =IF(E10="NE",(M10*O10*1.5),(M10*O10)) -> 0 | R10: =P10+Q10 -> 0 | Y10: =SUM(R10:X10) -> 0
C11: Year 5 | D11: Safety/Security Manager | P11: =$L11*$O11 -> 0 | Q11: =IF(E11="NE",(M11*O11*1.5),(M11*O11)) -> 0 | R11: =P11+Q11 -> 0 | Y11: =SUM(R11:X11) -> 0
C12: Year 5 | D12: Supply Services Section Supervisor | P12: =$L12*$O12 -> 0 | Q12: =IF(E12="NE",(M12*O12*1.5),(M12*O12)) -> 0 | R12: =P12+Q12 -> 0 | Y12: =SUM(R12:X12) -> 0
C13: Year 5 | D13: Sr Software Engineer | P13: =$L13*$O13 -> 0 | Q13: =IF(E13="NE",(M13*O13*1.5),(M13*O13)) -> 0 | R13: =P13+Q13 -> 0 | Y13: =SUM(R13:X13) -> 0
C14: Year 5 | D14: Environmental Compliance Manager | P14: =$L14*$O14 -> 0 | Q14: =IF(E14="NE",(M14*O14*1.5),(M14*O14)) -> 0 | R14: =P14+Q14 -> 0 | Y14: =SUM(R14:X14) -> 0
... C38: Year 5 | D38: Electronics Technician II (Fort Bragg) | P38: =$L38*$O38 -> 0 | Q38: =IF(E38="NE",(M38*O38*1.5),(M38*O38)) -> 0 | R38: =P38+Q38 -> 0 | Y38: =SUM(R38:X38) -> 0
P39: =$L39*$O39 -> 0 | Q39: =IF(E39="NE",(M39*O39*1.5),(M39*O39)) -> 0 | R39: =P39+Q39 -> 0 | Y39: =SUM(R39:X39) -> 0
P40: =$L40*$O40 -> 0 | Q40: =IF(E40="NE",(M40*O40*1.5),(M40*O40)) -> 0 | R40: =P40+Q40 -> 0 | Y40: =SUM(R40:X40) -> 0
P41: =$L41*$O41 -> 0 | Q41: =IF(E41="NE",(M41*O41*1.5),(M41*O41)) -> 0 | R41: =P41+Q41 -> 0 | Y41: =SUM(R41:X41) -> 0
P42: =$L42*$O42 -> 0 | Q42: =IF(E42="NE",(M42*O42*1.5),(M42*O42)) -> 0 | R42: =P42+Q42 -> 0 | Y42: =SUM(R42:X42) -> 0
P43: =$L43*$O43 -> 0 | Q43: =IF(E43="NE",(M43*O43*1.5),(M43*O43)) -> 0 | R43: =P43+Q43 -> 0 | Y43: =SUM(R43:X43) -> 0
P44: =$L44*$O44 -> 0 | Q44: =IF(E44="NE",(M44*O44*1.5),(M44*O44)) -> 0 | R44: =P44+Q44 -> 0 | Y44: =SUM(R44:X44) -> 0
P45: =$L45*$O45 -> 0 | Q45: =IF(E45="NE",(M45*O45*1.5),(M45*O45)) -> 0 | R45: =P45+Q45 -> 0 | Y45: =SUM(R45:X45) -> 0
P46: =$L46*$O46 -> 0 | Q46: =IF(E46="NE",(M46*O46*1.5),(M46*O46)) -> 0 | R46: =P46+Q46 -> 0 | Y46: =SUM(R46:X46) -> 0
P47: =$L47*$O47 -> 0 | Q47: =IF(E47="NE",(M47*O47*1.5),(M47*O47)) -> 0 | R47: =P47+Q47 -> 0 | Y47: =SUM(R47:X47) -> 0
P48: =$L48*$O48 -> 0 | Q48: =IF(E48="NE",(M48*O48*1.5),(M48*O48)) -> 0 | R48: =P48+Q48 -> 0 | Y48: =SUM(R48:X48) -> 0
P49: =$L49*$O49 -> 0 | Q49: =IF(E49="NE",(M49*O49*1.5),(M49*O49)) -> 0 | R49: =P49+Q49 -> 0 | Y49: =SUM(R49:X49) -> 0
P50: =$L50*$O50 -> 0 | Q50: =IF(E50="NE",(M50*O50*1.5),(M50*O50)) -> 0 | R50: =P50+Q50 -> 0 | Y50: =SUM(R50:X50) -> 0
... P302: =$L302*$O302 -> 0 | Q302: =IF(E302="NE",(M302*O302*1.5),(M302*O302)) -> 0 | R302: =P302+Q302 -> 0 | Y302: =SUM(R302:X302) -> 0
K305: Year 5 Totals | L305: =SUM(L3:L302) -> 0 | M305: =SUM(M3:M302) -> 0 | N305: =SUM(N3:N302) -> 0 | P305: =SUM(P3:P302) -> 0 | Q305: =SUM(Q3:Q302) -> 0 | R305: =SUM(R3:R302) -> 0 | S305: =SUM(S3:S302) -> 0 | T305: =SUM(T3:T302) -> 0 | U305: =SUM(U3:U302) -> 0 | V305: =SUM(V3:V302) -> 0 | W305: =SUM(W3:W302) -> 0 | ... Y305: =SUM(Y3:Y302) -> 0
