Workbook

Sheet 42-2A Single Pricing - Proposal
A1: Product Information | Q1: MFC Information | T1: Tracking Customer Information | W1: FSS Information | Z1: FCP Information
A2: SIN# | B2: NDC 1 | C2: NDC2 (4 digits only - Add leading 0, if necessary) | D2: NDC3 | E2: Type "YES" if item is handled by Specialty Distrib. | F2: Generic Name / Strength | G2: Trade Name / Strength | H2: Package Size | I2: Unit of Sale | J2: Quantity in Unit of Sale | K2: Unit Pkg | L2: Quantity in Unit Package | M2: Unit of Measure | N2: FDA Application Number | O2: Country of Origin (See Country Codes Tab) | P2: Commercial List Price ($) | Q2: MFC Price ($) | R2: MFC % Off Comm. List Price | S2: MFC Name | T2: Proposed Tracking Customer (TC) Name | U2: Proposed TC Price ($) | V2: TC % Off Comm. List Price | W2: Proposed FSS Price ($) without IFF | X2: Proposed FSS % Off Comm. List Price w/out IFF | Y2: Proposed FSS Price ($) with IFF | Z2: FCP Price ($) | AA2: Is Proposed Gov't Price w/out IFF Less than or Equal to FCP?
R3: =IF(ISBLANK(P3)," ",((ROUND(Q3,2)-(ROUND(P3,2)))/(ROUND(P3,2)))) | V3: =IF(ISBLANK(P3)," ",((ROUND(U3,2)-(ROUND(P3,2)))/(ROUND(P3,2)))) | X3: =IF(ISBLANK(P3)," ",((ROUND(W3,2)-(ROUND(P3,2)))/(ROUND(P3,2)))) | Y3: =IF(ISBLANK(W3)," ",(ROUND(W3,2)/0.995)) | AA3: =IF(ISBLANK(Z3)," ",IF((ROUND(W3,2))<=(ROUND(Z3,2)),"YES","NO"))
R4: =IF(ISBLANK(P4)," ",((ROUND(Q4,2)-(ROUND(P4,2)))/(ROUND(P4,2)))) | V4: =IF(ISBLANK(P4)," ",((ROUND(U4,2)-(ROUND(P4,2)))/(ROUND(P4,2)))) | X4: =IF(ISBLANK(P4)," ",((ROUND(W4,2)-(ROUND(P4,2)))/(ROUND(P4,2)))) | Y4: =IF(ISBLANK(W4)," ",(ROUND(W4,2)/0.995)) | AA4: =IF(ISBLANK(Z4)," ",IF((ROUND(W4,2))<=(ROUND(Z4,2)),"YES","NO"))
R5: =IF(ISBLANK(P5)," ",((ROUND(Q5,2)-(ROUND(P5,2)))/(ROUND(P5,2)))) | V5: =IF(ISBLANK(P5)," ",((ROUND(U5,2)-(ROUND(P5,2)))/(ROUND(P5,2)))) | X5: =IF(ISBLANK(P5)," ",((ROUND(W5,2)-(ROUND(P5,2)))/(ROUND(P5,2)))) | Y5: =IF(ISBLANK(W5)," ",(ROUND(W5,2)/0.995)) | AA5: =IF(ISBLANK(Z5)," ",IF((ROUND(W5,2))<=(ROUND(Z5,2)),"YES","NO"))
R6: =IF(ISBLANK(P6)," ",((ROUND(Q6,2)-(ROUND(P6,2)))/(ROUND(P6,2)))) | V6: =IF(ISBLANK(P6)," ",((ROUND(U6,2)-(ROUND(P6,2)))/(ROUND(P6,2)))) | X6: =IF(ISBLANK(P6)," ",((ROUND(W6,2)-(ROUND(P6,2)))/(ROUND(P6,2)))) | Y6: =IF(ISBLANK(W6)," ",(ROUND(W6,2)/0.995)) | AA6: =IF(ISBLANK(Z6)," ",IF((ROUND(W6,2))<=(ROUND(Z6,2)),"YES","NO"))
R7: =IF(ISBLANK(P7)," ",((ROUND(Q7,2)-(ROUND(P7,2)))/(ROUND(P7,2)))) | V7: =IF(ISBLANK(P7)," ",((ROUND(U7,2)-(ROUND(P7,2)))/(ROUND(P7,2)))) | X7: =IF(ISBLANK(P7)," ",((ROUND(W7,2)-(ROUND(P7,2)))/(ROUND(P7,2)))) | Y7: =IF(ISBLANK(W7)," ",(ROUND(W7,2)/0.995)) | AA7: =IF(ISBLANK(Z7)," ",IF((ROUND(W7,2))<=(ROUND(Z7,2)),"YES","NO")) | AO7: 42-2a | AP7: AM | AQ7: EA
R8: =IF(ISBLANK(P8)," ",((ROUND(Q8,2)-(ROUND(P8,2)))/(ROUND(P8,2)))) | V8: =IF(ISBLANK(P8)," ",((ROUND(U8,2)-(ROUND(P8,2)))/(ROUND(P8,2)))) | X8: =IF(ISBLANK(P8)," ",((ROUND(W8,2)-(ROUND(P8,2)))/(ROUND(P8,2)))) | Y8: =IF(ISBLANK(W8)," ",(ROUND(W8,2)/0.995)) | AA8: =IF(ISBLANK(Z8)," ",IF((ROUND(W8,2))<=(ROUND(Z8,2)),"YES","NO")) | AP8: BG | AQ8: F2
R9: =IF(ISBLANK(P9)," ",((ROUND(Q9,2)-(ROUND(P9,2)))/(ROUND(P9,2)))) | V9: =IF(ISBLANK(P9)," ",((ROUND(U9,2)-(ROUND(P9,2)))/(ROUND(P9,2)))) | X9: =IF(ISBLANK(P9)," ",((ROUND(W9,2)-(ROUND(P9,2)))/(ROUND(P9,2)))) | Y9: =IF(ISBLANK(W9)," ",(ROUND(W9,2)/0.995)) | AA9: =IF(ISBLANK(Z9)," ",IF((ROUND(W9,2))<=(ROUND(Z9,2)),"YES","NO")) | AP9: BO | AQ9: GM
R10: =IF(ISBLANK(P10)," ",((ROUND(Q10,2)-(ROUND(P10,2)))/(ROUND(P10,2)))) | V10: =IF(ISBLANK(P10)," ",((ROUND(U10,2)-(ROUND(P10,2)))/(ROUND(P10,2)))) | X10: =IF(ISBLANK(P10)," ",((ROUND(W10,2)-(ROUND(P10,2)))/(ROUND(P10,2)))) | Y10: =IF(ISBLANK(W10)," ",(ROUND(W10,2)/0.995)) | AA10: =IF(ISBLANK(Z10)," ",IF((ROUND(W10,2))<=(ROUND(Z10,2)),"YES","NO")) | AP10: BX | AQ10: IN
R11: =IF(ISBLANK(P11)," ",((ROUND(Q11,2)-(ROUND(P11,2)))/(ROUND(P11,2)))) | V11: =IF(ISBLANK(P11)," ",((ROUND(U11,2)-(ROUND(P11,2)))/(ROUND(P11,2)))) | X11: =IF(ISBLANK(P11)," ",((ROUND(W11,2)-(ROUND(P11,2)))/(ROUND(P11,2)))) | Y11: =IF(ISBLANK(W11)," ",(ROUND(W11,2)/0.995)) | AA11: =IF(ISBLANK(Z11)," ",IF((ROUND(W11,2))<=(ROUND(Z11,2)),"YES","NO")) | AP11: CA | AQ11: LT
R12: =IF(ISBLANK(P12)," ",((ROUND(Q12,2)-(ROUND(P12,2)))/(ROUND(P12,2)))) | V12: =IF(ISBLANK(P12)," ",((ROUND(U12,2)-(ROUND(P12,2)))/(ROUND(P12,2)))) | X12: =IF(ISBLANK(P12)," ",((ROUND(W12,2)-(ROUND(P12,2)))/(ROUND(P12,2)))) | Y12: =IF(ISBLANK(W12)," ",(ROUND(W12,2)/0.995)) | AA12: =IF(ISBLANK(Z12)," ",IF((ROUND(W12,2))<=(ROUND(Z12,2)),"YES","NO")) | AP12: CH | AQ12: ML
R13: =IF(ISBLANK(P13)," ",((ROUND(Q13,2)-(ROUND(P13,2)))/(ROUND(P13,2)))) | V13: =IF(ISBLANK(P13)," ",((ROUND(U13,2)-(ROUND(P13,2)))/(ROUND(P13,2)))) | X13: =IF(ISBLANK(P13)," ",((ROUND(W13,2)-(ROUND(P13,2)))/(ROUND(P13,2)))) | Y13: =IF(ISBLANK(W13)," ",(ROUND(W13,2)/0.995)) | AA13: =IF(ISBLANK(Z13)," ",IF((ROUND(W13,2))<=(ROUND(Z13,2)),"YES","NO")) | AP13: CL
R14: =IF(ISBLANK(P14)," ",((ROUND(Q14,2)-(ROUND(P14,2)))/(ROUND(P14,2)))) | V14: =IF(ISBLANK(P14)," ",((ROUND(U14,2)-(ROUND(P14,2)))/(ROUND(P14,2)))) | X14: =IF(ISBLANK(P14)," ",((ROUND(W14,2)-(ROUND(P14,2)))/(ROUND(P14,2)))) | Y14: =IF(ISBLANK(W14)," ",(ROUND(W14,2)/0.995)) | AA14: =IF(ISBLANK(Z14)," ",IF((ROUND(W14,2))<=(ROUND(Z14,2)),"YES","NO")) | AP14: CN
R15: =IF(ISBLANK(P15)," ",((ROUND(Q15,2)-(ROUND(P15,2)))/(ROUND(P15,2)))) | V15: =IF(ISBLANK(P15)," ",((ROUND(U15,2)-(ROUND(P15,2)))/(ROUND(P15,2)))) | X15: =IF(ISBLANK(P15)," ",((ROUND(W15,2)-(ROUND(P15,2)))/(ROUND(P15,2)))) | Y15: =IF(ISBLANK(W15)," ",(ROUND(W15,2)/0.995)) | AA15: =IF(ISBLANK(Z15)," ",IF((ROUND(W15,2))<=(ROUND(Z15,2)),"YES","NO")) | AP15: CQ
R16: =IF(ISBLANK(P16)," ",((ROUND(Q16,2)-(ROUND(P16,2)))/(ROUND(P16,2)))) | V16: =IF(ISBLANK(P16)," ",((ROUND(U16,2)-(ROUND(P16,2)))/(ROUND(P16,2)))) | X16: =IF(ISBLANK(P16)," ",((ROUND(W16,2)-(ROUND(P16,2)))/(ROUND(P16,2)))) | Y16: =IF(ISBLANK(W16)," ",(ROUND(W16,2)/0.995)) | AA16: =IF(ISBLANK(Z16)," ",IF((ROUND(W16,2))<=(ROUND(Z16,2)),"YES","NO")) | AP16: CT
R17: =IF(ISBLANK(P17)," ",((ROUND(Q17,2)-(ROUND(P17,2)))/(ROUND(P17,2)))) | V17: =IF(ISBLANK(P17)," ",((ROUND(U17,2)-(ROUND(P17,2)))/(ROUND(P17,2)))) | X17: =IF(ISBLANK(P17)," ",((ROUND(W17,2)-(ROUND(P17,2)))/(ROUND(P17,2)))) | Y17: =IF(ISBLANK(W17)," ",(ROUND(W17,2)/0.995)) | AA17: =IF(ISBLANK(Z17)," ",IF((ROUND(W17,2))<=(ROUND(Z17,2)),"YES","NO")) | AP17: DR
R18: =IF(ISBLANK(P18)," ",((ROUND(Q18,2)-(ROUND(P18,2)))/(ROUND(P18,2)))) | V18: =IF(ISBLANK(P18)," ",((ROUND(U18,2)-(ROUND(P18,2)))/(ROUND(P18,2)))) | X18: =IF(ISBLANK(P18)," ",((ROUND(W18,2)-(ROUND(P18,2)))/(ROUND(P18,2)))) | Y18: =IF(ISBLANK(W18)," ",(ROUND(W18,2)/0.995)) | AA18: =IF(ISBLANK(Z18)," ",IF((ROUND(W18,2))<=(ROUND(Z18,2)),"YES","NO")) | AP18: EA
R19: =IF(ISBLANK(P19)," ",((ROUND(Q19,2)-(ROUND(P19,2)))/(ROUND(P19,2)))) | V19: =IF(ISBLANK(P19)," ",((ROUND(U19,2)-(ROUND(P19,2)))/(ROUND(P19,2)))) | X19: =IF(ISBLANK(P19)," ",((ROUND(W19,2)-(ROUND(P19,2)))/(ROUND(P19,2)))) | Y19: =IF(ISBLANK(W19)," ",(ROUND(W19,2)/0.995)) | AA19: =IF(ISBLANK(Z19)," ",IF((ROUND(W19,2))<=(ROUND(Z19,2)),"YES","NO")) | AP19: KT
R20: =IF(ISBLANK(P20)," ",((ROUND(Q20,2)-(ROUND(P20,2)))/(ROUND(P20,2)))) | V20: =IF(ISBLANK(P20)," ",((ROUND(U20,2)-(ROUND(P20,2)))/(ROUND(P20,2)))) | X20: =IF(ISBLANK(P20)," ",((ROUND(W20,2)-(ROUND(P20,2)))/(ROUND(P20,2)))) | Y20: =IF(ISBLANK(W20)," ",(ROUND(W20,2)/0.995)) | AA20: =IF(ISBLANK(Z20)," ",IF((ROUND(W20,2))<=(ROUND(Z20,2)),"YES","NO")) | AP20: PC
R21: =IF(ISBLANK(P21)," ",((ROUND(Q21,2)-(ROUND(P21,2)))/(ROUND(P21,2)))) | V21: =IF(ISBLANK(P21)," ",((ROUND(U21,2)-(ROUND(P21,2)))/(ROUND(P21,2)))) | X21: =IF(ISBLANK(P21)," ",((ROUND(W21,2)-(ROUND(P21,2)))/(ROUND(P21,2)))) | Y21: =IF(ISBLANK(W21)," ",(ROUND(W21,2)/0.995)) | AA21: =IF(ISBLANK(Z21)," ",IF((ROUND(W21,2))<=(ROUND(Z21,2)),"YES","NO")) | AP21: PK
R22: =IF(ISBLANK(P22)," ",((ROUND(Q22,2)-(ROUND(P22,2)))/(ROUND(P22,2)))) | V22: =IF(ISBLANK(P22)," ",((ROUND(U22,2)-(ROUND(P22,2)))/(ROUND(P22,2)))) | X22: =IF(ISBLANK(P22)," ",((ROUND(W22,2)-(ROUND(P22,2)))/(ROUND(P22,2)))) | Y22: =IF(ISBLANK(W22)," ",(ROUND(W22,2)/0.995)) | AA22: =IF(ISBLANK(Z22)," ",IF((ROUND(W22,2))<=(ROUND(Z22,2)),"YES","NO")) | AP22: RL
R23: =IF(ISBLANK(P23)," ",((ROUND(Q23,2)-(ROUND(P23,2)))/(ROUND(P23,2)))) | V23: =IF(ISBLANK(P23)," ",((ROUND(U23,2)-(ROUND(P23,2)))/(ROUND(P23,2)))) | X23: =IF(ISBLANK(P23)," ",((ROUND(W23,2)-(ROUND(P23,2)))/(ROUND(P23,2)))) | Y23: =IF(ISBLANK(W23)," ",(ROUND(W23,2)/0.995)) | AA23: =IF(ISBLANK(Z23)," ",IF((ROUND(W23,2))<=(ROUND(Z23,2)),"YES","NO")) | AP23: TB
R24: =IF(ISBLANK(P24)," ",((ROUND(Q24,2)-(ROUND(P24,2)))/(ROUND(P24,2)))) | V24: =IF(ISBLANK(P24)," ",((ROUND(U24,2)-(ROUND(P24,2)))/(ROUND(P24,2)))) | X24: =IF(ISBLANK(P24)," ",((ROUND(W24,2)-(ROUND(P24,2)))/(ROUND(P24,2)))) | Y24: =IF(ISBLANK(W24)," ",(ROUND(W24,2)/0.995)) | AA24: =IF(ISBLANK(Z24)," ",IF((ROUND(W24,2))<=(ROUND(Z24,2)),"YES","NO")) | AP24: VI
R25: =IF(ISBLANK(P25)," ",((ROUND(Q25,2)-(ROUND(P25,2)))/(ROUND(P25,2)))) | V25: =IF(ISBLANK(P25)," ",((ROUND(U25,2)-(ROUND(P25,2)))/(ROUND(P25,2)))) | X25: =IF(ISBLANK(P25)," ",((ROUND(W25,2)-(ROUND(P25,2)))/(ROUND(P25,2)))) | Y25: =IF(ISBLANK(W25)," ",(ROUND(W25,2)/0.995)) | AA25: =IF(ISBLANK(Z25)," ",IF((ROUND(W25,2))<=(ROUND(Z25,2)),"YES","NO"))
R26: =IF(ISBLANK(P26)," ",((ROUND(Q26,2)-(ROUND(P26,2)))/(ROUND(P26,2)))) | V26: =IF(ISBLANK(P26)," ",((ROUND(U26,2)-(ROUND(P26,2)))/(ROUND(P26,2)))) | X26: =IF(ISBLANK(P26)," ",((ROUND(W26,2)-(ROUND(P26,2)))/(ROUND(P26,2)))) | Y26: =IF(ISBLANK(W26)," ",(ROUND(W26,2)/0.995)) | AA26: =IF(ISBLANK(Z26)," ",IF((ROUND(W26,2))<=(ROUND(Z26,2)),"YES","NO"))
R27: =IF(ISBLANK(P27)," ",((ROUND(Q27,2)-(ROUND(P27,2)))/(ROUND(P27,2)))) | V27: =IF(ISBLANK(P27)," ",((ROUND(U27,2)-(ROUND(P27,2)))/(ROUND(P27,2)))) | X27: =IF(ISBLANK(P27)," ",((ROUND(W27,2)-(ROUND(P27,2)))/(ROUND(P27,2)))) | Y27: =IF(ISBLANK(W27)," ",(ROUND(W27,2)/0.995)) | AA27: =IF(ISBLANK(Z27)," ",IF((ROUND(W27,2))<=(ROUND(Z27,2)),"YES","NO"))
R28: =IF(ISBLANK(P28)," ",((ROUND(Q28,2)-(ROUND(P28,2)))/(ROUND(P28,2)))) | V28: =IF(ISBLANK(P28)," ",((ROUND(U28,2)-(ROUND(P28,2)))/(ROUND(P28,2)))) | X28: =IF(ISBLANK(P28)," ",((ROUND(W28,2)-(ROUND(P28,2)))/(ROUND(P28,2)))) | Y28: =IF(ISBLANK(W28)," ",(ROUND(W28,2)/0.995)) | AA28: =IF(ISBLANK(Z28)," ",IF((ROUND(W28,2))<=(ROUND(Z28,2)),"YES","NO"))
R29: =IF(ISBLANK(P29)," ",((ROUND(Q29,2)-(ROUND(P29,2)))/(ROUND(P29,2)))) | V29: =IF(ISBLANK(P29)," ",((ROUND(U29,2)-(ROUND(P29,2)))/(ROUND(P29,2)))) | X29: =IF(ISBLANK(P29)," ",((ROUND(W29,2)-(ROUND(P29,2)))/(ROUND(P29,2)))) | Y29: =IF(ISBLANK(W29)," ",(ROUND(W29,2)/0.995)) | AA29: =IF(ISBLANK(Z29)," ",IF((ROUND(W29,2))<=(ROUND(Z29,2)),"YES","NO"))
R30: =IF(ISBLANK(P30)," ",((ROUND(Q30,2)-(ROUND(P30,2)))/(ROUND(P30,2)))) | V30: =IF(ISBLANK(P30)," ",((ROUND(U30,2)-(ROUND(P30,2)))/(ROUND(P30,2)))) | X30: =IF(ISBLANK(P30)," ",((ROUND(W30,2)-(ROUND(P30,2)))/(ROUND(P30,2)))) | Y30: =IF(ISBLANK(W30)," ",(ROUND(W30,2)/0.995)) | AA30: =IF(ISBLANK(Z30)," ",IF((ROUND(W30,2))<=(ROUND(Z30,2)),"YES","NO"))
R31: =IF(ISBLANK(P31)," ",((ROUND(Q31,2)-(ROUND(P31,2)))/(ROUND(P31,2)))) | V31: =IF(ISBLANK(P31)," ",((ROUND(U31,2)-(ROUND(P31,2)))/(ROUND(P31,2)))) | X31: =IF(ISBLANK(P31)," ",((ROUND(W31,2)-(ROUND(P31,2)))/(ROUND(P31,2)))) | Y31: =IF(ISBLANK(W31)," ",(ROUND(W31,2)/0.995)) | AA31: =IF(ISBLANK(Z31)," ",IF((ROUND(W31,2))<=(ROUND(Z31,2)),"YES","NO"))
R32: =IF(ISBLANK(P32)," ",((ROUND(Q32,2)-(ROUND(P32,2)))/(ROUND(P32,2)))) | V32: =IF(ISBLANK(P32)," ",((ROUND(U32,2)-(ROUND(P32,2)))/(ROUND(P32,2)))) | X32: =IF(ISBLANK(P32)," ",((ROUND(W32,2)-(ROUND(P32,2)))/(ROUND(P32,2)))) | Y32: =IF(ISBLANK(W32)," ",(ROUND(W32,2)/0.995)) | AA32: =IF(ISBLANK(Z32)," ",IF((ROUND(W32,2))<=(ROUND(Z32,2)),"YES","NO"))
R33: =IF(ISBLANK(P33)," ",((ROUND(Q33,2)-(ROUND(P33,2)))/(ROUND(P33,2)))) | V33: =IF(ISBLANK(P33)," ",((ROUND(U33,2)-(ROUND(P33,2)))/(ROUND(P33,2)))) | X33: =IF(ISBLANK(P33)," ",((ROUND(W33,2)-(ROUND(P33,2)))/(ROUND(P33,2)))) | Y33: =IF(ISBLANK(W33)," ",(ROUND(W33,2)/0.995)) | AA33: =IF(ISBLANK(Z33)," ",IF((ROUND(W33,2))<=(ROUND(Z33,2)),"YES","NO"))
R34: =IF(ISBLANK(P34)," ",((ROUND(Q34,2)-(ROUND(P34,2)))/(ROUND(P34,2)))) | V34: =IF(ISBLANK(P34)," ",((ROUND(U34,2)-(ROUND(P34,2)))/(ROUND(P34,2)))) | X34: =IF(ISBLANK(P34)," ",((ROUND(W34,2)-(ROUND(P34,2)))/(ROUND(P34,2)))) | Y34: =IF(ISBLANK(W34)," ",(ROUND(W34,2)/0.995)) | AA34: =IF(ISBLANK(Z34)," ",IF((ROUND(W34,2))<=(ROUND(Z34,2)),"YES","NO"))
R35: =IF(ISBLANK(P35)," ",((ROUND(Q35,2)-(ROUND(P35,2)))/(ROUND(P35,2)))) | V35: =IF(ISBLANK(P35)," ",((ROUND(U35,2)-(ROUND(P35,2)))/(ROUND(P35,2)))) | X35: =IF(ISBLANK(P35)," ",((ROUND(W35,2)-(ROUND(P35,2)))/(ROUND(P35,2)))) | Y35: =IF(ISBLANK(W35)," ",(ROUND(W35,2)/0.995)) | AA35: =IF(ISBLANK(Z35)," ",IF((ROUND(W35,2))<=(ROUND(Z35,2)),"YES","NO"))
R36: =IF(ISBLANK(P36)," ",((ROUND(Q36,2)-(ROUND(P36,2)))/(ROUND(P36,2)))) | V36: =IF(ISBLANK(P36)," ",((ROUND(U36,2)-(ROUND(P36,2)))/(ROUND(P36,2)))) | X36: =IF(ISBLANK(P36)," ",((ROUND(W36,2)-(ROUND(P36,2)))/(ROUND(P36,2)))) | Y36: =IF(ISBLANK(W36)," ",(ROUND(W36,2)/0.995)) | AA36: =IF(ISBLANK(Z36)," ",IF((ROUND(W36,2))<=(ROUND(Z36,2)),"YES","NO"))
... R1002: =IF(ISBLANK(P1002)," ",((ROUND(Q1002,2)-(ROUND(P1002,2)))/(ROUND(P1002,2)))) | V1002: =IF(ISBLANK(P1002)," ",((ROUND(U1002,2)-(ROUND(P1002,2)))/(ROUND(P1002,2)))) | X1002: =IF(ISBLANK(P1002)," ",((ROUND(W1002,2)-(ROUND(P1002,2)))/(ROUND(P1002,2)))) | Y1002: =IF(ISBLANK(W1002)," ",(ROUND(W1002,2)/0.995)) | AA1002: =IF(ISBLANK(Z1002)," ",IF((ROUND(W1002,2))<=(ROUND(Z1002,2)),"YES","NO"))

Sheet Definitions & Examples
A2: Column G - Package Size: Quantity in Unit of Sale x Quantity in Unit of Package
A4: Columns H & J - Unit of Sale & Unit Package | D4: Column L - Unit of Measure
A5: AM | B5: Ampule | D5: EA | E5: Each
A6: BG | B6: Bag | D6: F2 | E6: Square Feet
A7: BO | B7: Bottle | D7: GM | E7: Gram
A8: BX | B8: Box | D8: IN | E8: Inch
A9: CA | B9: Case | D9: LT | E9: Liter
A10: CH | B10: Container | D10: ML | E10: Milliliter
A11: CL | B11: Cylinder
A12: CN | B12: Can
A13: CQ | B13: Cartridge
A14: CT | B14: Carton
A15: DR | B15: Drum
A16: EA | B16: Each
A17: KT | B17: Kit
A18: PC | B18: Piece
A19: PK | B19: Package
A20: RL | B20: Roll
A21: TB | B21: Tube
A22: VI | B22: Vial
A24: EXAMPLES:
A25: Note: There is no column for strength. It is to be included with the generic and trade names.
A27: Generic Name / Strength | B27: Trade Name / Strength | C27: Package Size | D27: Unit of Sale | E27: Unit of Pkg | F27: Unit of Measure
A29: XXXXXX / 30mg | B29: XXXXXX / 30mg | C29: 1 x 100 | D29: BO | E29: BO | F29: EA
A30: FSS Price is for one bottle containing 100 tablets of 30 mg each.
A33: XXXXXX / 25mg | B33: XXXXXX / 25mg | C33: 10 x 100 | D33: CA | E33: BO | F33: EA
A34: FSS Price is for one case containing 10 boxes of bottles which contain 100 capsules of 25 mg each.
A37: XXXXXX / 0.3% | B37: XXXXXX / 0.3% | C37: 1 x 6 | D37: VI | E37: VI | F37: ML
A38: FSS Price is for one vial containing 6 ml of 0.3% solution.
A41: XXXXXX / 0.3% | B41: XXXXXX / 0.3% | C41: 5 x 6 | D41: BX | E41: VI | F41: ML
A42: FSS Price is for one box containing 5 vials, 6 ml each, of 0.3% solution.
A45: XXXXXX / 0.2% | B45: XXXXXX / 0.2% | C45: 1 x 150 | D45: BO | E45: BO | F45: ML
A46: FSS Price is for one bottle containing 150 ml of 2% suspension.
A49: XXXXXX / 0.1% | B49: XXXXXX / 0.1% | C49: 50 x 150 | D49: CA | E49: BO | F49: ML
A50: FSS Price is for one case of 50 bottles containing 150ml each of 1% strength.
A53: XXXXXX / 0.1% | B53: XXXXXX / 0.1% | C53: 1 x 5 | D53: TB | E53: TB | F53: GM
A54: FSS Price is for one, 5 gram tube containing 1% strength.

Sheet Figure 515.4-2 CSP-1
A1: FIGURE 515.4-2
A2: The Government expects you to provide information required by the format in accordance with the solicitation instructions for Figure 515.4-2 that is, to the best of your knowledge and belief, current, accurate, and complete as of 60 calendar days prior to its submission. The data provided in the price proposal tab and Figure 515.4-2 is current, accurate, and complete as of (enter date in cell to the right). | D2: Enter date in this cell based on instructions to the left.
A3: Provide the date range which represents the start and end date of the transactional data used to populate the MFC and TC columns on the Price Proposal tab as well as Figure 515.4-2 below (enter date in cell to the right). | D3: Enter date range (start and end date) in this cell based on instructions to the left.
A4: Indicate if you have limited your disclosures below to the number of models or product lines which exceed 75% of the actual historical Government sales (commercial sales may be substituted if Government sales are unavailable) value of the special item number (SIN) (enter date in cell to the right). | D4: Enter Yes or No in this cell based on instructions to the left.
A5: Column 1 - Customer | B5: Column 2 - Discount | C5: Column 3 - Quantity/Volume | D5: Column 4 - FOB Terms | E5: Column 5 - Additional Discounts or Concessions
A19: Please reference the instructions for this Figure in the CSP-1 section of the solicitation and in the "Contractor Guide to CSP" found on our Training web page under the "Prospective Contractors - Solicitation Assistance" section at:
A20: https://www.va.gov/oal/business/fss/training.asp

Sheet NonManufacturers
A2: SIN# | B2: Mfr Name | C2: Mfr Part # | D2: Dealer/Reseller Part # | E2: Product Description | F2: Mfr List Price | G2: Dealer/Reseller % discount off Mfr. List Price
O3: 42-1
O4: 42-2A
O5: 42-2B
O6: 42-3
O7: 42-5
O8: 622
O9: INP

Sheet Country Codes
A1: Country | B1: Code
A2: Afghanistan | B2: AF
A3: Albania | B3: AL
A4: Alberta | B4: XA
A5: Algeria | B5: DZ
A6: American Samoa | B6: AS
A7: Andorra | B7: AD
A8: Angola | B8: AO
A9: Anguilla | B9: AI
A10: Antigua & Barbuda | B10: AG
A11: APO Customs Mail Entry Only | B11: AP
A12: Argentina | B12: AR
... A264: Zimbabwe | B264: ZW

Sheet Price Analysis
M1: MFC, FCP, and TC Analysis
A2: SIN# | B2: NDC1 | C2: NDC2 | D2: NDC3 | E2: Commercial List Price ($) | F2: MFC Price ($) | G2: MFC % Off Comm. List Price | H2: Proposed TC Price ($) | I2: TC % Off Comm. List Price | J2: Proposed FSS Price ($) without IFF | K2: Proposed FSS % Off Comm. Price w/out IFF | L2: FCP Price | M2: Is Proposed Gov't Price (w/out IFF) Less Than or Equal to MFC? | N2: Is Proposed Gov't Price (w/out IFF) Less Than or Equal to FCP? | O2: Proposed TC Ratio
A3: =IF(ISBLANK('42-2A Single Pricing - Proposal'!A3)," ",'42-2A Single Pricing - Proposal'!A3) | B3: =IF(ISBLANK('42-2A Single Pricing - Proposal'!B3)," ",'42-2A Single Pricing - Proposal'!B3) | C3: =IF(ISBLANK('42-2A Single Pricing - Proposal'!C3)," ",'42-2A Single Pricing - Proposal'!C3) | D3: =IF(ISBLANK('42-2A Single Pricing - Proposal'!D3)," ",'42-2A Single Pricing - Proposal'!D3) | E3: =IF(ISBLANK('42-2A Single Pricing - Proposal'!P3)," ",'42-2A Single Pricing - Proposal'!P3) | F3: =IF(ISBLANK('42-2A Single Pricing - Proposal'!Q3)," ",'42-2A Single Pricing - Proposal'!Q3) | G3: =IF(ISBLANK('42-2A Single Pricing - Proposal'!R3)," ",'42-2A Single Pricing - Proposal'!R3) | H3: =IF(ISBLANK('42-2A Single Pricing - Proposal'!U3)," ",'42-2A Single Pricing - Proposal'!U3) | I3: =IF(ISBLANK('42-2A Single Pricing - Proposal'!V3)," ",'42-2A Single Pricing - Proposal'!V3) | J3: =IF(ISBLANK('42-2A Single Pricing - Proposal'!W3)," ",'42-2A Single Pricing - Proposal'!W3) | K3: =IF(ISBLANK('42-2A Single Pricing - Proposal'!X3)," ",'42-2A Single Pricing - Proposal'!X3) | L3: =IF(ISBLANK('42-2A Single Pricing - Proposal'!Z3)," ",'42-2A Single Pricing - Proposal'!Z3) | M3: =IFERROR(IF((ROUND(J3,2))<=(ROUND(F3,2)),"YES","NO")," ") | N3: =IFERROR(IF((ROUND(J3,2))<=(ROUND(L3,2)),"YES","NO")," ") | O3: =IFERROR(IF(ISBLANK(J3)," ",(ROUND(J3,2))/(ROUND(H3,2)))," ")
A4: =IF(ISBLANK('42-2A Single Pricing - Proposal'!A4)," ",'42-2A Single Pricing - Proposal'!A4) | B4: =IF(ISBLANK('42-2A Single Pricing - Proposal'!B4)," ",'42-2A Single Pricing - Proposal'!B4) | C4: =IF(ISBLANK('42-2A Single Pricing - Proposal'!C4)," ",'42-2A Single Pricing - Proposal'!C4) | D4: =IF(ISBLANK('42-2A Single Pricing - Proposal'!D4)," ",'42-2A Single Pricing - Proposal'!D4) | E4: =IF(ISBLANK('42-2A Single Pricing - Proposal'!P4)," ",'42-2A Single Pricing - Proposal'!P4) | F4: =IF(ISBLANK('42-2A Single Pricing - Proposal'!Q4)," ",'42-2A Single Pricing - Proposal'!Q4) | G4: =IF(ISBLANK('42-2A Single Pricing - Proposal'!R4)," ",'42-2A Single Pricing - Proposal'!R4) | H4: =IF(ISBLANK('42-2A Single Pricing - Proposal'!U4)," ",'42-2A Single Pricing - Proposal'!U4) | I4: =IF(ISBLANK('42-2A Single Pricing - Proposal'!V4)," ",'42-2A Single Pricing - Proposal'!V4) | J4: =IF(ISBLANK('42-2A Single Pricing - Proposal'!W4)," ",'42-2A Single Pricing - Proposal'!W4) | K4: =IF(ISBLANK('42-2A Single Pricing - Proposal'!X4)," ",'42-2A Single Pricing - Proposal'!X4) | L4: =IF(ISBLANK('42-2A Single Pricing - Proposal'!Z4)," ",'42-2A Single Pricing - Proposal'!Z4) | M4: =IFERROR(IF((ROUND(J4,2))<=(ROUND(F4,2)),"YES","NO")," ") | N4: =IFERROR(IF((ROUND(J4,2))<=(ROUND(L4,2)),"YES","NO")," ") | O4: =IFERROR(IF(ISBLANK(J4)," ",(ROUND(J4,2))/(ROUND(H4,2)))," ")
A5: =IF(ISBLANK('42-2A Single Pricing - Proposal'!A5)," ",'42-2A Single Pricing - Proposal'!A5) | B5: =IF(ISBLANK('42-2A Single Pricing - Proposal'!B5)," ",'42-2A Single Pricing - Proposal'!B5) | C5: =IF(ISBLANK('42-2A Single Pricing - Proposal'!C5)," ",'42-2A Single Pricing - Proposal'!C5) | D5: =IF(ISBLANK('42-2A Single Pricing - Proposal'!D5)," ",'42-2A Single Pricing - Proposal'!D5) | E5: =IF(ISBLANK('42-2A Single Pricing - Proposal'!P5)," ",'42-2A Single Pricing - Proposal'!P5) | F5: =IF(ISBLANK('42-2A Single Pricing - Proposal'!Q5)," ",'42-2A Single Pricing - Proposal'!Q5) | G5: =IF(ISBLANK('42-2A Single Pricing - Proposal'!R5)," ",'42-2A Single Pricing - Proposal'!R5) | H5: =IF(ISBLANK('42-2A Single Pricing - Proposal'!U5)," ",'42-2A Single Pricing - Proposal'!U5) | I5: =IF(ISBLANK('42-2A Single Pricing - Proposal'!V5)," ",'42-2A Single Pricing - Proposal'!V5) | J5: =IF(ISBLANK('42-2A Single Pricing - Proposal'!W5)," ",'42-2A Single Pricing - Proposal'!W5) | K5: =IF(ISBLANK('42-2A Single Pricing - Proposal'!X5)," ",'42-2A Single Pricing - Proposal'!X5) | L5: =IF(ISBLANK('42-2A Single Pricing - Proposal'!Z5)," ",'42-2A Single Pricing - Proposal'!Z5) | M5: =IFERROR(IF((ROUND(J5,2))<=(ROUND(F5,2)),"YES","NO")," ") | N5: =IFERROR(IF((ROUND(J5,2))<=(ROUND(L5,2)),"YES","NO")," ") | O5: =IFERROR(IF(ISBLANK(J5)," ",(ROUND(J5,2))/(ROUND(H5,2)))," ")
A6: =IF(ISBLANK('42-2A Single Pricing - Proposal'!A6)," ",'42-2A Single Pricing - Proposal'!A6) | B6: =IF(ISBLANK('42-2A Single Pricing - Proposal'!B6)," ",'42-2A Single Pricing - Proposal'!B6) | C6: =IF(ISBLANK('42-2A Single Pricing - Proposal'!C6)," ",'42-2A Single Pricing - Proposal'!C6) | D6: =IF(ISBLANK('42-2A Single Pricing - Proposal'!D6)," ",'42-2A Single Pricing - Proposal'!D6) | E6: =IF(ISBLANK('42-2A Single Pricing - Proposal'!P6)," ",'42-2A Single Pricing - Proposal'!P6) | F6: =IF(ISBLANK('42-2A Single Pricing - Proposal'!Q6)," ",'42-2A Single Pricing - Proposal'!Q6) | G6: =IF(ISBLANK('42-2A Single Pricing - Proposal'!R6)," ",'42-2A Single Pricing - Proposal'!R6) | H6: =IF(ISBLANK('42-2A Single Pricing - Proposal'!U6)," ",'42-2A Single Pricing - Proposal'!U6) | I6: =IF(ISBLANK('42-2A Single Pricing - Proposal'!V6)," ",'42-2A Single Pricing - Proposal'!V6) | J6: =IF(ISBLANK('42-2A Single Pricing - Proposal'!W6)," ",'42-2A Single Pricing - Proposal'!W6) | K6: =IF(ISBLANK('42-2A Single Pricing - Proposal'!X6)," ",'42-2A Single Pricing - Proposal'!X6) | L6: =IF(ISBLANK('42-2A Single Pricing - Proposal'!Z6)," ",'42-2A Single Pricing - Proposal'!Z6) | M6: =IFERROR(IF((ROUND(J6,2))<=(ROUND(F6,2)),"YES","NO")," ") | N6: =IFERROR(IF((ROUND(J6,2))<=(ROUND(L6,2)),"YES","NO")," ") | O6: =IFERROR(IF(ISBLANK(J6)," ",(ROUND(J6,2))/(ROUND(H6,2)))," ")
A7: =IF(ISBLANK('42-2A Single Pricing - Proposal'!A7)," ",'42-2A Single Pricing - Proposal'!A7) | B7: =IF(ISBLANK('42-2A Single Pricing - Proposal'!B7)," ",'42-2A Single Pricing - Proposal'!B7) | C7: =IF(ISBLANK('42-2A Single Pricing - Proposal'!C7)," ",'42-2A Single Pricing - Proposal'!C7) | D7: =IF(ISBLANK('42-2A Single Pricing - Proposal'!D7)," ",'42-2A Single Pricing - Proposal'!D7) | E7: =IF(ISBLANK('42-2A Single Pricing - Proposal'!P7)," ",'42-2A Single Pricing - Proposal'!P7) | F7: =IF(ISBLANK('42-2A Single Pricing - Proposal'!Q7)," ",'42-2A Single Pricing - Proposal'!Q7) | G7: =IF(ISBLANK('42-2A Single Pricing - Proposal'!R7)," ",'42-2A Single Pricing - Proposal'!R7) | H7: =IF(ISBLANK('42-2A Single Pricing - Proposal'!U7)," ",'42-2A Single Pricing - Proposal'!U7) | I7: =IF(ISBLANK('42-2A Single Pricing - Proposal'!V7)," ",'42-2A Single Pricing - Proposal'!V7) | J7: =IF(ISBLANK('42-2A Single Pricing - Proposal'!W7)," ",'42-2A Single Pricing - Proposal'!W7) | K7: =IF(ISBLANK('42-2A Single Pricing - Proposal'!X7)," ",'42-2A Single Pricing - Proposal'!X7) | L7: =IF(ISBLANK('42-2A Single Pricing - Proposal'!Z7)," ",'42-2A Single Pricing - Proposal'!Z7) | M7: =IFERROR(IF((ROUND(J7,2))<=(ROUND(F7,2)),"YES","NO")," ") | N7: =IFERROR(IF((ROUND(J7,2))<=(ROUND(L7,2)),"YES","NO")," ") | O7: =IFERROR(IF(ISBLANK(J7)," ",(ROUND(J7,2))/(ROUND(H7,2)))," ")
A8: =IF(ISBLANK('42-2A Single Pricing - Proposal'!A8)," ",'42-2A Single Pricing - Proposal'!A8) | B8: =IF(ISBLANK('42-2A Single Pricing - Proposal'!B8)," ",'42-2A Single Pricing - Proposal'!B8) | C8: =IF(ISBLANK('42-2A Single Pricing - Proposal'!C8)," ",'42-2A Single Pricing - Proposal'!C8) | D8: =IF(ISBLANK('42-2A Single Pricing - Proposal'!D8)," ",'42-2A Single Pricing - Proposal'!D8) | E8: =IF(ISBLANK('42-2A Single Pricing - Proposal'!P8)," ",'42-2A Single Pricing - Proposal'!P8) | F8: =IF(ISBLANK('42-2A Single Pricing - Proposal'!Q8)," ",'42-2A Single Pricing - Proposal'!Q8) | G8: =IF(ISBLANK('42-2A Single Pricing - Proposal'!R8)," ",'42-2A Single Pricing - Proposal'!R8) | H8: =IF(ISBLANK('42-2A Single Pricing - Proposal'!U8)," ",'42-2A Single Pricing - Proposal'!U8) | I8: =IF(ISBLANK('42-2A Single Pricing - Proposal'!V8)," ",'42-2A Single Pricing - Proposal'!V8) | J8: =IF(ISBLANK('42-2A Single Pricing - Proposal'!W8)," ",'42-2A Single Pricing - Proposal'!W8) | K8: =IF(ISBLANK('42-2A Single Pricing - Proposal'!X8)," ",'42-2A Single Pricing - Proposal'!X8) | L8: =IF(ISBLANK('42-2A Single Pricing - Proposal'!Z8)," ",'42-2A Single Pricing - Proposal'!Z8) | M8: =IFERROR(IF((ROUND(J8,2))<=(ROUND(F8,2)),"YES","NO")," ") | N8: =IFERROR(IF((ROUND(J8,2))<=(ROUND(L8,2)),"YES","NO")," ") | O8: =IFERROR(IF(ISBLANK(J8)," ",(ROUND(J8,2))/(ROUND(H8,2)))," ")
A9: =IF(ISBLANK('42-2A Single Pricing - Proposal'!A9)," ",'42-2A Single Pricing - Proposal'!A9) | B9: =IF(ISBLANK('42-2A Single Pricing - Proposal'!B9)," ",'42-2A Single Pricing - Proposal'!B9) | C9: =IF(ISBLANK('42-2A Single Pricing - Proposal'!C9)," ",'42-2A Single Pricing - Proposal'!C9) | D9: =IF(ISBLANK('42-2A Single Pricing - Proposal'!D9)," ",'42-2A Single Pricing - Proposal'!D9) | E9: =IF(ISBLANK('42-2A Single Pricing - Proposal'!P9)," ",'42-2A Single Pricing - Proposal'!P9) | F9: =IF(ISBLANK('42-2A Single Pricing - Proposal'!Q9)," ",'42-2A Single Pricing - Proposal'!Q9) | G9: =IF(ISBLANK('42-2A Single Pricing - Proposal'!R9)," ",'42-2A Single Pricing - Proposal'!R9) | H9: =IF(ISBLANK('42-2A Single Pricing - Proposal'!U9)," ",'42-2A Single Pricing - Proposal'!U9) | I9: =IF(ISBLANK('42-2A Single Pricing - Proposal'!V9)," ",'42-2A Single Pricing - Proposal'!V9) | J9: =IF(ISBLANK('42-2A Single Pricing - Proposal'!W9)," ",'42-2A Single Pricing - Proposal'!W9) | K9: =IF(ISBLANK('42-2A Single Pricing - Proposal'!X9)," ",'42-2A Single Pricing - Proposal'!X9) | L9: =IF(ISBLANK('42-2A Single Pricing - Proposal'!Z9)," ",'42-2A Single Pricing - Proposal'!Z9) | M9: =IFERROR(IF((ROUND(J9,2))<=(ROUND(F9,2)),"YES","NO")," ") | N9: =IFERROR(IF((ROUND(J9,2))<=(ROUND(L9,2)),"YES","NO")," ") | O9: =IFERROR(IF(ISBLANK(J9)," ",(ROUND(J9,2))/(ROUND(H9,2)))," ")
A10: =IF(ISBLANK('42-2A Single Pricing - Proposal'!A10)," ",'42-2A Single Pricing - Proposal'!A10) | B10: =IF(ISBLANK('42-2A Single Pricing - Proposal'!B10)," ",'42-2A Single Pricing - Proposal'!B10) | C10: =IF(ISBLANK('42-2A Single Pricing - Proposal'!C10)," ",'42-2A Single Pricing - Proposal'!C10) | D10: =IF(ISBLANK('42-2A Single Pricing - Proposal'!D10)," ",'42-2A Single Pricing - Proposal'!D10) | E10: =IF(ISBLANK('42-2A Single Pricing - Proposal'!P10)," ",'42-2A Single Pricing - Proposal'!P10) | F10: =IF(ISBLANK('42-2A Single Pricing - Proposal'!Q10)," ",'42-2A Single Pricing - Proposal'!Q10) | G10: =IF(ISBLANK('42-2A Single Pricing - Proposal'!R10)," ",'42-2A Single Pricing - Proposal'!R10) | H10: =IF(ISBLANK('42-2A Single Pricing - Proposal'!U10)," ",'42-2A Single Pricing - Proposal'!U10) | I10: =IF(ISBLANK('42-2A Single Pricing - Proposal'!V10)," ",'42-2A Single Pricing - Proposal'!V10) | J10: =IF(ISBLANK('42-2A Single Pricing - Proposal'!W10)," ",'42-2A Single Pricing - Proposal'!W10) | K10: =IF(ISBLANK('42-2A Single Pricing - Proposal'!X10)," ",'42-2A Single Pricing - Proposal'!X10) | L10: =IF(ISBLANK('42-2A Single Pricing - Proposal'!Z10)," ",'42-2A Single Pricing - Proposal'!Z10) | M10: =IFERROR(IF((ROUND(J10,2))<=(ROUND(F10,2)),"YES","NO")," ") | N10: =IFERROR(IF((ROUND(J10,2))<=(ROUND(L10,2)),"YES","NO")," ") | O10: =IFERROR(IF(ISBLANK(J10)," ",(ROUND(J10,2))/(ROUND(H10,2)))," ")
A11: =IF(ISBLANK('42-2A Single Pricing - Proposal'!A11)," ",'42-2A Single Pricing - Proposal'!A11) | B11: =IF(ISBLANK('42-2A Single Pricing - Proposal'!B11)," ",'42-2A Single Pricing - Proposal'!B11) | C11: =IF(ISBLANK('42-2A Single Pricing - Proposal'!C11)," ",'42-2A Single Pricing - Proposal'!C11) | D11: =IF(ISBLANK('42-2A Single Pricing - Proposal'!D11)," ",'42-2A Single Pricing - Proposal'!D11) | E11: =IF(ISBLANK('42-2A Single Pricing - Proposal'!P11)," ",'42-2A Single Pricing - Proposal'!P11) | F11: =IF(ISBLANK('42-2A Single Pricing - Proposal'!Q11)," ",'42-2A Single Pricing - Proposal'!Q11) | G11: =IF(ISBLANK('42-2A Single Pricing - Proposal'!R11)," ",'42-2A Single Pricing - Proposal'!R11) | H11: =IF(ISBLANK('42-2A Single Pricing - Proposal'!U11)," ",'42-2A Single Pricing - Proposal'!U11) | I11: =IF(ISBLANK('42-2A Single Pricing - Proposal'!V11)," ",'42-2A Single Pricing - Proposal'!V11) | J11: =IF(ISBLANK('42-2A Single Pricing - Proposal'!W11)," ",'42-2A Single Pricing - Proposal'!W11) | K11: =IF(ISBLANK('42-2A Single Pricing - Proposal'!X11)," ",'42-2A Single Pricing - Proposal'!X11) | L11: =IF(ISBLANK('42-2A Single Pricing - Proposal'!Z11)," ",'42-2A Single Pricing - Proposal'!Z11) | M11: =IFERROR(IF((ROUND(J11,2))<=(ROUND(F11,2)),"YES","NO")," ") | N11: =IFERROR(IF((ROUND(J11,2))<=(ROUND(L11,2)),"YES","NO")," ") | O11: =IFERROR(IF(ISBLANK(J11)," ",(ROUND(J11,2))/(ROUND(H11,2)))," ")
A12: =IF(ISBLANK('42-2A Single Pricing - Proposal'!A12)," ",'42-2A Single Pricing - Proposal'!A12) | B12: =IF(ISBLANK('42-2A Single Pricing - Proposal'!B12)," ",'42-2A Single Pricing - Proposal'!B12) | C12: =IF(ISBLANK('42-2A Single Pricing - Proposal'!C12)," ",'42-2A Single Pricing - Proposal'!C12) | D12: =IF(ISBLANK('42-2A Single Pricing - Proposal'!D12)," ",'42-2A Single Pricing - Proposal'!D12) | E12: =IF(ISBLANK('42-2A Single Pricing - Proposal'!P12)," ",'42-2A Single Pricing - Proposal'!P12) | F12: =IF(ISBLANK('42-2A Single Pricing - Proposal'!Q12)," ",'42-2A Single Pricing - Proposal'!Q12) | G12: =IF(ISBLANK('42-2A Single Pricing - Proposal'!R12)," ",'42-2A Single Pricing - Proposal'!R12) | H12: =IF(ISBLANK('42-2A Single Pricing - Proposal'!U12)," ",'42-2A Single Pricing - Proposal'!U12) | I12: =IF(ISBLANK('42-2A Single Pricing - Proposal'!V12)," ",'42-2A Single Pricing - Proposal'!V12) | J12: =IF(ISBLANK('42-2A Single Pricing - Proposal'!W12)," ",'42-2A Single Pricing - Proposal'!W12) | K12: =IF(ISBLANK('42-2A Single Pricing - Proposal'!X12)," ",'42-2A Single Pricing - Proposal'!X12) | L12: =IF(ISBLANK('42-2A Single Pricing - Proposal'!Z12)," ",'42-2A Single Pricing - Proposal'!Z12) | M12: =IFERROR(IF((ROUND(J12,2))<=(ROUND(F12,2)),"YES","NO")," ") | N12: =IFERROR(IF((ROUND(J12,2))<=(ROUND(L12,2)),"YES","NO")," ") | O12: =IFERROR(IF(ISBLANK(J12)," ",(ROUND(J12,2))/(ROUND(H12,2)))," ")
A13: =IF(ISBLANK('42-2A Single Pricing - Proposal'!A13)," ",'42-2A Single Pricing - Proposal'!A13) | B13: =IF(ISBLANK('42-2A Single Pricing - Proposal'!B13)," ",'42-2A Single Pricing - Proposal'!B13) | C13: =IF(ISBLANK('42-2A Single Pricing - Proposal'!C13)," ",'42-2A Single Pricing - Proposal'!C13) | D13: =IF(ISBLANK('42-2A Single Pricing - Proposal'!D13)," ",'42-2A Single Pricing - Proposal'!D13) | E13: =IF(ISBLANK('42-2A Single Pricing - Proposal'!P13)," ",'42-2A Single Pricing - Proposal'!P13) | F13: =IF(ISBLANK('42-2A Single Pricing - Proposal'!Q13)," ",'42-2A Single Pricing - Proposal'!Q13) | G13: =IF(ISBLANK('42-2A Single Pricing - Proposal'!R13)," ",'42-2A Single Pricing - Proposal'!R13) | H13: =IF(ISBLANK('42-2A Single Pricing - Proposal'!U13)," ",'42-2A Single Pricing - Proposal'!U13) | I13: =IF(ISBLANK('42-2A Single Pricing - Proposal'!V13)," ",'42-2A Single Pricing - Proposal'!V13) | J13: =IF(ISBLANK('42-2A Single Pricing - Proposal'!W13)," ",'42-2A Single Pricing - Proposal'!W13) | K13: =IF(ISBLANK('42-2A Single Pricing - Proposal'!X13)," ",'42-2A Single Pricing - Proposal'!X13) | L13: =IF(ISBLANK('42-2A Single Pricing - Proposal'!Z13)," ",'42-2A Single Pricing - Proposal'!Z13) | M13: =IFERROR(IF((ROUND(J13,2))<=(ROUND(F13,2)),"YES","NO")," ") | N13: =IFERROR(IF((ROUND(J13,2))<=(ROUND(L13,2)),"YES","NO")," ") | O13: =IFERROR(IF(ISBLANK(J13)," ",(ROUND(J13,2))/(ROUND(H13,2)))," ")
A14: =IF(ISBLANK('42-2A Single Pricing - Proposal'!A14)," ",'42-2A Single Pricing - Proposal'!A14) | B14: =IF(ISBLANK('42-2A Single Pricing - Proposal'!B14)," ",'42-2A Single Pricing - Proposal'!B14) | C14: =IF(ISBLANK('42-2A Single Pricing - Proposal'!C14)," ",'42-2A Single Pricing - Proposal'!C14) | D14: =IF(ISBLANK('42-2A Single Pricing - Proposal'!D14)," ",'42-2A Single Pricing - Proposal'!D14) | E14: =IF(ISBLANK('42-2A Single Pricing - Proposal'!P14)," ",'42-2A Single Pricing - Proposal'!P14) | F14: =IF(ISBLANK('42-2A Single Pricing - Proposal'!Q14)," ",'42-2A Single Pricing - Proposal'!Q14) | G14: =IF(ISBLANK('42-2A Single Pricing - Proposal'!R14)," ",'42-2A Single Pricing - Proposal'!R14) | H14: =IF(ISBLANK('42-2A Single Pricing - Proposal'!U14)," ",'42-2A Single Pricing - Proposal'!U14) | I14: =IF(ISBLANK('42-2A Single Pricing - Proposal'!V14)," ",'42-2A Single Pricing - Proposal'!V14) | J14: =IF(ISBLANK('42-2A Single Pricing - Proposal'!W14)," ",'42-2A Single Pricing - Proposal'!W14) | K14: =IF(ISBLANK('42-2A Single Pricing - Proposal'!X14)," ",'42-2A Single Pricing - Proposal'!X14) | L14: =IF(ISBLANK('42-2A Single Pricing - Proposal'!Z14)," ",'42-2A Single Pricing - Proposal'!Z14) | M14: =IFERROR(IF((ROUND(J14,2))<=(ROUND(F14,2)),"YES","NO")," ") | N14: =IFERROR(IF((ROUND(J14,2))<=(ROUND(L14,2)),"YES","NO")," ") | O14: =IFERROR(IF(ISBLANK(J14)," ",(ROUND(J14,2))/(ROUND(H14,2)))," ")
... A1002: =IF(ISBLANK('42-2A Single Pricing - Proposal'!A1002)," ",'42-2A Single Pricing - Proposal'!A1002) | B1002: =IF(ISBLANK('42-2A Single Pricing - Proposal'!B1002)," ",'42-2A Single Pricing - Proposal'!B1002) | C1002: =IF(ISBLANK('42-2A Single Pricing - Proposal'!C1002)," ",'42-2A Single Pricing - Proposal'!C1002) | D1002: =IF(ISBLANK('42-2A Single Pricing - Proposal'!D1002)," ",'42-2A Single Pricing - Proposal'!D1002) | E1002: =IF(ISBLANK('42-2A Single Pricing - Proposal'!P1002)," ",'42-2A Single Pricing - Proposal'!P1002) | F1002: =IF(ISBLANK('42-2A Single Pricing - Proposal'!Q1002)," ",'42-2A Single Pricing - Proposal'!Q1002) | G1002: =IF(ISBLANK('42-2A Single Pricing - Proposal'!R1002)," ",'42-2A Single Pricing - Proposal'!R1002) | H1002: =IF(ISBLANK('42-2A Single Pricing - Proposal'!U1002)," ",'42-2A Single Pricing - Proposal'!U1002) | I1002: =IF(ISBLANK('42-2A Single Pricing - Proposal'!V1002)," ",'42-2A Single Pricing - Proposal'!V1002) | J1002: =IF(ISBLANK('42-2A Single Pricing - Proposal'!W1002)," ",'42-2A Single Pricing - Proposal'!W1002) | K1002: =IF(ISBLANK('42-2A Single Pricing - Proposal'!X1002)," ",'42-2A Single Pricing - Proposal'!X1002) | L1002: =IF(ISBLANK('42-2A Single Pricing - Proposal'!Z1002)," ",'42-2A Single Pricing - Proposal'!Z1002) | M1002: =IFERROR(IF((ROUND(J1002,2))<=(ROUND(F1002,2)),"YES","NO")," ") | N1002: =IFERROR(IF((ROUND(J1002,2))<=(ROUND(L1002,2)),"YES","NO")," ") | O1002: =IFERROR(IF(ISBLANK(J1002)," ",(ROUND(J1002,2))/(ROUND(H1002,2)))," ")

Sheet Award
O1: FSS Awarded Single Pricing
A2: SIN# | B2: NDC1 | C2: NDC2 | D2: NDC3 | E2: Specialty Distrib. Item? | F2: Generic Name / Strength | G2: Trade Name / Strength | H2: Package Size | I2: Unit of Sale | J2: Quantity in Unit of Sale | K2: Unit Pkg | L2: Quantity in Unit Pkg | M2: Unit of Measure | N2: Tracking Ratio | O2: Gov't Price without IFF | P2: (Copy FSS w/ IFF from PP Tab) | Q2: Gov't Price with IFF | R2: Red "A" = Awarded
A3: ='42-2A Single Pricing - Proposal'!A3 -> 0 | B3: ='42-2A Single Pricing - Proposal'!B3 -> 0 | C3: ='42-2A Single Pricing - Proposal'!C3 -> 0 | D3: ='42-2A Single Pricing - Proposal'!D3 -> 0 | E3: ='42-2A Single Pricing - Proposal'!E3 -> 0 | F3: ='42-2A Single Pricing - Proposal'!F3 -> 0 | G3: ='42-2A Single Pricing - Proposal'!G3 -> 0 | H3: ='42-2A Single Pricing - Proposal'!H3 -> 0 | ... M3: ='42-2A Single Pricing - Proposal'!M3 -> 0 | O3: =IF(ISBLANK('42-2A Single Pricing - Proposal'!W3)," ",'42-2A Single Pricing - Proposal'!W3) | P3: ='42-2A Single Pricing - Proposal'!Y3 | Q3: =IF(ISBLANK('42-2A Single Pricing - Proposal'!W3)," ",ROUND(P3,2)) | R3: A
A4: ='42-2A Single Pricing - Proposal'!A4 -> 0 | B4: ='42-2A Single Pricing - Proposal'!B4 -> 0 | C4: ='42-2A Single Pricing - Proposal'!C4 -> 0 | D4: ='42-2A Single Pricing - Proposal'!D4 -> 0 | E4: ='42-2A Single Pricing - Proposal'!E4 -> 0 | F4: ='42-2A Single Pricing - Proposal'!F4 -> 0 | G4: ='42-2A Single Pricing - Proposal'!G4 -> 0 | H4: ='42-2A Single Pricing - Proposal'!H4 -> 0 | ... M4: ='42-2A Single Pricing - Proposal'!M4 -> 0 | O4: =IF(ISBLANK('42-2A Single Pricing - Proposal'!W4)," ",'42-2A Single Pricing - Proposal'!W4) | P4: ='42-2A Single Pricing - Proposal'!Y4 | Q4: =IF(ISBLANK('42-2A Single Pricing - Proposal'!W4)," ",ROUND(P4,2))
A5: ='42-2A Single Pricing - Proposal'!A5 -> 0 | B5: ='42-2A Single Pricing - Proposal'!B5 -> 0 | C5: ='42-2A Single Pricing - Proposal'!C5 -> 0 | D5: ='42-2A Single Pricing - Proposal'!D5 -> 0 | E5: ='42-2A Single Pricing - Proposal'!E5 -> 0 | F5: ='42-2A Single Pricing - Proposal'!F5 -> 0 | G5: ='42-2A Single Pricing - Proposal'!G5 -> 0 | H5: ='42-2A Single Pricing - Proposal'!H5 -> 0 | ... M5: ='42-2A Single Pricing - Proposal'!M5 -> 0 | O5: =IF(ISBLANK('42-2A Single Pricing - Proposal'!W5)," ",'42-2A Single Pricing - Proposal'!W5) | P5: ='42-2A Single Pricing - Proposal'!Y5 | Q5: =IF(ISBLANK('42-2A Single Pricing - Proposal'!W5)," ",ROUND(P5,2))
A6: ='42-2A Single Pricing - Proposal'!A6 -> 0 | B6: ='42-2A Single Pricing - Proposal'!B6 -> 0 | C6: ='42-2A Single Pricing - Proposal'!C6 -> 0 | D6: ='42-2A Single Pricing - Proposal'!D6 -> 0 | E6: ='42-2A Single Pricing - Proposal'!E6 -> 0 | F6: ='42-2A Single Pricing - Proposal'!F6 -> 0 | G6: ='42-2A Single Pricing - Proposal'!G6 -> 0 | H6: ='42-2A Single Pricing - Proposal'!H6 -> 0 | ... M6: ='42-2A Single Pricing - Proposal'!M6 -> 0 | O6: =IF(ISBLANK('42-2A Single Pricing - Proposal'!W6)," ",'42-2A Single Pricing - Proposal'!W6) | P6: ='42-2A Single Pricing - Proposal'!Y6 | Q6: =IF(ISBLANK('42-2A Single Pricing - Proposal'!W6)," ",ROUND(P6,2))
A7: ='42-2A Single Pricing - Proposal'!A7 -> 0 | B7: ='42-2A Single Pricing - Proposal'!B7 -> 0 | C7: ='42-2A Single Pricing - Proposal'!C7 -> 0 | D7: ='42-2A Single Pricing - Proposal'!D7 -> 0 | E7: ='42-2A Single Pricing - Proposal'!E7 -> 0 | F7: ='42-2A Single Pricing - Proposal'!F7 -> 0 | G7: ='42-2A Single Pricing - Proposal'!G7 -> 0 | H7: ='42-2A Single Pricing - Proposal'!H7 -> 0 | ... M7: ='42-2A Single Pricing - Proposal'!M7 -> 0 | O7: =IF(ISBLANK('42-2A Single Pricing - Proposal'!W7)," ",'42-2A Single Pricing - Proposal'!W7) | P7: ='42-2A Single Pricing - Proposal'!Y7 | Q7: =IF(ISBLANK('42-2A Single Pricing - Proposal'!W7)," ",ROUND(P7,2))
A8: ='42-2A Single Pricing - Proposal'!A8 -> 0 | B8: ='42-2A Single Pricing - Proposal'!B8 -> 0 | C8: ='42-2A Single Pricing - Proposal'!C8 -> 0 | D8: ='42-2A Single Pricing - Proposal'!D8 -> 0 | E8: ='42-2A Single Pricing - Proposal'!E8 -> 0 | F8: ='42-2A Single Pricing - Proposal'!F8 -> 0 | G8: ='42-2A Single Pricing - Proposal'!G8 -> 0 | H8: ='42-2A Single Pricing - Proposal'!H8 -> 0 | ... M8: ='42-2A Single Pricing - Proposal'!M8 -> 0 | O8: =IF(ISBLANK('42-2A Single Pricing - Proposal'!W8)," ",'42-2A Single Pricing - Proposal'!W8) | P8: ='42-2A Single Pricing - Proposal'!Y8 | Q8: =IF(ISBLANK('42-2A Single Pricing - Proposal'!W8)," ",ROUND(P8,2))
A9: ='42-2A Single Pricing - Proposal'!A9 -> 0 | B9: ='42-2A Single Pricing - Proposal'!B9 -> 0 | C9: ='42-2A Single Pricing - Proposal'!C9 -> 0 | D9: ='42-2A Single Pricing - Proposal'!D9 -> 0 | E9: ='42-2A Single Pricing - Proposal'!E9 -> 0 | F9: ='42-2A Single Pricing - Proposal'!F9 -> 0 | G9: ='42-2A Single Pricing - Proposal'!G9 -> 0 | H9: ='42-2A Single Pricing - Proposal'!H9 -> 0 | ... M9: ='42-2A Single Pricing - Proposal'!M9 -> 0 | O9: =IF(ISBLANK('42-2A Single Pricing - Proposal'!W9)," ",'42-2A Single Pricing - Proposal'!W9) | P9: ='42-2A Single Pricing - Proposal'!Y9 | Q9: =IF(ISBLANK('42-2A Single Pricing - Proposal'!W9)," ",ROUND(P9,2))
A10: ='42-2A Single Pricing - Proposal'!A10 -> 0 | B10: ='42-2A Single Pricing - Proposal'!B10 -> 0 | C10: ='42-2A Single Pricing - Proposal'!C10 -> 0 | D10: ='42-2A Single Pricing - Proposal'!D10 -> 0 | E10: ='42-2A Single Pricing - Proposal'!E10 -> 0 | F10: ='42-2A Single Pricing - Proposal'!F10 -> 0 | G10: ='42-2A Single Pricing - Proposal'!G10 -> 0 | H10: ='42-2A Single Pricing - Proposal'!H10 -> 0 | ... M10: ='42-2A Single Pricing - Proposal'!M10 -> 0 | O10: =IF(ISBLANK('42-2A Single Pricing - Proposal'!W10)," ",'42-2A Single Pricing - Proposal'!W10) | P10: ='42-2A Single Pricing - Proposal'!Y10 | Q10: =IF(ISBLANK('42-2A Single Pricing - Proposal'!W10)," ",ROUND(P10,2))
A11: ='42-2A Single Pricing - Proposal'!A11 -> 0 | B11: ='42-2A Single Pricing - Proposal'!B11 -> 0 | C11: ='42-2A Single Pricing - Proposal'!C11 -> 0 | D11: ='42-2A Single Pricing - Proposal'!D11 -> 0 | E11: ='42-2A Single Pricing - Proposal'!E11 -> 0 | F11: ='42-2A Single Pricing - Proposal'!F11 -> 0 | G11: ='42-2A Single Pricing - Proposal'!G11 -> 0 | H11: ='42-2A Single Pricing - Proposal'!H11 -> 0 | ... M11: ='42-2A Single Pricing - Proposal'!M11 -> 0 | O11: =IF(ISBLANK('42-2A Single Pricing - Proposal'!W11)," ",'42-2A Single Pricing - Proposal'!W11) | P11: ='42-2A Single Pricing - Proposal'!Y11 | Q11: =IF(ISBLANK('42-2A Single Pricing - Proposal'!W11)," ",ROUND(P11,2))
A12: ='42-2A Single Pricing - Proposal'!A12 -> 0 | B12: ='42-2A Single Pricing - Proposal'!B12 -> 0 | C12: ='42-2A Single Pricing - Proposal'!C12 -> 0 | D12: ='42-2A Single Pricing - Proposal'!D12 -> 0 | E12: ='42-2A Single Pricing - Proposal'!E12 -> 0 | F12: ='42-2A Single Pricing - Proposal'!F12 -> 0 | G12: ='42-2A Single Pricing - Proposal'!G12 -> 0 | H12: ='42-2A Single Pricing - Proposal'!H12 -> 0 | ... M12: ='42-2A Single Pricing - Proposal'!M12 -> 0 | O12: =IF(ISBLANK('42-2A Single Pricing - Proposal'!W12)," ",'42-2A Single Pricing - Proposal'!W12) | P12: ='42-2A Single Pricing - Proposal'!Y12 | Q12: =IF(ISBLANK('42-2A Single Pricing - Proposal'!W12)," ",ROUND(P12,2))
A13: ='42-2A Single Pricing - Proposal'!A13 -> 0 | B13: ='42-2A Single Pricing - Proposal'!B13 -> 0 | C13: ='42-2A Single Pricing - Proposal'!C13 -> 0 | D13: ='42-2A Single Pricing - Proposal'!D13 -> 0 | E13: ='42-2A Single Pricing - Proposal'!E13 -> 0 | F13: ='42-2A Single Pricing - Proposal'!F13 -> 0 | G13: ='42-2A Single Pricing - Proposal'!G13 -> 0 | H13: ='42-2A Single Pricing - Proposal'!H13 -> 0 | ... M13: ='42-2A Single Pricing - Proposal'!M13 -> 0 | O13: =IF(ISBLANK('42-2A Single Pricing - Proposal'!W13)," ",'42-2A Single Pricing - Proposal'!W13) | P13: ='42-2A Single Pricing - Proposal'!Y13 | Q13: =IF(ISBLANK('42-2A Single Pricing - Proposal'!W13)," ",ROUND(P13,2))
A14: ='42-2A Single Pricing - Proposal'!A14 -> 0 | B14: ='42-2A Single Pricing - Proposal'!B14 -> 0 | C14: ='42-2A Single Pricing - Proposal'!C14 -> 0 | D14: ='42-2A Single Pricing - Proposal'!D14 -> 0 | E14: ='42-2A Single Pricing - Proposal'!E14 -> 0 | F14: ='42-2A Single Pricing - Proposal'!F14 -> 0 | G14: ='42-2A Single Pricing - Proposal'!G14 -> 0 | H14: ='42-2A Single Pricing - Proposal'!H14 -> 0 | ... M14: ='42-2A Single Pricing - Proposal'!M14 -> 0 | O14: =IF(ISBLANK('42-2A Single Pricing - Proposal'!W14)," ",'42-2A Single Pricing - Proposal'!W14) | P14: ='42-2A Single Pricing - Proposal'!Y14 | Q14: =IF(ISBLANK('42-2A Single Pricing - Proposal'!W14)," ",ROUND(P14,2))
A15: ='42-2A Single Pricing - Proposal'!A15 -> 0 | B15: ='42-2A Single Pricing - Proposal'!B15 -> 0 | C15: ='42-2A Single Pricing - Proposal'!C15 -> 0 | D15: ='42-2A Single Pricing - Proposal'!D15 -> 0 | E15: ='42-2A Single Pricing - Proposal'!E15 -> 0 | F15: ='42-2A Single Pricing - Proposal'!F15 -> 0 | G15: ='42-2A Single Pricing - Proposal'!G15 -> 0 | H15: ='42-2A Single Pricing - Proposal'!H15 -> 0 | ... M15: ='42-2A Single Pricing - Proposal'!M15 -> 0 | O15: =IF(ISBLANK('42-2A Single Pricing - Proposal'!W15)," ",'42-2A Single Pricing - Proposal'!W15) | P15: ='42-2A Single Pricing - Proposal'!Y15 | Q15: =IF(ISBLANK('42-2A Single Pricing - Proposal'!W15)," ",ROUND(P15,2))
... A1002: ='42-2A Single Pricing - Proposal'!A1002 -> 0 | B1002: ='42-2A Single Pricing - Proposal'!B1002 -> 0 | C1002: ='42-2A Single Pricing - Proposal'!C1002 -> 0 | D1002: ='42-2A Single Pricing - Proposal'!D1002 -> 0 | E1002: ='42-2A Single Pricing - Proposal'!E1002 -> 0 | F1002: ='42-2A Single Pricing - Proposal'!F1002 -> 0 | G1002: ='42-2A Single Pricing - Proposal'!G1002 -> 0 | H1002: ='42-2A Single Pricing - Proposal'!H1002 -> 0 | ... M1002: ='42-2A Single Pricing - Proposal'!M1002 -> 0 | O1002: =IF(ISBLANK('42-2A Single Pricing - Proposal'!W1002)," ",'42-2A Single Pricing - Proposal'!W1002) | P1002: ='42-2A Single Pricing - Proposal'!Y1002 | Q1002: =IF(ISBLANK('42-2A Single Pricing - Proposal'!W1002)," ",ROUND(P1002,2))
